ISO-10303-21;
HEADER;
/* Generated by software containing ST-Developer
 * from STEP Tools, Inc. (www.steptools.com) 
 */

FILE_DESCRIPTION(
/* description */ (''),
/* implementation_level */ '2;1');

FILE_NAME(
/* name */ 'EC12-11-BOTTOM-FINAL.step',
/* time_stamp */ '2025-08-31T05:04:10+02:00',
/* author */ (''),
/* organization */ (''),
/* preprocessor_version */ 'ST-DEVELOPER v20.1',
/* originating_system */ 'Autodesk Translation Framework v14.10.0.0',
/* authorisation */ '');

FILE_SCHEMA (('AUTOMOTIVE_DESIGN { 1 0 10303 214 3 1 1 }'));
ENDSEC;

DATA;
#10=MECHANICAL_DESIGN_GEOMETRIC_PRESENTATION_REPRESENTATION('',(#13,#14,
#15,#16,#17,#18,#19,#20),#3672);
#11=SHAPE_REPRESENTATION_RELATIONSHIP('SRR','None',#3679,#12);
#12=ADVANCED_BREP_SHAPE_REPRESENTATION('',(#21,#22,#23,#24,#25,#26,#27,
#28),#3671);
#13=STYLED_ITEM('',(#3688),#21);
#14=STYLED_ITEM('',(#3688),#22);
#15=STYLED_ITEM('',(#3688),#23);
#16=STYLED_ITEM('',(#3688),#24);
#17=STYLED_ITEM('',(#3688),#25);
#18=STYLED_ITEM('',(#3688),#26);
#19=STYLED_ITEM('',(#3688),#27);
#20=STYLED_ITEM('',(#3688),#28);
#21=MANIFOLD_SOLID_BREP('Corps6',#2077);
#22=MANIFOLD_SOLID_BREP('Corps7',#2078);
#23=MANIFOLD_SOLID_BREP('Corps8',#2079);
#24=MANIFOLD_SOLID_BREP('Corps9',#2080);
#25=MANIFOLD_SOLID_BREP('Corps11',#2081);
#26=MANIFOLD_SOLID_BREP('Corps13',#2082);
#27=MANIFOLD_SOLID_BREP('Corps12',#2083);
#28=MANIFOLD_SOLID_BREP('Corps10',#2084);
#29=CYLINDRICAL_SURFACE('',#2107,0.5);
#30=CYLINDRICAL_SURFACE('',#2112,0.5);
#31=CYLINDRICAL_SURFACE('',#2117,0.5);
#32=CYLINDRICAL_SURFACE('',#2118,0.5);
#33=CYLINDRICAL_SURFACE('',#2123,0.5);
#34=CYLINDRICAL_SURFACE('',#2124,0.5);
#35=CYLINDRICAL_SURFACE('',#2125,0.5);
#36=CYLINDRICAL_SURFACE('',#2126,0.5);
#37=CYLINDRICAL_SURFACE('',#2141,0.5);
#38=CYLINDRICAL_SURFACE('',#2146,0.5);
#39=CYLINDRICAL_SURFACE('',#2147,0.5);
#40=CYLINDRICAL_SURFACE('',#2152,0.5);
#41=CYLINDRICAL_SURFACE('',#2157,0.5);
#42=CYLINDRICAL_SURFACE('',#2158,0.5);
#43=CYLINDRICAL_SURFACE('',#2159,0.5);
#44=CYLINDRICAL_SURFACE('',#2160,0.5);
#45=CYLINDRICAL_SURFACE('',#2175,0.5);
#46=CYLINDRICAL_SURFACE('',#2180,0.5);
#47=CYLINDRICAL_SURFACE('',#2185,0.5);
#48=CYLINDRICAL_SURFACE('',#2186,0.5);
#49=CYLINDRICAL_SURFACE('',#2191,0.5);
#50=CYLINDRICAL_SURFACE('',#2192,0.5);
#51=CYLINDRICAL_SURFACE('',#2193,0.5);
#52=CYLINDRICAL_SURFACE('',#2194,0.5);
#53=CYLINDRICAL_SURFACE('',#2209,0.5);
#54=CYLINDRICAL_SURFACE('',#2214,0.5);
#55=CYLINDRICAL_SURFACE('',#2219,0.5);
#56=CYLINDRICAL_SURFACE('',#2220,0.5);
#57=CYLINDRICAL_SURFACE('',#2225,0.5);
#58=CYLINDRICAL_SURFACE('',#2226,0.5);
#59=CYLINDRICAL_SURFACE('',#2227,0.5);
#60=CYLINDRICAL_SURFACE('',#2228,0.5);
#61=CYLINDRICAL_SURFACE('',#2243,0.5);
#62=CYLINDRICAL_SURFACE('',#2248,0.5);
#63=CYLINDRICAL_SURFACE('',#2253,0.5);
#64=CYLINDRICAL_SURFACE('',#2254,0.5);
#65=CYLINDRICAL_SURFACE('',#2259,0.5);
#66=CYLINDRICAL_SURFACE('',#2260,0.5);
#67=CYLINDRICAL_SURFACE('',#2261,0.5);
#68=CYLINDRICAL_SURFACE('',#2262,0.5);
#69=CYLINDRICAL_SURFACE('',#2277,0.5);
#70=CYLINDRICAL_SURFACE('',#2282,0.5);
#71=CYLINDRICAL_SURFACE('',#2283,0.5);
#72=CYLINDRICAL_SURFACE('',#2288,0.5);
#73=CYLINDRICAL_SURFACE('',#2293,0.5);
#74=CYLINDRICAL_SURFACE('',#2294,0.5);
#75=CYLINDRICAL_SURFACE('',#2295,0.5);
#76=CYLINDRICAL_SURFACE('',#2296,0.5);
#77=CYLINDRICAL_SURFACE('',#2311,0.5);
#78=CYLINDRICAL_SURFACE('',#2316,0.5);
#79=CYLINDRICAL_SURFACE('',#2321,0.5);
#80=CYLINDRICAL_SURFACE('',#2322,0.5);
#81=CYLINDRICAL_SURFACE('',#2327,0.5);
#82=CYLINDRICAL_SURFACE('',#2328,0.5);
#83=CYLINDRICAL_SURFACE('',#2329,0.5);
#84=CYLINDRICAL_SURFACE('',#2330,0.5);
#85=CYLINDRICAL_SURFACE('',#2345,0.5);
#86=CYLINDRICAL_SURFACE('',#2350,0.5);
#87=CYLINDRICAL_SURFACE('',#2355,0.5);
#88=CYLINDRICAL_SURFACE('',#2356,0.5);
#89=CYLINDRICAL_SURFACE('',#2361,0.5);
#90=CYLINDRICAL_SURFACE('',#2362,0.5);
#91=CYLINDRICAL_SURFACE('',#2363,0.5);
#92=CYLINDRICAL_SURFACE('',#2364,0.5);
#93=SPHERICAL_SURFACE('',#2103,0.5);
#94=SPHERICAL_SURFACE('',#2108,0.5);
#95=SPHERICAL_SURFACE('',#2113,0.5);
#96=SPHERICAL_SURFACE('',#2119,0.5);
#97=SPHERICAL_SURFACE('',#2137,0.5);
#98=SPHERICAL_SURFACE('',#2142,0.5);
#99=SPHERICAL_SURFACE('',#2148,0.5);
#100=SPHERICAL_SURFACE('',#2153,0.5);
#101=SPHERICAL_SURFACE('',#2171,0.5);
#102=SPHERICAL_SURFACE('',#2176,0.5);
#103=SPHERICAL_SURFACE('',#2181,0.5);
#104=SPHERICAL_SURFACE('',#2187,0.5);
#105=SPHERICAL_SURFACE('',#2205,0.5);
#106=SPHERICAL_SURFACE('',#2210,0.5);
#107=SPHERICAL_SURFACE('',#2215,0.5);
#108=SPHERICAL_SURFACE('',#2221,0.5);
#109=SPHERICAL_SURFACE('',#2239,0.5);
#110=SPHERICAL_SURFACE('',#2244,0.5);
#111=SPHERICAL_SURFACE('',#2249,0.5);
#112=SPHERICAL_SURFACE('',#2255,0.5);
#113=SPHERICAL_SURFACE('',#2273,0.5);
#114=SPHERICAL_SURFACE('',#2278,0.5);
#115=SPHERICAL_SURFACE('',#2284,0.5);
#116=SPHERICAL_SURFACE('',#2289,0.5);
#117=SPHERICAL_SURFACE('',#2307,0.5);
#118=SPHERICAL_SURFACE('',#2312,0.5);
#119=SPHERICAL_SURFACE('',#2317,0.5);
#120=SPHERICAL_SURFACE('',#2323,0.5);
#121=SPHERICAL_SURFACE('',#2341,0.5);
#122=SPHERICAL_SURFACE('',#2346,0.5);
#123=SPHERICAL_SURFACE('',#2351,0.5);
#124=SPHERICAL_SURFACE('',#2357,0.5);
#125=FACE_OUTER_BOUND('',#269,.T.);
#126=FACE_OUTER_BOUND('',#270,.T.);
#127=FACE_OUTER_BOUND('',#271,.T.);
#128=FACE_OUTER_BOUND('',#272,.T.);
#129=FACE_OUTER_BOUND('',#273,.T.);
#130=FACE_OUTER_BOUND('',#274,.T.);
#131=FACE_OUTER_BOUND('',#275,.T.);
#132=FACE_OUTER_BOUND('',#276,.T.);
#133=FACE_OUTER_BOUND('',#277,.T.);
#134=FACE_OUTER_BOUND('',#278,.T.);
#135=FACE_OUTER_BOUND('',#279,.T.);
#136=FACE_OUTER_BOUND('',#280,.T.);
#137=FACE_OUTER_BOUND('',#281,.T.);
#138=FACE_OUTER_BOUND('',#282,.T.);
#139=FACE_OUTER_BOUND('',#283,.T.);
#140=FACE_OUTER_BOUND('',#284,.T.);
#141=FACE_OUTER_BOUND('',#285,.T.);
#142=FACE_OUTER_BOUND('',#286,.T.);
#143=FACE_OUTER_BOUND('',#287,.T.);
#144=FACE_OUTER_BOUND('',#288,.T.);
#145=FACE_OUTER_BOUND('',#289,.T.);
#146=FACE_OUTER_BOUND('',#290,.T.);
#147=FACE_OUTER_BOUND('',#291,.T.);
#148=FACE_OUTER_BOUND('',#292,.T.);
#149=FACE_OUTER_BOUND('',#293,.T.);
#150=FACE_OUTER_BOUND('',#294,.T.);
#151=FACE_OUTER_BOUND('',#295,.T.);
#152=FACE_OUTER_BOUND('',#296,.T.);
#153=FACE_OUTER_BOUND('',#297,.T.);
#154=FACE_OUTER_BOUND('',#298,.T.);
#155=FACE_OUTER_BOUND('',#299,.T.);
#156=FACE_OUTER_BOUND('',#300,.T.);
#157=FACE_OUTER_BOUND('',#301,.T.);
#158=FACE_OUTER_BOUND('',#302,.T.);
#159=FACE_OUTER_BOUND('',#303,.T.);
#160=FACE_OUTER_BOUND('',#304,.T.);
#161=FACE_OUTER_BOUND('',#305,.T.);
#162=FACE_OUTER_BOUND('',#306,.T.);
#163=FACE_OUTER_BOUND('',#307,.T.);
#164=FACE_OUTER_BOUND('',#308,.T.);
#165=FACE_OUTER_BOUND('',#309,.T.);
#166=FACE_OUTER_BOUND('',#310,.T.);
#167=FACE_OUTER_BOUND('',#311,.T.);
#168=FACE_OUTER_BOUND('',#312,.T.);
#169=FACE_OUTER_BOUND('',#313,.T.);
#170=FACE_OUTER_BOUND('',#314,.T.);
#171=FACE_OUTER_BOUND('',#315,.T.);
#172=FACE_OUTER_BOUND('',#316,.T.);
#173=FACE_OUTER_BOUND('',#317,.T.);
#174=FACE_OUTER_BOUND('',#318,.T.);
#175=FACE_OUTER_BOUND('',#319,.T.);
#176=FACE_OUTER_BOUND('',#320,.T.);
#177=FACE_OUTER_BOUND('',#321,.T.);
#178=FACE_OUTER_BOUND('',#322,.T.);
#179=FACE_OUTER_BOUND('',#323,.T.);
#180=FACE_OUTER_BOUND('',#324,.T.);
#181=FACE_OUTER_BOUND('',#325,.T.);
#182=FACE_OUTER_BOUND('',#326,.T.);
#183=FACE_OUTER_BOUND('',#327,.T.);
#184=FACE_OUTER_BOUND('',#328,.T.);
#185=FACE_OUTER_BOUND('',#329,.T.);
#186=FACE_OUTER_BOUND('',#330,.T.);
#187=FACE_OUTER_BOUND('',#331,.T.);
#188=FACE_OUTER_BOUND('',#332,.T.);
#189=FACE_OUTER_BOUND('',#333,.T.);
#190=FACE_OUTER_BOUND('',#334,.T.);
#191=FACE_OUTER_BOUND('',#335,.T.);
#192=FACE_OUTER_BOUND('',#336,.T.);
#193=FACE_OUTER_BOUND('',#337,.T.);
#194=FACE_OUTER_BOUND('',#338,.T.);
#195=FACE_OUTER_BOUND('',#339,.T.);
#196=FACE_OUTER_BOUND('',#340,.T.);
#197=FACE_OUTER_BOUND('',#341,.T.);
#198=FACE_OUTER_BOUND('',#342,.T.);
#199=FACE_OUTER_BOUND('',#343,.T.);
#200=FACE_OUTER_BOUND('',#344,.T.);
#201=FACE_OUTER_BOUND('',#345,.T.);
#202=FACE_OUTER_BOUND('',#346,.T.);
#203=FACE_OUTER_BOUND('',#347,.T.);
#204=FACE_OUTER_BOUND('',#348,.T.);
#205=FACE_OUTER_BOUND('',#349,.T.);
#206=FACE_OUTER_BOUND('',#350,.T.);
#207=FACE_OUTER_BOUND('',#351,.T.);
#208=FACE_OUTER_BOUND('',#352,.T.);
#209=FACE_OUTER_BOUND('',#353,.T.);
#210=FACE_OUTER_BOUND('',#354,.T.);
#211=FACE_OUTER_BOUND('',#355,.T.);
#212=FACE_OUTER_BOUND('',#356,.T.);
#213=FACE_OUTER_BOUND('',#357,.T.);
#214=FACE_OUTER_BOUND('',#358,.T.);
#215=FACE_OUTER_BOUND('',#359,.T.);
#216=FACE_OUTER_BOUND('',#360,.T.);
#217=FACE_OUTER_BOUND('',#361,.T.);
#218=FACE_OUTER_BOUND('',#362,.T.);
#219=FACE_OUTER_BOUND('',#363,.T.);
#220=FACE_OUTER_BOUND('',#364,.T.);
#221=FACE_OUTER_BOUND('',#365,.T.);
#222=FACE_OUTER_BOUND('',#366,.T.);
#223=FACE_OUTER_BOUND('',#367,.T.);
#224=FACE_OUTER_BOUND('',#368,.T.);
#225=FACE_OUTER_BOUND('',#369,.T.);
#226=FACE_OUTER_BOUND('',#370,.T.);
#227=FACE_OUTER_BOUND('',#371,.T.);
#228=FACE_OUTER_BOUND('',#372,.T.);
#229=FACE_OUTER_BOUND('',#373,.T.);
#230=FACE_OUTER_BOUND('',#374,.T.);
#231=FACE_OUTER_BOUND('',#375,.T.);
#232=FACE_OUTER_BOUND('',#376,.T.);
#233=FACE_OUTER_BOUND('',#377,.T.);
#234=FACE_OUTER_BOUND('',#378,.T.);
#235=FACE_OUTER_BOUND('',#379,.T.);
#236=FACE_OUTER_BOUND('',#380,.T.);
#237=FACE_OUTER_BOUND('',#381,.T.);
#238=FACE_OUTER_BOUND('',#382,.T.);
#239=FACE_OUTER_BOUND('',#383,.T.);
#240=FACE_OUTER_BOUND('',#384,.T.);
#241=FACE_OUTER_BOUND('',#385,.T.);
#242=FACE_OUTER_BOUND('',#386,.T.);
#243=FACE_OUTER_BOUND('',#387,.T.);
#244=FACE_OUTER_BOUND('',#388,.T.);
#245=FACE_OUTER_BOUND('',#389,.T.);
#246=FACE_OUTER_BOUND('',#390,.T.);
#247=FACE_OUTER_BOUND('',#391,.T.);
#248=FACE_OUTER_BOUND('',#392,.T.);
#249=FACE_OUTER_BOUND('',#393,.T.);
#250=FACE_OUTER_BOUND('',#394,.T.);
#251=FACE_OUTER_BOUND('',#395,.T.);
#252=FACE_OUTER_BOUND('',#396,.T.);
#253=FACE_OUTER_BOUND('',#397,.T.);
#254=FACE_OUTER_BOUND('',#398,.T.);
#255=FACE_OUTER_BOUND('',#399,.T.);
#256=FACE_OUTER_BOUND('',#400,.T.);
#257=FACE_OUTER_BOUND('',#401,.T.);
#258=FACE_OUTER_BOUND('',#402,.T.);
#259=FACE_OUTER_BOUND('',#403,.T.);
#260=FACE_OUTER_BOUND('',#404,.T.);
#261=FACE_OUTER_BOUND('',#405,.T.);
#262=FACE_OUTER_BOUND('',#406,.T.);
#263=FACE_OUTER_BOUND('',#407,.T.);
#264=FACE_OUTER_BOUND('',#408,.T.);
#265=FACE_OUTER_BOUND('',#409,.T.);
#266=FACE_OUTER_BOUND('',#410,.T.);
#267=FACE_OUTER_BOUND('',#411,.T.);
#268=FACE_OUTER_BOUND('',#412,.T.);
#269=EDGE_LOOP('',(#1309,#1310,#1311,#1312,#1313,#1314,#1315,#1316));
#270=EDGE_LOOP('',(#1317,#1318,#1319));
#271=EDGE_LOOP('',(#1320,#1321,#1322,#1323));
#272=EDGE_LOOP('',(#1324,#1325,#1326));
#273=EDGE_LOOP('',(#1327,#1328,#1329,#1330));
#274=EDGE_LOOP('',(#1331,#1332,#1333));
#275=EDGE_LOOP('',(#1334,#1335,#1336,#1337));
#276=EDGE_LOOP('',(#1338,#1339,#1340,#1341));
#277=EDGE_LOOP('',(#1342,#1343,#1344));
#278=EDGE_LOOP('',(#1345,#1346,#1347,#1348));
#279=EDGE_LOOP('',(#1349,#1350,#1351,#1352));
#280=EDGE_LOOP('',(#1353,#1354,#1355,#1356));
#281=EDGE_LOOP('',(#1357,#1358,#1359,#1360));
#282=EDGE_LOOP('',(#1361,#1362,#1363,#1364));
#283=EDGE_LOOP('',(#1365,#1366,#1367,#1368));
#284=EDGE_LOOP('',(#1369,#1370,#1371,#1372));
#285=EDGE_LOOP('',(#1373,#1374,#1375,#1376));
#286=EDGE_LOOP('',(#1377,#1378,#1379,#1380));
#287=EDGE_LOOP('',(#1381,#1382,#1383,#1384,#1385,#1386,#1387,#1388));
#288=EDGE_LOOP('',(#1389,#1390,#1391));
#289=EDGE_LOOP('',(#1392,#1393,#1394,#1395));
#290=EDGE_LOOP('',(#1396,#1397,#1398));
#291=EDGE_LOOP('',(#1399,#1400,#1401,#1402));
#292=EDGE_LOOP('',(#1403,#1404,#1405,#1406));
#293=EDGE_LOOP('',(#1407,#1408,#1409));
#294=EDGE_LOOP('',(#1410,#1411,#1412,#1413));
#295=EDGE_LOOP('',(#1414,#1415,#1416));
#296=EDGE_LOOP('',(#1417,#1418,#1419,#1420));
#297=EDGE_LOOP('',(#1421,#1422,#1423,#1424));
#298=EDGE_LOOP('',(#1425,#1426,#1427,#1428));
#299=EDGE_LOOP('',(#1429,#1430,#1431,#1432));
#300=EDGE_LOOP('',(#1433,#1434,#1435,#1436));
#301=EDGE_LOOP('',(#1437,#1438,#1439,#1440));
#302=EDGE_LOOP('',(#1441,#1442,#1443,#1444));
#303=EDGE_LOOP('',(#1445,#1446,#1447,#1448));
#304=EDGE_LOOP('',(#1449,#1450,#1451,#1452));
#305=EDGE_LOOP('',(#1453,#1454,#1455,#1456,#1457,#1458,#1459,#1460));
#306=EDGE_LOOP('',(#1461,#1462,#1463));
#307=EDGE_LOOP('',(#1464,#1465,#1466,#1467));
#308=EDGE_LOOP('',(#1468,#1469,#1470));
#309=EDGE_LOOP('',(#1471,#1472,#1473,#1474));
#310=EDGE_LOOP('',(#1475,#1476,#1477));
#311=EDGE_LOOP('',(#1478,#1479,#1480,#1481));
#312=EDGE_LOOP('',(#1482,#1483,#1484,#1485));
#313=EDGE_LOOP('',(#1486,#1487,#1488));
#314=EDGE_LOOP('',(#1489,#1490,#1491,#1492));
#315=EDGE_LOOP('',(#1493,#1494,#1495,#1496));
#316=EDGE_LOOP('',(#1497,#1498,#1499,#1500));
#317=EDGE_LOOP('',(#1501,#1502,#1503,#1504));
#318=EDGE_LOOP('',(#1505,#1506,#1507,#1508));
#319=EDGE_LOOP('',(#1509,#1510,#1511,#1512));
#320=EDGE_LOOP('',(#1513,#1514,#1515,#1516));
#321=EDGE_LOOP('',(#1517,#1518,#1519,#1520));
#322=EDGE_LOOP('',(#1521,#1522,#1523,#1524));
#323=EDGE_LOOP('',(#1525,#1526,#1527,#1528,#1529,#1530,#1531,#1532));
#324=EDGE_LOOP('',(#1533,#1534,#1535));
#325=EDGE_LOOP('',(#1536,#1537,#1538,#1539));
#326=EDGE_LOOP('',(#1540,#1541,#1542));
#327=EDGE_LOOP('',(#1543,#1544,#1545,#1546));
#328=EDGE_LOOP('',(#1547,#1548,#1549));
#329=EDGE_LOOP('',(#1550,#1551,#1552,#1553));
#330=EDGE_LOOP('',(#1554,#1555,#1556,#1557));
#331=EDGE_LOOP('',(#1558,#1559,#1560));
#332=EDGE_LOOP('',(#1561,#1562,#1563,#1564));
#333=EDGE_LOOP('',(#1565,#1566,#1567,#1568));
#334=EDGE_LOOP('',(#1569,#1570,#1571,#1572));
#335=EDGE_LOOP('',(#1573,#1574,#1575,#1576));
#336=EDGE_LOOP('',(#1577,#1578,#1579,#1580));
#337=EDGE_LOOP('',(#1581,#1582,#1583,#1584));
#338=EDGE_LOOP('',(#1585,#1586,#1587,#1588));
#339=EDGE_LOOP('',(#1589,#1590,#1591,#1592));
#340=EDGE_LOOP('',(#1593,#1594,#1595,#1596));
#341=EDGE_LOOP('',(#1597,#1598,#1599,#1600,#1601,#1602,#1603,#1604));
#342=EDGE_LOOP('',(#1605,#1606,#1607));
#343=EDGE_LOOP('',(#1608,#1609,#1610,#1611));
#344=EDGE_LOOP('',(#1612,#1613,#1614));
#345=EDGE_LOOP('',(#1615,#1616,#1617,#1618));
#346=EDGE_LOOP('',(#1619,#1620,#1621));
#347=EDGE_LOOP('',(#1622,#1623,#1624,#1625));
#348=EDGE_LOOP('',(#1626,#1627,#1628,#1629));
#349=EDGE_LOOP('',(#1630,#1631,#1632));
#350=EDGE_LOOP('',(#1633,#1634,#1635,#1636));
#351=EDGE_LOOP('',(#1637,#1638,#1639,#1640));
#352=EDGE_LOOP('',(#1641,#1642,#1643,#1644));
#353=EDGE_LOOP('',(#1645,#1646,#1647,#1648));
#354=EDGE_LOOP('',(#1649,#1650,#1651,#1652));
#355=EDGE_LOOP('',(#1653,#1654,#1655,#1656));
#356=EDGE_LOOP('',(#1657,#1658,#1659,#1660));
#357=EDGE_LOOP('',(#1661,#1662,#1663,#1664));
#358=EDGE_LOOP('',(#1665,#1666,#1667,#1668));
#359=EDGE_LOOP('',(#1669,#1670,#1671,#1672,#1673,#1674,#1675,#1676));
#360=EDGE_LOOP('',(#1677,#1678,#1679));
#361=EDGE_LOOP('',(#1680,#1681,#1682,#1683));
#362=EDGE_LOOP('',(#1684,#1685,#1686));
#363=EDGE_LOOP('',(#1687,#1688,#1689,#1690));
#364=EDGE_LOOP('',(#1691,#1692,#1693,#1694));
#365=EDGE_LOOP('',(#1695,#1696,#1697));
#366=EDGE_LOOP('',(#1698,#1699,#1700,#1701));
#367=EDGE_LOOP('',(#1702,#1703,#1704));
#368=EDGE_LOOP('',(#1705,#1706,#1707,#1708));
#369=EDGE_LOOP('',(#1709,#1710,#1711,#1712));
#370=EDGE_LOOP('',(#1713,#1714,#1715,#1716));
#371=EDGE_LOOP('',(#1717,#1718,#1719,#1720));
#372=EDGE_LOOP('',(#1721,#1722,#1723,#1724));
#373=EDGE_LOOP('',(#1725,#1726,#1727,#1728));
#374=EDGE_LOOP('',(#1729,#1730,#1731,#1732));
#375=EDGE_LOOP('',(#1733,#1734,#1735,#1736));
#376=EDGE_LOOP('',(#1737,#1738,#1739,#1740));
#377=EDGE_LOOP('',(#1741,#1742,#1743,#1744,#1745,#1746,#1747,#1748));
#378=EDGE_LOOP('',(#1749,#1750,#1751));
#379=EDGE_LOOP('',(#1752,#1753,#1754,#1755));
#380=EDGE_LOOP('',(#1756,#1757,#1758));
#381=EDGE_LOOP('',(#1759,#1760,#1761,#1762));
#382=EDGE_LOOP('',(#1763,#1764,#1765));
#383=EDGE_LOOP('',(#1766,#1767,#1768,#1769));
#384=EDGE_LOOP('',(#1770,#1771,#1772,#1773));
#385=EDGE_LOOP('',(#1774,#1775,#1776));
#386=EDGE_LOOP('',(#1777,#1778,#1779,#1780));
#387=EDGE_LOOP('',(#1781,#1782,#1783,#1784));
#388=EDGE_LOOP('',(#1785,#1786,#1787,#1788));
#389=EDGE_LOOP('',(#1789,#1790,#1791,#1792));
#390=EDGE_LOOP('',(#1793,#1794,#1795,#1796));
#391=EDGE_LOOP('',(#1797,#1798,#1799,#1800));
#392=EDGE_LOOP('',(#1801,#1802,#1803,#1804));
#393=EDGE_LOOP('',(#1805,#1806,#1807,#1808));
#394=EDGE_LOOP('',(#1809,#1810,#1811,#1812));
#395=EDGE_LOOP('',(#1813,#1814,#1815,#1816,#1817,#1818,#1819,#1820));
#396=EDGE_LOOP('',(#1821,#1822,#1823));
#397=EDGE_LOOP('',(#1824,#1825,#1826,#1827));
#398=EDGE_LOOP('',(#1828,#1829,#1830));
#399=EDGE_LOOP('',(#1831,#1832,#1833,#1834));
#400=EDGE_LOOP('',(#1835,#1836,#1837));
#401=EDGE_LOOP('',(#1838,#1839,#1840,#1841));
#402=EDGE_LOOP('',(#1842,#1843,#1844,#1845));
#403=EDGE_LOOP('',(#1846,#1847,#1848));
#404=EDGE_LOOP('',(#1849,#1850,#1851,#1852));
#405=EDGE_LOOP('',(#1853,#1854,#1855,#1856));
#406=EDGE_LOOP('',(#1857,#1858,#1859,#1860));
#407=EDGE_LOOP('',(#1861,#1862,#1863,#1864));
#408=EDGE_LOOP('',(#1865,#1866,#1867,#1868));
#409=EDGE_LOOP('',(#1869,#1870,#1871,#1872));
#410=EDGE_LOOP('',(#1873,#1874,#1875,#1876));
#411=EDGE_LOOP('',(#1877,#1878,#1879,#1880));
#412=EDGE_LOOP('',(#1881,#1882,#1883,#1884));
#413=LINE('',#3082,#573);
#414=LINE('',#3086,#574);
#415=LINE('',#3090,#575);
#416=LINE('',#3093,#576);
#417=LINE('',#3102,#577);
#418=LINE('',#3103,#578);
#419=LINE('',#3112,#579);
#420=LINE('',#3113,#580);
#421=LINE('',#3122,#581);
#422=LINE('',#3123,#582);
#423=LINE('',#3125,#583);
#424=LINE('',#3126,#584);
#425=LINE('',#3135,#585);
#426=LINE('',#3136,#586);
#427=LINE('',#3138,#587);
#428=LINE('',#3139,#588);
#429=LINE('',#3141,#589);
#430=LINE('',#3142,#590);
#431=LINE('',#3144,#591);
#432=LINE('',#3145,#592);
#433=LINE('',#3156,#593);
#434=LINE('',#3160,#594);
#435=LINE('',#3164,#595);
#436=LINE('',#3167,#596);
#437=LINE('',#3176,#597);
#438=LINE('',#3177,#598);
#439=LINE('',#3186,#599);
#440=LINE('',#3187,#600);
#441=LINE('',#3189,#601);
#442=LINE('',#3190,#602);
#443=LINE('',#3199,#603);
#444=LINE('',#3200,#604);
#445=LINE('',#3209,#605);
#446=LINE('',#3210,#606);
#447=LINE('',#3212,#607);
#448=LINE('',#3213,#608);
#449=LINE('',#3215,#609);
#450=LINE('',#3216,#610);
#451=LINE('',#3218,#611);
#452=LINE('',#3219,#612);
#453=LINE('',#3230,#613);
#454=LINE('',#3234,#614);
#455=LINE('',#3238,#615);
#456=LINE('',#3241,#616);
#457=LINE('',#3250,#617);
#458=LINE('',#3251,#618);
#459=LINE('',#3260,#619);
#460=LINE('',#3261,#620);
#461=LINE('',#3270,#621);
#462=LINE('',#3271,#622);
#463=LINE('',#3273,#623);
#464=LINE('',#3274,#624);
#465=LINE('',#3283,#625);
#466=LINE('',#3284,#626);
#467=LINE('',#3286,#627);
#468=LINE('',#3287,#628);
#469=LINE('',#3289,#629);
#470=LINE('',#3290,#630);
#471=LINE('',#3292,#631);
#472=LINE('',#3293,#632);
#473=LINE('',#3304,#633);
#474=LINE('',#3308,#634);
#475=LINE('',#3312,#635);
#476=LINE('',#3315,#636);
#477=LINE('',#3324,#637);
#478=LINE('',#3325,#638);
#479=LINE('',#3334,#639);
#480=LINE('',#3335,#640);
#481=LINE('',#3344,#641);
#482=LINE('',#3345,#642);
#483=LINE('',#3347,#643);
#484=LINE('',#3348,#644);
#485=LINE('',#3357,#645);
#486=LINE('',#3358,#646);
#487=LINE('',#3360,#647);
#488=LINE('',#3361,#648);
#489=LINE('',#3363,#649);
#490=LINE('',#3364,#650);
#491=LINE('',#3366,#651);
#492=LINE('',#3367,#652);
#493=LINE('',#3378,#653);
#494=LINE('',#3382,#654);
#495=LINE('',#3386,#655);
#496=LINE('',#3389,#656);
#497=LINE('',#3398,#657);
#498=LINE('',#3399,#658);
#499=LINE('',#3408,#659);
#500=LINE('',#3409,#660);
#501=LINE('',#3418,#661);
#502=LINE('',#3419,#662);
#503=LINE('',#3421,#663);
#504=LINE('',#3422,#664);
#505=LINE('',#3431,#665);
#506=LINE('',#3432,#666);
#507=LINE('',#3434,#667);
#508=LINE('',#3435,#668);
#509=LINE('',#3437,#669);
#510=LINE('',#3438,#670);
#511=LINE('',#3440,#671);
#512=LINE('',#3441,#672);
#513=LINE('',#3452,#673);
#514=LINE('',#3456,#674);
#515=LINE('',#3460,#675);
#516=LINE('',#3463,#676);
#517=LINE('',#3472,#677);
#518=LINE('',#3473,#678);
#519=LINE('',#3482,#679);
#520=LINE('',#3483,#680);
#521=LINE('',#3485,#681);
#522=LINE('',#3486,#682);
#523=LINE('',#3495,#683);
#524=LINE('',#3496,#684);
#525=LINE('',#3505,#685);
#526=LINE('',#3506,#686);
#527=LINE('',#3508,#687);
#528=LINE('',#3509,#688);
#529=LINE('',#3511,#689);
#530=LINE('',#3512,#690);
#531=LINE('',#3514,#691);
#532=LINE('',#3515,#692);
#533=LINE('',#3526,#693);
#534=LINE('',#3530,#694);
#535=LINE('',#3534,#695);
#536=LINE('',#3537,#696);
#537=LINE('',#3546,#697);
#538=LINE('',#3547,#698);
#539=LINE('',#3556,#699);
#540=LINE('',#3557,#700);
#541=LINE('',#3566,#701);
#542=LINE('',#3567,#702);
#543=LINE('',#3569,#703);
#544=LINE('',#3570,#704);
#545=LINE('',#3579,#705);
#546=LINE('',#3580,#706);
#547=LINE('',#3582,#707);
#548=LINE('',#3583,#708);
#549=LINE('',#3585,#709);
#550=LINE('',#3586,#710);
#551=LINE('',#3588,#711);
#552=LINE('',#3589,#712);
#553=LINE('',#3600,#713);
#554=LINE('',#3604,#714);
#555=LINE('',#3608,#715);
#556=LINE('',#3611,#716);
#557=LINE('',#3620,#717);
#558=LINE('',#3621,#718);
#559=LINE('',#3630,#719);
#560=LINE('',#3631,#720);
#561=LINE('',#3640,#721);
#562=LINE('',#3641,#722);
#563=LINE('',#3643,#723);
#564=LINE('',#3644,#724);
#565=LINE('',#3653,#725);
#566=LINE('',#3654,#726);
#567=LINE('',#3656,#727);
#568=LINE('',#3657,#728);
#569=LINE('',#3659,#729);
#570=LINE('',#3660,#730);
#571=LINE('',#3662,#731);
#572=LINE('',#3663,#732);
#573=VECTOR('',#2376,10.);
#574=VECTOR('',#2379,10.);
#575=VECTOR('',#2382,10.);
#576=VECTOR('',#2385,10.);
#577=VECTOR('',#2396,10.);
#578=VECTOR('',#2397,10.);
#579=VECTOR('',#2408,10.);
#580=VECTOR('',#2409,10.);
#581=VECTOR('',#2420,10.);
#582=VECTOR('',#2421,10.);
#583=VECTOR('',#2424,10.);
#584=VECTOR('',#2425,10.);
#585=VECTOR('',#2436,10.);
#586=VECTOR('',#2437,10.);
#587=VECTOR('',#2440,10.);
#588=VECTOR('',#2441,10.);
#589=VECTOR('',#2444,10.);
#590=VECTOR('',#2445,10.);
#591=VECTOR('',#2448,10.);
#592=VECTOR('',#2449,10.);
#593=VECTOR('',#2464,10.);
#594=VECTOR('',#2467,10.);
#595=VECTOR('',#2470,10.);
#596=VECTOR('',#2473,10.);
#597=VECTOR('',#2484,10.);
#598=VECTOR('',#2485,10.);
#599=VECTOR('',#2496,10.);
#600=VECTOR('',#2497,10.);
#601=VECTOR('',#2500,10.);
#602=VECTOR('',#2501,10.);
#603=VECTOR('',#2512,10.);
#604=VECTOR('',#2513,10.);
#605=VECTOR('',#2524,10.);
#606=VECTOR('',#2525,10.);
#607=VECTOR('',#2528,10.);
#608=VECTOR('',#2529,10.);
#609=VECTOR('',#2532,10.);
#610=VECTOR('',#2533,10.);
#611=VECTOR('',#2536,10.);
#612=VECTOR('',#2537,10.);
#613=VECTOR('',#2552,10.);
#614=VECTOR('',#2555,10.);
#615=VECTOR('',#2558,10.);
#616=VECTOR('',#2561,10.);
#617=VECTOR('',#2572,10.);
#618=VECTOR('',#2573,10.);
#619=VECTOR('',#2584,10.);
#620=VECTOR('',#2585,10.);
#621=VECTOR('',#2596,10.);
#622=VECTOR('',#2597,10.);
#623=VECTOR('',#2600,10.);
#624=VECTOR('',#2601,10.);
#625=VECTOR('',#2612,10.);
#626=VECTOR('',#2613,10.);
#627=VECTOR('',#2616,10.);
#628=VECTOR('',#2617,10.);
#629=VECTOR('',#2620,10.);
#630=VECTOR('',#2621,10.);
#631=VECTOR('',#2624,10.);
#632=VECTOR('',#2625,10.);
#633=VECTOR('',#2640,10.);
#634=VECTOR('',#2643,10.);
#635=VECTOR('',#2646,10.);
#636=VECTOR('',#2649,10.);
#637=VECTOR('',#2660,10.);
#638=VECTOR('',#2661,10.);
#639=VECTOR('',#2672,10.);
#640=VECTOR('',#2673,10.);
#641=VECTOR('',#2684,10.);
#642=VECTOR('',#2685,10.);
#643=VECTOR('',#2688,10.);
#644=VECTOR('',#2689,10.);
#645=VECTOR('',#2700,10.);
#646=VECTOR('',#2701,10.);
#647=VECTOR('',#2704,10.);
#648=VECTOR('',#2705,10.);
#649=VECTOR('',#2708,10.);
#650=VECTOR('',#2709,10.);
#651=VECTOR('',#2712,10.);
#652=VECTOR('',#2713,10.);
#653=VECTOR('',#2728,10.);
#654=VECTOR('',#2731,10.);
#655=VECTOR('',#2734,10.);
#656=VECTOR('',#2737,10.);
#657=VECTOR('',#2748,10.);
#658=VECTOR('',#2749,10.);
#659=VECTOR('',#2760,10.);
#660=VECTOR('',#2761,10.);
#661=VECTOR('',#2772,10.);
#662=VECTOR('',#2773,10.);
#663=VECTOR('',#2776,10.);
#664=VECTOR('',#2777,10.);
#665=VECTOR('',#2788,10.);
#666=VECTOR('',#2789,10.);
#667=VECTOR('',#2792,10.);
#668=VECTOR('',#2793,10.);
#669=VECTOR('',#2796,10.);
#670=VECTOR('',#2797,10.);
#671=VECTOR('',#2800,10.);
#672=VECTOR('',#2801,10.);
#673=VECTOR('',#2816,10.);
#674=VECTOR('',#2819,10.);
#675=VECTOR('',#2822,10.);
#676=VECTOR('',#2825,10.);
#677=VECTOR('',#2836,10.);
#678=VECTOR('',#2837,10.);
#679=VECTOR('',#2848,10.);
#680=VECTOR('',#2849,10.);
#681=VECTOR('',#2852,10.);
#682=VECTOR('',#2853,10.);
#683=VECTOR('',#2864,10.);
#684=VECTOR('',#2865,10.);
#685=VECTOR('',#2876,10.);
#686=VECTOR('',#2877,10.);
#687=VECTOR('',#2880,10.);
#688=VECTOR('',#2881,10.);
#689=VECTOR('',#2884,10.);
#690=VECTOR('',#2885,10.);
#691=VECTOR('',#2888,10.);
#692=VECTOR('',#2889,10.);
#693=VECTOR('',#2904,10.);
#694=VECTOR('',#2907,10.);
#695=VECTOR('',#2910,10.);
#696=VECTOR('',#2913,10.);
#697=VECTOR('',#2924,10.);
#698=VECTOR('',#2925,10.);
#699=VECTOR('',#2936,10.);
#700=VECTOR('',#2937,10.);
#701=VECTOR('',#2948,10.);
#702=VECTOR('',#2949,10.);
#703=VECTOR('',#2952,10.);
#704=VECTOR('',#2953,10.);
#705=VECTOR('',#2964,10.);
#706=VECTOR('',#2965,10.);
#707=VECTOR('',#2968,10.);
#708=VECTOR('',#2969,10.);
#709=VECTOR('',#2972,10.);
#710=VECTOR('',#2973,10.);
#711=VECTOR('',#2976,10.);
#712=VECTOR('',#2977,10.);
#713=VECTOR('',#2992,10.);
#714=VECTOR('',#2995,10.);
#715=VECTOR('',#2998,10.);
#716=VECTOR('',#3001,10.);
#717=VECTOR('',#3012,10.);
#718=VECTOR('',#3013,10.);
#719=VECTOR('',#3024,10.);
#720=VECTOR('',#3025,10.);
#721=VECTOR('',#3036,10.);
#722=VECTOR('',#3037,10.);
#723=VECTOR('',#3040,10.);
#724=VECTOR('',#3041,10.);
#725=VECTOR('',#3052,10.);
#726=VECTOR('',#3053,10.);
#727=VECTOR('',#3056,10.);
#728=VECTOR('',#3057,10.);
#729=VECTOR('',#3060,10.);
#730=VECTOR('',#3061,10.);
#731=VECTOR('',#3064,10.);
#732=VECTOR('',#3065,10.);
#733=CIRCLE('',#2099,0.5);
#734=CIRCLE('',#2100,0.5);
#735=CIRCLE('',#2101,0.5);
#736=CIRCLE('',#2102,0.5);
#737=CIRCLE('',#2104,0.5);
#738=CIRCLE('',#2105,0.5);
#739=CIRCLE('',#2106,0.5);
#740=CIRCLE('',#2109,0.5);
#741=CIRCLE('',#2110,0.5);
#742=CIRCLE('',#2111,0.5);
#743=CIRCLE('',#2114,0.5);
#744=CIRCLE('',#2115,0.5);
#745=CIRCLE('',#2116,0.5);
#746=CIRCLE('',#2120,0.5);
#747=CIRCLE('',#2121,0.5);
#748=CIRCLE('',#2122,0.5);
#749=CIRCLE('',#2133,0.5);
#750=CIRCLE('',#2134,0.5);
#751=CIRCLE('',#2135,0.5);
#752=CIRCLE('',#2136,0.5);
#753=CIRCLE('',#2138,0.5);
#754=CIRCLE('',#2139,0.5);
#755=CIRCLE('',#2140,0.5);
#756=CIRCLE('',#2143,0.5);
#757=CIRCLE('',#2144,0.5);
#758=CIRCLE('',#2145,0.5);
#759=CIRCLE('',#2149,0.5);
#760=CIRCLE('',#2150,0.5);
#761=CIRCLE('',#2151,0.5);
#762=CIRCLE('',#2154,0.5);
#763=CIRCLE('',#2155,0.5);
#764=CIRCLE('',#2156,0.5);
#765=CIRCLE('',#2167,0.5);
#766=CIRCLE('',#2168,0.5);
#767=CIRCLE('',#2169,0.5);
#768=CIRCLE('',#2170,0.5);
#769=CIRCLE('',#2172,0.5);
#770=CIRCLE('',#2173,0.5);
#771=CIRCLE('',#2174,0.5);
#772=CIRCLE('',#2177,0.5);
#773=CIRCLE('',#2178,0.5);
#774=CIRCLE('',#2179,0.5);
#775=CIRCLE('',#2182,0.5);
#776=CIRCLE('',#2183,0.5);
#777=CIRCLE('',#2184,0.5);
#778=CIRCLE('',#2188,0.5);
#779=CIRCLE('',#2189,0.5);
#780=CIRCLE('',#2190,0.5);
#781=CIRCLE('',#2201,0.5);
#782=CIRCLE('',#2202,0.5);
#783=CIRCLE('',#2203,0.5);
#784=CIRCLE('',#2204,0.5);
#785=CIRCLE('',#2206,0.5);
#786=CIRCLE('',#2207,0.5);
#787=CIRCLE('',#2208,0.5);
#788=CIRCLE('',#2211,0.5);
#789=CIRCLE('',#2212,0.5);
#790=CIRCLE('',#2213,0.5);
#791=CIRCLE('',#2216,0.5);
#792=CIRCLE('',#2217,0.5);
#793=CIRCLE('',#2218,0.5);
#794=CIRCLE('',#2222,0.5);
#795=CIRCLE('',#2223,0.5);
#796=CIRCLE('',#2224,0.5);
#797=CIRCLE('',#2235,0.5);
#798=CIRCLE('',#2236,0.5);
#799=CIRCLE('',#2237,0.5);
#800=CIRCLE('',#2238,0.5);
#801=CIRCLE('',#2240,0.5);
#802=CIRCLE('',#2241,0.5);
#803=CIRCLE('',#2242,0.5);
#804=CIRCLE('',#2245,0.5);
#805=CIRCLE('',#2246,0.5);
#806=CIRCLE('',#2247,0.5);
#807=CIRCLE('',#2250,0.5);
#808=CIRCLE('',#2251,0.5);
#809=CIRCLE('',#2252,0.5);
#810=CIRCLE('',#2256,0.5);
#811=CIRCLE('',#2257,0.5);
#812=CIRCLE('',#2258,0.5);
#813=CIRCLE('',#2269,0.5);
#814=CIRCLE('',#2270,0.5);
#815=CIRCLE('',#2271,0.5);
#816=CIRCLE('',#2272,0.5);
#817=CIRCLE('',#2274,0.5);
#818=CIRCLE('',#2275,0.5);
#819=CIRCLE('',#2276,0.5);
#820=CIRCLE('',#2279,0.5);
#821=CIRCLE('',#2280,0.5);
#822=CIRCLE('',#2281,0.5);
#823=CIRCLE('',#2285,0.5);
#824=CIRCLE('',#2286,0.5);
#825=CIRCLE('',#2287,0.5);
#826=CIRCLE('',#2290,0.5);
#827=CIRCLE('',#2291,0.5);
#828=CIRCLE('',#2292,0.5);
#829=CIRCLE('',#2303,0.5);
#830=CIRCLE('',#2304,0.5);
#831=CIRCLE('',#2305,0.5);
#832=CIRCLE('',#2306,0.5);
#833=CIRCLE('',#2308,0.5);
#834=CIRCLE('',#2309,0.5);
#835=CIRCLE('',#2310,0.5);
#836=CIRCLE('',#2313,0.5);
#837=CIRCLE('',#2314,0.5);
#838=CIRCLE('',#2315,0.5);
#839=CIRCLE('',#2318,0.5);
#840=CIRCLE('',#2319,0.5);
#841=CIRCLE('',#2320,0.5);
#842=CIRCLE('',#2324,0.5);
#843=CIRCLE('',#2325,0.5);
#844=CIRCLE('',#2326,0.5);
#845=CIRCLE('',#2337,0.5);
#846=CIRCLE('',#2338,0.5);
#847=CIRCLE('',#2339,0.5);
#848=CIRCLE('',#2340,0.5);
#849=CIRCLE('',#2342,0.5);
#850=CIRCLE('',#2343,0.5);
#851=CIRCLE('',#2344,0.5);
#852=CIRCLE('',#2347,0.5);
#853=CIRCLE('',#2348,0.5);
#854=CIRCLE('',#2349,0.5);
#855=CIRCLE('',#2352,0.5);
#856=CIRCLE('',#2353,0.5);
#857=CIRCLE('',#2354,0.5);
#858=CIRCLE('',#2358,0.5);
#859=CIRCLE('',#2359,0.5);
#860=CIRCLE('',#2360,0.5);
#861=VERTEX_POINT('',#3078);
#862=VERTEX_POINT('',#3079);
#863=VERTEX_POINT('',#3081);
#864=VERTEX_POINT('',#3083);
#865=VERTEX_POINT('',#3085);
#866=VERTEX_POINT('',#3087);
#867=VERTEX_POINT('',#3089);
#868=VERTEX_POINT('',#3091);
#869=VERTEX_POINT('',#3095);
#870=VERTEX_POINT('',#3096);
#871=VERTEX_POINT('',#3098);
#872=VERTEX_POINT('',#3105);
#873=VERTEX_POINT('',#3106);
#874=VERTEX_POINT('',#3108);
#875=VERTEX_POINT('',#3115);
#876=VERTEX_POINT('',#3116);
#877=VERTEX_POINT('',#3118);
#878=VERTEX_POINT('',#3128);
#879=VERTEX_POINT('',#3129);
#880=VERTEX_POINT('',#3131);
#881=VERTEX_POINT('',#3152);
#882=VERTEX_POINT('',#3153);
#883=VERTEX_POINT('',#3155);
#884=VERTEX_POINT('',#3157);
#885=VERTEX_POINT('',#3159);
#886=VERTEX_POINT('',#3161);
#887=VERTEX_POINT('',#3163);
#888=VERTEX_POINT('',#3165);
#889=VERTEX_POINT('',#3169);
#890=VERTEX_POINT('',#3170);
#891=VERTEX_POINT('',#3172);
#892=VERTEX_POINT('',#3179);
#893=VERTEX_POINT('',#3180);
#894=VERTEX_POINT('',#3182);
#895=VERTEX_POINT('',#3192);
#896=VERTEX_POINT('',#3193);
#897=VERTEX_POINT('',#3195);
#898=VERTEX_POINT('',#3202);
#899=VERTEX_POINT('',#3203);
#900=VERTEX_POINT('',#3205);
#901=VERTEX_POINT('',#3226);
#902=VERTEX_POINT('',#3227);
#903=VERTEX_POINT('',#3229);
#904=VERTEX_POINT('',#3231);
#905=VERTEX_POINT('',#3233);
#906=VERTEX_POINT('',#3235);
#907=VERTEX_POINT('',#3237);
#908=VERTEX_POINT('',#3239);
#909=VERTEX_POINT('',#3243);
#910=VERTEX_POINT('',#3244);
#911=VERTEX_POINT('',#3246);
#912=VERTEX_POINT('',#3253);
#913=VERTEX_POINT('',#3254);
#914=VERTEX_POINT('',#3256);
#915=VERTEX_POINT('',#3263);
#916=VERTEX_POINT('',#3264);
#917=VERTEX_POINT('',#3266);
#918=VERTEX_POINT('',#3276);
#919=VERTEX_POINT('',#3277);
#920=VERTEX_POINT('',#3279);
#921=VERTEX_POINT('',#3300);
#922=VERTEX_POINT('',#3301);
#923=VERTEX_POINT('',#3303);
#924=VERTEX_POINT('',#3305);
#925=VERTEX_POINT('',#3307);
#926=VERTEX_POINT('',#3309);
#927=VERTEX_POINT('',#3311);
#928=VERTEX_POINT('',#3313);
#929=VERTEX_POINT('',#3317);
#930=VERTEX_POINT('',#3318);
#931=VERTEX_POINT('',#3320);
#932=VERTEX_POINT('',#3327);
#933=VERTEX_POINT('',#3328);
#934=VERTEX_POINT('',#3330);
#935=VERTEX_POINT('',#3337);
#936=VERTEX_POINT('',#3338);
#937=VERTEX_POINT('',#3340);
#938=VERTEX_POINT('',#3350);
#939=VERTEX_POINT('',#3351);
#940=VERTEX_POINT('',#3353);
#941=VERTEX_POINT('',#3374);
#942=VERTEX_POINT('',#3375);
#943=VERTEX_POINT('',#3377);
#944=VERTEX_POINT('',#3379);
#945=VERTEX_POINT('',#3381);
#946=VERTEX_POINT('',#3383);
#947=VERTEX_POINT('',#3385);
#948=VERTEX_POINT('',#3387);
#949=VERTEX_POINT('',#3391);
#950=VERTEX_POINT('',#3392);
#951=VERTEX_POINT('',#3394);
#952=VERTEX_POINT('',#3401);
#953=VERTEX_POINT('',#3402);
#954=VERTEX_POINT('',#3404);
#955=VERTEX_POINT('',#3411);
#956=VERTEX_POINT('',#3412);
#957=VERTEX_POINT('',#3414);
#958=VERTEX_POINT('',#3424);
#959=VERTEX_POINT('',#3425);
#960=VERTEX_POINT('',#3427);
#961=VERTEX_POINT('',#3448);
#962=VERTEX_POINT('',#3449);
#963=VERTEX_POINT('',#3451);
#964=VERTEX_POINT('',#3453);
#965=VERTEX_POINT('',#3455);
#966=VERTEX_POINT('',#3457);
#967=VERTEX_POINT('',#3459);
#968=VERTEX_POINT('',#3461);
#969=VERTEX_POINT('',#3465);
#970=VERTEX_POINT('',#3466);
#971=VERTEX_POINT('',#3468);
#972=VERTEX_POINT('',#3475);
#973=VERTEX_POINT('',#3476);
#974=VERTEX_POINT('',#3478);
#975=VERTEX_POINT('',#3488);
#976=VERTEX_POINT('',#3489);
#977=VERTEX_POINT('',#3491);
#978=VERTEX_POINT('',#3498);
#979=VERTEX_POINT('',#3499);
#980=VERTEX_POINT('',#3501);
#981=VERTEX_POINT('',#3522);
#982=VERTEX_POINT('',#3523);
#983=VERTEX_POINT('',#3525);
#984=VERTEX_POINT('',#3527);
#985=VERTEX_POINT('',#3529);
#986=VERTEX_POINT('',#3531);
#987=VERTEX_POINT('',#3533);
#988=VERTEX_POINT('',#3535);
#989=VERTEX_POINT('',#3539);
#990=VERTEX_POINT('',#3540);
#991=VERTEX_POINT('',#3542);
#992=VERTEX_POINT('',#3549);
#993=VERTEX_POINT('',#3550);
#994=VERTEX_POINT('',#3552);
#995=VERTEX_POINT('',#3559);
#996=VERTEX_POINT('',#3560);
#997=VERTEX_POINT('',#3562);
#998=VERTEX_POINT('',#3572);
#999=VERTEX_POINT('',#3573);
#1000=VERTEX_POINT('',#3575);
#1001=VERTEX_POINT('',#3596);
#1002=VERTEX_POINT('',#3597);
#1003=VERTEX_POINT('',#3599);
#1004=VERTEX_POINT('',#3601);
#1005=VERTEX_POINT('',#3603);
#1006=VERTEX_POINT('',#3605);
#1007=VERTEX_POINT('',#3607);
#1008=VERTEX_POINT('',#3609);
#1009=VERTEX_POINT('',#3613);
#1010=VERTEX_POINT('',#3614);
#1011=VERTEX_POINT('',#3616);
#1012=VERTEX_POINT('',#3623);
#1013=VERTEX_POINT('',#3624);
#1014=VERTEX_POINT('',#3626);
#1015=VERTEX_POINT('',#3633);
#1016=VERTEX_POINT('',#3634);
#1017=VERTEX_POINT('',#3636);
#1018=VERTEX_POINT('',#3646);
#1019=VERTEX_POINT('',#3647);
#1020=VERTEX_POINT('',#3649);
#1021=EDGE_CURVE('',#861,#862,#733,.T.);
#1022=EDGE_CURVE('',#862,#863,#413,.T.);
#1023=EDGE_CURVE('',#863,#864,#734,.T.);
#1024=EDGE_CURVE('',#864,#865,#414,.T.);
#1025=EDGE_CURVE('',#865,#866,#735,.T.);
#1026=EDGE_CURVE('',#866,#867,#415,.T.);
#1027=EDGE_CURVE('',#867,#868,#736,.T.);
#1028=EDGE_CURVE('',#868,#861,#416,.T.);
#1029=EDGE_CURVE('',#869,#870,#737,.F.);
#1030=EDGE_CURVE('',#871,#869,#738,.F.);
#1031=EDGE_CURVE('',#870,#871,#739,.F.);
#1032=EDGE_CURVE('',#861,#871,#417,.T.);
#1033=EDGE_CURVE('',#869,#862,#418,.T.);
#1034=EDGE_CURVE('',#872,#873,#740,.F.);
#1035=EDGE_CURVE('',#874,#872,#741,.F.);
#1036=EDGE_CURVE('',#873,#874,#742,.F.);
#1037=EDGE_CURVE('',#867,#874,#419,.T.);
#1038=EDGE_CURVE('',#872,#868,#420,.T.);
#1039=EDGE_CURVE('',#875,#876,#743,.F.);
#1040=EDGE_CURVE('',#877,#875,#744,.F.);
#1041=EDGE_CURVE('',#876,#877,#745,.F.);
#1042=EDGE_CURVE('',#863,#877,#421,.T.);
#1043=EDGE_CURVE('',#875,#864,#422,.T.);
#1044=EDGE_CURVE('',#870,#876,#423,.T.);
#1045=EDGE_CURVE('',#877,#869,#424,.T.);
#1046=EDGE_CURVE('',#878,#879,#746,.F.);
#1047=EDGE_CURVE('',#880,#878,#747,.F.);
#1048=EDGE_CURVE('',#879,#880,#748,.F.);
#1049=EDGE_CURVE('',#865,#880,#425,.T.);
#1050=EDGE_CURVE('',#878,#866,#426,.T.);
#1051=EDGE_CURVE('',#876,#879,#427,.T.);
#1052=EDGE_CURVE('',#880,#875,#428,.T.);
#1053=EDGE_CURVE('',#879,#873,#429,.T.);
#1054=EDGE_CURVE('',#874,#878,#430,.T.);
#1055=EDGE_CURVE('',#873,#870,#431,.T.);
#1056=EDGE_CURVE('',#871,#872,#432,.T.);
#1057=EDGE_CURVE('',#881,#882,#749,.T.);
#1058=EDGE_CURVE('',#882,#883,#433,.T.);
#1059=EDGE_CURVE('',#883,#884,#750,.T.);
#1060=EDGE_CURVE('',#884,#885,#434,.T.);
#1061=EDGE_CURVE('',#885,#886,#751,.T.);
#1062=EDGE_CURVE('',#886,#887,#435,.T.);
#1063=EDGE_CURVE('',#887,#888,#752,.T.);
#1064=EDGE_CURVE('',#888,#881,#436,.T.);
#1065=EDGE_CURVE('',#889,#890,#753,.F.);
#1066=EDGE_CURVE('',#891,#889,#754,.F.);
#1067=EDGE_CURVE('',#890,#891,#755,.F.);
#1068=EDGE_CURVE('',#891,#881,#437,.T.);
#1069=EDGE_CURVE('',#889,#882,#438,.T.);
#1070=EDGE_CURVE('',#892,#893,#756,.F.);
#1071=EDGE_CURVE('',#894,#892,#757,.F.);
#1072=EDGE_CURVE('',#893,#894,#758,.F.);
#1073=EDGE_CURVE('',#894,#883,#439,.T.);
#1074=EDGE_CURVE('',#892,#884,#440,.T.);
#1075=EDGE_CURVE('',#890,#893,#441,.T.);
#1076=EDGE_CURVE('',#894,#889,#442,.T.);
#1077=EDGE_CURVE('',#895,#896,#759,.F.);
#1078=EDGE_CURVE('',#897,#895,#760,.F.);
#1079=EDGE_CURVE('',#896,#897,#761,.F.);
#1080=EDGE_CURVE('',#897,#887,#443,.T.);
#1081=EDGE_CURVE('',#895,#888,#444,.T.);
#1082=EDGE_CURVE('',#898,#899,#762,.F.);
#1083=EDGE_CURVE('',#900,#898,#763,.F.);
#1084=EDGE_CURVE('',#899,#900,#764,.F.);
#1085=EDGE_CURVE('',#900,#885,#445,.T.);
#1086=EDGE_CURVE('',#898,#886,#446,.T.);
#1087=EDGE_CURVE('',#893,#899,#447,.T.);
#1088=EDGE_CURVE('',#900,#892,#448,.T.);
#1089=EDGE_CURVE('',#899,#896,#449,.T.);
#1090=EDGE_CURVE('',#897,#898,#450,.T.);
#1091=EDGE_CURVE('',#896,#890,#451,.T.);
#1092=EDGE_CURVE('',#891,#895,#452,.T.);
#1093=EDGE_CURVE('',#901,#902,#765,.T.);
#1094=EDGE_CURVE('',#902,#903,#453,.T.);
#1095=EDGE_CURVE('',#903,#904,#766,.T.);
#1096=EDGE_CURVE('',#904,#905,#454,.T.);
#1097=EDGE_CURVE('',#905,#906,#767,.T.);
#1098=EDGE_CURVE('',#906,#907,#455,.T.);
#1099=EDGE_CURVE('',#907,#908,#768,.T.);
#1100=EDGE_CURVE('',#908,#901,#456,.T.);
#1101=EDGE_CURVE('',#909,#910,#769,.F.);
#1102=EDGE_CURVE('',#911,#909,#770,.F.);
#1103=EDGE_CURVE('',#910,#911,#771,.F.);
#1104=EDGE_CURVE('',#911,#901,#457,.T.);
#1105=EDGE_CURVE('',#909,#902,#458,.T.);
#1106=EDGE_CURVE('',#912,#913,#772,.F.);
#1107=EDGE_CURVE('',#914,#912,#773,.F.);
#1108=EDGE_CURVE('',#913,#914,#774,.F.);
#1109=EDGE_CURVE('',#907,#914,#459,.T.);
#1110=EDGE_CURVE('',#912,#908,#460,.T.);
#1111=EDGE_CURVE('',#915,#916,#775,.F.);
#1112=EDGE_CURVE('',#917,#915,#776,.F.);
#1113=EDGE_CURVE('',#916,#917,#777,.F.);
#1114=EDGE_CURVE('',#903,#917,#461,.T.);
#1115=EDGE_CURVE('',#915,#904,#462,.T.);
#1116=EDGE_CURVE('',#910,#916,#463,.T.);
#1117=EDGE_CURVE('',#917,#909,#464,.T.);
#1118=EDGE_CURVE('',#918,#919,#778,.F.);
#1119=EDGE_CURVE('',#920,#918,#779,.F.);
#1120=EDGE_CURVE('',#919,#920,#780,.F.);
#1121=EDGE_CURVE('',#905,#920,#465,.T.);
#1122=EDGE_CURVE('',#918,#906,#466,.T.);
#1123=EDGE_CURVE('',#916,#919,#467,.T.);
#1124=EDGE_CURVE('',#920,#915,#468,.T.);
#1125=EDGE_CURVE('',#919,#913,#469,.T.);
#1126=EDGE_CURVE('',#914,#918,#470,.T.);
#1127=EDGE_CURVE('',#913,#910,#471,.T.);
#1128=EDGE_CURVE('',#911,#912,#472,.T.);
#1129=EDGE_CURVE('',#921,#922,#781,.T.);
#1130=EDGE_CURVE('',#922,#923,#473,.T.);
#1131=EDGE_CURVE('',#923,#924,#782,.T.);
#1132=EDGE_CURVE('',#924,#925,#474,.T.);
#1133=EDGE_CURVE('',#925,#926,#783,.T.);
#1134=EDGE_CURVE('',#926,#927,#475,.T.);
#1135=EDGE_CURVE('',#927,#928,#784,.T.);
#1136=EDGE_CURVE('',#928,#921,#476,.T.);
#1137=EDGE_CURVE('',#929,#930,#785,.F.);
#1138=EDGE_CURVE('',#931,#929,#786,.F.);
#1139=EDGE_CURVE('',#930,#931,#787,.F.);
#1140=EDGE_CURVE('',#921,#931,#477,.T.);
#1141=EDGE_CURVE('',#929,#922,#478,.T.);
#1142=EDGE_CURVE('',#932,#933,#788,.F.);
#1143=EDGE_CURVE('',#934,#932,#789,.F.);
#1144=EDGE_CURVE('',#933,#934,#790,.F.);
#1145=EDGE_CURVE('',#927,#934,#479,.T.);
#1146=EDGE_CURVE('',#932,#928,#480,.T.);
#1147=EDGE_CURVE('',#935,#936,#791,.F.);
#1148=EDGE_CURVE('',#937,#935,#792,.F.);
#1149=EDGE_CURVE('',#936,#937,#793,.F.);
#1150=EDGE_CURVE('',#923,#937,#481,.T.);
#1151=EDGE_CURVE('',#935,#924,#482,.T.);
#1152=EDGE_CURVE('',#930,#936,#483,.T.);
#1153=EDGE_CURVE('',#937,#929,#484,.T.);
#1154=EDGE_CURVE('',#938,#939,#794,.F.);
#1155=EDGE_CURVE('',#940,#938,#795,.F.);
#1156=EDGE_CURVE('',#939,#940,#796,.F.);
#1157=EDGE_CURVE('',#940,#925,#485,.T.);
#1158=EDGE_CURVE('',#938,#926,#486,.T.);
#1159=EDGE_CURVE('',#936,#939,#487,.T.);
#1160=EDGE_CURVE('',#940,#935,#488,.T.);
#1161=EDGE_CURVE('',#939,#933,#489,.T.);
#1162=EDGE_CURVE('',#934,#938,#490,.T.);
#1163=EDGE_CURVE('',#933,#930,#491,.T.);
#1164=EDGE_CURVE('',#931,#932,#492,.T.);
#1165=EDGE_CURVE('',#941,#942,#797,.T.);
#1166=EDGE_CURVE('',#942,#943,#493,.T.);
#1167=EDGE_CURVE('',#943,#944,#798,.T.);
#1168=EDGE_CURVE('',#944,#945,#494,.T.);
#1169=EDGE_CURVE('',#945,#946,#799,.T.);
#1170=EDGE_CURVE('',#946,#947,#495,.T.);
#1171=EDGE_CURVE('',#947,#948,#800,.T.);
#1172=EDGE_CURVE('',#948,#941,#496,.T.);
#1173=EDGE_CURVE('',#949,#950,#801,.F.);
#1174=EDGE_CURVE('',#950,#951,#802,.F.);
#1175=EDGE_CURVE('',#951,#949,#803,.F.);
#1176=EDGE_CURVE('',#949,#941,#497,.T.);
#1177=EDGE_CURVE('',#942,#951,#498,.T.);
#1178=EDGE_CURVE('',#952,#953,#804,.F.);
#1179=EDGE_CURVE('',#953,#954,#805,.F.);
#1180=EDGE_CURVE('',#954,#952,#806,.F.);
#1181=EDGE_CURVE('',#952,#943,#499,.T.);
#1182=EDGE_CURVE('',#944,#954,#500,.T.);
#1183=EDGE_CURVE('',#955,#956,#807,.F.);
#1184=EDGE_CURVE('',#956,#957,#808,.F.);
#1185=EDGE_CURVE('',#957,#955,#809,.F.);
#1186=EDGE_CURVE('',#955,#947,#501,.T.);
#1187=EDGE_CURVE('',#948,#957,#502,.T.);
#1188=EDGE_CURVE('',#957,#949,#503,.T.);
#1189=EDGE_CURVE('',#950,#956,#504,.T.);
#1190=EDGE_CURVE('',#958,#959,#810,.F.);
#1191=EDGE_CURVE('',#959,#960,#811,.F.);
#1192=EDGE_CURVE('',#960,#958,#812,.F.);
#1193=EDGE_CURVE('',#958,#945,#505,.T.);
#1194=EDGE_CURVE('',#946,#960,#506,.T.);
#1195=EDGE_CURVE('',#960,#955,#507,.T.);
#1196=EDGE_CURVE('',#956,#959,#508,.T.);
#1197=EDGE_CURVE('',#954,#958,#509,.T.);
#1198=EDGE_CURVE('',#959,#953,#510,.T.);
#1199=EDGE_CURVE('',#951,#952,#511,.T.);
#1200=EDGE_CURVE('',#953,#950,#512,.T.);
#1201=EDGE_CURVE('',#961,#962,#813,.T.);
#1202=EDGE_CURVE('',#962,#963,#513,.T.);
#1203=EDGE_CURVE('',#963,#964,#814,.T.);
#1204=EDGE_CURVE('',#964,#965,#514,.T.);
#1205=EDGE_CURVE('',#965,#966,#815,.T.);
#1206=EDGE_CURVE('',#966,#967,#515,.T.);
#1207=EDGE_CURVE('',#967,#968,#816,.T.);
#1208=EDGE_CURVE('',#968,#961,#516,.T.);
#1209=EDGE_CURVE('',#969,#970,#817,.F.);
#1210=EDGE_CURVE('',#970,#971,#818,.F.);
#1211=EDGE_CURVE('',#971,#969,#819,.F.);
#1212=EDGE_CURVE('',#969,#961,#517,.T.);
#1213=EDGE_CURVE('',#962,#971,#518,.T.);
#1214=EDGE_CURVE('',#972,#973,#820,.F.);
#1215=EDGE_CURVE('',#973,#974,#821,.F.);
#1216=EDGE_CURVE('',#974,#972,#822,.F.);
#1217=EDGE_CURVE('',#972,#967,#519,.T.);
#1218=EDGE_CURVE('',#968,#974,#520,.T.);
#1219=EDGE_CURVE('',#974,#969,#521,.T.);
#1220=EDGE_CURVE('',#970,#973,#522,.T.);
#1221=EDGE_CURVE('',#975,#976,#823,.F.);
#1222=EDGE_CURVE('',#976,#977,#824,.F.);
#1223=EDGE_CURVE('',#977,#975,#825,.F.);
#1224=EDGE_CURVE('',#975,#963,#523,.T.);
#1225=EDGE_CURVE('',#964,#977,#524,.T.);
#1226=EDGE_CURVE('',#978,#979,#826,.F.);
#1227=EDGE_CURVE('',#979,#980,#827,.F.);
#1228=EDGE_CURVE('',#980,#978,#828,.F.);
#1229=EDGE_CURVE('',#978,#965,#525,.T.);
#1230=EDGE_CURVE('',#966,#980,#526,.T.);
#1231=EDGE_CURVE('',#980,#972,#527,.T.);
#1232=EDGE_CURVE('',#973,#979,#528,.T.);
#1233=EDGE_CURVE('',#977,#978,#529,.T.);
#1234=EDGE_CURVE('',#979,#976,#530,.T.);
#1235=EDGE_CURVE('',#971,#975,#531,.T.);
#1236=EDGE_CURVE('',#976,#970,#532,.T.);
#1237=EDGE_CURVE('',#981,#982,#829,.T.);
#1238=EDGE_CURVE('',#982,#983,#533,.T.);
#1239=EDGE_CURVE('',#983,#984,#830,.T.);
#1240=EDGE_CURVE('',#984,#985,#534,.T.);
#1241=EDGE_CURVE('',#985,#986,#831,.T.);
#1242=EDGE_CURVE('',#986,#987,#535,.T.);
#1243=EDGE_CURVE('',#987,#988,#832,.T.);
#1244=EDGE_CURVE('',#988,#981,#536,.T.);
#1245=EDGE_CURVE('',#989,#990,#833,.F.);
#1246=EDGE_CURVE('',#990,#991,#834,.F.);
#1247=EDGE_CURVE('',#991,#989,#835,.F.);
#1248=EDGE_CURVE('',#989,#981,#537,.T.);
#1249=EDGE_CURVE('',#991,#982,#538,.T.);
#1250=EDGE_CURVE('',#992,#993,#836,.F.);
#1251=EDGE_CURVE('',#993,#994,#837,.F.);
#1252=EDGE_CURVE('',#994,#992,#838,.F.);
#1253=EDGE_CURVE('',#992,#983,#539,.T.);
#1254=EDGE_CURVE('',#984,#994,#540,.T.);
#1255=EDGE_CURVE('',#995,#996,#839,.F.);
#1256=EDGE_CURVE('',#996,#997,#840,.F.);
#1257=EDGE_CURVE('',#997,#995,#841,.F.);
#1258=EDGE_CURVE('',#995,#987,#541,.T.);
#1259=EDGE_CURVE('',#988,#997,#542,.T.);
#1260=EDGE_CURVE('',#997,#989,#543,.T.);
#1261=EDGE_CURVE('',#990,#996,#544,.T.);
#1262=EDGE_CURVE('',#998,#999,#842,.F.);
#1263=EDGE_CURVE('',#999,#1000,#843,.F.);
#1264=EDGE_CURVE('',#1000,#998,#844,.F.);
#1265=EDGE_CURVE('',#998,#985,#545,.T.);
#1266=EDGE_CURVE('',#986,#1000,#546,.T.);
#1267=EDGE_CURVE('',#1000,#995,#547,.T.);
#1268=EDGE_CURVE('',#996,#999,#548,.T.);
#1269=EDGE_CURVE('',#994,#998,#549,.T.);
#1270=EDGE_CURVE('',#999,#993,#550,.T.);
#1271=EDGE_CURVE('',#991,#992,#551,.T.);
#1272=EDGE_CURVE('',#993,#990,#552,.T.);
#1273=EDGE_CURVE('',#1001,#1002,#845,.T.);
#1274=EDGE_CURVE('',#1002,#1003,#553,.T.);
#1275=EDGE_CURVE('',#1003,#1004,#846,.T.);
#1276=EDGE_CURVE('',#1004,#1005,#554,.T.);
#1277=EDGE_CURVE('',#1005,#1006,#847,.T.);
#1278=EDGE_CURVE('',#1006,#1007,#555,.T.);
#1279=EDGE_CURVE('',#1007,#1008,#848,.T.);
#1280=EDGE_CURVE('',#1008,#1001,#556,.T.);
#1281=EDGE_CURVE('',#1009,#1010,#849,.F.);
#1282=EDGE_CURVE('',#1010,#1011,#850,.F.);
#1283=EDGE_CURVE('',#1011,#1009,#851,.F.);
#1284=EDGE_CURVE('',#1009,#1001,#557,.T.);
#1285=EDGE_CURVE('',#1002,#1011,#558,.T.);
#1286=EDGE_CURVE('',#1012,#1013,#852,.F.);
#1287=EDGE_CURVE('',#1013,#1014,#853,.F.);
#1288=EDGE_CURVE('',#1014,#1012,#854,.F.);
#1289=EDGE_CURVE('',#1012,#1003,#559,.T.);
#1290=EDGE_CURVE('',#1004,#1014,#560,.T.);
#1291=EDGE_CURVE('',#1015,#1016,#855,.F.);
#1292=EDGE_CURVE('',#1016,#1017,#856,.F.);
#1293=EDGE_CURVE('',#1017,#1015,#857,.F.);
#1294=EDGE_CURVE('',#1015,#1007,#561,.T.);
#1295=EDGE_CURVE('',#1008,#1017,#562,.T.);
#1296=EDGE_CURVE('',#1017,#1009,#563,.T.);
#1297=EDGE_CURVE('',#1010,#1016,#564,.T.);
#1298=EDGE_CURVE('',#1018,#1019,#858,.F.);
#1299=EDGE_CURVE('',#1019,#1020,#859,.F.);
#1300=EDGE_CURVE('',#1020,#1018,#860,.F.);
#1301=EDGE_CURVE('',#1018,#1005,#565,.T.);
#1302=EDGE_CURVE('',#1006,#1020,#566,.T.);
#1303=EDGE_CURVE('',#1020,#1015,#567,.T.);
#1304=EDGE_CURVE('',#1016,#1019,#568,.T.);
#1305=EDGE_CURVE('',#1014,#1018,#569,.T.);
#1306=EDGE_CURVE('',#1019,#1013,#570,.T.);
#1307=EDGE_CURVE('',#1011,#1012,#571,.T.);
#1308=EDGE_CURVE('',#1013,#1010,#572,.T.);
#1309=ORIENTED_EDGE('',*,*,#1021,.T.);
#1310=ORIENTED_EDGE('',*,*,#1022,.T.);
#1311=ORIENTED_EDGE('',*,*,#1023,.T.);
#1312=ORIENTED_EDGE('',*,*,#1024,.T.);
#1313=ORIENTED_EDGE('',*,*,#1025,.T.);
#1314=ORIENTED_EDGE('',*,*,#1026,.T.);
#1315=ORIENTED_EDGE('',*,*,#1027,.T.);
#1316=ORIENTED_EDGE('',*,*,#1028,.T.);
#1317=ORIENTED_EDGE('',*,*,#1029,.F.);
#1318=ORIENTED_EDGE('',*,*,#1030,.F.);
#1319=ORIENTED_EDGE('',*,*,#1031,.F.);
#1320=ORIENTED_EDGE('',*,*,#1032,.T.);
#1321=ORIENTED_EDGE('',*,*,#1030,.T.);
#1322=ORIENTED_EDGE('',*,*,#1033,.T.);
#1323=ORIENTED_EDGE('',*,*,#1021,.F.);
#1324=ORIENTED_EDGE('',*,*,#1034,.F.);
#1325=ORIENTED_EDGE('',*,*,#1035,.F.);
#1326=ORIENTED_EDGE('',*,*,#1036,.F.);
#1327=ORIENTED_EDGE('',*,*,#1037,.T.);
#1328=ORIENTED_EDGE('',*,*,#1035,.T.);
#1329=ORIENTED_EDGE('',*,*,#1038,.T.);
#1330=ORIENTED_EDGE('',*,*,#1027,.F.);
#1331=ORIENTED_EDGE('',*,*,#1039,.F.);
#1332=ORIENTED_EDGE('',*,*,#1040,.F.);
#1333=ORIENTED_EDGE('',*,*,#1041,.F.);
#1334=ORIENTED_EDGE('',*,*,#1042,.T.);
#1335=ORIENTED_EDGE('',*,*,#1040,.T.);
#1336=ORIENTED_EDGE('',*,*,#1043,.T.);
#1337=ORIENTED_EDGE('',*,*,#1023,.F.);
#1338=ORIENTED_EDGE('',*,*,#1029,.T.);
#1339=ORIENTED_EDGE('',*,*,#1044,.T.);
#1340=ORIENTED_EDGE('',*,*,#1041,.T.);
#1341=ORIENTED_EDGE('',*,*,#1045,.T.);
#1342=ORIENTED_EDGE('',*,*,#1046,.F.);
#1343=ORIENTED_EDGE('',*,*,#1047,.F.);
#1344=ORIENTED_EDGE('',*,*,#1048,.F.);
#1345=ORIENTED_EDGE('',*,*,#1049,.T.);
#1346=ORIENTED_EDGE('',*,*,#1047,.T.);
#1347=ORIENTED_EDGE('',*,*,#1050,.T.);
#1348=ORIENTED_EDGE('',*,*,#1025,.F.);
#1349=ORIENTED_EDGE('',*,*,#1039,.T.);
#1350=ORIENTED_EDGE('',*,*,#1051,.T.);
#1351=ORIENTED_EDGE('',*,*,#1048,.T.);
#1352=ORIENTED_EDGE('',*,*,#1052,.T.);
#1353=ORIENTED_EDGE('',*,*,#1046,.T.);
#1354=ORIENTED_EDGE('',*,*,#1053,.T.);
#1355=ORIENTED_EDGE('',*,*,#1036,.T.);
#1356=ORIENTED_EDGE('',*,*,#1054,.T.);
#1357=ORIENTED_EDGE('',*,*,#1034,.T.);
#1358=ORIENTED_EDGE('',*,*,#1055,.T.);
#1359=ORIENTED_EDGE('',*,*,#1031,.T.);
#1360=ORIENTED_EDGE('',*,*,#1056,.T.);
#1361=ORIENTED_EDGE('',*,*,#1033,.F.);
#1362=ORIENTED_EDGE('',*,*,#1045,.F.);
#1363=ORIENTED_EDGE('',*,*,#1042,.F.);
#1364=ORIENTED_EDGE('',*,*,#1022,.F.);
#1365=ORIENTED_EDGE('',*,*,#1043,.F.);
#1366=ORIENTED_EDGE('',*,*,#1052,.F.);
#1367=ORIENTED_EDGE('',*,*,#1049,.F.);
#1368=ORIENTED_EDGE('',*,*,#1024,.F.);
#1369=ORIENTED_EDGE('',*,*,#1044,.F.);
#1370=ORIENTED_EDGE('',*,*,#1055,.F.);
#1371=ORIENTED_EDGE('',*,*,#1053,.F.);
#1372=ORIENTED_EDGE('',*,*,#1051,.F.);
#1373=ORIENTED_EDGE('',*,*,#1032,.F.);
#1374=ORIENTED_EDGE('',*,*,#1028,.F.);
#1375=ORIENTED_EDGE('',*,*,#1038,.F.);
#1376=ORIENTED_EDGE('',*,*,#1056,.F.);
#1377=ORIENTED_EDGE('',*,*,#1037,.F.);
#1378=ORIENTED_EDGE('',*,*,#1026,.F.);
#1379=ORIENTED_EDGE('',*,*,#1050,.F.);
#1380=ORIENTED_EDGE('',*,*,#1054,.F.);
#1381=ORIENTED_EDGE('',*,*,#1057,.T.);
#1382=ORIENTED_EDGE('',*,*,#1058,.T.);
#1383=ORIENTED_EDGE('',*,*,#1059,.T.);
#1384=ORIENTED_EDGE('',*,*,#1060,.T.);
#1385=ORIENTED_EDGE('',*,*,#1061,.T.);
#1386=ORIENTED_EDGE('',*,*,#1062,.T.);
#1387=ORIENTED_EDGE('',*,*,#1063,.T.);
#1388=ORIENTED_EDGE('',*,*,#1064,.T.);
#1389=ORIENTED_EDGE('',*,*,#1065,.F.);
#1390=ORIENTED_EDGE('',*,*,#1066,.F.);
#1391=ORIENTED_EDGE('',*,*,#1067,.F.);
#1392=ORIENTED_EDGE('',*,*,#1068,.F.);
#1393=ORIENTED_EDGE('',*,*,#1066,.T.);
#1394=ORIENTED_EDGE('',*,*,#1069,.T.);
#1395=ORIENTED_EDGE('',*,*,#1057,.F.);
#1396=ORIENTED_EDGE('',*,*,#1070,.F.);
#1397=ORIENTED_EDGE('',*,*,#1071,.F.);
#1398=ORIENTED_EDGE('',*,*,#1072,.F.);
#1399=ORIENTED_EDGE('',*,*,#1073,.F.);
#1400=ORIENTED_EDGE('',*,*,#1071,.T.);
#1401=ORIENTED_EDGE('',*,*,#1074,.T.);
#1402=ORIENTED_EDGE('',*,*,#1059,.F.);
#1403=ORIENTED_EDGE('',*,*,#1065,.T.);
#1404=ORIENTED_EDGE('',*,*,#1075,.T.);
#1405=ORIENTED_EDGE('',*,*,#1072,.T.);
#1406=ORIENTED_EDGE('',*,*,#1076,.T.);
#1407=ORIENTED_EDGE('',*,*,#1077,.F.);
#1408=ORIENTED_EDGE('',*,*,#1078,.F.);
#1409=ORIENTED_EDGE('',*,*,#1079,.F.);
#1410=ORIENTED_EDGE('',*,*,#1080,.F.);
#1411=ORIENTED_EDGE('',*,*,#1078,.T.);
#1412=ORIENTED_EDGE('',*,*,#1081,.T.);
#1413=ORIENTED_EDGE('',*,*,#1063,.F.);
#1414=ORIENTED_EDGE('',*,*,#1082,.F.);
#1415=ORIENTED_EDGE('',*,*,#1083,.F.);
#1416=ORIENTED_EDGE('',*,*,#1084,.F.);
#1417=ORIENTED_EDGE('',*,*,#1085,.F.);
#1418=ORIENTED_EDGE('',*,*,#1083,.T.);
#1419=ORIENTED_EDGE('',*,*,#1086,.T.);
#1420=ORIENTED_EDGE('',*,*,#1061,.F.);
#1421=ORIENTED_EDGE('',*,*,#1070,.T.);
#1422=ORIENTED_EDGE('',*,*,#1087,.T.);
#1423=ORIENTED_EDGE('',*,*,#1084,.T.);
#1424=ORIENTED_EDGE('',*,*,#1088,.T.);
#1425=ORIENTED_EDGE('',*,*,#1082,.T.);
#1426=ORIENTED_EDGE('',*,*,#1089,.T.);
#1427=ORIENTED_EDGE('',*,*,#1079,.T.);
#1428=ORIENTED_EDGE('',*,*,#1090,.T.);
#1429=ORIENTED_EDGE('',*,*,#1077,.T.);
#1430=ORIENTED_EDGE('',*,*,#1091,.T.);
#1431=ORIENTED_EDGE('',*,*,#1067,.T.);
#1432=ORIENTED_EDGE('',*,*,#1092,.T.);
#1433=ORIENTED_EDGE('',*,*,#1069,.F.);
#1434=ORIENTED_EDGE('',*,*,#1076,.F.);
#1435=ORIENTED_EDGE('',*,*,#1073,.T.);
#1436=ORIENTED_EDGE('',*,*,#1058,.F.);
#1437=ORIENTED_EDGE('',*,*,#1074,.F.);
#1438=ORIENTED_EDGE('',*,*,#1088,.F.);
#1439=ORIENTED_EDGE('',*,*,#1085,.T.);
#1440=ORIENTED_EDGE('',*,*,#1060,.F.);
#1441=ORIENTED_EDGE('',*,*,#1075,.F.);
#1442=ORIENTED_EDGE('',*,*,#1091,.F.);
#1443=ORIENTED_EDGE('',*,*,#1089,.F.);
#1444=ORIENTED_EDGE('',*,*,#1087,.F.);
#1445=ORIENTED_EDGE('',*,*,#1080,.T.);
#1446=ORIENTED_EDGE('',*,*,#1062,.F.);
#1447=ORIENTED_EDGE('',*,*,#1086,.F.);
#1448=ORIENTED_EDGE('',*,*,#1090,.F.);
#1449=ORIENTED_EDGE('',*,*,#1068,.T.);
#1450=ORIENTED_EDGE('',*,*,#1064,.F.);
#1451=ORIENTED_EDGE('',*,*,#1081,.F.);
#1452=ORIENTED_EDGE('',*,*,#1092,.F.);
#1453=ORIENTED_EDGE('',*,*,#1093,.T.);
#1454=ORIENTED_EDGE('',*,*,#1094,.T.);
#1455=ORIENTED_EDGE('',*,*,#1095,.T.);
#1456=ORIENTED_EDGE('',*,*,#1096,.T.);
#1457=ORIENTED_EDGE('',*,*,#1097,.T.);
#1458=ORIENTED_EDGE('',*,*,#1098,.T.);
#1459=ORIENTED_EDGE('',*,*,#1099,.T.);
#1460=ORIENTED_EDGE('',*,*,#1100,.T.);
#1461=ORIENTED_EDGE('',*,*,#1101,.F.);
#1462=ORIENTED_EDGE('',*,*,#1102,.F.);
#1463=ORIENTED_EDGE('',*,*,#1103,.F.);
#1464=ORIENTED_EDGE('',*,*,#1104,.F.);
#1465=ORIENTED_EDGE('',*,*,#1102,.T.);
#1466=ORIENTED_EDGE('',*,*,#1105,.T.);
#1467=ORIENTED_EDGE('',*,*,#1093,.F.);
#1468=ORIENTED_EDGE('',*,*,#1106,.F.);
#1469=ORIENTED_EDGE('',*,*,#1107,.F.);
#1470=ORIENTED_EDGE('',*,*,#1108,.F.);
#1471=ORIENTED_EDGE('',*,*,#1109,.T.);
#1472=ORIENTED_EDGE('',*,*,#1107,.T.);
#1473=ORIENTED_EDGE('',*,*,#1110,.T.);
#1474=ORIENTED_EDGE('',*,*,#1099,.F.);
#1475=ORIENTED_EDGE('',*,*,#1111,.F.);
#1476=ORIENTED_EDGE('',*,*,#1112,.F.);
#1477=ORIENTED_EDGE('',*,*,#1113,.F.);
#1478=ORIENTED_EDGE('',*,*,#1114,.T.);
#1479=ORIENTED_EDGE('',*,*,#1112,.T.);
#1480=ORIENTED_EDGE('',*,*,#1115,.T.);
#1481=ORIENTED_EDGE('',*,*,#1095,.F.);
#1482=ORIENTED_EDGE('',*,*,#1101,.T.);
#1483=ORIENTED_EDGE('',*,*,#1116,.T.);
#1484=ORIENTED_EDGE('',*,*,#1113,.T.);
#1485=ORIENTED_EDGE('',*,*,#1117,.T.);
#1486=ORIENTED_EDGE('',*,*,#1118,.F.);
#1487=ORIENTED_EDGE('',*,*,#1119,.F.);
#1488=ORIENTED_EDGE('',*,*,#1120,.F.);
#1489=ORIENTED_EDGE('',*,*,#1121,.T.);
#1490=ORIENTED_EDGE('',*,*,#1119,.T.);
#1491=ORIENTED_EDGE('',*,*,#1122,.T.);
#1492=ORIENTED_EDGE('',*,*,#1097,.F.);
#1493=ORIENTED_EDGE('',*,*,#1111,.T.);
#1494=ORIENTED_EDGE('',*,*,#1123,.T.);
#1495=ORIENTED_EDGE('',*,*,#1120,.T.);
#1496=ORIENTED_EDGE('',*,*,#1124,.T.);
#1497=ORIENTED_EDGE('',*,*,#1118,.T.);
#1498=ORIENTED_EDGE('',*,*,#1125,.T.);
#1499=ORIENTED_EDGE('',*,*,#1108,.T.);
#1500=ORIENTED_EDGE('',*,*,#1126,.T.);
#1501=ORIENTED_EDGE('',*,*,#1106,.T.);
#1502=ORIENTED_EDGE('',*,*,#1127,.T.);
#1503=ORIENTED_EDGE('',*,*,#1103,.T.);
#1504=ORIENTED_EDGE('',*,*,#1128,.T.);
#1505=ORIENTED_EDGE('',*,*,#1105,.F.);
#1506=ORIENTED_EDGE('',*,*,#1117,.F.);
#1507=ORIENTED_EDGE('',*,*,#1114,.F.);
#1508=ORIENTED_EDGE('',*,*,#1094,.F.);
#1509=ORIENTED_EDGE('',*,*,#1115,.F.);
#1510=ORIENTED_EDGE('',*,*,#1124,.F.);
#1511=ORIENTED_EDGE('',*,*,#1121,.F.);
#1512=ORIENTED_EDGE('',*,*,#1096,.F.);
#1513=ORIENTED_EDGE('',*,*,#1116,.F.);
#1514=ORIENTED_EDGE('',*,*,#1127,.F.);
#1515=ORIENTED_EDGE('',*,*,#1125,.F.);
#1516=ORIENTED_EDGE('',*,*,#1123,.F.);
#1517=ORIENTED_EDGE('',*,*,#1109,.F.);
#1518=ORIENTED_EDGE('',*,*,#1098,.F.);
#1519=ORIENTED_EDGE('',*,*,#1122,.F.);
#1520=ORIENTED_EDGE('',*,*,#1126,.F.);
#1521=ORIENTED_EDGE('',*,*,#1104,.T.);
#1522=ORIENTED_EDGE('',*,*,#1100,.F.);
#1523=ORIENTED_EDGE('',*,*,#1110,.F.);
#1524=ORIENTED_EDGE('',*,*,#1128,.F.);
#1525=ORIENTED_EDGE('',*,*,#1129,.T.);
#1526=ORIENTED_EDGE('',*,*,#1130,.T.);
#1527=ORIENTED_EDGE('',*,*,#1131,.T.);
#1528=ORIENTED_EDGE('',*,*,#1132,.T.);
#1529=ORIENTED_EDGE('',*,*,#1133,.T.);
#1530=ORIENTED_EDGE('',*,*,#1134,.T.);
#1531=ORIENTED_EDGE('',*,*,#1135,.T.);
#1532=ORIENTED_EDGE('',*,*,#1136,.T.);
#1533=ORIENTED_EDGE('',*,*,#1137,.F.);
#1534=ORIENTED_EDGE('',*,*,#1138,.F.);
#1535=ORIENTED_EDGE('',*,*,#1139,.F.);
#1536=ORIENTED_EDGE('',*,*,#1140,.T.);
#1537=ORIENTED_EDGE('',*,*,#1138,.T.);
#1538=ORIENTED_EDGE('',*,*,#1141,.T.);
#1539=ORIENTED_EDGE('',*,*,#1129,.F.);
#1540=ORIENTED_EDGE('',*,*,#1142,.F.);
#1541=ORIENTED_EDGE('',*,*,#1143,.F.);
#1542=ORIENTED_EDGE('',*,*,#1144,.F.);
#1543=ORIENTED_EDGE('',*,*,#1145,.T.);
#1544=ORIENTED_EDGE('',*,*,#1143,.T.);
#1545=ORIENTED_EDGE('',*,*,#1146,.T.);
#1546=ORIENTED_EDGE('',*,*,#1135,.F.);
#1547=ORIENTED_EDGE('',*,*,#1147,.F.);
#1548=ORIENTED_EDGE('',*,*,#1148,.F.);
#1549=ORIENTED_EDGE('',*,*,#1149,.F.);
#1550=ORIENTED_EDGE('',*,*,#1150,.T.);
#1551=ORIENTED_EDGE('',*,*,#1148,.T.);
#1552=ORIENTED_EDGE('',*,*,#1151,.T.);
#1553=ORIENTED_EDGE('',*,*,#1131,.F.);
#1554=ORIENTED_EDGE('',*,*,#1137,.T.);
#1555=ORIENTED_EDGE('',*,*,#1152,.T.);
#1556=ORIENTED_EDGE('',*,*,#1149,.T.);
#1557=ORIENTED_EDGE('',*,*,#1153,.T.);
#1558=ORIENTED_EDGE('',*,*,#1154,.F.);
#1559=ORIENTED_EDGE('',*,*,#1155,.F.);
#1560=ORIENTED_EDGE('',*,*,#1156,.F.);
#1561=ORIENTED_EDGE('',*,*,#1157,.F.);
#1562=ORIENTED_EDGE('',*,*,#1155,.T.);
#1563=ORIENTED_EDGE('',*,*,#1158,.T.);
#1564=ORIENTED_EDGE('',*,*,#1133,.F.);
#1565=ORIENTED_EDGE('',*,*,#1147,.T.);
#1566=ORIENTED_EDGE('',*,*,#1159,.T.);
#1567=ORIENTED_EDGE('',*,*,#1156,.T.);
#1568=ORIENTED_EDGE('',*,*,#1160,.T.);
#1569=ORIENTED_EDGE('',*,*,#1154,.T.);
#1570=ORIENTED_EDGE('',*,*,#1161,.T.);
#1571=ORIENTED_EDGE('',*,*,#1144,.T.);
#1572=ORIENTED_EDGE('',*,*,#1162,.T.);
#1573=ORIENTED_EDGE('',*,*,#1142,.T.);
#1574=ORIENTED_EDGE('',*,*,#1163,.T.);
#1575=ORIENTED_EDGE('',*,*,#1139,.T.);
#1576=ORIENTED_EDGE('',*,*,#1164,.T.);
#1577=ORIENTED_EDGE('',*,*,#1141,.F.);
#1578=ORIENTED_EDGE('',*,*,#1153,.F.);
#1579=ORIENTED_EDGE('',*,*,#1150,.F.);
#1580=ORIENTED_EDGE('',*,*,#1130,.F.);
#1581=ORIENTED_EDGE('',*,*,#1151,.F.);
#1582=ORIENTED_EDGE('',*,*,#1160,.F.);
#1583=ORIENTED_EDGE('',*,*,#1157,.T.);
#1584=ORIENTED_EDGE('',*,*,#1132,.F.);
#1585=ORIENTED_EDGE('',*,*,#1152,.F.);
#1586=ORIENTED_EDGE('',*,*,#1163,.F.);
#1587=ORIENTED_EDGE('',*,*,#1161,.F.);
#1588=ORIENTED_EDGE('',*,*,#1159,.F.);
#1589=ORIENTED_EDGE('',*,*,#1140,.F.);
#1590=ORIENTED_EDGE('',*,*,#1136,.F.);
#1591=ORIENTED_EDGE('',*,*,#1146,.F.);
#1592=ORIENTED_EDGE('',*,*,#1164,.F.);
#1593=ORIENTED_EDGE('',*,*,#1145,.F.);
#1594=ORIENTED_EDGE('',*,*,#1134,.F.);
#1595=ORIENTED_EDGE('',*,*,#1158,.F.);
#1596=ORIENTED_EDGE('',*,*,#1162,.F.);
#1597=ORIENTED_EDGE('',*,*,#1165,.T.);
#1598=ORIENTED_EDGE('',*,*,#1166,.T.);
#1599=ORIENTED_EDGE('',*,*,#1167,.T.);
#1600=ORIENTED_EDGE('',*,*,#1168,.T.);
#1601=ORIENTED_EDGE('',*,*,#1169,.T.);
#1602=ORIENTED_EDGE('',*,*,#1170,.T.);
#1603=ORIENTED_EDGE('',*,*,#1171,.T.);
#1604=ORIENTED_EDGE('',*,*,#1172,.T.);
#1605=ORIENTED_EDGE('',*,*,#1173,.T.);
#1606=ORIENTED_EDGE('',*,*,#1174,.T.);
#1607=ORIENTED_EDGE('',*,*,#1175,.T.);
#1608=ORIENTED_EDGE('',*,*,#1176,.F.);
#1609=ORIENTED_EDGE('',*,*,#1175,.F.);
#1610=ORIENTED_EDGE('',*,*,#1177,.F.);
#1611=ORIENTED_EDGE('',*,*,#1165,.F.);
#1612=ORIENTED_EDGE('',*,*,#1178,.T.);
#1613=ORIENTED_EDGE('',*,*,#1179,.T.);
#1614=ORIENTED_EDGE('',*,*,#1180,.T.);
#1615=ORIENTED_EDGE('',*,*,#1181,.F.);
#1616=ORIENTED_EDGE('',*,*,#1180,.F.);
#1617=ORIENTED_EDGE('',*,*,#1182,.F.);
#1618=ORIENTED_EDGE('',*,*,#1167,.F.);
#1619=ORIENTED_EDGE('',*,*,#1183,.T.);
#1620=ORIENTED_EDGE('',*,*,#1184,.T.);
#1621=ORIENTED_EDGE('',*,*,#1185,.T.);
#1622=ORIENTED_EDGE('',*,*,#1186,.F.);
#1623=ORIENTED_EDGE('',*,*,#1185,.F.);
#1624=ORIENTED_EDGE('',*,*,#1187,.F.);
#1625=ORIENTED_EDGE('',*,*,#1171,.F.);
#1626=ORIENTED_EDGE('',*,*,#1173,.F.);
#1627=ORIENTED_EDGE('',*,*,#1188,.F.);
#1628=ORIENTED_EDGE('',*,*,#1184,.F.);
#1629=ORIENTED_EDGE('',*,*,#1189,.F.);
#1630=ORIENTED_EDGE('',*,*,#1190,.T.);
#1631=ORIENTED_EDGE('',*,*,#1191,.T.);
#1632=ORIENTED_EDGE('',*,*,#1192,.T.);
#1633=ORIENTED_EDGE('',*,*,#1193,.F.);
#1634=ORIENTED_EDGE('',*,*,#1192,.F.);
#1635=ORIENTED_EDGE('',*,*,#1194,.F.);
#1636=ORIENTED_EDGE('',*,*,#1169,.F.);
#1637=ORIENTED_EDGE('',*,*,#1183,.F.);
#1638=ORIENTED_EDGE('',*,*,#1195,.F.);
#1639=ORIENTED_EDGE('',*,*,#1191,.F.);
#1640=ORIENTED_EDGE('',*,*,#1196,.F.);
#1641=ORIENTED_EDGE('',*,*,#1190,.F.);
#1642=ORIENTED_EDGE('',*,*,#1197,.F.);
#1643=ORIENTED_EDGE('',*,*,#1179,.F.);
#1644=ORIENTED_EDGE('',*,*,#1198,.F.);
#1645=ORIENTED_EDGE('',*,*,#1178,.F.);
#1646=ORIENTED_EDGE('',*,*,#1199,.F.);
#1647=ORIENTED_EDGE('',*,*,#1174,.F.);
#1648=ORIENTED_EDGE('',*,*,#1200,.F.);
#1649=ORIENTED_EDGE('',*,*,#1176,.T.);
#1650=ORIENTED_EDGE('',*,*,#1172,.F.);
#1651=ORIENTED_EDGE('',*,*,#1187,.T.);
#1652=ORIENTED_EDGE('',*,*,#1188,.T.);
#1653=ORIENTED_EDGE('',*,*,#1186,.T.);
#1654=ORIENTED_EDGE('',*,*,#1170,.F.);
#1655=ORIENTED_EDGE('',*,*,#1194,.T.);
#1656=ORIENTED_EDGE('',*,*,#1195,.T.);
#1657=ORIENTED_EDGE('',*,*,#1189,.T.);
#1658=ORIENTED_EDGE('',*,*,#1196,.T.);
#1659=ORIENTED_EDGE('',*,*,#1198,.T.);
#1660=ORIENTED_EDGE('',*,*,#1200,.T.);
#1661=ORIENTED_EDGE('',*,*,#1177,.T.);
#1662=ORIENTED_EDGE('',*,*,#1199,.T.);
#1663=ORIENTED_EDGE('',*,*,#1181,.T.);
#1664=ORIENTED_EDGE('',*,*,#1166,.F.);
#1665=ORIENTED_EDGE('',*,*,#1182,.T.);
#1666=ORIENTED_EDGE('',*,*,#1197,.T.);
#1667=ORIENTED_EDGE('',*,*,#1193,.T.);
#1668=ORIENTED_EDGE('',*,*,#1168,.F.);
#1669=ORIENTED_EDGE('',*,*,#1201,.T.);
#1670=ORIENTED_EDGE('',*,*,#1202,.T.);
#1671=ORIENTED_EDGE('',*,*,#1203,.T.);
#1672=ORIENTED_EDGE('',*,*,#1204,.T.);
#1673=ORIENTED_EDGE('',*,*,#1205,.T.);
#1674=ORIENTED_EDGE('',*,*,#1206,.T.);
#1675=ORIENTED_EDGE('',*,*,#1207,.T.);
#1676=ORIENTED_EDGE('',*,*,#1208,.T.);
#1677=ORIENTED_EDGE('',*,*,#1209,.T.);
#1678=ORIENTED_EDGE('',*,*,#1210,.T.);
#1679=ORIENTED_EDGE('',*,*,#1211,.T.);
#1680=ORIENTED_EDGE('',*,*,#1212,.F.);
#1681=ORIENTED_EDGE('',*,*,#1211,.F.);
#1682=ORIENTED_EDGE('',*,*,#1213,.F.);
#1683=ORIENTED_EDGE('',*,*,#1201,.F.);
#1684=ORIENTED_EDGE('',*,*,#1214,.T.);
#1685=ORIENTED_EDGE('',*,*,#1215,.T.);
#1686=ORIENTED_EDGE('',*,*,#1216,.T.);
#1687=ORIENTED_EDGE('',*,*,#1217,.F.);
#1688=ORIENTED_EDGE('',*,*,#1216,.F.);
#1689=ORIENTED_EDGE('',*,*,#1218,.F.);
#1690=ORIENTED_EDGE('',*,*,#1207,.F.);
#1691=ORIENTED_EDGE('',*,*,#1209,.F.);
#1692=ORIENTED_EDGE('',*,*,#1219,.F.);
#1693=ORIENTED_EDGE('',*,*,#1215,.F.);
#1694=ORIENTED_EDGE('',*,*,#1220,.F.);
#1695=ORIENTED_EDGE('',*,*,#1221,.T.);
#1696=ORIENTED_EDGE('',*,*,#1222,.T.);
#1697=ORIENTED_EDGE('',*,*,#1223,.T.);
#1698=ORIENTED_EDGE('',*,*,#1224,.F.);
#1699=ORIENTED_EDGE('',*,*,#1223,.F.);
#1700=ORIENTED_EDGE('',*,*,#1225,.F.);
#1701=ORIENTED_EDGE('',*,*,#1203,.F.);
#1702=ORIENTED_EDGE('',*,*,#1226,.T.);
#1703=ORIENTED_EDGE('',*,*,#1227,.T.);
#1704=ORIENTED_EDGE('',*,*,#1228,.T.);
#1705=ORIENTED_EDGE('',*,*,#1229,.F.);
#1706=ORIENTED_EDGE('',*,*,#1228,.F.);
#1707=ORIENTED_EDGE('',*,*,#1230,.F.);
#1708=ORIENTED_EDGE('',*,*,#1205,.F.);
#1709=ORIENTED_EDGE('',*,*,#1214,.F.);
#1710=ORIENTED_EDGE('',*,*,#1231,.F.);
#1711=ORIENTED_EDGE('',*,*,#1227,.F.);
#1712=ORIENTED_EDGE('',*,*,#1232,.F.);
#1713=ORIENTED_EDGE('',*,*,#1226,.F.);
#1714=ORIENTED_EDGE('',*,*,#1233,.F.);
#1715=ORIENTED_EDGE('',*,*,#1222,.F.);
#1716=ORIENTED_EDGE('',*,*,#1234,.F.);
#1717=ORIENTED_EDGE('',*,*,#1221,.F.);
#1718=ORIENTED_EDGE('',*,*,#1235,.F.);
#1719=ORIENTED_EDGE('',*,*,#1210,.F.);
#1720=ORIENTED_EDGE('',*,*,#1236,.F.);
#1721=ORIENTED_EDGE('',*,*,#1212,.T.);
#1722=ORIENTED_EDGE('',*,*,#1208,.F.);
#1723=ORIENTED_EDGE('',*,*,#1218,.T.);
#1724=ORIENTED_EDGE('',*,*,#1219,.T.);
#1725=ORIENTED_EDGE('',*,*,#1217,.T.);
#1726=ORIENTED_EDGE('',*,*,#1206,.F.);
#1727=ORIENTED_EDGE('',*,*,#1230,.T.);
#1728=ORIENTED_EDGE('',*,*,#1231,.T.);
#1729=ORIENTED_EDGE('',*,*,#1220,.T.);
#1730=ORIENTED_EDGE('',*,*,#1232,.T.);
#1731=ORIENTED_EDGE('',*,*,#1234,.T.);
#1732=ORIENTED_EDGE('',*,*,#1236,.T.);
#1733=ORIENTED_EDGE('',*,*,#1225,.T.);
#1734=ORIENTED_EDGE('',*,*,#1233,.T.);
#1735=ORIENTED_EDGE('',*,*,#1229,.T.);
#1736=ORIENTED_EDGE('',*,*,#1204,.F.);
#1737=ORIENTED_EDGE('',*,*,#1213,.T.);
#1738=ORIENTED_EDGE('',*,*,#1235,.T.);
#1739=ORIENTED_EDGE('',*,*,#1224,.T.);
#1740=ORIENTED_EDGE('',*,*,#1202,.F.);
#1741=ORIENTED_EDGE('',*,*,#1237,.T.);
#1742=ORIENTED_EDGE('',*,*,#1238,.T.);
#1743=ORIENTED_EDGE('',*,*,#1239,.T.);
#1744=ORIENTED_EDGE('',*,*,#1240,.T.);
#1745=ORIENTED_EDGE('',*,*,#1241,.T.);
#1746=ORIENTED_EDGE('',*,*,#1242,.T.);
#1747=ORIENTED_EDGE('',*,*,#1243,.T.);
#1748=ORIENTED_EDGE('',*,*,#1244,.T.);
#1749=ORIENTED_EDGE('',*,*,#1245,.T.);
#1750=ORIENTED_EDGE('',*,*,#1246,.T.);
#1751=ORIENTED_EDGE('',*,*,#1247,.T.);
#1752=ORIENTED_EDGE('',*,*,#1248,.F.);
#1753=ORIENTED_EDGE('',*,*,#1247,.F.);
#1754=ORIENTED_EDGE('',*,*,#1249,.T.);
#1755=ORIENTED_EDGE('',*,*,#1237,.F.);
#1756=ORIENTED_EDGE('',*,*,#1250,.T.);
#1757=ORIENTED_EDGE('',*,*,#1251,.T.);
#1758=ORIENTED_EDGE('',*,*,#1252,.T.);
#1759=ORIENTED_EDGE('',*,*,#1253,.F.);
#1760=ORIENTED_EDGE('',*,*,#1252,.F.);
#1761=ORIENTED_EDGE('',*,*,#1254,.F.);
#1762=ORIENTED_EDGE('',*,*,#1239,.F.);
#1763=ORIENTED_EDGE('',*,*,#1255,.T.);
#1764=ORIENTED_EDGE('',*,*,#1256,.T.);
#1765=ORIENTED_EDGE('',*,*,#1257,.T.);
#1766=ORIENTED_EDGE('',*,*,#1258,.F.);
#1767=ORIENTED_EDGE('',*,*,#1257,.F.);
#1768=ORIENTED_EDGE('',*,*,#1259,.F.);
#1769=ORIENTED_EDGE('',*,*,#1243,.F.);
#1770=ORIENTED_EDGE('',*,*,#1245,.F.);
#1771=ORIENTED_EDGE('',*,*,#1260,.F.);
#1772=ORIENTED_EDGE('',*,*,#1256,.F.);
#1773=ORIENTED_EDGE('',*,*,#1261,.F.);
#1774=ORIENTED_EDGE('',*,*,#1262,.T.);
#1775=ORIENTED_EDGE('',*,*,#1263,.T.);
#1776=ORIENTED_EDGE('',*,*,#1264,.T.);
#1777=ORIENTED_EDGE('',*,*,#1265,.F.);
#1778=ORIENTED_EDGE('',*,*,#1264,.F.);
#1779=ORIENTED_EDGE('',*,*,#1266,.F.);
#1780=ORIENTED_EDGE('',*,*,#1241,.F.);
#1781=ORIENTED_EDGE('',*,*,#1255,.F.);
#1782=ORIENTED_EDGE('',*,*,#1267,.F.);
#1783=ORIENTED_EDGE('',*,*,#1263,.F.);
#1784=ORIENTED_EDGE('',*,*,#1268,.F.);
#1785=ORIENTED_EDGE('',*,*,#1262,.F.);
#1786=ORIENTED_EDGE('',*,*,#1269,.F.);
#1787=ORIENTED_EDGE('',*,*,#1251,.F.);
#1788=ORIENTED_EDGE('',*,*,#1270,.F.);
#1789=ORIENTED_EDGE('',*,*,#1250,.F.);
#1790=ORIENTED_EDGE('',*,*,#1271,.F.);
#1791=ORIENTED_EDGE('',*,*,#1246,.F.);
#1792=ORIENTED_EDGE('',*,*,#1272,.F.);
#1793=ORIENTED_EDGE('',*,*,#1248,.T.);
#1794=ORIENTED_EDGE('',*,*,#1244,.F.);
#1795=ORIENTED_EDGE('',*,*,#1259,.T.);
#1796=ORIENTED_EDGE('',*,*,#1260,.T.);
#1797=ORIENTED_EDGE('',*,*,#1258,.T.);
#1798=ORIENTED_EDGE('',*,*,#1242,.F.);
#1799=ORIENTED_EDGE('',*,*,#1266,.T.);
#1800=ORIENTED_EDGE('',*,*,#1267,.T.);
#1801=ORIENTED_EDGE('',*,*,#1261,.T.);
#1802=ORIENTED_EDGE('',*,*,#1268,.T.);
#1803=ORIENTED_EDGE('',*,*,#1270,.T.);
#1804=ORIENTED_EDGE('',*,*,#1272,.T.);
#1805=ORIENTED_EDGE('',*,*,#1254,.T.);
#1806=ORIENTED_EDGE('',*,*,#1269,.T.);
#1807=ORIENTED_EDGE('',*,*,#1265,.T.);
#1808=ORIENTED_EDGE('',*,*,#1240,.F.);
#1809=ORIENTED_EDGE('',*,*,#1249,.F.);
#1810=ORIENTED_EDGE('',*,*,#1271,.T.);
#1811=ORIENTED_EDGE('',*,*,#1253,.T.);
#1812=ORIENTED_EDGE('',*,*,#1238,.F.);
#1813=ORIENTED_EDGE('',*,*,#1273,.T.);
#1814=ORIENTED_EDGE('',*,*,#1274,.T.);
#1815=ORIENTED_EDGE('',*,*,#1275,.T.);
#1816=ORIENTED_EDGE('',*,*,#1276,.T.);
#1817=ORIENTED_EDGE('',*,*,#1277,.T.);
#1818=ORIENTED_EDGE('',*,*,#1278,.T.);
#1819=ORIENTED_EDGE('',*,*,#1279,.T.);
#1820=ORIENTED_EDGE('',*,*,#1280,.T.);
#1821=ORIENTED_EDGE('',*,*,#1281,.T.);
#1822=ORIENTED_EDGE('',*,*,#1282,.T.);
#1823=ORIENTED_EDGE('',*,*,#1283,.T.);
#1824=ORIENTED_EDGE('',*,*,#1284,.F.);
#1825=ORIENTED_EDGE('',*,*,#1283,.F.);
#1826=ORIENTED_EDGE('',*,*,#1285,.F.);
#1827=ORIENTED_EDGE('',*,*,#1273,.F.);
#1828=ORIENTED_EDGE('',*,*,#1286,.T.);
#1829=ORIENTED_EDGE('',*,*,#1287,.T.);
#1830=ORIENTED_EDGE('',*,*,#1288,.T.);
#1831=ORIENTED_EDGE('',*,*,#1289,.F.);
#1832=ORIENTED_EDGE('',*,*,#1288,.F.);
#1833=ORIENTED_EDGE('',*,*,#1290,.F.);
#1834=ORIENTED_EDGE('',*,*,#1275,.F.);
#1835=ORIENTED_EDGE('',*,*,#1291,.T.);
#1836=ORIENTED_EDGE('',*,*,#1292,.T.);
#1837=ORIENTED_EDGE('',*,*,#1293,.T.);
#1838=ORIENTED_EDGE('',*,*,#1294,.F.);
#1839=ORIENTED_EDGE('',*,*,#1293,.F.);
#1840=ORIENTED_EDGE('',*,*,#1295,.F.);
#1841=ORIENTED_EDGE('',*,*,#1279,.F.);
#1842=ORIENTED_EDGE('',*,*,#1281,.F.);
#1843=ORIENTED_EDGE('',*,*,#1296,.F.);
#1844=ORIENTED_EDGE('',*,*,#1292,.F.);
#1845=ORIENTED_EDGE('',*,*,#1297,.F.);
#1846=ORIENTED_EDGE('',*,*,#1298,.T.);
#1847=ORIENTED_EDGE('',*,*,#1299,.T.);
#1848=ORIENTED_EDGE('',*,*,#1300,.T.);
#1849=ORIENTED_EDGE('',*,*,#1301,.F.);
#1850=ORIENTED_EDGE('',*,*,#1300,.F.);
#1851=ORIENTED_EDGE('',*,*,#1302,.F.);
#1852=ORIENTED_EDGE('',*,*,#1277,.F.);
#1853=ORIENTED_EDGE('',*,*,#1291,.F.);
#1854=ORIENTED_EDGE('',*,*,#1303,.F.);
#1855=ORIENTED_EDGE('',*,*,#1299,.F.);
#1856=ORIENTED_EDGE('',*,*,#1304,.F.);
#1857=ORIENTED_EDGE('',*,*,#1298,.F.);
#1858=ORIENTED_EDGE('',*,*,#1305,.F.);
#1859=ORIENTED_EDGE('',*,*,#1287,.F.);
#1860=ORIENTED_EDGE('',*,*,#1306,.F.);
#1861=ORIENTED_EDGE('',*,*,#1286,.F.);
#1862=ORIENTED_EDGE('',*,*,#1307,.F.);
#1863=ORIENTED_EDGE('',*,*,#1282,.F.);
#1864=ORIENTED_EDGE('',*,*,#1308,.F.);
#1865=ORIENTED_EDGE('',*,*,#1284,.T.);
#1866=ORIENTED_EDGE('',*,*,#1280,.F.);
#1867=ORIENTED_EDGE('',*,*,#1295,.T.);
#1868=ORIENTED_EDGE('',*,*,#1296,.T.);
#1869=ORIENTED_EDGE('',*,*,#1294,.T.);
#1870=ORIENTED_EDGE('',*,*,#1278,.F.);
#1871=ORIENTED_EDGE('',*,*,#1302,.T.);
#1872=ORIENTED_EDGE('',*,*,#1303,.T.);
#1873=ORIENTED_EDGE('',*,*,#1297,.T.);
#1874=ORIENTED_EDGE('',*,*,#1304,.T.);
#1875=ORIENTED_EDGE('',*,*,#1306,.T.);
#1876=ORIENTED_EDGE('',*,*,#1308,.T.);
#1877=ORIENTED_EDGE('',*,*,#1285,.T.);
#1878=ORIENTED_EDGE('',*,*,#1307,.T.);
#1879=ORIENTED_EDGE('',*,*,#1289,.T.);
#1880=ORIENTED_EDGE('',*,*,#1274,.F.);
#1881=ORIENTED_EDGE('',*,*,#1290,.T.);
#1882=ORIENTED_EDGE('',*,*,#1305,.T.);
#1883=ORIENTED_EDGE('',*,*,#1301,.T.);
#1884=ORIENTED_EDGE('',*,*,#1276,.F.);
#1885=PLANE('',#2098);
#1886=PLANE('',#2127);
#1887=PLANE('',#2128);
#1888=PLANE('',#2129);
#1889=PLANE('',#2130);
#1890=PLANE('',#2131);
#1891=PLANE('',#2132);
#1892=PLANE('',#2161);
#1893=PLANE('',#2162);
#1894=PLANE('',#2163);
#1895=PLANE('',#2164);
#1896=PLANE('',#2165);
#1897=PLANE('',#2166);
#1898=PLANE('',#2195);
#1899=PLANE('',#2196);
#1900=PLANE('',#2197);
#1901=PLANE('',#2198);
#1902=PLANE('',#2199);
#1903=PLANE('',#2200);
#1904=PLANE('',#2229);
#1905=PLANE('',#2230);
#1906=PLANE('',#2231);
#1907=PLANE('',#2232);
#1908=PLANE('',#2233);
#1909=PLANE('',#2234);
#1910=PLANE('',#2263);
#1911=PLANE('',#2264);
#1912=PLANE('',#2265);
#1913=PLANE('',#2266);
#1914=PLANE('',#2267);
#1915=PLANE('',#2268);
#1916=PLANE('',#2297);
#1917=PLANE('',#2298);
#1918=PLANE('',#2299);
#1919=PLANE('',#2300);
#1920=PLANE('',#2301);
#1921=PLANE('',#2302);
#1922=PLANE('',#2331);
#1923=PLANE('',#2332);
#1924=PLANE('',#2333);
#1925=PLANE('',#2334);
#1926=PLANE('',#2335);
#1927=PLANE('',#2336);
#1928=PLANE('',#2365);
#1929=PLANE('',#2366);
#1930=PLANE('',#2367);
#1931=PLANE('',#2368);
#1932=PLANE('',#2369);
#1933=ADVANCED_FACE('',(#125),#1885,.F.);
#1934=ADVANCED_FACE('',(#126),#93,.T.);
#1935=ADVANCED_FACE('',(#127),#29,.T.);
#1936=ADVANCED_FACE('',(#128),#94,.T.);
#1937=ADVANCED_FACE('',(#129),#30,.T.);
#1938=ADVANCED_FACE('',(#130),#95,.T.);
#1939=ADVANCED_FACE('',(#131),#31,.T.);
#1940=ADVANCED_FACE('',(#132),#32,.T.);
#1941=ADVANCED_FACE('',(#133),#96,.T.);
#1942=ADVANCED_FACE('',(#134),#33,.T.);
#1943=ADVANCED_FACE('',(#135),#34,.T.);
#1944=ADVANCED_FACE('',(#136),#35,.T.);
#1945=ADVANCED_FACE('',(#137),#36,.T.);
#1946=ADVANCED_FACE('',(#138),#1886,.T.);
#1947=ADVANCED_FACE('',(#139),#1887,.T.);
#1948=ADVANCED_FACE('',(#140),#1888,.T.);
#1949=ADVANCED_FACE('',(#141),#1889,.T.);
#1950=ADVANCED_FACE('',(#142),#1890,.T.);
#1951=ADVANCED_FACE('',(#143),#1891,.F.);
#1952=ADVANCED_FACE('',(#144),#97,.T.);
#1953=ADVANCED_FACE('',(#145),#37,.T.);
#1954=ADVANCED_FACE('',(#146),#98,.T.);
#1955=ADVANCED_FACE('',(#147),#38,.T.);
#1956=ADVANCED_FACE('',(#148),#39,.T.);
#1957=ADVANCED_FACE('',(#149),#99,.T.);
#1958=ADVANCED_FACE('',(#150),#40,.T.);
#1959=ADVANCED_FACE('',(#151),#100,.T.);
#1960=ADVANCED_FACE('',(#152),#41,.T.);
#1961=ADVANCED_FACE('',(#153),#42,.T.);
#1962=ADVANCED_FACE('',(#154),#43,.T.);
#1963=ADVANCED_FACE('',(#155),#44,.T.);
#1964=ADVANCED_FACE('',(#156),#1892,.T.);
#1965=ADVANCED_FACE('',(#157),#1893,.T.);
#1966=ADVANCED_FACE('',(#158),#1894,.T.);
#1967=ADVANCED_FACE('',(#159),#1895,.T.);
#1968=ADVANCED_FACE('',(#160),#1896,.T.);
#1969=ADVANCED_FACE('',(#161),#1897,.F.);
#1970=ADVANCED_FACE('',(#162),#101,.T.);
#1971=ADVANCED_FACE('',(#163),#45,.T.);
#1972=ADVANCED_FACE('',(#164),#102,.T.);
#1973=ADVANCED_FACE('',(#165),#46,.T.);
#1974=ADVANCED_FACE('',(#166),#103,.T.);
#1975=ADVANCED_FACE('',(#167),#47,.T.);
#1976=ADVANCED_FACE('',(#168),#48,.T.);
#1977=ADVANCED_FACE('',(#169),#104,.T.);
#1978=ADVANCED_FACE('',(#170),#49,.T.);
#1979=ADVANCED_FACE('',(#171),#50,.T.);
#1980=ADVANCED_FACE('',(#172),#51,.T.);
#1981=ADVANCED_FACE('',(#173),#52,.T.);
#1982=ADVANCED_FACE('',(#174),#1898,.T.);
#1983=ADVANCED_FACE('',(#175),#1899,.T.);
#1984=ADVANCED_FACE('',(#176),#1900,.T.);
#1985=ADVANCED_FACE('',(#177),#1901,.T.);
#1986=ADVANCED_FACE('',(#178),#1902,.T.);
#1987=ADVANCED_FACE('',(#179),#1903,.F.);
#1988=ADVANCED_FACE('',(#180),#105,.T.);
#1989=ADVANCED_FACE('',(#181),#53,.T.);
#1990=ADVANCED_FACE('',(#182),#106,.T.);
#1991=ADVANCED_FACE('',(#183),#54,.T.);
#1992=ADVANCED_FACE('',(#184),#107,.T.);
#1993=ADVANCED_FACE('',(#185),#55,.T.);
#1994=ADVANCED_FACE('',(#186),#56,.T.);
#1995=ADVANCED_FACE('',(#187),#108,.T.);
#1996=ADVANCED_FACE('',(#188),#57,.T.);
#1997=ADVANCED_FACE('',(#189),#58,.T.);
#1998=ADVANCED_FACE('',(#190),#59,.T.);
#1999=ADVANCED_FACE('',(#191),#60,.T.);
#2000=ADVANCED_FACE('',(#192),#1904,.T.);
#2001=ADVANCED_FACE('',(#193),#1905,.T.);
#2002=ADVANCED_FACE('',(#194),#1906,.T.);
#2003=ADVANCED_FACE('',(#195),#1907,.T.);
#2004=ADVANCED_FACE('',(#196),#1908,.T.);
#2005=ADVANCED_FACE('',(#197),#1909,.T.);
#2006=ADVANCED_FACE('',(#198),#109,.T.);
#2007=ADVANCED_FACE('',(#199),#61,.T.);
#2008=ADVANCED_FACE('',(#200),#110,.T.);
#2009=ADVANCED_FACE('',(#201),#62,.T.);
#2010=ADVANCED_FACE('',(#202),#111,.T.);
#2011=ADVANCED_FACE('',(#203),#63,.T.);
#2012=ADVANCED_FACE('',(#204),#64,.T.);
#2013=ADVANCED_FACE('',(#205),#112,.T.);
#2014=ADVANCED_FACE('',(#206),#65,.T.);
#2015=ADVANCED_FACE('',(#207),#66,.T.);
#2016=ADVANCED_FACE('',(#208),#67,.T.);
#2017=ADVANCED_FACE('',(#209),#68,.T.);
#2018=ADVANCED_FACE('',(#210),#1910,.F.);
#2019=ADVANCED_FACE('',(#211),#1911,.F.);
#2020=ADVANCED_FACE('',(#212),#1912,.F.);
#2021=ADVANCED_FACE('',(#213),#1913,.F.);
#2022=ADVANCED_FACE('',(#214),#1914,.F.);
#2023=ADVANCED_FACE('',(#215),#1915,.T.);
#2024=ADVANCED_FACE('',(#216),#113,.T.);
#2025=ADVANCED_FACE('',(#217),#69,.T.);
#2026=ADVANCED_FACE('',(#218),#114,.T.);
#2027=ADVANCED_FACE('',(#219),#70,.T.);
#2028=ADVANCED_FACE('',(#220),#71,.T.);
#2029=ADVANCED_FACE('',(#221),#115,.T.);
#2030=ADVANCED_FACE('',(#222),#72,.T.);
#2031=ADVANCED_FACE('',(#223),#116,.T.);
#2032=ADVANCED_FACE('',(#224),#73,.T.);
#2033=ADVANCED_FACE('',(#225),#74,.T.);
#2034=ADVANCED_FACE('',(#226),#75,.T.);
#2035=ADVANCED_FACE('',(#227),#76,.T.);
#2036=ADVANCED_FACE('',(#228),#1916,.F.);
#2037=ADVANCED_FACE('',(#229),#1917,.F.);
#2038=ADVANCED_FACE('',(#230),#1918,.F.);
#2039=ADVANCED_FACE('',(#231),#1919,.F.);
#2040=ADVANCED_FACE('',(#232),#1920,.F.);
#2041=ADVANCED_FACE('',(#233),#1921,.T.);
#2042=ADVANCED_FACE('',(#234),#117,.T.);
#2043=ADVANCED_FACE('',(#235),#77,.T.);
#2044=ADVANCED_FACE('',(#236),#118,.T.);
#2045=ADVANCED_FACE('',(#237),#78,.T.);
#2046=ADVANCED_FACE('',(#238),#119,.T.);
#2047=ADVANCED_FACE('',(#239),#79,.T.);
#2048=ADVANCED_FACE('',(#240),#80,.T.);
#2049=ADVANCED_FACE('',(#241),#120,.T.);
#2050=ADVANCED_FACE('',(#242),#81,.T.);
#2051=ADVANCED_FACE('',(#243),#82,.T.);
#2052=ADVANCED_FACE('',(#244),#83,.T.);
#2053=ADVANCED_FACE('',(#245),#84,.T.);
#2054=ADVANCED_FACE('',(#246),#1922,.F.);
#2055=ADVANCED_FACE('',(#247),#1923,.F.);
#2056=ADVANCED_FACE('',(#248),#1924,.F.);
#2057=ADVANCED_FACE('',(#249),#1925,.F.);
#2058=ADVANCED_FACE('',(#250),#1926,.F.);
#2059=ADVANCED_FACE('',(#251),#1927,.T.);
#2060=ADVANCED_FACE('',(#252),#121,.T.);
#2061=ADVANCED_FACE('',(#253),#85,.T.);
#2062=ADVANCED_FACE('',(#254),#122,.T.);
#2063=ADVANCED_FACE('',(#255),#86,.T.);
#2064=ADVANCED_FACE('',(#256),#123,.T.);
#2065=ADVANCED_FACE('',(#257),#87,.T.);
#2066=ADVANCED_FACE('',(#258),#88,.T.);
#2067=ADVANCED_FACE('',(#259),#124,.T.);
#2068=ADVANCED_FACE('',(#260),#89,.T.);
#2069=ADVANCED_FACE('',(#261),#90,.T.);
#2070=ADVANCED_FACE('',(#262),#91,.T.);
#2071=ADVANCED_FACE('',(#263),#92,.T.);
#2072=ADVANCED_FACE('',(#264),#1928,.F.);
#2073=ADVANCED_FACE('',(#265),#1929,.F.);
#2074=ADVANCED_FACE('',(#266),#1930,.F.);
#2075=ADVANCED_FACE('',(#267),#1931,.F.);
#2076=ADVANCED_FACE('',(#268),#1932,.F.);
#2077=CLOSED_SHELL('',(#1933,#1934,#1935,#1936,#1937,#1938,#1939,#1940,
#1941,#1942,#1943,#1944,#1945,#1946,#1947,#1948,#1949,#1950));
#2078=CLOSED_SHELL('',(#1951,#1952,#1953,#1954,#1955,#1956,#1957,#1958,
#1959,#1960,#1961,#1962,#1963,#1964,#1965,#1966,#1967,#1968));
#2079=CLOSED_SHELL('',(#1969,#1970,#1971,#1972,#1973,#1974,#1975,#1976,
#1977,#1978,#1979,#1980,#1981,#1982,#1983,#1984,#1985,#1986));
#2080=CLOSED_SHELL('',(#1987,#1988,#1989,#1990,#1991,#1992,#1993,#1994,
#1995,#1996,#1997,#1998,#1999,#2000,#2001,#2002,#2003,#2004));
#2081=CLOSED_SHELL('',(#2005,#2006,#2007,#2008,#2009,#2010,#2011,#2012,
#2013,#2014,#2015,#2016,#2017,#2018,#2019,#2020,#2021,#2022));
#2082=CLOSED_SHELL('',(#2023,#2024,#2025,#2026,#2027,#2028,#2029,#2030,
#2031,#2032,#2033,#2034,#2035,#2036,#2037,#2038,#2039,#2040));
#2083=CLOSED_SHELL('',(#2041,#2042,#2043,#2044,#2045,#2046,#2047,#2048,
#2049,#2050,#2051,#2052,#2053,#2054,#2055,#2056,#2057,#2058));
#2084=CLOSED_SHELL('',(#2059,#2060,#2061,#2062,#2063,#2064,#2065,#2066,
#2067,#2068,#2069,#2070,#2071,#2072,#2073,#2074,#2075,#2076));
#2085=DERIVED_UNIT_ELEMENT(#2087,1.);
#2086=DERIVED_UNIT_ELEMENT(#3674,-3.);
#2087=(
MASS_UNIT()
NAMED_UNIT(*)
SI_UNIT(.KILO.,.GRAM.)
);
#2088=DERIVED_UNIT((#2085,#2086));
#2089=MEASURE_REPRESENTATION_ITEM('density measure',
POSITIVE_RATIO_MEASURE(1060.),#2088);
#2090=PROPERTY_DEFINITION_REPRESENTATION(#2095,#2092);
#2091=PROPERTY_DEFINITION_REPRESENTATION(#2096,#2093);
#2092=REPRESENTATION('material name',(#2094),#3671);
#2093=REPRESENTATION('density',(#2089),#3671);
#2094=DESCRIPTIVE_REPRESENTATION_ITEM('Plastique ABS','Plastique ABS');
#2095=PROPERTY_DEFINITION('material property','material name',#3681);
#2096=PROPERTY_DEFINITION('material property','density of part',#3681);
#2097=AXIS2_PLACEMENT_3D('',#3076,#2370,#2371);
#2098=AXIS2_PLACEMENT_3D('',#3077,#2372,#2373);
#2099=AXIS2_PLACEMENT_3D('',#3080,#2374,#2375);
#2100=AXIS2_PLACEMENT_3D('',#3084,#2377,#2378);
#2101=AXIS2_PLACEMENT_3D('',#3088,#2380,#2381);
#2102=AXIS2_PLACEMENT_3D('',#3092,#2383,#2384);
#2103=AXIS2_PLACEMENT_3D('',#3094,#2386,#2387);
#2104=AXIS2_PLACEMENT_3D('',#3097,#2388,#2389);
#2105=AXIS2_PLACEMENT_3D('',#3099,#2390,#2391);
#2106=AXIS2_PLACEMENT_3D('',#3100,#2392,#2393);
#2107=AXIS2_PLACEMENT_3D('',#3101,#2394,#2395);
#2108=AXIS2_PLACEMENT_3D('',#3104,#2398,#2399);
#2109=AXIS2_PLACEMENT_3D('',#3107,#2400,#2401);
#2110=AXIS2_PLACEMENT_3D('',#3109,#2402,#2403);
#2111=AXIS2_PLACEMENT_3D('',#3110,#2404,#2405);
#2112=AXIS2_PLACEMENT_3D('',#3111,#2406,#2407);
#2113=AXIS2_PLACEMENT_3D('',#3114,#2410,#2411);
#2114=AXIS2_PLACEMENT_3D('',#3117,#2412,#2413);
#2115=AXIS2_PLACEMENT_3D('',#3119,#2414,#2415);
#2116=AXIS2_PLACEMENT_3D('',#3120,#2416,#2417);
#2117=AXIS2_PLACEMENT_3D('',#3121,#2418,#2419);
#2118=AXIS2_PLACEMENT_3D('',#3124,#2422,#2423);
#2119=AXIS2_PLACEMENT_3D('',#3127,#2426,#2427);
#2120=AXIS2_PLACEMENT_3D('',#3130,#2428,#2429);
#2121=AXIS2_PLACEMENT_3D('',#3132,#2430,#2431);
#2122=AXIS2_PLACEMENT_3D('',#3133,#2432,#2433);
#2123=AXIS2_PLACEMENT_3D('',#3134,#2434,#2435);
#2124=AXIS2_PLACEMENT_3D('',#3137,#2438,#2439);
#2125=AXIS2_PLACEMENT_3D('',#3140,#2442,#2443);
#2126=AXIS2_PLACEMENT_3D('',#3143,#2446,#2447);
#2127=AXIS2_PLACEMENT_3D('',#3146,#2450,#2451);
#2128=AXIS2_PLACEMENT_3D('',#3147,#2452,#2453);
#2129=AXIS2_PLACEMENT_3D('',#3148,#2454,#2455);
#2130=AXIS2_PLACEMENT_3D('',#3149,#2456,#2457);
#2131=AXIS2_PLACEMENT_3D('',#3150,#2458,#2459);
#2132=AXIS2_PLACEMENT_3D('',#3151,#2460,#2461);
#2133=AXIS2_PLACEMENT_3D('',#3154,#2462,#2463);
#2134=AXIS2_PLACEMENT_3D('',#3158,#2465,#2466);
#2135=AXIS2_PLACEMENT_3D('',#3162,#2468,#2469);
#2136=AXIS2_PLACEMENT_3D('',#3166,#2471,#2472);
#2137=AXIS2_PLACEMENT_3D('',#3168,#2474,#2475);
#2138=AXIS2_PLACEMENT_3D('',#3171,#2476,#2477);
#2139=AXIS2_PLACEMENT_3D('',#3173,#2478,#2479);
#2140=AXIS2_PLACEMENT_3D('',#3174,#2480,#2481);
#2141=AXIS2_PLACEMENT_3D('',#3175,#2482,#2483);
#2142=AXIS2_PLACEMENT_3D('',#3178,#2486,#2487);
#2143=AXIS2_PLACEMENT_3D('',#3181,#2488,#2489);
#2144=AXIS2_PLACEMENT_3D('',#3183,#2490,#2491);
#2145=AXIS2_PLACEMENT_3D('',#3184,#2492,#2493);
#2146=AXIS2_PLACEMENT_3D('',#3185,#2494,#2495);
#2147=AXIS2_PLACEMENT_3D('',#3188,#2498,#2499);
#2148=AXIS2_PLACEMENT_3D('',#3191,#2502,#2503);
#2149=AXIS2_PLACEMENT_3D('',#3194,#2504,#2505);
#2150=AXIS2_PLACEMENT_3D('',#3196,#2506,#2507);
#2151=AXIS2_PLACEMENT_3D('',#3197,#2508,#2509);
#2152=AXIS2_PLACEMENT_3D('',#3198,#2510,#2511);
#2153=AXIS2_PLACEMENT_3D('',#3201,#2514,#2515);
#2154=AXIS2_PLACEMENT_3D('',#3204,#2516,#2517);
#2155=AXIS2_PLACEMENT_3D('',#3206,#2518,#2519);
#2156=AXIS2_PLACEMENT_3D('',#3207,#2520,#2521);
#2157=AXIS2_PLACEMENT_3D('',#3208,#2522,#2523);
#2158=AXIS2_PLACEMENT_3D('',#3211,#2526,#2527);
#2159=AXIS2_PLACEMENT_3D('',#3214,#2530,#2531);
#2160=AXIS2_PLACEMENT_3D('',#3217,#2534,#2535);
#2161=AXIS2_PLACEMENT_3D('',#3220,#2538,#2539);
#2162=AXIS2_PLACEMENT_3D('',#3221,#2540,#2541);
#2163=AXIS2_PLACEMENT_3D('',#3222,#2542,#2543);
#2164=AXIS2_PLACEMENT_3D('',#3223,#2544,#2545);
#2165=AXIS2_PLACEMENT_3D('',#3224,#2546,#2547);
#2166=AXIS2_PLACEMENT_3D('',#3225,#2548,#2549);
#2167=AXIS2_PLACEMENT_3D('',#3228,#2550,#2551);
#2168=AXIS2_PLACEMENT_3D('',#3232,#2553,#2554);
#2169=AXIS2_PLACEMENT_3D('',#3236,#2556,#2557);
#2170=AXIS2_PLACEMENT_3D('',#3240,#2559,#2560);
#2171=AXIS2_PLACEMENT_3D('',#3242,#2562,#2563);
#2172=AXIS2_PLACEMENT_3D('',#3245,#2564,#2565);
#2173=AXIS2_PLACEMENT_3D('',#3247,#2566,#2567);
#2174=AXIS2_PLACEMENT_3D('',#3248,#2568,#2569);
#2175=AXIS2_PLACEMENT_3D('',#3249,#2570,#2571);
#2176=AXIS2_PLACEMENT_3D('',#3252,#2574,#2575);
#2177=AXIS2_PLACEMENT_3D('',#3255,#2576,#2577);
#2178=AXIS2_PLACEMENT_3D('',#3257,#2578,#2579);
#2179=AXIS2_PLACEMENT_3D('',#3258,#2580,#2581);
#2180=AXIS2_PLACEMENT_3D('',#3259,#2582,#2583);
#2181=AXIS2_PLACEMENT_3D('',#3262,#2586,#2587);
#2182=AXIS2_PLACEMENT_3D('',#3265,#2588,#2589);
#2183=AXIS2_PLACEMENT_3D('',#3267,#2590,#2591);
#2184=AXIS2_PLACEMENT_3D('',#3268,#2592,#2593);
#2185=AXIS2_PLACEMENT_3D('',#3269,#2594,#2595);
#2186=AXIS2_PLACEMENT_3D('',#3272,#2598,#2599);
#2187=AXIS2_PLACEMENT_3D('',#3275,#2602,#2603);
#2188=AXIS2_PLACEMENT_3D('',#3278,#2604,#2605);
#2189=AXIS2_PLACEMENT_3D('',#3280,#2606,#2607);
#2190=AXIS2_PLACEMENT_3D('',#3281,#2608,#2609);
#2191=AXIS2_PLACEMENT_3D('',#3282,#2610,#2611);
#2192=AXIS2_PLACEMENT_3D('',#3285,#2614,#2615);
#2193=AXIS2_PLACEMENT_3D('',#3288,#2618,#2619);
#2194=AXIS2_PLACEMENT_3D('',#3291,#2622,#2623);
#2195=AXIS2_PLACEMENT_3D('',#3294,#2626,#2627);
#2196=AXIS2_PLACEMENT_3D('',#3295,#2628,#2629);
#2197=AXIS2_PLACEMENT_3D('',#3296,#2630,#2631);
#2198=AXIS2_PLACEMENT_3D('',#3297,#2632,#2633);
#2199=AXIS2_PLACEMENT_3D('',#3298,#2634,#2635);
#2200=AXIS2_PLACEMENT_3D('',#3299,#2636,#2637);
#2201=AXIS2_PLACEMENT_3D('',#3302,#2638,#2639);
#2202=AXIS2_PLACEMENT_3D('',#3306,#2641,#2642);
#2203=AXIS2_PLACEMENT_3D('',#3310,#2644,#2645);
#2204=AXIS2_PLACEMENT_3D('',#3314,#2647,#2648);
#2205=AXIS2_PLACEMENT_3D('',#3316,#2650,#2651);
#2206=AXIS2_PLACEMENT_3D('',#3319,#2652,#2653);
#2207=AXIS2_PLACEMENT_3D('',#3321,#2654,#2655);
#2208=AXIS2_PLACEMENT_3D('',#3322,#2656,#2657);
#2209=AXIS2_PLACEMENT_3D('',#3323,#2658,#2659);
#2210=AXIS2_PLACEMENT_3D('',#3326,#2662,#2663);
#2211=AXIS2_PLACEMENT_3D('',#3329,#2664,#2665);
#2212=AXIS2_PLACEMENT_3D('',#3331,#2666,#2667);
#2213=AXIS2_PLACEMENT_3D('',#3332,#2668,#2669);
#2214=AXIS2_PLACEMENT_3D('',#3333,#2670,#2671);
#2215=AXIS2_PLACEMENT_3D('',#3336,#2674,#2675);
#2216=AXIS2_PLACEMENT_3D('',#3339,#2676,#2677);
#2217=AXIS2_PLACEMENT_3D('',#3341,#2678,#2679);
#2218=AXIS2_PLACEMENT_3D('',#3342,#2680,#2681);
#2219=AXIS2_PLACEMENT_3D('',#3343,#2682,#2683);
#2220=AXIS2_PLACEMENT_3D('',#3346,#2686,#2687);
#2221=AXIS2_PLACEMENT_3D('',#3349,#2690,#2691);
#2222=AXIS2_PLACEMENT_3D('',#3352,#2692,#2693);
#2223=AXIS2_PLACEMENT_3D('',#3354,#2694,#2695);
#2224=AXIS2_PLACEMENT_3D('',#3355,#2696,#2697);
#2225=AXIS2_PLACEMENT_3D('',#3356,#2698,#2699);
#2226=AXIS2_PLACEMENT_3D('',#3359,#2702,#2703);
#2227=AXIS2_PLACEMENT_3D('',#3362,#2706,#2707);
#2228=AXIS2_PLACEMENT_3D('',#3365,#2710,#2711);
#2229=AXIS2_PLACEMENT_3D('',#3368,#2714,#2715);
#2230=AXIS2_PLACEMENT_3D('',#3369,#2716,#2717);
#2231=AXIS2_PLACEMENT_3D('',#3370,#2718,#2719);
#2232=AXIS2_PLACEMENT_3D('',#3371,#2720,#2721);
#2233=AXIS2_PLACEMENT_3D('',#3372,#2722,#2723);
#2234=AXIS2_PLACEMENT_3D('',#3373,#2724,#2725);
#2235=AXIS2_PLACEMENT_3D('',#3376,#2726,#2727);
#2236=AXIS2_PLACEMENT_3D('',#3380,#2729,#2730);
#2237=AXIS2_PLACEMENT_3D('',#3384,#2732,#2733);
#2238=AXIS2_PLACEMENT_3D('',#3388,#2735,#2736);
#2239=AXIS2_PLACEMENT_3D('',#3390,#2738,#2739);
#2240=AXIS2_PLACEMENT_3D('',#3393,#2740,#2741);
#2241=AXIS2_PLACEMENT_3D('',#3395,#2742,#2743);
#2242=AXIS2_PLACEMENT_3D('',#3396,#2744,#2745);
#2243=AXIS2_PLACEMENT_3D('',#3397,#2746,#2747);
#2244=AXIS2_PLACEMENT_3D('',#3400,#2750,#2751);
#2245=AXIS2_PLACEMENT_3D('',#3403,#2752,#2753);
#2246=AXIS2_PLACEMENT_3D('',#3405,#2754,#2755);
#2247=AXIS2_PLACEMENT_3D('',#3406,#2756,#2757);
#2248=AXIS2_PLACEMENT_3D('',#3407,#2758,#2759);
#2249=AXIS2_PLACEMENT_3D('',#3410,#2762,#2763);
#2250=AXIS2_PLACEMENT_3D('',#3413,#2764,#2765);
#2251=AXIS2_PLACEMENT_3D('',#3415,#2766,#2767);
#2252=AXIS2_PLACEMENT_3D('',#3416,#2768,#2769);
#2253=AXIS2_PLACEMENT_3D('',#3417,#2770,#2771);
#2254=AXIS2_PLACEMENT_3D('',#3420,#2774,#2775);
#2255=AXIS2_PLACEMENT_3D('',#3423,#2778,#2779);
#2256=AXIS2_PLACEMENT_3D('',#3426,#2780,#2781);
#2257=AXIS2_PLACEMENT_3D('',#3428,#2782,#2783);
#2258=AXIS2_PLACEMENT_3D('',#3429,#2784,#2785);
#2259=AXIS2_PLACEMENT_3D('',#3430,#2786,#2787);
#2260=AXIS2_PLACEMENT_3D('',#3433,#2790,#2791);
#2261=AXIS2_PLACEMENT_3D('',#3436,#2794,#2795);
#2262=AXIS2_PLACEMENT_3D('',#3439,#2798,#2799);
#2263=AXIS2_PLACEMENT_3D('',#3442,#2802,#2803);
#2264=AXIS2_PLACEMENT_3D('',#3443,#2804,#2805);
#2265=AXIS2_PLACEMENT_3D('',#3444,#2806,#2807);
#2266=AXIS2_PLACEMENT_3D('',#3445,#2808,#2809);
#2267=AXIS2_PLACEMENT_3D('',#3446,#2810,#2811);
#2268=AXIS2_PLACEMENT_3D('',#3447,#2812,#2813);
#2269=AXIS2_PLACEMENT_3D('',#3450,#2814,#2815);
#2270=AXIS2_PLACEMENT_3D('',#3454,#2817,#2818);
#2271=AXIS2_PLACEMENT_3D('',#3458,#2820,#2821);
#2272=AXIS2_PLACEMENT_3D('',#3462,#2823,#2824);
#2273=AXIS2_PLACEMENT_3D('',#3464,#2826,#2827);
#2274=AXIS2_PLACEMENT_3D('',#3467,#2828,#2829);
#2275=AXIS2_PLACEMENT_3D('',#3469,#2830,#2831);
#2276=AXIS2_PLACEMENT_3D('',#3470,#2832,#2833);
#2277=AXIS2_PLACEMENT_3D('',#3471,#2834,#2835);
#2278=AXIS2_PLACEMENT_3D('',#3474,#2838,#2839);
#2279=AXIS2_PLACEMENT_3D('',#3477,#2840,#2841);
#2280=AXIS2_PLACEMENT_3D('',#3479,#2842,#2843);
#2281=AXIS2_PLACEMENT_3D('',#3480,#2844,#2845);
#2282=AXIS2_PLACEMENT_3D('',#3481,#2846,#2847);
#2283=AXIS2_PLACEMENT_3D('',#3484,#2850,#2851);
#2284=AXIS2_PLACEMENT_3D('',#3487,#2854,#2855);
#2285=AXIS2_PLACEMENT_3D('',#3490,#2856,#2857);
#2286=AXIS2_PLACEMENT_3D('',#3492,#2858,#2859);
#2287=AXIS2_PLACEMENT_3D('',#3493,#2860,#2861);
#2288=AXIS2_PLACEMENT_3D('',#3494,#2862,#2863);
#2289=AXIS2_PLACEMENT_3D('',#3497,#2866,#2867);
#2290=AXIS2_PLACEMENT_3D('',#3500,#2868,#2869);
#2291=AXIS2_PLACEMENT_3D('',#3502,#2870,#2871);
#2292=AXIS2_PLACEMENT_3D('',#3503,#2872,#2873);
#2293=AXIS2_PLACEMENT_3D('',#3504,#2874,#2875);
#2294=AXIS2_PLACEMENT_3D('',#3507,#2878,#2879);
#2295=AXIS2_PLACEMENT_3D('',#3510,#2882,#2883);
#2296=AXIS2_PLACEMENT_3D('',#3513,#2886,#2887);
#2297=AXIS2_PLACEMENT_3D('',#3516,#2890,#2891);
#2298=AXIS2_PLACEMENT_3D('',#3517,#2892,#2893);
#2299=AXIS2_PLACEMENT_3D('',#3518,#2894,#2895);
#2300=AXIS2_PLACEMENT_3D('',#3519,#2896,#2897);
#2301=AXIS2_PLACEMENT_3D('',#3520,#2898,#2899);
#2302=AXIS2_PLACEMENT_3D('',#3521,#2900,#2901);
#2303=AXIS2_PLACEMENT_3D('',#3524,#2902,#2903);
#2304=AXIS2_PLACEMENT_3D('',#3528,#2905,#2906);
#2305=AXIS2_PLACEMENT_3D('',#3532,#2908,#2909);
#2306=AXIS2_PLACEMENT_3D('',#3536,#2911,#2912);
#2307=AXIS2_PLACEMENT_3D('',#3538,#2914,#2915);
#2308=AXIS2_PLACEMENT_3D('',#3541,#2916,#2917);
#2309=AXIS2_PLACEMENT_3D('',#3543,#2918,#2919);
#2310=AXIS2_PLACEMENT_3D('',#3544,#2920,#2921);
#2311=AXIS2_PLACEMENT_3D('',#3545,#2922,#2923);
#2312=AXIS2_PLACEMENT_3D('',#3548,#2926,#2927);
#2313=AXIS2_PLACEMENT_3D('',#3551,#2928,#2929);
#2314=AXIS2_PLACEMENT_3D('',#3553,#2930,#2931);
#2315=AXIS2_PLACEMENT_3D('',#3554,#2932,#2933);
#2316=AXIS2_PLACEMENT_3D('',#3555,#2934,#2935);
#2317=AXIS2_PLACEMENT_3D('',#3558,#2938,#2939);
#2318=AXIS2_PLACEMENT_3D('',#3561,#2940,#2941);
#2319=AXIS2_PLACEMENT_3D('',#3563,#2942,#2943);
#2320=AXIS2_PLACEMENT_3D('',#3564,#2944,#2945);
#2321=AXIS2_PLACEMENT_3D('',#3565,#2946,#2947);
#2322=AXIS2_PLACEMENT_3D('',#3568,#2950,#2951);
#2323=AXIS2_PLACEMENT_3D('',#3571,#2954,#2955);
#2324=AXIS2_PLACEMENT_3D('',#3574,#2956,#2957);
#2325=AXIS2_PLACEMENT_3D('',#3576,#2958,#2959);
#2326=AXIS2_PLACEMENT_3D('',#3577,#2960,#2961);
#2327=AXIS2_PLACEMENT_3D('',#3578,#2962,#2963);
#2328=AXIS2_PLACEMENT_3D('',#3581,#2966,#2967);
#2329=AXIS2_PLACEMENT_3D('',#3584,#2970,#2971);
#2330=AXIS2_PLACEMENT_3D('',#3587,#2974,#2975);
#2331=AXIS2_PLACEMENT_3D('',#3590,#2978,#2979);
#2332=AXIS2_PLACEMENT_3D('',#3591,#2980,#2981);
#2333=AXIS2_PLACEMENT_3D('',#3592,#2982,#2983);
#2334=AXIS2_PLACEMENT_3D('',#3593,#2984,#2985);
#2335=AXIS2_PLACEMENT_3D('',#3594,#2986,#2987);
#2336=AXIS2_PLACEMENT_3D('',#3595,#2988,#2989);
#2337=AXIS2_PLACEMENT_3D('',#3598,#2990,#2991);
#2338=AXIS2_PLACEMENT_3D('',#3602,#2993,#2994);
#2339=AXIS2_PLACEMENT_3D('',#3606,#2996,#2997);
#2340=AXIS2_PLACEMENT_3D('',#3610,#2999,#3000);
#2341=AXIS2_PLACEMENT_3D('',#3612,#3002,#3003);
#2342=AXIS2_PLACEMENT_3D('',#3615,#3004,#3005);
#2343=AXIS2_PLACEMENT_3D('',#3617,#3006,#3007);
#2344=AXIS2_PLACEMENT_3D('',#3618,#3008,#3009);
#2345=AXIS2_PLACEMENT_3D('',#3619,#3010,#3011);
#2346=AXIS2_PLACEMENT_3D('',#3622,#3014,#3015);
#2347=AXIS2_PLACEMENT_3D('',#3625,#3016,#3017);
#2348=AXIS2_PLACEMENT_3D('',#3627,#3018,#3019);
#2349=AXIS2_PLACEMENT_3D('',#3628,#3020,#3021);
#2350=AXIS2_PLACEMENT_3D('',#3629,#3022,#3023);
#2351=AXIS2_PLACEMENT_3D('',#3632,#3026,#3027);
#2352=AXIS2_PLACEMENT_3D('',#3635,#3028,#3029);
#2353=AXIS2_PLACEMENT_3D('',#3637,#3030,#3031);
#2354=AXIS2_PLACEMENT_3D('',#3638,#3032,#3033);
#2355=AXIS2_PLACEMENT_3D('',#3639,#3034,#3035);
#2356=AXIS2_PLACEMENT_3D('',#3642,#3038,#3039);
#2357=AXIS2_PLACEMENT_3D('',#3645,#3042,#3043);
#2358=AXIS2_PLACEMENT_3D('',#3648,#3044,#3045);
#2359=AXIS2_PLACEMENT_3D('',#3650,#3046,#3047);
#2360=AXIS2_PLACEMENT_3D('',#3651,#3048,#3049);
#2361=AXIS2_PLACEMENT_3D('',#3652,#3050,#3051);
#2362=AXIS2_PLACEMENT_3D('',#3655,#3054,#3055);
#2363=AXIS2_PLACEMENT_3D('',#3658,#3058,#3059);
#2364=AXIS2_PLACEMENT_3D('',#3661,#3062,#3063);
#2365=AXIS2_PLACEMENT_3D('',#3664,#3066,#3067);
#2366=AXIS2_PLACEMENT_3D('',#3665,#3068,#3069);
#2367=AXIS2_PLACEMENT_3D('',#3666,#3070,#3071);
#2368=AXIS2_PLACEMENT_3D('',#3667,#3072,#3073);
#2369=AXIS2_PLACEMENT_3D('',#3668,#3074,#3075);
#2370=DIRECTION('axis',(0.,0.,1.));
#2371=DIRECTION('refdir',(1.,0.,0.));
#2372=DIRECTION('center_axis',(0.,0.,1.));
#2373=DIRECTION('ref_axis',(1.,0.,0.));
#2374=DIRECTION('center_axis',(0.,0.,-1.));
#2375=DIRECTION('ref_axis',(0.707106781186547,-0.707106781186548,0.));
#2376=DIRECTION('',(-1.,0.,0.));
#2377=DIRECTION('center_axis',(0.,0.,-1.));
#2378=DIRECTION('ref_axis',(-0.707106781186548,-0.707106781186547,0.));
#2379=DIRECTION('',(-2.37904933848248E-16,1.,0.));
#2380=DIRECTION('center_axis',(0.,0.,-1.));
#2381=DIRECTION('ref_axis',(-0.707106781186547,0.707106781186548,0.));
#2382=DIRECTION('',(1.,0.,0.));
#2383=DIRECTION('center_axis',(0.,0.,-1.));
#2384=DIRECTION('ref_axis',(0.707106781186547,0.707106781186548,0.));
#2385=DIRECTION('',(0.,-1.,0.));
#2386=DIRECTION('center_axis',(-0.816496580927726,-0.408248290463863,0.408248290463862));
#2387=DIRECTION('ref_axis',(0.577350269189625,-0.577350269189627,0.577350269189626));
#2388=DIRECTION('center_axis',(1.,0.,0.));
#2389=DIRECTION('ref_axis',(0.,-1.,0.));
#2390=DIRECTION('center_axis',(0.,0.,1.));
#2391=DIRECTION('ref_axis',(1.,0.,0.));
#2392=DIRECTION('center_axis',(1.11022302462516E-15,-1.,0.));
#2393=DIRECTION('ref_axis',(0.,0.,1.));
#2394=DIRECTION('center_axis',(0.,0.,1.));
#2395=DIRECTION('ref_axis',(0.707106781186547,-0.707106781186548,0.));
#2396=DIRECTION('',(0.,0.,1.));
#2397=DIRECTION('',(0.,0.,-1.));
#2398=DIRECTION('center_axis',(-0.816496580927726,0.408248290463863,0.408248290463863));
#2399=DIRECTION('ref_axis',(0.577350269189626,0.577350269189626,0.577350269189626));
#2400=DIRECTION('center_axis',(0.,1.,0.));
#2401=DIRECTION('ref_axis',(1.,0.,0.));
#2402=DIRECTION('center_axis',(0.,0.,1.));
#2403=DIRECTION('ref_axis',(0.,1.,0.));
#2404=DIRECTION('center_axis',(1.,0.,0.));
#2405=DIRECTION('ref_axis',(0.,0.,1.));
#2406=DIRECTION('center_axis',(0.,0.,1.));
#2407=DIRECTION('ref_axis',(0.707106781186547,0.707106781186548,0.));
#2408=DIRECTION('',(0.,0.,1.));
#2409=DIRECTION('',(0.,0.,-1.));
#2410=DIRECTION('center_axis',(0.408248290463863,-0.816496580927726,-0.408248290463863));
#2411=DIRECTION('ref_axis',(-0.577350269189625,-0.577350269189626,0.577350269189626));
#2412=DIRECTION('center_axis',(0.,-1.,0.));
#2413=DIRECTION('ref_axis',(-1.,0.,0.));
#2414=DIRECTION('center_axis',(0.,0.,1.));
#2415=DIRECTION('ref_axis',(0.,-1.,0.));
#2416=DIRECTION('center_axis',(-1.,5.55111512312578E-16,0.));
#2417=DIRECTION('ref_axis',(0.,0.,1.));
#2418=DIRECTION('center_axis',(0.,0.,1.));
#2419=DIRECTION('ref_axis',(-0.707106781186548,-0.707106781186547,0.));
#2420=DIRECTION('',(0.,0.,1.));
#2421=DIRECTION('',(0.,0.,-1.));
#2422=DIRECTION('center_axis',(1.,0.,0.));
#2423=DIRECTION('ref_axis',(0.,-0.707106781186547,0.707106781186548));
#2424=DIRECTION('',(-1.,0.,0.));
#2425=DIRECTION('',(1.,0.,0.));
#2426=DIRECTION('center_axis',(-0.816496580927726,-0.408248290463863,-0.408248290463862));
#2427=DIRECTION('ref_axis',(-0.577350269189625,0.577350269189626,0.577350269189626));
#2428=DIRECTION('center_axis',(-1.,0.,1.11022302462516E-15));
#2429=DIRECTION('ref_axis',(0.,1.,0.));
#2430=DIRECTION('center_axis',(0.,0.,1.));
#2431=DIRECTION('ref_axis',(-1.,0.,0.));
#2432=DIRECTION('center_axis',(0.,1.,0.));
#2433=DIRECTION('ref_axis',(0.,0.,1.));
#2434=DIRECTION('center_axis',(0.,0.,1.));
#2435=DIRECTION('ref_axis',(-0.707106781186547,0.707106781186548,0.));
#2436=DIRECTION('',(0.,0.,1.));
#2437=DIRECTION('',(0.,0.,-1.));
#2438=DIRECTION('center_axis',(2.37904933848248E-16,-1.,0.));
#2439=DIRECTION('ref_axis',(-0.707106781186548,0.,0.707106781186548));
#2440=DIRECTION('',(-2.37904933848248E-16,1.,0.));
#2441=DIRECTION('',(2.37904933848248E-16,-1.,0.));
#2442=DIRECTION('center_axis',(-1.,0.,0.));
#2443=DIRECTION('ref_axis',(0.,0.707106781186548,0.707106781186547));
#2444=DIRECTION('',(1.,0.,0.));
#2445=DIRECTION('',(-1.,0.,0.));
#2446=DIRECTION('center_axis',(0.,1.,0.));
#2447=DIRECTION('ref_axis',(0.707106781186548,0.,0.707106781186548));
#2448=DIRECTION('',(0.,-1.,0.));
#2449=DIRECTION('',(0.,1.,0.));
#2450=DIRECTION('center_axis',(0.,-1.,0.));
#2451=DIRECTION('ref_axis',(1.,0.,0.));
#2452=DIRECTION('center_axis',(-1.,-2.37904933848248E-16,0.));
#2453=DIRECTION('ref_axis',(2.37904933848248E-16,-1.,0.));
#2454=DIRECTION('center_axis',(0.,0.,1.));
#2455=DIRECTION('ref_axis',(1.,0.,0.));
#2456=DIRECTION('center_axis',(1.,0.,0.));
#2457=DIRECTION('ref_axis',(0.,1.,0.));
#2458=DIRECTION('center_axis',(0.,1.,0.));
#2459=DIRECTION('ref_axis',(-1.,0.,0.));
#2460=DIRECTION('center_axis',(0.,0.,1.));
#2461=DIRECTION('ref_axis',(1.,0.,0.));
#2462=DIRECTION('center_axis',(0.,0.,-1.));
#2463=DIRECTION('ref_axis',(-0.707106781186547,-0.707106781186548,0.));
#2464=DIRECTION('',(0.,1.,0.));
#2465=DIRECTION('center_axis',(0.,0.,-1.));
#2466=DIRECTION('ref_axis',(-0.707106781186547,0.707106781186548,0.));
#2467=DIRECTION('',(1.,0.,0.));
#2468=DIRECTION('center_axis',(0.,0.,-1.));
#2469=DIRECTION('ref_axis',(0.707106781186548,0.707106781186547,0.));
#2470=DIRECTION('',(0.,-1.,0.));
#2471=DIRECTION('center_axis',(0.,0.,-1.));
#2472=DIRECTION('ref_axis',(0.707106781186547,-0.707106781186548,0.));
#2473=DIRECTION('',(-1.,0.,0.));
#2474=DIRECTION('center_axis',(-0.816496580927726,0.408248290463863,-0.408248290463863));
#2475=DIRECTION('ref_axis',(-0.577350269189626,-0.577350269189626,0.577350269189626));
#2476=DIRECTION('center_axis',(0.,-1.,0.));
#2477=DIRECTION('ref_axis',(-1.,0.,0.));
#2478=DIRECTION('center_axis',(0.,0.,1.));
#2479=DIRECTION('ref_axis',(0.,-1.,0.));
#2480=DIRECTION('center_axis',(-1.,0.,0.));
#2481=DIRECTION('ref_axis',(0.,0.,1.));
#2482=DIRECTION('center_axis',(0.,0.,1.));
#2483=DIRECTION('ref_axis',(-0.707106781186547,-0.707106781186548,0.));
#2484=DIRECTION('',(0.,0.,-1.));
#2485=DIRECTION('',(0.,0.,-1.));
#2486=DIRECTION('center_axis',(-0.816496580927726,-0.408248290463863,-0.408248290463862));
#2487=DIRECTION('ref_axis',(-0.577350269189626,0.577350269189626,0.577350269189626));
#2488=DIRECTION('center_axis',(-1.,0.,0.));
#2489=DIRECTION('ref_axis',(0.,1.,0.));
#2490=DIRECTION('center_axis',(0.,0.,1.));
#2491=DIRECTION('ref_axis',(-1.,0.,0.));
#2492=DIRECTION('center_axis',(-1.11022302462516E-15,1.,0.));
#2493=DIRECTION('ref_axis',(0.,0.,1.));
#2494=DIRECTION('center_axis',(0.,0.,1.));
#2495=DIRECTION('ref_axis',(-0.707106781186547,0.707106781186548,0.));
#2496=DIRECTION('',(0.,0.,-1.));
#2497=DIRECTION('',(0.,0.,-1.));
#2498=DIRECTION('center_axis',(0.,-1.,0.));
#2499=DIRECTION('ref_axis',(-0.707106781186548,0.,0.707106781186548));
#2500=DIRECTION('',(0.,1.,0.));
#2501=DIRECTION('',(0.,-1.,0.));
#2502=DIRECTION('center_axis',(-0.816496580927726,-0.408248290463863,0.408248290463863));
#2503=DIRECTION('ref_axis',(0.577350269189626,-0.577350269189626,0.577350269189626));
#2504=DIRECTION('center_axis',(1.,0.,0.));
#2505=DIRECTION('ref_axis',(0.,-1.,0.));
#2506=DIRECTION('center_axis',(0.,0.,1.));
#2507=DIRECTION('ref_axis',(1.,0.,0.));
#2508=DIRECTION('center_axis',(0.,-1.,0.));
#2509=DIRECTION('ref_axis',(0.,0.,1.));
#2510=DIRECTION('center_axis',(0.,0.,1.));
#2511=DIRECTION('ref_axis',(0.707106781186547,-0.707106781186548,0.));
#2512=DIRECTION('',(0.,0.,-1.));
#2513=DIRECTION('',(0.,0.,-1.));
#2514=DIRECTION('center_axis',(0.408248290463863,-0.816496580927726,0.408248290463863));
#2515=DIRECTION('ref_axis',(0.577350269189626,0.577350269189626,0.577350269189626));
#2516=DIRECTION('center_axis',(0.,1.,0.));
#2517=DIRECTION('ref_axis',(1.,0.,0.));
#2518=DIRECTION('center_axis',(0.,0.,1.));
#2519=DIRECTION('ref_axis',(0.,1.,0.));
#2520=DIRECTION('center_axis',(1.,0.,0.));
#2521=DIRECTION('ref_axis',(0.,0.,1.));
#2522=DIRECTION('center_axis',(0.,0.,1.));
#2523=DIRECTION('ref_axis',(0.707106781186548,0.707106781186547,0.));
#2524=DIRECTION('',(0.,0.,-1.));
#2525=DIRECTION('',(0.,0.,-1.));
#2526=DIRECTION('center_axis',(-1.,0.,0.));
#2527=DIRECTION('ref_axis',(0.,0.707106781186547,0.707106781186548));
#2528=DIRECTION('',(1.,0.,0.));
#2529=DIRECTION('',(-1.,0.,0.));
#2530=DIRECTION('center_axis',(0.,1.,0.));
#2531=DIRECTION('ref_axis',(0.707106781186548,0.,0.707106781186548));
#2532=DIRECTION('',(0.,-1.,0.));
#2533=DIRECTION('',(0.,1.,0.));
#2534=DIRECTION('center_axis',(1.,0.,0.));
#2535=DIRECTION('ref_axis',(0.,-0.707106781186548,0.707106781186547));
#2536=DIRECTION('',(-1.,0.,0.));
#2537=DIRECTION('',(1.,0.,0.));
#2538=DIRECTION('center_axis',(-1.,0.,0.));
#2539=DIRECTION('ref_axis',(0.,-1.,0.));
#2540=DIRECTION('center_axis',(0.,1.,0.));
#2541=DIRECTION('ref_axis',(-1.,0.,0.));
#2542=DIRECTION('center_axis',(0.,0.,1.));
#2543=DIRECTION('ref_axis',(1.,0.,0.));
#2544=DIRECTION('center_axis',(1.,0.,0.));
#2545=DIRECTION('ref_axis',(0.,1.,0.));
#2546=DIRECTION('center_axis',(0.,-1.,0.));
#2547=DIRECTION('ref_axis',(1.,0.,0.));
#2548=DIRECTION('center_axis',(0.,0.,1.));
#2549=DIRECTION('ref_axis',(1.,0.,0.));
#2550=DIRECTION('center_axis',(0.,0.,-1.));
#2551=DIRECTION('ref_axis',(-0.707106781186548,-0.707106781186547,0.));
#2552=DIRECTION('',(9.73879846162418E-17,1.,0.));
#2553=DIRECTION('center_axis',(0.,0.,-1.));
#2554=DIRECTION('ref_axis',(-0.707106781186548,0.707106781186548,0.));
#2555=DIRECTION('',(1.,0.,0.));
#2556=DIRECTION('center_axis',(0.,0.,-1.));
#2557=DIRECTION('ref_axis',(0.707106781186548,0.707106781186547,0.));
#2558=DIRECTION('',(9.73879846162418E-17,-1.,0.));
#2559=DIRECTION('center_axis',(0.,0.,-1.));
#2560=DIRECTION('ref_axis',(0.707106781186548,-0.707106781186548,0.));
#2561=DIRECTION('',(-1.,0.,0.));
#2562=DIRECTION('center_axis',(-0.408248290463863,-0.408248290463861,-0.816496580927727));
#2563=DIRECTION('ref_axis',(-0.577350269189627,-0.577350269189626,0.577350269189625));
#2564=DIRECTION('center_axis',(0.,-1.,0.));
#2565=DIRECTION('ref_axis',(-1.,0.,0.));
#2566=DIRECTION('center_axis',(0.,0.,1.));
#2567=DIRECTION('ref_axis',(0.,-1.,0.));
#2568=DIRECTION('center_axis',(-1.,-2.22044604925031E-15,0.));
#2569=DIRECTION('ref_axis',(0.,0.,1.));
#2570=DIRECTION('center_axis',(0.,0.,1.));
#2571=DIRECTION('ref_axis',(-0.707106781186548,-0.707106781186547,0.));
#2572=DIRECTION('',(0.,0.,-1.));
#2573=DIRECTION('',(0.,0.,-1.));
#2574=DIRECTION('center_axis',(-0.816496580927726,-0.408248290463864,0.408248290463863));
#2575=DIRECTION('ref_axis',(0.577350269189626,-0.577350269189626,0.577350269189626));
#2576=DIRECTION('center_axis',(1.,0.,0.));
#2577=DIRECTION('ref_axis',(0.,-1.,0.));
#2578=DIRECTION('center_axis',(0.,0.,1.));
#2579=DIRECTION('ref_axis',(1.,0.,0.));
#2580=DIRECTION('center_axis',(1.11022302462516E-15,-1.,0.));
#2581=DIRECTION('ref_axis',(0.,0.,1.));
#2582=DIRECTION('center_axis',(0.,0.,1.));
#2583=DIRECTION('ref_axis',(0.707106781186548,-0.707106781186548,0.));
#2584=DIRECTION('',(0.,0.,1.));
#2585=DIRECTION('',(0.,0.,-1.));
#2586=DIRECTION('center_axis',(-0.816496580927726,-0.408248290463864,-0.408248290463863));
#2587=DIRECTION('ref_axis',(-0.577350269189626,0.577350269189626,0.577350269189626));
#2588=DIRECTION('center_axis',(-1.,0.,0.));
#2589=DIRECTION('ref_axis',(0.,1.,0.));
#2590=DIRECTION('center_axis',(0.,0.,1.));
#2591=DIRECTION('ref_axis',(-1.,0.,0.));
#2592=DIRECTION('center_axis',(-1.11022302462516E-15,1.,0.));
#2593=DIRECTION('ref_axis',(0.,0.,1.));
#2594=DIRECTION('center_axis',(0.,0.,1.));
#2595=DIRECTION('ref_axis',(-0.707106781186548,0.707106781186548,0.));
#2596=DIRECTION('',(0.,0.,1.));
#2597=DIRECTION('',(0.,0.,-1.));
#2598=DIRECTION('center_axis',(-9.73879846162418E-17,-1.,0.));
#2599=DIRECTION('ref_axis',(-0.707106781186548,0.,0.707106781186547));
#2600=DIRECTION('',(9.73879846162418E-17,1.,0.));
#2601=DIRECTION('',(-9.73879846162418E-17,-1.,0.));
#2602=DIRECTION('center_axis',(-0.816496580927727,0.408248290463863,0.408248290463862));
#2603=DIRECTION('ref_axis',(0.577350269189624,0.577350269189627,0.577350269189626));
#2604=DIRECTION('center_axis',(0.,1.,0.));
#2605=DIRECTION('ref_axis',(1.,0.,0.));
#2606=DIRECTION('center_axis',(0.,0.,1.));
#2607=DIRECTION('ref_axis',(0.,1.,0.));
#2608=DIRECTION('center_axis',(1.,-2.22044604925031E-15,0.));
#2609=DIRECTION('ref_axis',(0.,0.,1.));
#2610=DIRECTION('center_axis',(0.,0.,1.));
#2611=DIRECTION('ref_axis',(0.707106781186548,0.707106781186547,0.));
#2612=DIRECTION('',(0.,0.,1.));
#2613=DIRECTION('',(0.,0.,-1.));
#2614=DIRECTION('center_axis',(-1.,0.,0.));
#2615=DIRECTION('ref_axis',(0.,0.707106781186547,0.707106781186548));
#2616=DIRECTION('',(1.,0.,0.));
#2617=DIRECTION('',(-1.,0.,0.));
#2618=DIRECTION('center_axis',(-9.73879846162418E-17,1.,0.));
#2619=DIRECTION('ref_axis',(0.707106781186548,0.,0.707106781186547));
#2620=DIRECTION('',(9.73879846162418E-17,-1.,0.));
#2621=DIRECTION('',(-9.73879846162418E-17,1.,0.));
#2622=DIRECTION('center_axis',(1.,0.,0.));
#2623=DIRECTION('ref_axis',(0.,-0.707106781186547,0.707106781186548));
#2624=DIRECTION('',(-1.,0.,0.));
#2625=DIRECTION('',(1.,0.,0.));
#2626=DIRECTION('center_axis',(-1.,9.73879846162418E-17,0.));
#2627=DIRECTION('ref_axis',(-9.73879846162418E-17,-1.,0.));
#2628=DIRECTION('center_axis',(0.,1.,0.));
#2629=DIRECTION('ref_axis',(-1.,0.,0.));
#2630=DIRECTION('center_axis',(0.,0.,1.));
#2631=DIRECTION('ref_axis',(1.,0.,0.));
#2632=DIRECTION('center_axis',(1.,9.73879846162418E-17,0.));
#2633=DIRECTION('ref_axis',(-9.73879846162418E-17,1.,0.));
#2634=DIRECTION('center_axis',(0.,-1.,0.));
#2635=DIRECTION('ref_axis',(1.,0.,0.));
#2636=DIRECTION('center_axis',(0.,0.,1.));
#2637=DIRECTION('ref_axis',(1.,0.,0.));
#2638=DIRECTION('center_axis',(0.,0.,-1.));
#2639=DIRECTION('ref_axis',(0.707106781186548,0.707106781186548,0.));
#2640=DIRECTION('',(0.,-1.,0.));
#2641=DIRECTION('center_axis',(0.,0.,-1.));
#2642=DIRECTION('ref_axis',(0.707106781186548,-0.707106781186548,0.));
#2643=DIRECTION('',(-1.,0.,0.));
#2644=DIRECTION('center_axis',(0.,0.,-1.));
#2645=DIRECTION('ref_axis',(-0.707106781186548,-0.707106781186547,0.));
#2646=DIRECTION('',(9.73879846162421E-17,1.,0.));
#2647=DIRECTION('center_axis',(0.,0.,-1.));
#2648=DIRECTION('ref_axis',(-0.707106781186548,0.707106781186548,0.));
#2649=DIRECTION('',(1.,0.,0.));
#2650=DIRECTION('center_axis',(-0.816496580927726,0.408248290463864,0.408248290463863));
#2651=DIRECTION('ref_axis',(0.577350269189626,0.577350269189627,0.577350269189625));
#2652=DIRECTION('center_axis',(0.,1.,0.));
#2653=DIRECTION('ref_axis',(1.,0.,0.));
#2654=DIRECTION('center_axis',(0.,0.,1.));
#2655=DIRECTION('ref_axis',(0.,1.,0.));
#2656=DIRECTION('center_axis',(1.,0.,0.));
#2657=DIRECTION('ref_axis',(0.,0.,1.));
#2658=DIRECTION('center_axis',(0.,0.,1.));
#2659=DIRECTION('ref_axis',(0.707106781186548,0.707106781186548,0.));
#2660=DIRECTION('',(0.,0.,1.));
#2661=DIRECTION('',(0.,0.,-1.));
#2662=DIRECTION('center_axis',(-0.816496580927726,-0.408248290463864,-0.408248290463863));
#2663=DIRECTION('ref_axis',(-0.577350269189626,0.577350269189627,0.577350269189625));
#2664=DIRECTION('center_axis',(-1.,0.,0.));
#2665=DIRECTION('ref_axis',(0.,1.,0.));
#2666=DIRECTION('center_axis',(0.,0.,1.));
#2667=DIRECTION('ref_axis',(-1.,0.,0.));
#2668=DIRECTION('center_axis',(-1.11022302462516E-15,1.,0.));
#2669=DIRECTION('ref_axis',(0.,0.,1.));
#2670=DIRECTION('center_axis',(0.,0.,1.));
#2671=DIRECTION('ref_axis',(-0.707106781186548,0.707106781186548,0.));
#2672=DIRECTION('',(0.,0.,1.));
#2673=DIRECTION('',(0.,0.,-1.));
#2674=DIRECTION('center_axis',(-0.816496580927726,-0.408248290463864,0.408248290463863));
#2675=DIRECTION('ref_axis',(0.577350269189626,-0.577350269189627,0.577350269189625));
#2676=DIRECTION('center_axis',(1.,0.,0.));
#2677=DIRECTION('ref_axis',(0.,-1.,0.));
#2678=DIRECTION('center_axis',(0.,0.,1.));
#2679=DIRECTION('ref_axis',(1.,0.,0.));
#2680=DIRECTION('center_axis',(1.11022302462516E-15,-1.,0.));
#2681=DIRECTION('ref_axis',(0.,0.,1.));
#2682=DIRECTION('center_axis',(0.,0.,1.));
#2683=DIRECTION('ref_axis',(0.707106781186548,-0.707106781186548,0.));
#2684=DIRECTION('',(0.,0.,1.));
#2685=DIRECTION('',(0.,0.,-1.));
#2686=DIRECTION('center_axis',(0.,1.,0.));
#2687=DIRECTION('ref_axis',(0.707106781186548,0.,0.707106781186547));
#2688=DIRECTION('',(0.,-1.,0.));
#2689=DIRECTION('',(0.,1.,0.));
#2690=DIRECTION('center_axis',(0.408248290463863,-0.816496580927726,-0.408248290463863));
#2691=DIRECTION('ref_axis',(-0.577350269189625,-0.577350269189627,0.577350269189626));
#2692=DIRECTION('center_axis',(0.,-1.,0.));
#2693=DIRECTION('ref_axis',(-1.,0.,0.));
#2694=DIRECTION('center_axis',(0.,0.,1.));
#2695=DIRECTION('ref_axis',(0.,-1.,0.));
#2696=DIRECTION('center_axis',(-1.,2.22044604925031E-15,0.));
#2697=DIRECTION('ref_axis',(0.,0.,1.));
#2698=DIRECTION('center_axis',(0.,0.,1.));
#2699=DIRECTION('ref_axis',(-0.707106781186548,-0.707106781186547,0.));
#2700=DIRECTION('',(0.,0.,-1.));
#2701=DIRECTION('',(0.,0.,-1.));
#2702=DIRECTION('center_axis',(1.,0.,0.));
#2703=DIRECTION('ref_axis',(0.,-0.707106781186547,0.707106781186548));
#2704=DIRECTION('',(-1.,0.,0.));
#2705=DIRECTION('',(1.,0.,0.));
#2706=DIRECTION('center_axis',(-9.73879846162421E-17,-1.,0.));
#2707=DIRECTION('ref_axis',(-0.707106781186548,0.,0.707106781186547));
#2708=DIRECTION('',(9.73879846162421E-17,1.,0.));
#2709=DIRECTION('',(-9.73879846162421E-17,-1.,0.));
#2710=DIRECTION('center_axis',(-1.,0.,0.));
#2711=DIRECTION('ref_axis',(0.,0.707106781186547,0.707106781186548));
#2712=DIRECTION('',(1.,0.,0.));
#2713=DIRECTION('',(-1.,0.,0.));
#2714=DIRECTION('center_axis',(1.,0.,0.));
#2715=DIRECTION('ref_axis',(0.,1.,0.));
#2716=DIRECTION('center_axis',(0.,-1.,0.));
#2717=DIRECTION('ref_axis',(1.,0.,0.));
#2718=DIRECTION('center_axis',(0.,0.,1.));
#2719=DIRECTION('ref_axis',(1.,0.,0.));
#2720=DIRECTION('center_axis',(0.,1.,0.));
#2721=DIRECTION('ref_axis',(-1.,0.,0.));
#2722=DIRECTION('center_axis',(-1.,9.73879846162421E-17,0.));
#2723=DIRECTION('ref_axis',(-9.73879846162421E-17,-1.,0.));
#2724=DIRECTION('center_axis',(0.,0.,1.));
#2725=DIRECTION('ref_axis',(1.,0.,0.));
#2726=DIRECTION('center_axis',(0.,0.,1.));
#2727=DIRECTION('ref_axis',(0.707106781186547,-0.707106781186548,0.));
#2728=DIRECTION('',(0.,1.,0.));
#2729=DIRECTION('center_axis',(0.,0.,1.));
#2730=DIRECTION('ref_axis',(0.707106781186547,0.707106781186548,0.));
#2731=DIRECTION('',(-1.,0.,0.));
#2732=DIRECTION('center_axis',(0.,0.,1.));
#2733=DIRECTION('ref_axis',(-0.707106781186547,0.707106781186548,0.));
#2734=DIRECTION('',(2.37904933848248E-16,-1.,0.));
#2735=DIRECTION('center_axis',(0.,0.,1.));
#2736=DIRECTION('ref_axis',(-0.707106781186548,-0.707106781186547,0.));
#2737=DIRECTION('',(1.,0.,0.));
#2738=DIRECTION('center_axis',(-0.816496580927726,-0.408248290463863,-0.408248290463862));
#2739=DIRECTION('ref_axis',(0.577350269189625,-0.577350269189627,-0.577350269189626));
#2740=DIRECTION('center_axis',(-1.,0.,0.));
#2741=DIRECTION('ref_axis',(0.,-1.,0.));
#2742=DIRECTION('center_axis',(-1.11022302462516E-15,1.,0.));
#2743=DIRECTION('ref_axis',(0.,0.,-1.));
#2744=DIRECTION('center_axis',(0.,0.,1.));
#2745=DIRECTION('ref_axis',(1.,0.,0.));
#2746=DIRECTION('center_axis',(0.,0.,1.));
#2747=DIRECTION('ref_axis',(0.707106781186547,-0.707106781186548,0.));
#2748=DIRECTION('',(0.,0.,1.));
#2749=DIRECTION('',(0.,0.,-1.));
#2750=DIRECTION('center_axis',(-0.816496580927726,0.408248290463863,-0.408248290463863));
#2751=DIRECTION('ref_axis',(0.577350269189626,0.577350269189626,-0.577350269189626));
#2752=DIRECTION('center_axis',(0.,-1.,0.));
#2753=DIRECTION('ref_axis',(1.,0.,0.));
#2754=DIRECTION('center_axis',(-1.,0.,0.));
#2755=DIRECTION('ref_axis',(0.,0.,-1.));
#2756=DIRECTION('center_axis',(0.,0.,1.));
#2757=DIRECTION('ref_axis',(0.,1.,0.));
#2758=DIRECTION('center_axis',(0.,0.,1.));
#2759=DIRECTION('ref_axis',(0.707106781186547,0.707106781186548,0.));
#2760=DIRECTION('',(0.,0.,1.));
#2761=DIRECTION('',(0.,0.,-1.));
#2762=DIRECTION('center_axis',(0.408248290463863,-0.816496580927726,0.408248290463863));
#2763=DIRECTION('ref_axis',(-0.577350269189625,-0.577350269189626,-0.577350269189626));
#2764=DIRECTION('center_axis',(0.,1.,0.));
#2765=DIRECTION('ref_axis',(-1.,0.,0.));
#2766=DIRECTION('center_axis',(1.,-5.55111512312578E-16,0.));
#2767=DIRECTION('ref_axis',(0.,0.,-1.));
#2768=DIRECTION('center_axis',(0.,0.,1.));
#2769=DIRECTION('ref_axis',(0.,-1.,0.));
#2770=DIRECTION('center_axis',(0.,0.,1.));
#2771=DIRECTION('ref_axis',(-0.707106781186548,-0.707106781186547,0.));
#2772=DIRECTION('',(0.,0.,1.));
#2773=DIRECTION('',(0.,0.,-1.));
#2774=DIRECTION('center_axis',(-1.,0.,0.));
#2775=DIRECTION('ref_axis',(0.,-0.707106781186547,-0.707106781186548));
#2776=DIRECTION('',(1.,0.,0.));
#2777=DIRECTION('',(-1.,0.,0.));
#2778=DIRECTION('center_axis',(-0.816496580927726,-0.408248290463863,0.408248290463862));
#2779=DIRECTION('ref_axis',(-0.577350269189625,0.577350269189626,-0.577350269189626));
#2780=DIRECTION('center_axis',(1.,0.,1.11022302462516E-15));
#2781=DIRECTION('ref_axis',(0.,1.,0.));
#2782=DIRECTION('center_axis',(0.,-1.,0.));
#2783=DIRECTION('ref_axis',(0.,0.,-1.));
#2784=DIRECTION('center_axis',(0.,0.,1.));
#2785=DIRECTION('ref_axis',(-1.,0.,0.));
#2786=DIRECTION('center_axis',(0.,0.,1.));
#2787=DIRECTION('ref_axis',(-0.707106781186547,0.707106781186548,0.));
#2788=DIRECTION('',(0.,0.,1.));
#2789=DIRECTION('',(0.,0.,-1.));
#2790=DIRECTION('center_axis',(-2.37904933848248E-16,1.,0.));
#2791=DIRECTION('ref_axis',(-0.707106781186548,0.,-0.707106781186548));
#2792=DIRECTION('',(2.37904933848248E-16,-1.,0.));
#2793=DIRECTION('',(-2.37904933848248E-16,1.,0.));
#2794=DIRECTION('center_axis',(1.,0.,0.));
#2795=DIRECTION('ref_axis',(0.,0.707106781186548,-0.707106781186547));
#2796=DIRECTION('',(-1.,0.,0.));
#2797=DIRECTION('',(1.,0.,0.));
#2798=DIRECTION('center_axis',(0.,-1.,0.));
#2799=DIRECTION('ref_axis',(0.707106781186548,0.,-0.707106781186548));
#2800=DIRECTION('',(0.,1.,0.));
#2801=DIRECTION('',(0.,-1.,0.));
#2802=DIRECTION('center_axis',(0.,1.,0.));
#2803=DIRECTION('ref_axis',(1.,0.,0.));
#2804=DIRECTION('center_axis',(1.,2.37904933848248E-16,0.));
#2805=DIRECTION('ref_axis',(2.37904933848248E-16,-1.,0.));
#2806=DIRECTION('center_axis',(0.,0.,1.));
#2807=DIRECTION('ref_axis',(1.,0.,0.));
#2808=DIRECTION('center_axis',(-1.,0.,0.));
#2809=DIRECTION('ref_axis',(0.,1.,0.));
#2810=DIRECTION('center_axis',(0.,-1.,0.));
#2811=DIRECTION('ref_axis',(-1.,0.,0.));
#2812=DIRECTION('center_axis',(0.,0.,1.));
#2813=DIRECTION('ref_axis',(1.,0.,0.));
#2814=DIRECTION('center_axis',(0.,0.,1.));
#2815=DIRECTION('ref_axis',(-0.707106781186547,-0.707106781186548,0.));
#2816=DIRECTION('',(1.,0.,0.));
#2817=DIRECTION('center_axis',(0.,0.,1.));
#2818=DIRECTION('ref_axis',(0.707106781186547,-0.707106781186548,0.));
#2819=DIRECTION('',(0.,1.,0.));
#2820=DIRECTION('center_axis',(0.,0.,1.));
#2821=DIRECTION('ref_axis',(0.707106781186548,0.707106781186547,0.));
#2822=DIRECTION('',(-1.,0.,0.));
#2823=DIRECTION('center_axis',(0.,0.,1.));
#2824=DIRECTION('ref_axis',(-0.707106781186547,0.707106781186548,0.));
#2825=DIRECTION('',(0.,-1.,0.));
#2826=DIRECTION('center_axis',(-0.816496580927726,0.408248290463863,0.408248290463863));
#2827=DIRECTION('ref_axis',(-0.577350269189626,-0.577350269189626,-0.577350269189626));
#2828=DIRECTION('center_axis',(0.,1.,0.));
#2829=DIRECTION('ref_axis',(-1.,0.,0.));
#2830=DIRECTION('center_axis',(1.,0.,0.));
#2831=DIRECTION('ref_axis',(0.,0.,-1.));
#2832=DIRECTION('center_axis',(0.,0.,1.));
#2833=DIRECTION('ref_axis',(0.,-1.,0.));
#2834=DIRECTION('center_axis',(0.,0.,1.));
#2835=DIRECTION('ref_axis',(-0.707106781186547,-0.707106781186548,0.));
#2836=DIRECTION('',(0.,0.,1.));
#2837=DIRECTION('',(0.,0.,-1.));
#2838=DIRECTION('center_axis',(-0.816496580927726,-0.408248290463863,0.408248290463862));
#2839=DIRECTION('ref_axis',(-0.577350269189626,0.577350269189626,-0.577350269189626));
#2840=DIRECTION('center_axis',(1.,0.,0.));
#2841=DIRECTION('ref_axis',(0.,1.,0.));
#2842=DIRECTION('center_axis',(1.11022302462516E-15,-1.,0.));
#2843=DIRECTION('ref_axis',(0.,0.,-1.));
#2844=DIRECTION('center_axis',(0.,0.,1.));
#2845=DIRECTION('ref_axis',(-1.,0.,0.));
#2846=DIRECTION('center_axis',(0.,0.,1.));
#2847=DIRECTION('ref_axis',(-0.707106781186547,0.707106781186548,0.));
#2848=DIRECTION('',(0.,0.,1.));
#2849=DIRECTION('',(0.,0.,-1.));
#2850=DIRECTION('center_axis',(0.,1.,0.));
#2851=DIRECTION('ref_axis',(-0.707106781186548,0.,-0.707106781186548));
#2852=DIRECTION('',(0.,-1.,0.));
#2853=DIRECTION('',(0.,1.,0.));
#2854=DIRECTION('center_axis',(-0.816496580927726,-0.408248290463863,-0.408248290463862));
#2855=DIRECTION('ref_axis',(0.577350269189626,-0.577350269189626,-0.577350269189626));
#2856=DIRECTION('center_axis',(-1.,0.,0.));
#2857=DIRECTION('ref_axis',(0.,-1.,0.));
#2858=DIRECTION('center_axis',(0.,1.,0.));
#2859=DIRECTION('ref_axis',(0.,0.,-1.));
#2860=DIRECTION('center_axis',(0.,0.,1.));
#2861=DIRECTION('ref_axis',(1.,0.,0.));
#2862=DIRECTION('center_axis',(0.,0.,1.));
#2863=DIRECTION('ref_axis',(0.707106781186547,-0.707106781186548,0.));
#2864=DIRECTION('',(0.,0.,1.));
#2865=DIRECTION('',(0.,0.,-1.));
#2866=DIRECTION('center_axis',(0.408248290463863,-0.816496580927726,-0.408248290463863));
#2867=DIRECTION('ref_axis',(0.577350269189626,0.577350269189626,-0.577350269189626));
#2868=DIRECTION('center_axis',(0.,-1.,0.));
#2869=DIRECTION('ref_axis',(1.,0.,0.));
#2870=DIRECTION('center_axis',(-1.,0.,0.));
#2871=DIRECTION('ref_axis',(0.,0.,-1.));
#2872=DIRECTION('center_axis',(0.,0.,1.));
#2873=DIRECTION('ref_axis',(0.,1.,0.));
#2874=DIRECTION('center_axis',(0.,0.,1.));
#2875=DIRECTION('ref_axis',(0.707106781186548,0.707106781186547,0.));
#2876=DIRECTION('',(0.,0.,1.));
#2877=DIRECTION('',(0.,0.,-1.));
#2878=DIRECTION('center_axis',(1.,0.,0.));
#2879=DIRECTION('ref_axis',(0.,0.707106781186547,-0.707106781186548));
#2880=DIRECTION('',(-1.,0.,0.));
#2881=DIRECTION('',(1.,0.,0.));
#2882=DIRECTION('center_axis',(0.,-1.,0.));
#2883=DIRECTION('ref_axis',(0.707106781186548,0.,-0.707106781186548));
#2884=DIRECTION('',(0.,1.,0.));
#2885=DIRECTION('',(0.,-1.,0.));
#2886=DIRECTION('center_axis',(-1.,0.,0.));
#2887=DIRECTION('ref_axis',(0.,-0.707106781186548,-0.707106781186547));
#2888=DIRECTION('',(1.,0.,0.));
#2889=DIRECTION('',(-1.,0.,0.));
#2890=DIRECTION('center_axis',(1.,0.,0.));
#2891=DIRECTION('ref_axis',(0.,-1.,0.));
#2892=DIRECTION('center_axis',(0.,-1.,0.));
#2893=DIRECTION('ref_axis',(-1.,0.,0.));
#2894=DIRECTION('center_axis',(0.,0.,1.));
#2895=DIRECTION('ref_axis',(1.,0.,0.));
#2896=DIRECTION('center_axis',(-1.,0.,0.));
#2897=DIRECTION('ref_axis',(0.,1.,0.));
#2898=DIRECTION('center_axis',(0.,1.,0.));
#2899=DIRECTION('ref_axis',(1.,0.,0.));
#2900=DIRECTION('center_axis',(0.,0.,1.));
#2901=DIRECTION('ref_axis',(1.,0.,0.));
#2902=DIRECTION('center_axis',(0.,0.,1.));
#2903=DIRECTION('ref_axis',(-0.707106781186548,-0.707106781186547,0.));
#2904=DIRECTION('',(1.,0.,0.));
#2905=DIRECTION('center_axis',(0.,0.,1.));
#2906=DIRECTION('ref_axis',(0.707106781186548,-0.707106781186548,0.));
#2907=DIRECTION('',(-9.73879846162418E-17,1.,0.));
#2908=DIRECTION('center_axis',(0.,0.,1.));
#2909=DIRECTION('ref_axis',(0.707106781186548,0.707106781186547,0.));
#2910=DIRECTION('',(-1.,0.,0.));
#2911=DIRECTION('center_axis',(0.,0.,1.));
#2912=DIRECTION('ref_axis',(-0.707106781186548,0.707106781186548,0.));
#2913=DIRECTION('',(-9.73879846162418E-17,-1.,0.));
#2914=DIRECTION('center_axis',(-0.408248290463863,-0.408248290463862,0.816496580927727));
#2915=DIRECTION('ref_axis',(-0.577350269189627,-0.577350269189626,-0.577350269189625));
#2916=DIRECTION('center_axis',(0.,1.,0.));
#2917=DIRECTION('ref_axis',(-1.,0.,0.));
#2918=DIRECTION('center_axis',(1.,2.22044604925031E-15,0.));
#2919=DIRECTION('ref_axis',(0.,0.,-1.));
#2920=DIRECTION('center_axis',(0.,0.,1.));
#2921=DIRECTION('ref_axis',(0.,-1.,0.));
#2922=DIRECTION('center_axis',(0.,0.,1.));
#2923=DIRECTION('ref_axis',(-0.707106781186548,-0.707106781186547,0.));
#2924=DIRECTION('',(0.,0.,1.));
#2925=DIRECTION('',(0.,0.,1.));
#2926=DIRECTION('center_axis',(-0.816496580927726,-0.408248290463864,-0.408248290463863));
#2927=DIRECTION('ref_axis',(0.577350269189626,-0.577350269189626,-0.577350269189625));
#2928=DIRECTION('center_axis',(-1.,0.,0.));
#2929=DIRECTION('ref_axis',(0.,-1.,0.));
#2930=DIRECTION('center_axis',(-1.11022302462516E-15,1.,0.));
#2931=DIRECTION('ref_axis',(0.,0.,-1.));
#2932=DIRECTION('center_axis',(0.,0.,1.));
#2933=DIRECTION('ref_axis',(1.,0.,0.));
#2934=DIRECTION('center_axis',(0.,0.,1.));
#2935=DIRECTION('ref_axis',(0.707106781186548,-0.707106781186548,0.));
#2936=DIRECTION('',(0.,0.,1.));
#2937=DIRECTION('',(0.,0.,-1.));
#2938=DIRECTION('center_axis',(-0.816496580927726,-0.408248290463864,0.408248290463863));
#2939=DIRECTION('ref_axis',(-0.577350269189626,0.577350269189626,-0.577350269189625));
#2940=DIRECTION('center_axis',(1.,0.,0.));
#2941=DIRECTION('ref_axis',(0.,1.,0.));
#2942=DIRECTION('center_axis',(1.11022302462516E-15,-1.,0.));
#2943=DIRECTION('ref_axis',(0.,0.,-1.));
#2944=DIRECTION('center_axis',(0.,0.,1.));
#2945=DIRECTION('ref_axis',(-1.,0.,0.));
#2946=DIRECTION('center_axis',(0.,0.,1.));
#2947=DIRECTION('ref_axis',(-0.707106781186548,0.707106781186548,0.));
#2948=DIRECTION('',(0.,0.,1.));
#2949=DIRECTION('',(0.,0.,-1.));
#2950=DIRECTION('center_axis',(9.73879846162418E-17,1.,0.));
#2951=DIRECTION('ref_axis',(-0.707106781186548,0.,-0.707106781186547));
#2952=DIRECTION('',(-9.73879846162418E-17,-1.,0.));
#2953=DIRECTION('',(9.73879846162418E-17,1.,0.));
#2954=DIRECTION('center_axis',(-0.816496580927727,0.408248290463863,-0.408248290463862));
#2955=DIRECTION('ref_axis',(0.577350269189624,0.577350269189627,-0.577350269189626));
#2956=DIRECTION('center_axis',(0.,-1.,0.));
#2957=DIRECTION('ref_axis',(1.,0.,0.));
#2958=DIRECTION('center_axis',(-1.,2.22044604925031E-15,0.));
#2959=DIRECTION('ref_axis',(0.,0.,-1.));
#2960=DIRECTION('center_axis',(0.,0.,1.));
#2961=DIRECTION('ref_axis',(0.,1.,0.));
#2962=DIRECTION('center_axis',(0.,0.,1.));
#2963=DIRECTION('ref_axis',(0.707106781186548,0.707106781186547,0.));
#2964=DIRECTION('',(0.,0.,1.));
#2965=DIRECTION('',(0.,0.,-1.));
#2966=DIRECTION('center_axis',(1.,0.,0.));
#2967=DIRECTION('ref_axis',(0.,0.707106781186547,-0.707106781186548));
#2968=DIRECTION('',(-1.,0.,0.));
#2969=DIRECTION('',(1.,0.,0.));
#2970=DIRECTION('center_axis',(9.73879846162418E-17,-1.,0.));
#2971=DIRECTION('ref_axis',(0.707106781186548,0.,-0.707106781186547));
#2972=DIRECTION('',(-9.73879846162418E-17,1.,0.));
#2973=DIRECTION('',(9.73879846162418E-17,-1.,0.));
#2974=DIRECTION('center_axis',(-1.,0.,0.));
#2975=DIRECTION('ref_axis',(0.,-0.707106781186547,-0.707106781186548));
#2976=DIRECTION('',(1.,0.,0.));
#2977=DIRECTION('',(-1.,0.,0.));
#2978=DIRECTION('center_axis',(1.,-9.73879846162418E-17,0.));
#2979=DIRECTION('ref_axis',(-9.73879846162418E-17,-1.,0.));
#2980=DIRECTION('center_axis',(0.,-1.,0.));
#2981=DIRECTION('ref_axis',(-1.,0.,0.));
#2982=DIRECTION('center_axis',(0.,0.,1.));
#2983=DIRECTION('ref_axis',(1.,0.,0.));
#2984=DIRECTION('center_axis',(-1.,-9.73879846162418E-17,0.));
#2985=DIRECTION('ref_axis',(-9.73879846162418E-17,1.,0.));
#2986=DIRECTION('center_axis',(0.,1.,0.));
#2987=DIRECTION('ref_axis',(1.,0.,0.));
#2988=DIRECTION('center_axis',(0.,0.,1.));
#2989=DIRECTION('ref_axis',(1.,0.,0.));
#2990=DIRECTION('center_axis',(0.,0.,1.));
#2991=DIRECTION('ref_axis',(0.707106781186548,0.707106781186548,0.));
#2992=DIRECTION('',(-1.,0.,0.));
#2993=DIRECTION('center_axis',(0.,0.,1.));
#2994=DIRECTION('ref_axis',(-0.707106781186548,0.707106781186548,0.));
#2995=DIRECTION('',(-9.73879846162421E-17,-1.,0.));
#2996=DIRECTION('center_axis',(0.,0.,1.));
#2997=DIRECTION('ref_axis',(-0.707106781186548,-0.707106781186547,0.));
#2998=DIRECTION('',(1.,0.,0.));
#2999=DIRECTION('center_axis',(0.,0.,1.));
#3000=DIRECTION('ref_axis',(0.707106781186548,-0.707106781186548,0.));
#3001=DIRECTION('',(0.,1.,0.));
#3002=DIRECTION('center_axis',(-0.816496580927726,0.408248290463864,-0.408248290463863));
#3003=DIRECTION('ref_axis',(0.577350269189626,0.577350269189627,-0.577350269189625));
#3004=DIRECTION('center_axis',(0.,-1.,0.));
#3005=DIRECTION('ref_axis',(1.,0.,0.));
#3006=DIRECTION('center_axis',(-1.,0.,0.));
#3007=DIRECTION('ref_axis',(0.,0.,-1.));
#3008=DIRECTION('center_axis',(0.,0.,1.));
#3009=DIRECTION('ref_axis',(0.,1.,0.));
#3010=DIRECTION('center_axis',(0.,0.,1.));
#3011=DIRECTION('ref_axis',(0.707106781186548,0.707106781186548,0.));
#3012=DIRECTION('',(0.,0.,1.));
#3013=DIRECTION('',(0.,0.,-1.));
#3014=DIRECTION('center_axis',(-0.816496580927726,-0.408248290463864,0.408248290463863));
#3015=DIRECTION('ref_axis',(-0.577350269189626,0.577350269189627,-0.577350269189625));
#3016=DIRECTION('center_axis',(1.,0.,0.));
#3017=DIRECTION('ref_axis',(0.,1.,0.));
#3018=DIRECTION('center_axis',(1.11022302462516E-15,-1.,0.));
#3019=DIRECTION('ref_axis',(0.,0.,-1.));
#3020=DIRECTION('center_axis',(0.,0.,1.));
#3021=DIRECTION('ref_axis',(-1.,0.,0.));
#3022=DIRECTION('center_axis',(0.,0.,1.));
#3023=DIRECTION('ref_axis',(-0.707106781186548,0.707106781186548,0.));
#3024=DIRECTION('',(0.,0.,1.));
#3025=DIRECTION('',(0.,0.,-1.));
#3026=DIRECTION('center_axis',(-0.816496580927726,-0.408248290463864,-0.408248290463863));
#3027=DIRECTION('ref_axis',(0.577350269189626,-0.577350269189627,-0.577350269189625));
#3028=DIRECTION('center_axis',(-1.,0.,0.));
#3029=DIRECTION('ref_axis',(0.,-1.,0.));
#3030=DIRECTION('center_axis',(-1.11022302462516E-15,1.,0.));
#3031=DIRECTION('ref_axis',(0.,0.,-1.));
#3032=DIRECTION('center_axis',(0.,0.,1.));
#3033=DIRECTION('ref_axis',(1.,0.,0.));
#3034=DIRECTION('center_axis',(0.,0.,1.));
#3035=DIRECTION('ref_axis',(0.707106781186548,-0.707106781186548,0.));
#3036=DIRECTION('',(0.,0.,1.));
#3037=DIRECTION('',(0.,0.,-1.));
#3038=DIRECTION('center_axis',(0.,-1.,0.));
#3039=DIRECTION('ref_axis',(0.707106781186548,0.,-0.707106781186547));
#3040=DIRECTION('',(0.,1.,0.));
#3041=DIRECTION('',(0.,-1.,0.));
#3042=DIRECTION('center_axis',(0.408248290463863,-0.816496580927726,0.408248290463863));
#3043=DIRECTION('ref_axis',(-0.577350269189625,-0.577350269189626,-0.577350269189626));
#3044=DIRECTION('center_axis',(0.,1.,0.));
#3045=DIRECTION('ref_axis',(-1.,0.,0.));
#3046=DIRECTION('center_axis',(1.,-2.22044604925031E-15,0.));
#3047=DIRECTION('ref_axis',(0.,0.,-1.));
#3048=DIRECTION('center_axis',(0.,0.,1.));
#3049=DIRECTION('ref_axis',(0.,-1.,0.));
#3050=DIRECTION('center_axis',(0.,0.,1.));
#3051=DIRECTION('ref_axis',(-0.707106781186548,-0.707106781186547,0.));
#3052=DIRECTION('',(0.,0.,1.));
#3053=DIRECTION('',(0.,0.,-1.));
#3054=DIRECTION('center_axis',(-1.,0.,0.));
#3055=DIRECTION('ref_axis',(0.,-0.707106781186547,-0.707106781186548));
#3056=DIRECTION('',(1.,0.,0.));
#3057=DIRECTION('',(-1.,0.,0.));
#3058=DIRECTION('center_axis',(9.73879846162421E-17,1.,0.));
#3059=DIRECTION('ref_axis',(-0.707106781186548,0.,-0.707106781186547));
#3060=DIRECTION('',(-9.73879846162421E-17,-1.,0.));
#3061=DIRECTION('',(9.73879846162421E-17,1.,0.));
#3062=DIRECTION('center_axis',(1.,0.,0.));
#3063=DIRECTION('ref_axis',(0.,0.707106781186547,-0.707106781186548));
#3064=DIRECTION('',(-1.,0.,0.));
#3065=DIRECTION('',(1.,0.,0.));
#3066=DIRECTION('center_axis',(-1.,0.,0.));
#3067=DIRECTION('ref_axis',(0.,1.,0.));
#3068=DIRECTION('center_axis',(0.,1.,0.));
#3069=DIRECTION('ref_axis',(1.,0.,0.));
#3070=DIRECTION('center_axis',(0.,0.,1.));
#3071=DIRECTION('ref_axis',(1.,0.,0.));
#3072=DIRECTION('center_axis',(0.,-1.,0.));
#3073=DIRECTION('ref_axis',(-1.,0.,0.));
#3074=DIRECTION('center_axis',(1.,-9.73879846162421E-17,0.));
#3075=DIRECTION('ref_axis',(-9.73879846162421E-17,-1.,0.));
#3076=CARTESIAN_POINT('',(0.,0.,0.));
#3077=CARTESIAN_POINT('Origin',(1.38777878078145E-15,5.7,-0.5));
#3078=CARTESIAN_POINT('',(2.25,4.45,-0.5));
#3079=CARTESIAN_POINT('',(1.75,3.95,-0.5));
#3080=CARTESIAN_POINT('Origin',(1.75,4.45,-0.5));
#3081=CARTESIAN_POINT('',(-1.75,3.95,-0.5));
#3082=CARTESIAN_POINT('',(2.25,3.95,-0.5));
#3083=CARTESIAN_POINT('',(-2.25,4.45,-0.5));
#3084=CARTESIAN_POINT('Origin',(-1.75,4.45,-0.5));
#3085=CARTESIAN_POINT('',(-2.25,6.95,-0.5));
#3086=CARTESIAN_POINT('',(-2.25,3.95,-0.5));
#3087=CARTESIAN_POINT('',(-1.75,7.45,-0.5));
#3088=CARTESIAN_POINT('Origin',(-1.75,6.95,-0.5));
#3089=CARTESIAN_POINT('',(1.75,7.45,-0.5));
#3090=CARTESIAN_POINT('',(-2.25,7.45,-0.5));
#3091=CARTESIAN_POINT('',(2.25,6.95,-0.5));
#3092=CARTESIAN_POINT('Origin',(1.75,6.95,-0.5));
#3093=CARTESIAN_POINT('',(2.25,7.45,-0.5));
#3094=CARTESIAN_POINT('Origin',(1.75,4.45,1.5));
#3095=CARTESIAN_POINT('',(1.75,3.95,1.5));
#3096=CARTESIAN_POINT('',(1.75,4.45,2.));
#3097=CARTESIAN_POINT('Origin',(1.75,4.45,1.5));
#3098=CARTESIAN_POINT('',(2.25,4.45,1.5));
#3099=CARTESIAN_POINT('Origin',(1.75,4.45,1.5));
#3100=CARTESIAN_POINT('Origin',(1.75,4.45,1.5));
#3101=CARTESIAN_POINT('Origin',(1.75,4.45,0.));
#3102=CARTESIAN_POINT('',(2.25,4.45,0.));
#3103=CARTESIAN_POINT('',(1.75,3.95,0.));
#3104=CARTESIAN_POINT('Origin',(1.75,6.95,1.5));
#3105=CARTESIAN_POINT('',(2.25,6.95,1.5));
#3106=CARTESIAN_POINT('',(1.75,6.95,2.));
#3107=CARTESIAN_POINT('Origin',(1.75,6.95,1.5));
#3108=CARTESIAN_POINT('',(1.75,7.45,1.5));
#3109=CARTESIAN_POINT('Origin',(1.75,6.95,1.5));
#3110=CARTESIAN_POINT('Origin',(1.75,6.95,1.5));
#3111=CARTESIAN_POINT('Origin',(1.75,6.95,0.));
#3112=CARTESIAN_POINT('',(1.75,7.45,0.));
#3113=CARTESIAN_POINT('',(2.25,6.95,0.));
#3114=CARTESIAN_POINT('Origin',(-1.75,4.45,1.5));
#3115=CARTESIAN_POINT('',(-2.25,4.45,1.5));
#3116=CARTESIAN_POINT('',(-1.75,4.45,2.));
#3117=CARTESIAN_POINT('Origin',(-1.75,4.45,1.5));
#3118=CARTESIAN_POINT('',(-1.75,3.95,1.5));
#3119=CARTESIAN_POINT('Origin',(-1.75,4.45,1.5));
#3120=CARTESIAN_POINT('Origin',(-1.75,4.45,1.5));
#3121=CARTESIAN_POINT('Origin',(-1.75,4.45,0.));
#3122=CARTESIAN_POINT('',(-1.75,3.95,0.));
#3123=CARTESIAN_POINT('',(-2.25,4.45,0.));
#3124=CARTESIAN_POINT('Origin',(-1.125,4.45,1.5));
#3125=CARTESIAN_POINT('',(-1.125,4.45,2.));
#3126=CARTESIAN_POINT('',(-1.125,3.95,1.5));
#3127=CARTESIAN_POINT('Origin',(-1.75,6.95,1.5));
#3128=CARTESIAN_POINT('',(-1.75,7.45,1.5));
#3129=CARTESIAN_POINT('',(-1.75,6.95,2.));
#3130=CARTESIAN_POINT('Origin',(-1.75,6.95,1.5));
#3131=CARTESIAN_POINT('',(-2.25,6.95,1.5));
#3132=CARTESIAN_POINT('Origin',(-1.75,6.95,1.5));
#3133=CARTESIAN_POINT('Origin',(-1.75,6.95,1.5));
#3134=CARTESIAN_POINT('Origin',(-1.75,6.95,0.));
#3135=CARTESIAN_POINT('',(-2.25,6.95,0.));
#3136=CARTESIAN_POINT('',(-1.75,7.45,0.));
#3137=CARTESIAN_POINT('Origin',(-1.75,6.575,1.5));
#3138=CARTESIAN_POINT('',(-1.75,6.575,2.));
#3139=CARTESIAN_POINT('',(-2.25,6.575,1.5));
#3140=CARTESIAN_POINT('Origin',(1.125,6.95,1.5));
#3141=CARTESIAN_POINT('',(1.125,6.95,2.));
#3142=CARTESIAN_POINT('',(1.125,7.45,1.5));
#3143=CARTESIAN_POINT('Origin',(1.75,4.825,1.5));
#3144=CARTESIAN_POINT('',(1.75,4.825,2.));
#3145=CARTESIAN_POINT('',(2.25,4.825,1.5));
#3146=CARTESIAN_POINT('Origin',(-2.25,3.95,0.));
#3147=CARTESIAN_POINT('Origin',(-2.25,7.45,0.));
#3148=CARTESIAN_POINT('Origin',(1.38777878078145E-15,5.7,2.));
#3149=CARTESIAN_POINT('Origin',(2.25,3.95,0.));
#3150=CARTESIAN_POINT('Origin',(2.25,7.45,0.));
#3151=CARTESIAN_POINT('Origin',(2.22044604925031E-15,-5.7,-0.5));
#3152=CARTESIAN_POINT('',(-1.75,-7.45,-0.5));
#3153=CARTESIAN_POINT('',(-2.25,-6.95,-0.5));
#3154=CARTESIAN_POINT('Origin',(-1.75,-6.95,-0.5));
#3155=CARTESIAN_POINT('',(-2.25,-4.45,-0.5));
#3156=CARTESIAN_POINT('',(-2.25,-3.95,-0.5));
#3157=CARTESIAN_POINT('',(-1.75,-3.95,-0.5));
#3158=CARTESIAN_POINT('Origin',(-1.75,-4.45,-0.5));
#3159=CARTESIAN_POINT('',(1.75,-3.95,-0.5));
#3160=CARTESIAN_POINT('',(2.25,-3.95,-0.5));
#3161=CARTESIAN_POINT('',(2.25,-4.45,-0.5));
#3162=CARTESIAN_POINT('Origin',(1.75,-4.45,-0.5));
#3163=CARTESIAN_POINT('',(2.25,-6.95,-0.5));
#3164=CARTESIAN_POINT('',(2.25,-7.45,-0.5));
#3165=CARTESIAN_POINT('',(1.75,-7.45,-0.5));
#3166=CARTESIAN_POINT('Origin',(1.75,-6.95,-0.5));
#3167=CARTESIAN_POINT('',(-2.25,-7.45,-0.5));
#3168=CARTESIAN_POINT('Origin',(-1.75,-6.95,1.5));
#3169=CARTESIAN_POINT('',(-2.25,-6.95,1.5));
#3170=CARTESIAN_POINT('',(-1.75,-6.95,2.));
#3171=CARTESIAN_POINT('Origin',(-1.75,-6.95,1.5));
#3172=CARTESIAN_POINT('',(-1.75,-7.45,1.5));
#3173=CARTESIAN_POINT('Origin',(-1.75,-6.95,1.5));
#3174=CARTESIAN_POINT('Origin',(-1.75,-6.95,1.5));
#3175=CARTESIAN_POINT('Origin',(-1.75,-6.95,0.));
#3176=CARTESIAN_POINT('',(-1.75,-7.45,0.));
#3177=CARTESIAN_POINT('',(-2.25,-6.95,0.));
#3178=CARTESIAN_POINT('Origin',(-1.75,-4.45,1.5));
#3179=CARTESIAN_POINT('',(-1.75,-3.95,1.5));
#3180=CARTESIAN_POINT('',(-1.75,-4.45,2.));
#3181=CARTESIAN_POINT('Origin',(-1.75,-4.45,1.5));
#3182=CARTESIAN_POINT('',(-2.25,-4.45,1.5));
#3183=CARTESIAN_POINT('Origin',(-1.75,-4.45,1.5));
#3184=CARTESIAN_POINT('Origin',(-1.75,-4.45,1.5));
#3185=CARTESIAN_POINT('Origin',(-1.75,-4.45,0.));
#3186=CARTESIAN_POINT('',(-2.25,-4.45,0.));
#3187=CARTESIAN_POINT('',(-1.75,-3.95,0.));
#3188=CARTESIAN_POINT('Origin',(-1.75,-4.825,1.5));
#3189=CARTESIAN_POINT('',(-1.75,-4.825,2.));
#3190=CARTESIAN_POINT('',(-2.25,-4.825,1.5));
#3191=CARTESIAN_POINT('Origin',(1.75,-6.95,1.5));
#3192=CARTESIAN_POINT('',(1.75,-7.45,1.5));
#3193=CARTESIAN_POINT('',(1.75,-6.95,2.));
#3194=CARTESIAN_POINT('Origin',(1.75,-6.95,1.5));
#3195=CARTESIAN_POINT('',(2.25,-6.95,1.5));
#3196=CARTESIAN_POINT('Origin',(1.75,-6.95,1.5));
#3197=CARTESIAN_POINT('Origin',(1.75,-6.95,1.5));
#3198=CARTESIAN_POINT('Origin',(1.75,-6.95,0.));
#3199=CARTESIAN_POINT('',(2.25,-6.95,0.));
#3200=CARTESIAN_POINT('',(1.75,-7.45,0.));
#3201=CARTESIAN_POINT('Origin',(1.75,-4.45,1.5));
#3202=CARTESIAN_POINT('',(2.25,-4.45,1.5));
#3203=CARTESIAN_POINT('',(1.75,-4.45,2.));
#3204=CARTESIAN_POINT('Origin',(1.75,-4.45,1.5));
#3205=CARTESIAN_POINT('',(1.75,-3.95,1.5));
#3206=CARTESIAN_POINT('Origin',(1.75,-4.45,1.5));
#3207=CARTESIAN_POINT('Origin',(1.75,-4.45,1.5));
#3208=CARTESIAN_POINT('Origin',(1.75,-4.45,0.));
#3209=CARTESIAN_POINT('',(1.75,-3.95,0.));
#3210=CARTESIAN_POINT('',(2.25,-4.45,0.));
#3211=CARTESIAN_POINT('Origin',(1.125,-4.45,1.5));
#3212=CARTESIAN_POINT('',(1.125,-4.45,2.));
#3213=CARTESIAN_POINT('',(1.125,-3.95,1.5));
#3214=CARTESIAN_POINT('Origin',(1.75,-6.575,1.5));
#3215=CARTESIAN_POINT('',(1.75,-6.575,2.));
#3216=CARTESIAN_POINT('',(2.25,-6.575,1.5));
#3217=CARTESIAN_POINT('Origin',(-1.125,-6.95,1.5));
#3218=CARTESIAN_POINT('',(-1.125,-6.95,2.));
#3219=CARTESIAN_POINT('',(-1.125,-7.45,1.5));
#3220=CARTESIAN_POINT('Origin',(-2.25,-3.95,0.));
#3221=CARTESIAN_POINT('Origin',(2.25,-3.95,0.));
#3222=CARTESIAN_POINT('Origin',(2.22044604925031E-15,-5.7,2.));
#3223=CARTESIAN_POINT('Origin',(2.25,-7.45,0.));
#3224=CARTESIAN_POINT('Origin',(-2.25,-7.45,0.));
#3225=CARTESIAN_POINT('Origin',(-7.5,0.,-0.5));
#3226=CARTESIAN_POINT('',(-8.5,-4.25,-0.5));
#3227=CARTESIAN_POINT('',(-9.,-3.75,-0.5));
#3228=CARTESIAN_POINT('Origin',(-8.5,-3.75,-0.5));
#3229=CARTESIAN_POINT('',(-9.,3.75,-0.5));
#3230=CARTESIAN_POINT('',(-9.,-5.7,-0.5));
#3231=CARTESIAN_POINT('',(-8.5,4.25,-0.5));
#3232=CARTESIAN_POINT('Origin',(-8.5,3.75,-0.5));
#3233=CARTESIAN_POINT('',(-6.5,4.25,-0.5));
#3234=CARTESIAN_POINT('',(-9.,4.25,-0.5));
#3235=CARTESIAN_POINT('',(-6.,3.75,-0.5));
#3236=CARTESIAN_POINT('Origin',(-6.5,3.75,-0.5));
#3237=CARTESIAN_POINT('',(-6.,-3.75,-0.5));
#3238=CARTESIAN_POINT('',(-6.,5.7,-0.5));
#3239=CARTESIAN_POINT('',(-6.5,-4.25,-0.5));
#3240=CARTESIAN_POINT('Origin',(-6.5,-3.75,-0.5));
#3241=CARTESIAN_POINT('',(-9.,-4.25,-0.5));
#3242=CARTESIAN_POINT('Origin',(-8.5,-3.75,1.5));
#3243=CARTESIAN_POINT('',(-9.,-3.75,1.5));
#3244=CARTESIAN_POINT('',(-8.5,-3.75,2.));
#3245=CARTESIAN_POINT('Origin',(-8.5,-3.75,1.5));
#3246=CARTESIAN_POINT('',(-8.5,-4.25,1.5));
#3247=CARTESIAN_POINT('Origin',(-8.5,-3.75,1.5));
#3248=CARTESIAN_POINT('Origin',(-8.5,-3.75,1.5));
#3249=CARTESIAN_POINT('Origin',(-8.5,-3.75,0.));
#3250=CARTESIAN_POINT('',(-8.5,-4.25,0.));
#3251=CARTESIAN_POINT('',(-9.,-3.75,0.));
#3252=CARTESIAN_POINT('Origin',(-6.5,-3.75,1.5));
#3253=CARTESIAN_POINT('',(-6.5,-4.25,1.5));
#3254=CARTESIAN_POINT('',(-6.5,-3.75,2.));
#3255=CARTESIAN_POINT('Origin',(-6.5,-3.75,1.5));
#3256=CARTESIAN_POINT('',(-6.,-3.75,1.5));
#3257=CARTESIAN_POINT('Origin',(-6.5,-3.75,1.5));
#3258=CARTESIAN_POINT('Origin',(-6.5,-3.75,1.5));
#3259=CARTESIAN_POINT('Origin',(-6.5,-3.75,0.));
#3260=CARTESIAN_POINT('',(-6.,-3.75,0.));
#3261=CARTESIAN_POINT('',(-6.5,-4.25,0.));
#3262=CARTESIAN_POINT('Origin',(-8.5,3.75,1.5));
#3263=CARTESIAN_POINT('',(-8.5,4.25,1.5));
#3264=CARTESIAN_POINT('',(-8.5,3.75,2.));
#3265=CARTESIAN_POINT('Origin',(-8.5,3.75,1.5));
#3266=CARTESIAN_POINT('',(-9.,3.75,1.5));
#3267=CARTESIAN_POINT('Origin',(-8.5,3.75,1.5));
#3268=CARTESIAN_POINT('Origin',(-8.5,3.75,1.5));
#3269=CARTESIAN_POINT('Origin',(-8.5,3.75,0.));
#3270=CARTESIAN_POINT('',(-9.,3.75,0.));
#3271=CARTESIAN_POINT('',(-8.5,4.25,0.));
#3272=CARTESIAN_POINT('Origin',(-8.5,2.125,1.5));
#3273=CARTESIAN_POINT('',(-8.5,2.125,2.));
#3274=CARTESIAN_POINT('',(-9.,2.125,1.5));
#3275=CARTESIAN_POINT('Origin',(-6.5,3.75,1.5));
#3276=CARTESIAN_POINT('',(-6.,3.75,1.5));
#3277=CARTESIAN_POINT('',(-6.5,3.75,2.));
#3278=CARTESIAN_POINT('Origin',(-6.5,3.75,1.5));
#3279=CARTESIAN_POINT('',(-6.5,4.25,1.5));
#3280=CARTESIAN_POINT('Origin',(-6.5,3.75,1.5));
#3281=CARTESIAN_POINT('Origin',(-6.5,3.75,1.5));
#3282=CARTESIAN_POINT('Origin',(-6.5,3.75,0.));
#3283=CARTESIAN_POINT('',(-6.5,4.25,0.));
#3284=CARTESIAN_POINT('',(-6.,3.75,0.));
#3285=CARTESIAN_POINT('Origin',(-6.75,3.75,1.5));
#3286=CARTESIAN_POINT('',(-6.75,3.75,2.));
#3287=CARTESIAN_POINT('',(-6.75,4.25,1.5));
#3288=CARTESIAN_POINT('Origin',(-6.5,-2.125,1.5));
#3289=CARTESIAN_POINT('',(-6.5,-2.125,2.));
#3290=CARTESIAN_POINT('',(-6.,-2.125,1.5));
#3291=CARTESIAN_POINT('Origin',(-8.25,-3.75,1.5));
#3292=CARTESIAN_POINT('',(-8.25,-3.75,2.));
#3293=CARTESIAN_POINT('',(-8.25,-4.25,1.5));
#3294=CARTESIAN_POINT('Origin',(-9.,4.25,0.));
#3295=CARTESIAN_POINT('Origin',(-6.,4.25,0.));
#3296=CARTESIAN_POINT('Origin',(-7.5,0.,2.));
#3297=CARTESIAN_POINT('Origin',(-6.,-4.25,0.));
#3298=CARTESIAN_POINT('Origin',(-9.,-4.25,0.));
#3299=CARTESIAN_POINT('Origin',(7.00000000000002,0.,-0.5));
#3300=CARTESIAN_POINT('',(8.00000000000005,4.,-0.5));
#3301=CARTESIAN_POINT('',(8.50000000000005,3.5,-0.5));
#3302=CARTESIAN_POINT('Origin',(8.00000000000005,3.5,-0.5));
#3303=CARTESIAN_POINT('',(8.50000000000005,-3.5,-0.5));
#3304=CARTESIAN_POINT('',(8.50000000000005,5.7,-0.5));
#3305=CARTESIAN_POINT('',(8.00000000000005,-4.,-0.5));
#3306=CARTESIAN_POINT('Origin',(8.00000000000005,-3.5,-0.5));
#3307=CARTESIAN_POINT('',(6.,-4.,-0.5));
#3308=CARTESIAN_POINT('',(5.49999999999999,-4.,-0.5));
#3309=CARTESIAN_POINT('',(5.49999999999999,-3.5,-0.5));
#3310=CARTESIAN_POINT('Origin',(6.,-3.5,-0.5));
#3311=CARTESIAN_POINT('',(5.5,3.5,-0.5));
#3312=CARTESIAN_POINT('',(5.49999999999999,-5.69999999999996,-0.5));
#3313=CARTESIAN_POINT('',(6.,4.,-0.5));
#3314=CARTESIAN_POINT('Origin',(6.,3.5,-0.5));
#3315=CARTESIAN_POINT('',(5.49999999999999,4.,-0.5));
#3316=CARTESIAN_POINT('Origin',(8.00000000000005,3.5,1.5));
#3317=CARTESIAN_POINT('',(8.50000000000005,3.5,1.5));
#3318=CARTESIAN_POINT('',(8.00000000000005,3.5,2.));
#3319=CARTESIAN_POINT('Origin',(8.00000000000005,3.5,1.5));
#3320=CARTESIAN_POINT('',(8.00000000000005,4.,1.5));
#3321=CARTESIAN_POINT('Origin',(8.00000000000005,3.5,1.5));
#3322=CARTESIAN_POINT('Origin',(8.00000000000005,3.5,1.5));
#3323=CARTESIAN_POINT('Origin',(8.00000000000005,3.5,0.));
#3324=CARTESIAN_POINT('',(8.00000000000005,4.,0.));
#3325=CARTESIAN_POINT('',(8.50000000000005,3.5,0.));
#3326=CARTESIAN_POINT('Origin',(6.,3.5,1.5));
#3327=CARTESIAN_POINT('',(6.,4.,1.5));
#3328=CARTESIAN_POINT('',(6.,3.5,2.));
#3329=CARTESIAN_POINT('Origin',(6.,3.5,1.5));
#3330=CARTESIAN_POINT('',(5.5,3.5,1.5));
#3331=CARTESIAN_POINT('Origin',(6.,3.5,1.5));
#3332=CARTESIAN_POINT('Origin',(6.,3.5,1.5));
#3333=CARTESIAN_POINT('Origin',(6.,3.5,0.));
#3334=CARTESIAN_POINT('',(5.5,3.5,0.));
#3335=CARTESIAN_POINT('',(6.,4.,0.));
#3336=CARTESIAN_POINT('Origin',(8.00000000000005,-3.5,1.5));
#3337=CARTESIAN_POINT('',(8.00000000000005,-4.,1.5));
#3338=CARTESIAN_POINT('',(8.00000000000005,-3.5,2.));
#3339=CARTESIAN_POINT('Origin',(8.00000000000005,-3.5,1.5));
#3340=CARTESIAN_POINT('',(8.50000000000005,-3.5,1.5));
#3341=CARTESIAN_POINT('Origin',(8.00000000000005,-3.5,1.5));
#3342=CARTESIAN_POINT('Origin',(8.00000000000005,-3.5,1.5));
#3343=CARTESIAN_POINT('Origin',(8.00000000000005,-3.5,0.));
#3344=CARTESIAN_POINT('',(8.50000000000005,-3.5,0.));
#3345=CARTESIAN_POINT('',(8.00000000000005,-4.,0.));
#3346=CARTESIAN_POINT('Origin',(8.00000000000005,-2.,1.5));
#3347=CARTESIAN_POINT('',(8.00000000000005,-2.,2.));
#3348=CARTESIAN_POINT('',(8.50000000000005,-2.,1.5));
#3349=CARTESIAN_POINT('Origin',(6.,-3.5,1.5));
#3350=CARTESIAN_POINT('',(5.49999999999999,-3.5,1.5));
#3351=CARTESIAN_POINT('',(6.,-3.5,2.));
#3352=CARTESIAN_POINT('Origin',(6.,-3.5,1.5));
#3353=CARTESIAN_POINT('',(6.,-4.,1.5));
#3354=CARTESIAN_POINT('Origin',(6.,-3.5,1.5));
#3355=CARTESIAN_POINT('Origin',(6.,-3.5,1.5));
#3356=CARTESIAN_POINT('Origin',(6.,-3.5,0.));
#3357=CARTESIAN_POINT('',(6.,-4.,0.));
#3358=CARTESIAN_POINT('',(5.49999999999999,-3.5,0.));
#3359=CARTESIAN_POINT('Origin',(6.25000000000001,-3.5,1.5));
#3360=CARTESIAN_POINT('',(6.25000000000001,-3.5,2.));
#3361=CARTESIAN_POINT('',(6.25000000000001,-4.,1.5));
#3362=CARTESIAN_POINT('Origin',(6.,2.,1.5));
#3363=CARTESIAN_POINT('',(6.,2.,2.));
#3364=CARTESIAN_POINT('',(5.5,2.,1.5));
#3365=CARTESIAN_POINT('Origin',(7.75000000000003,3.5,1.5));
#3366=CARTESIAN_POINT('',(7.75000000000003,3.5,2.));
#3367=CARTESIAN_POINT('',(7.75000000000003,4.,1.5));
#3368=CARTESIAN_POINT('Origin',(8.50000000000005,-4.,0.));
#3369=CARTESIAN_POINT('Origin',(5.49999999999999,-4.,0.));
#3370=CARTESIAN_POINT('Origin',(7.00000000000002,0.,2.));
#3371=CARTESIAN_POINT('Origin',(8.50000000000005,4.,0.));
#3372=CARTESIAN_POINT('Origin',(5.5,4.,0.));
#3373=CARTESIAN_POINT('Origin',(1.38777878078145E-15,5.7,-1.1));
#3374=CARTESIAN_POINT('',(1.75,3.95,-1.1));
#3375=CARTESIAN_POINT('',(2.25,4.45,-1.1));
#3376=CARTESIAN_POINT('Origin',(1.75,4.45,-1.1));
#3377=CARTESIAN_POINT('',(2.25,6.95,-1.1));
#3378=CARTESIAN_POINT('',(2.25,7.45,-1.1));
#3379=CARTESIAN_POINT('',(1.75,7.45,-1.1));
#3380=CARTESIAN_POINT('Origin',(1.75,6.95,-1.1));
#3381=CARTESIAN_POINT('',(-1.75,7.45,-1.1));
#3382=CARTESIAN_POINT('',(-2.25,7.45,-1.1));
#3383=CARTESIAN_POINT('',(-2.25,6.95,-1.1));
#3384=CARTESIAN_POINT('Origin',(-1.75,6.95,-1.1));
#3385=CARTESIAN_POINT('',(-2.25,4.45,-1.1));
#3386=CARTESIAN_POINT('',(-2.25,3.95,-1.1));
#3387=CARTESIAN_POINT('',(-1.75,3.95,-1.1));
#3388=CARTESIAN_POINT('Origin',(-1.75,4.45,-1.1));
#3389=CARTESIAN_POINT('',(2.25,3.95,-1.1));
#3390=CARTESIAN_POINT('Origin',(1.75,4.45,-3.1));
#3391=CARTESIAN_POINT('',(1.75,3.95,-3.1));
#3392=CARTESIAN_POINT('',(1.75,4.45,-3.6));
#3393=CARTESIAN_POINT('Origin',(1.75,4.45,-3.1));
#3394=CARTESIAN_POINT('',(2.25,4.45,-3.1));
#3395=CARTESIAN_POINT('Origin',(1.75,4.45,-3.1));
#3396=CARTESIAN_POINT('Origin',(1.75,4.45,-3.1));
#3397=CARTESIAN_POINT('Origin',(1.75,4.45,-1.6));
#3398=CARTESIAN_POINT('',(1.75,3.95,-1.6));
#3399=CARTESIAN_POINT('',(2.25,4.45,-1.6));
#3400=CARTESIAN_POINT('Origin',(1.75,6.95,-3.1));
#3401=CARTESIAN_POINT('',(2.25,6.95,-3.1));
#3402=CARTESIAN_POINT('',(1.75,6.95,-3.6));
#3403=CARTESIAN_POINT('Origin',(1.75,6.95,-3.1));
#3404=CARTESIAN_POINT('',(1.75,7.45,-3.1));
#3405=CARTESIAN_POINT('Origin',(1.75,6.95,-3.1));
#3406=CARTESIAN_POINT('Origin',(1.75,6.95,-3.1));
#3407=CARTESIAN_POINT('Origin',(1.75,6.95,-1.6));
#3408=CARTESIAN_POINT('',(2.25,6.95,-1.6));
#3409=CARTESIAN_POINT('',(1.75,7.45,-1.6));
#3410=CARTESIAN_POINT('Origin',(-1.75,4.45,-3.1));
#3411=CARTESIAN_POINT('',(-2.25,4.45,-3.1));
#3412=CARTESIAN_POINT('',(-1.75,4.45,-3.6));
#3413=CARTESIAN_POINT('Origin',(-1.75,4.45,-3.1));
#3414=CARTESIAN_POINT('',(-1.75,3.95,-3.1));
#3415=CARTESIAN_POINT('Origin',(-1.75,4.45,-3.1));
#3416=CARTESIAN_POINT('Origin',(-1.75,4.45,-3.1));
#3417=CARTESIAN_POINT('Origin',(-1.75,4.45,-1.6));
#3418=CARTESIAN_POINT('',(-2.25,4.45,-1.6));
#3419=CARTESIAN_POINT('',(-1.75,3.95,-1.6));
#3420=CARTESIAN_POINT('Origin',(-1.125,4.45,-3.1));
#3421=CARTESIAN_POINT('',(-1.125,3.95,-3.1));
#3422=CARTESIAN_POINT('',(-1.125,4.45,-3.6));
#3423=CARTESIAN_POINT('Origin',(-1.75,6.95,-3.1));
#3424=CARTESIAN_POINT('',(-1.75,7.45,-3.1));
#3425=CARTESIAN_POINT('',(-1.75,6.95,-3.6));
#3426=CARTESIAN_POINT('Origin',(-1.75,6.95,-3.1));
#3427=CARTESIAN_POINT('',(-2.25,6.95,-3.1));
#3428=CARTESIAN_POINT('Origin',(-1.75,6.95,-3.1));
#3429=CARTESIAN_POINT('Origin',(-1.75,6.95,-3.1));
#3430=CARTESIAN_POINT('Origin',(-1.75,6.95,-1.6));
#3431=CARTESIAN_POINT('',(-1.75,7.45,-1.6));
#3432=CARTESIAN_POINT('',(-2.25,6.95,-1.6));
#3433=CARTESIAN_POINT('Origin',(-1.75,6.575,-3.1));
#3434=CARTESIAN_POINT('',(-2.25,6.575,-3.1));
#3435=CARTESIAN_POINT('',(-1.75,6.575,-3.6));
#3436=CARTESIAN_POINT('Origin',(1.125,6.95,-3.1));
#3437=CARTESIAN_POINT('',(1.125,7.45,-3.1));
#3438=CARTESIAN_POINT('',(1.125,6.95,-3.6));
#3439=CARTESIAN_POINT('Origin',(1.75,4.825,-3.1));
#3440=CARTESIAN_POINT('',(2.25,4.825,-3.1));
#3441=CARTESIAN_POINT('',(1.75,4.825,-3.6));
#3442=CARTESIAN_POINT('Origin',(-2.25,3.95,-1.6));
#3443=CARTESIAN_POINT('Origin',(-2.25,7.45,-1.6));
#3444=CARTESIAN_POINT('Origin',(1.38777878078145E-15,5.7,-3.6));
#3445=CARTESIAN_POINT('Origin',(2.25,3.95,-1.6));
#3446=CARTESIAN_POINT('Origin',(2.25,7.45,-1.6));
#3447=CARTESIAN_POINT('Origin',(2.22044604925031E-15,-5.7,-1.1));
#3448=CARTESIAN_POINT('',(-2.25,-6.95,-1.1));
#3449=CARTESIAN_POINT('',(-1.75,-7.45,-1.1));
#3450=CARTESIAN_POINT('Origin',(-1.75,-6.95,-1.1));
#3451=CARTESIAN_POINT('',(1.75,-7.45,-1.1));
#3452=CARTESIAN_POINT('',(-2.25,-7.45,-1.1));
#3453=CARTESIAN_POINT('',(2.25,-6.95,-1.1));
#3454=CARTESIAN_POINT('Origin',(1.75,-6.95,-1.1));
#3455=CARTESIAN_POINT('',(2.25,-4.45,-1.1));
#3456=CARTESIAN_POINT('',(2.25,-7.45,-1.1));
#3457=CARTESIAN_POINT('',(1.75,-3.95,-1.1));
#3458=CARTESIAN_POINT('Origin',(1.75,-4.45,-1.1));
#3459=CARTESIAN_POINT('',(-1.75,-3.95,-1.1));
#3460=CARTESIAN_POINT('',(2.25,-3.95,-1.1));
#3461=CARTESIAN_POINT('',(-2.25,-4.45,-1.1));
#3462=CARTESIAN_POINT('Origin',(-1.75,-4.45,-1.1));
#3463=CARTESIAN_POINT('',(-2.25,-3.95,-1.1));
#3464=CARTESIAN_POINT('Origin',(-1.75,-6.95,-3.1));
#3465=CARTESIAN_POINT('',(-2.25,-6.95,-3.1));
#3466=CARTESIAN_POINT('',(-1.75,-6.95,-3.6));
#3467=CARTESIAN_POINT('Origin',(-1.75,-6.95,-3.1));
#3468=CARTESIAN_POINT('',(-1.75,-7.45,-3.1));
#3469=CARTESIAN_POINT('Origin',(-1.75,-6.95,-3.1));
#3470=CARTESIAN_POINT('Origin',(-1.75,-6.95,-3.1));
#3471=CARTESIAN_POINT('Origin',(-1.75,-6.95,-1.6));
#3472=CARTESIAN_POINT('',(-2.25,-6.95,-1.6));
#3473=CARTESIAN_POINT('',(-1.75,-7.45,-1.6));
#3474=CARTESIAN_POINT('Origin',(-1.75,-4.45,-3.1));
#3475=CARTESIAN_POINT('',(-1.75,-3.95,-3.1));
#3476=CARTESIAN_POINT('',(-1.75,-4.45,-3.6));
#3477=CARTESIAN_POINT('Origin',(-1.75,-4.45,-3.1));
#3478=CARTESIAN_POINT('',(-2.25,-4.45,-3.1));
#3479=CARTESIAN_POINT('Origin',(-1.75,-4.45,-3.1));
#3480=CARTESIAN_POINT('Origin',(-1.75,-4.45,-3.1));
#3481=CARTESIAN_POINT('Origin',(-1.75,-4.45,-1.6));
#3482=CARTESIAN_POINT('',(-1.75,-3.95,-1.6));
#3483=CARTESIAN_POINT('',(-2.25,-4.45,-1.6));
#3484=CARTESIAN_POINT('Origin',(-1.75,-4.825,-3.1));
#3485=CARTESIAN_POINT('',(-2.25,-4.825,-3.1));
#3486=CARTESIAN_POINT('',(-1.75,-4.825,-3.6));
#3487=CARTESIAN_POINT('Origin',(1.75,-6.95,-3.1));
#3488=CARTESIAN_POINT('',(1.75,-7.45,-3.1));
#3489=CARTESIAN_POINT('',(1.75,-6.95,-3.6));
#3490=CARTESIAN_POINT('Origin',(1.75,-6.95,-3.1));
#3491=CARTESIAN_POINT('',(2.25,-6.95,-3.1));
#3492=CARTESIAN_POINT('Origin',(1.75,-6.95,-3.1));
#3493=CARTESIAN_POINT('Origin',(1.75,-6.95,-3.1));
#3494=CARTESIAN_POINT('Origin',(1.75,-6.95,-1.6));
#3495=CARTESIAN_POINT('',(1.75,-7.45,-1.6));
#3496=CARTESIAN_POINT('',(2.25,-6.95,-1.6));
#3497=CARTESIAN_POINT('Origin',(1.75,-4.45,-3.1));
#3498=CARTESIAN_POINT('',(2.25,-4.45,-3.1));
#3499=CARTESIAN_POINT('',(1.75,-4.45,-3.6));
#3500=CARTESIAN_POINT('Origin',(1.75,-4.45,-3.1));
#3501=CARTESIAN_POINT('',(1.75,-3.95,-3.1));
#3502=CARTESIAN_POINT('Origin',(1.75,-4.45,-3.1));
#3503=CARTESIAN_POINT('Origin',(1.75,-4.45,-3.1));
#3504=CARTESIAN_POINT('Origin',(1.75,-4.45,-1.6));
#3505=CARTESIAN_POINT('',(2.25,-4.45,-1.6));
#3506=CARTESIAN_POINT('',(1.75,-3.95,-1.6));
#3507=CARTESIAN_POINT('Origin',(1.125,-4.45,-3.1));
#3508=CARTESIAN_POINT('',(1.125,-3.95,-3.1));
#3509=CARTESIAN_POINT('',(1.125,-4.45,-3.6));
#3510=CARTESIAN_POINT('Origin',(1.75,-6.575,-3.1));
#3511=CARTESIAN_POINT('',(2.25,-6.575,-3.1));
#3512=CARTESIAN_POINT('',(1.75,-6.575,-3.6));
#3513=CARTESIAN_POINT('Origin',(-1.125,-6.95,-3.1));
#3514=CARTESIAN_POINT('',(-1.125,-7.45,-3.1));
#3515=CARTESIAN_POINT('',(-1.125,-6.95,-3.6));
#3516=CARTESIAN_POINT('Origin',(-2.25,-3.95,-1.6));
#3517=CARTESIAN_POINT('Origin',(2.25,-3.95,-1.6));
#3518=CARTESIAN_POINT('Origin',(2.22044604925031E-15,-5.7,-3.6));
#3519=CARTESIAN_POINT('Origin',(2.25,-7.45,-1.6));
#3520=CARTESIAN_POINT('Origin',(-2.25,-7.45,-1.6));
#3521=CARTESIAN_POINT('Origin',(-7.5,0.,-1.1));
#3522=CARTESIAN_POINT('',(-9.,-3.75,-1.1));
#3523=CARTESIAN_POINT('',(-8.5,-4.25,-1.1));
#3524=CARTESIAN_POINT('Origin',(-8.5,-3.75,-1.1));
#3525=CARTESIAN_POINT('',(-6.5,-4.25,-1.1));
#3526=CARTESIAN_POINT('',(-9.,-4.25,-1.1));
#3527=CARTESIAN_POINT('',(-6.,-3.75,-1.1));
#3528=CARTESIAN_POINT('Origin',(-6.5,-3.75,-1.1));
#3529=CARTESIAN_POINT('',(-6.,3.75,-1.1));
#3530=CARTESIAN_POINT('',(-6.,5.7,-1.1));
#3531=CARTESIAN_POINT('',(-6.5,4.25,-1.1));
#3532=CARTESIAN_POINT('Origin',(-6.5,3.75,-1.1));
#3533=CARTESIAN_POINT('',(-8.5,4.25,-1.1));
#3534=CARTESIAN_POINT('',(-9.,4.25,-1.1));
#3535=CARTESIAN_POINT('',(-9.,3.75,-1.1));
#3536=CARTESIAN_POINT('Origin',(-8.5,3.75,-1.1));
#3537=CARTESIAN_POINT('',(-9.,-5.7,-1.1));
#3538=CARTESIAN_POINT('Origin',(-8.5,-3.75,-3.1));
#3539=CARTESIAN_POINT('',(-9.,-3.75,-3.1));
#3540=CARTESIAN_POINT('',(-8.5,-3.75,-3.6));
#3541=CARTESIAN_POINT('Origin',(-8.5,-3.75,-3.1));
#3542=CARTESIAN_POINT('',(-8.5,-4.25,-3.1));
#3543=CARTESIAN_POINT('Origin',(-8.5,-3.75,-3.1));
#3544=CARTESIAN_POINT('Origin',(-8.5,-3.75,-3.1));
#3545=CARTESIAN_POINT('Origin',(-8.5,-3.75,-1.6));
#3546=CARTESIAN_POINT('',(-9.,-3.75,-1.6));
#3547=CARTESIAN_POINT('',(-8.5,-4.25,-1.6));
#3548=CARTESIAN_POINT('Origin',(-6.5,-3.75,-3.1));
#3549=CARTESIAN_POINT('',(-6.5,-4.25,-3.1));
#3550=CARTESIAN_POINT('',(-6.5,-3.75,-3.6));
#3551=CARTESIAN_POINT('Origin',(-6.5,-3.75,-3.1));
#3552=CARTESIAN_POINT('',(-6.,-3.75,-3.1));
#3553=CARTESIAN_POINT('Origin',(-6.5,-3.75,-3.1));
#3554=CARTESIAN_POINT('Origin',(-6.5,-3.75,-3.1));
#3555=CARTESIAN_POINT('Origin',(-6.5,-3.75,-1.6));
#3556=CARTESIAN_POINT('',(-6.5,-4.25,-1.6));
#3557=CARTESIAN_POINT('',(-6.,-3.75,-1.6));
#3558=CARTESIAN_POINT('Origin',(-8.5,3.75,-3.1));
#3559=CARTESIAN_POINT('',(-8.5,4.25,-3.1));
#3560=CARTESIAN_POINT('',(-8.5,3.75,-3.6));
#3561=CARTESIAN_POINT('Origin',(-8.5,3.75,-3.1));
#3562=CARTESIAN_POINT('',(-9.,3.75,-3.1));
#3563=CARTESIAN_POINT('Origin',(-8.5,3.75,-3.1));
#3564=CARTESIAN_POINT('Origin',(-8.5,3.75,-3.1));
#3565=CARTESIAN_POINT('Origin',(-8.5,3.75,-1.6));
#3566=CARTESIAN_POINT('',(-8.5,4.25,-1.6));
#3567=CARTESIAN_POINT('',(-9.,3.75,-1.6));
#3568=CARTESIAN_POINT('Origin',(-8.5,2.125,-3.1));
#3569=CARTESIAN_POINT('',(-9.,2.125,-3.1));
#3570=CARTESIAN_POINT('',(-8.5,2.125,-3.6));
#3571=CARTESIAN_POINT('Origin',(-6.5,3.75,-3.1));
#3572=CARTESIAN_POINT('',(-6.,3.75,-3.1));
#3573=CARTESIAN_POINT('',(-6.5,3.75,-3.6));
#3574=CARTESIAN_POINT('Origin',(-6.5,3.75,-3.1));
#3575=CARTESIAN_POINT('',(-6.5,4.25,-3.1));
#3576=CARTESIAN_POINT('Origin',(-6.5,3.75,-3.1));
#3577=CARTESIAN_POINT('Origin',(-6.5,3.75,-3.1));
#3578=CARTESIAN_POINT('Origin',(-6.5,3.75,-1.6));
#3579=CARTESIAN_POINT('',(-6.,3.75,-1.6));
#3580=CARTESIAN_POINT('',(-6.5,4.25,-1.6));
#3581=CARTESIAN_POINT('Origin',(-6.75,3.75,-3.1));
#3582=CARTESIAN_POINT('',(-6.75,4.25,-3.1));
#3583=CARTESIAN_POINT('',(-6.75,3.75,-3.6));
#3584=CARTESIAN_POINT('Origin',(-6.5,-2.125,-3.1));
#3585=CARTESIAN_POINT('',(-6.,-2.125,-3.1));
#3586=CARTESIAN_POINT('',(-6.5,-2.125,-3.6));
#3587=CARTESIAN_POINT('Origin',(-8.25,-3.75,-3.1));
#3588=CARTESIAN_POINT('',(-8.25,-4.25,-3.1));
#3589=CARTESIAN_POINT('',(-8.25,-3.75,-3.6));
#3590=CARTESIAN_POINT('Origin',(-9.,4.25,-1.6));
#3591=CARTESIAN_POINT('Origin',(-6.,4.25,-1.6));
#3592=CARTESIAN_POINT('Origin',(-7.5,0.,-3.6));
#3593=CARTESIAN_POINT('Origin',(-6.,-4.25,-1.6));
#3594=CARTESIAN_POINT('Origin',(-9.,-4.25,-1.6));
#3595=CARTESIAN_POINT('Origin',(7.00000000000002,0.,-1.1));
#3596=CARTESIAN_POINT('',(8.50000000000005,3.5,-1.1));
#3597=CARTESIAN_POINT('',(8.00000000000005,4.,-1.1));
#3598=CARTESIAN_POINT('Origin',(8.00000000000005,3.5,-1.1));
#3599=CARTESIAN_POINT('',(6.,4.,-1.1));
#3600=CARTESIAN_POINT('',(5.49999999999999,4.,-1.1));
#3601=CARTESIAN_POINT('',(5.5,3.5,-1.1));
#3602=CARTESIAN_POINT('Origin',(6.,3.5,-1.1));
#3603=CARTESIAN_POINT('',(5.49999999999999,-3.5,-1.1));
#3604=CARTESIAN_POINT('',(5.49999999999999,-5.69999999999996,-1.1));
#3605=CARTESIAN_POINT('',(6.,-4.,-1.1));
#3606=CARTESIAN_POINT('Origin',(6.,-3.5,-1.1));
#3607=CARTESIAN_POINT('',(8.00000000000005,-4.,-1.1));
#3608=CARTESIAN_POINT('',(5.49999999999999,-4.,-1.1));
#3609=CARTESIAN_POINT('',(8.50000000000005,-3.5,-1.1));
#3610=CARTESIAN_POINT('Origin',(8.00000000000005,-3.5,-1.1));
#3611=CARTESIAN_POINT('',(8.50000000000005,5.7,-1.1));
#3612=CARTESIAN_POINT('Origin',(8.00000000000005,3.5,-3.1));
#3613=CARTESIAN_POINT('',(8.50000000000005,3.5,-3.1));
#3614=CARTESIAN_POINT('',(8.00000000000005,3.5,-3.6));
#3615=CARTESIAN_POINT('Origin',(8.00000000000005,3.5,-3.1));
#3616=CARTESIAN_POINT('',(8.00000000000005,4.,-3.1));
#3617=CARTESIAN_POINT('Origin',(8.00000000000005,3.5,-3.1));
#3618=CARTESIAN_POINT('Origin',(8.00000000000005,3.5,-3.1));
#3619=CARTESIAN_POINT('Origin',(8.00000000000005,3.5,-1.6));
#3620=CARTESIAN_POINT('',(8.50000000000005,3.5,-1.6));
#3621=CARTESIAN_POINT('',(8.00000000000005,4.,-1.6));
#3622=CARTESIAN_POINT('Origin',(6.,3.5,-3.1));
#3623=CARTESIAN_POINT('',(6.,4.,-3.1));
#3624=CARTESIAN_POINT('',(6.,3.5,-3.6));
#3625=CARTESIAN_POINT('Origin',(6.,3.5,-3.1));
#3626=CARTESIAN_POINT('',(5.5,3.5,-3.1));
#3627=CARTESIAN_POINT('Origin',(6.,3.5,-3.1));
#3628=CARTESIAN_POINT('Origin',(6.,3.5,-3.1));
#3629=CARTESIAN_POINT('Origin',(6.,3.5,-1.6));
#3630=CARTESIAN_POINT('',(6.,4.,-1.6));
#3631=CARTESIAN_POINT('',(5.5,3.5,-1.6));
#3632=CARTESIAN_POINT('Origin',(8.00000000000005,-3.5,-3.1));
#3633=CARTESIAN_POINT('',(8.00000000000005,-4.,-3.1));
#3634=CARTESIAN_POINT('',(8.00000000000005,-3.5,-3.6));
#3635=CARTESIAN_POINT('Origin',(8.00000000000005,-3.5,-3.1));
#3636=CARTESIAN_POINT('',(8.50000000000005,-3.5,-3.1));
#3637=CARTESIAN_POINT('Origin',(8.00000000000005,-3.5,-3.1));
#3638=CARTESIAN_POINT('Origin',(8.00000000000005,-3.5,-3.1));
#3639=CARTESIAN_POINT('Origin',(8.00000000000005,-3.5,-1.6));
#3640=CARTESIAN_POINT('',(8.00000000000005,-4.,-1.6));
#3641=CARTESIAN_POINT('',(8.50000000000005,-3.5,-1.6));
#3642=CARTESIAN_POINT('Origin',(8.00000000000005,-2.,-3.1));
#3643=CARTESIAN_POINT('',(8.50000000000005,-2.,-3.1));
#3644=CARTESIAN_POINT('',(8.00000000000005,-2.,-3.6));
#3645=CARTESIAN_POINT('Origin',(6.,-3.5,-3.1));
#3646=CARTESIAN_POINT('',(5.49999999999999,-3.5,-3.1));
#3647=CARTESIAN_POINT('',(6.,-3.5,-3.6));
#3648=CARTESIAN_POINT('Origin',(6.,-3.5,-3.1));
#3649=CARTESIAN_POINT('',(6.,-4.,-3.1));
#3650=CARTESIAN_POINT('Origin',(6.,-3.5,-3.1));
#3651=CARTESIAN_POINT('Origin',(6.,-3.5,-3.1));
#3652=CARTESIAN_POINT('Origin',(6.,-3.5,-1.6));
#3653=CARTESIAN_POINT('',(5.49999999999999,-3.5,-1.6));
#3654=CARTESIAN_POINT('',(6.,-4.,-1.6));
#3655=CARTESIAN_POINT('Origin',(6.25000000000001,-3.5,-3.1));
#3656=CARTESIAN_POINT('',(6.25000000000001,-4.,-3.1));
#3657=CARTESIAN_POINT('',(6.25000000000001,-3.5,-3.6));
#3658=CARTESIAN_POINT('Origin',(6.,2.,-3.1));
#3659=CARTESIAN_POINT('',(5.5,2.,-3.1));
#3660=CARTESIAN_POINT('',(6.,2.,-3.6));
#3661=CARTESIAN_POINT('Origin',(7.75000000000003,3.5,-3.1));
#3662=CARTESIAN_POINT('',(7.75000000000003,4.,-3.1));
#3663=CARTESIAN_POINT('',(7.75000000000003,3.5,-3.6));
#3664=CARTESIAN_POINT('Origin',(8.50000000000005,-4.,-1.6));
#3665=CARTESIAN_POINT('Origin',(5.49999999999999,-4.,-1.6));
#3666=CARTESIAN_POINT('Origin',(7.00000000000002,0.,-3.6));
#3667=CARTESIAN_POINT('Origin',(8.50000000000005,4.,-1.6));
#3668=CARTESIAN_POINT('Origin',(5.5,4.,-1.6));
#3669=UNCERTAINTY_MEASURE_WITH_UNIT(LENGTH_MEASURE(0.01),#3673,
'DISTANCE_ACCURACY_VALUE',
'Maximum model space distance between geometric entities at asserted c
onnectivities');
#3670=UNCERTAINTY_MEASURE_WITH_UNIT(LENGTH_MEASURE(0.01),#3673,
'DISTANCE_ACCURACY_VALUE',
'Maximum model space distance between geometric entities at asserted c
onnectivities');
#3671=(
GEOMETRIC_REPRESENTATION_CONTEXT(3)
GLOBAL_UNCERTAINTY_ASSIGNED_CONTEXT((#3669))
GLOBAL_UNIT_ASSIGNED_CONTEXT((#3673,#3675,#3676))
REPRESENTATION_CONTEXT('','3D')
);
#3672=(
GEOMETRIC_REPRESENTATION_CONTEXT(3)
GLOBAL_UNCERTAINTY_ASSIGNED_CONTEXT((#3670))
GLOBAL_UNIT_ASSIGNED_CONTEXT((#3673,#3675,#3676))
REPRESENTATION_CONTEXT('','3D')
);
#3673=(
LENGTH_UNIT()
NAMED_UNIT(*)
SI_UNIT(.MILLI.,.METRE.)
);
#3674=(
LENGTH_UNIT()
NAMED_UNIT(*)
SI_UNIT($,.METRE.)
);
#3675=(
NAMED_UNIT(*)
PLANE_ANGLE_UNIT()
SI_UNIT($,.RADIAN.)
);
#3676=(
NAMED_UNIT(*)
SI_UNIT($,.STERADIAN.)
SOLID_ANGLE_UNIT()
);
#3677=SHAPE_DEFINITION_REPRESENTATION(#3678,#3679);
#3678=PRODUCT_DEFINITION_SHAPE('',$,#3681);
#3679=SHAPE_REPRESENTATION('',(#2097),#3671);
#3680=PRODUCT_DEFINITION_CONTEXT('part definition',#3685,'design');
#3681=PRODUCT_DEFINITION('EC12-11-BOTTOM','EC12-11-BOTTOM v5',#3682,#3680);
#3682=PRODUCT_DEFINITION_FORMATION('',$,#3687);
#3683=PRODUCT_RELATED_PRODUCT_CATEGORY('EC12-11-BOTTOM v5',
'EC12-11-BOTTOM v5',(#3687));
#3684=APPLICATION_PROTOCOL_DEFINITION('international standard',
'automotive_design',2009,#3685);
#3685=APPLICATION_CONTEXT(
'Core Data for Automotive Mechanical Design Process');
#3686=PRODUCT_CONTEXT('part definition',#3685,'mechanical');
#3687=PRODUCT('EC12-11-BOTTOM','EC12-11-BOTTOM v5',$,(#3686));
#3688=PRESENTATION_STYLE_ASSIGNMENT((#3689));
#3689=SURFACE_STYLE_USAGE(.BOTH.,#3690);
#3690=SURFACE_SIDE_STYLE('',(#3691));
#3691=SURFACE_STYLE_FILL_AREA(#3692);
#3692=FILL_AREA_STYLE('ABS (blanc)',(#3693));
#3693=FILL_AREA_STYLE_COLOUR('ABS (blanc)',#3694);
#3694=COLOUR_RGB('ABS (blanc)',0.215686274509804,0.580392156862745,0.690196078431373);
ENDSEC;
END-ISO-10303-21;
