ISO-10303-21;
HEADER;
/* Generated by software containing ST-Developer
 * from STEP Tools, Inc. (www.steptools.com) 
 */

FILE_DESCRIPTION(
/* description */ (''),
/* implementation_level */ '2;1');

FILE_NAME(
/* name */ 'MCU-rp2040-BOTTOM-FINAL.step',
/* time_stamp */ '2025-08-31T03:30:14+02:00',
/* author */ (''),
/* organization */ (''),
/* preprocessor_version */ 'ST-DEVELOPER v20.1',
/* originating_system */ 'Autodesk Translation Framework v14.10.0.0',
/* authorisation */ '');

FILE_SCHEMA (('AUTOMOTIVE_DESIGN { 1 0 10303 214 3 1 1 }'));
ENDSEC;

DATA;
#10=MECHANICAL_DESIGN_GEOMETRIC_PRESENTATION_REPRESENTATION('',(#13,#14),
#2310);
#11=SHAPE_REPRESENTATION_RELATIONSHIP('SRR','None',#2317,#12);
#12=ADVANCED_BREP_SHAPE_REPRESENTATION('',(#15,#16),#2309);
#13=STYLED_ITEM('',(#2327),#15);
#14=STYLED_ITEM('',(#2327),#16);
#15=MANIFOLD_SOLID_BREP('Corps1',#1303);
#16=MANIFOLD_SOLID_BREP('Corps2',#1304);
#17=TOROIDAL_SURFACE('',#1334,1.,0.5);
#18=TOROIDAL_SURFACE('',#1341,0.999999999999998,0.5);
#19=TOROIDAL_SURFACE('',#1347,1.,0.5);
#20=TOROIDAL_SURFACE('',#1419,1.,0.5);
#21=TOROIDAL_SURFACE('',#1426,0.999999999999998,0.5);
#22=TOROIDAL_SURFACE('',#1432,1.,0.5);
#23=CYLINDRICAL_SURFACE('',#1333,0.5);
#24=CYLINDRICAL_SURFACE('',#1339,0.5);
#25=CYLINDRICAL_SURFACE('',#1340,0.5);
#26=CYLINDRICAL_SURFACE('',#1346,0.5);
#27=CYLINDRICAL_SURFACE('',#1352,0.5);
#28=CYLINDRICAL_SURFACE('',#1353,0.5);
#29=CYLINDRICAL_SURFACE('',#1358,0.5);
#30=CYLINDRICAL_SURFACE('',#1359,0.5);
#31=CYLINDRICAL_SURFACE('',#1364,0.5);
#32=CYLINDRICAL_SURFACE('',#1377,0.5);
#33=CYLINDRICAL_SURFACE('',#1382,0.5);
#34=CYLINDRICAL_SURFACE('',#1383,0.5);
#35=CYLINDRICAL_SURFACE('',#1384,0.5);
#36=CYLINDRICAL_SURFACE('',#1385,0.5);
#37=CYLINDRICAL_SURFACE('',#1386,0.5);
#38=CYLINDRICAL_SURFACE('',#1387,0.5);
#39=CYLINDRICAL_SURFACE('',#1388,0.5);
#40=CYLINDRICAL_SURFACE('',#1389,0.5);
#41=CYLINDRICAL_SURFACE('',#1390,0.5);
#42=CYLINDRICAL_SURFACE('',#1391,0.5);
#43=CYLINDRICAL_SURFACE('',#1418,0.5);
#44=CYLINDRICAL_SURFACE('',#1424,0.5);
#45=CYLINDRICAL_SURFACE('',#1425,0.5);
#46=CYLINDRICAL_SURFACE('',#1431,0.5);
#47=CYLINDRICAL_SURFACE('',#1437,0.5);
#48=CYLINDRICAL_SURFACE('',#1438,0.5);
#49=CYLINDRICAL_SURFACE('',#1443,0.5);
#50=CYLINDRICAL_SURFACE('',#1444,0.5);
#51=CYLINDRICAL_SURFACE('',#1449,0.5);
#52=CYLINDRICAL_SURFACE('',#1462,0.5);
#53=CYLINDRICAL_SURFACE('',#1467,0.5);
#54=CYLINDRICAL_SURFACE('',#1468,0.5);
#55=CYLINDRICAL_SURFACE('',#1469,0.5);
#56=CYLINDRICAL_SURFACE('',#1470,0.5);
#57=CYLINDRICAL_SURFACE('',#1471,0.5);
#58=CYLINDRICAL_SURFACE('',#1472,0.5);
#59=CYLINDRICAL_SURFACE('',#1473,0.5);
#60=CYLINDRICAL_SURFACE('',#1474,0.5);
#61=CYLINDRICAL_SURFACE('',#1475,0.5);
#62=CYLINDRICAL_SURFACE('',#1476,0.5);
#63=SPHERICAL_SURFACE('',#1329,0.5);
#64=SPHERICAL_SURFACE('',#1354,0.5);
#65=SPHERICAL_SURFACE('',#1360,0.5);
#66=SPHERICAL_SURFACE('',#1365,0.5);
#67=SPHERICAL_SURFACE('',#1369,0.5);
#68=SPHERICAL_SURFACE('',#1373,0.5);
#69=SPHERICAL_SURFACE('',#1378,0.5);
#70=SPHERICAL_SURFACE('',#1414,0.5);
#71=SPHERICAL_SURFACE('',#1439,0.5);
#72=SPHERICAL_SURFACE('',#1445,0.5);
#73=SPHERICAL_SURFACE('',#1450,0.5);
#74=SPHERICAL_SURFACE('',#1454,0.5);
#75=SPHERICAL_SURFACE('',#1458,0.5);
#76=SPHERICAL_SURFACE('',#1463,0.5);
#77=FACE_OUTER_BOUND('',#161,.T.);
#78=FACE_OUTER_BOUND('',#162,.T.);
#79=FACE_OUTER_BOUND('',#163,.T.);
#80=FACE_OUTER_BOUND('',#164,.T.);
#81=FACE_OUTER_BOUND('',#165,.T.);
#82=FACE_OUTER_BOUND('',#166,.T.);
#83=FACE_OUTER_BOUND('',#167,.T.);
#84=FACE_OUTER_BOUND('',#168,.T.);
#85=FACE_OUTER_BOUND('',#169,.T.);
#86=FACE_OUTER_BOUND('',#170,.T.);
#87=FACE_OUTER_BOUND('',#171,.T.);
#88=FACE_OUTER_BOUND('',#172,.T.);
#89=FACE_OUTER_BOUND('',#173,.T.);
#90=FACE_OUTER_BOUND('',#174,.T.);
#91=FACE_OUTER_BOUND('',#175,.T.);
#92=FACE_OUTER_BOUND('',#176,.T.);
#93=FACE_OUTER_BOUND('',#177,.T.);
#94=FACE_OUTER_BOUND('',#178,.T.);
#95=FACE_OUTER_BOUND('',#179,.T.);
#96=FACE_OUTER_BOUND('',#180,.T.);
#97=FACE_OUTER_BOUND('',#181,.T.);
#98=FACE_OUTER_BOUND('',#182,.T.);
#99=FACE_OUTER_BOUND('',#183,.T.);
#100=FACE_OUTER_BOUND('',#184,.T.);
#101=FACE_OUTER_BOUND('',#185,.T.);
#102=FACE_OUTER_BOUND('',#186,.T.);
#103=FACE_OUTER_BOUND('',#187,.T.);
#104=FACE_OUTER_BOUND('',#188,.T.);
#105=FACE_OUTER_BOUND('',#189,.T.);
#106=FACE_OUTER_BOUND('',#190,.T.);
#107=FACE_OUTER_BOUND('',#191,.T.);
#108=FACE_OUTER_BOUND('',#192,.T.);
#109=FACE_OUTER_BOUND('',#193,.T.);
#110=FACE_OUTER_BOUND('',#194,.T.);
#111=FACE_OUTER_BOUND('',#195,.T.);
#112=FACE_OUTER_BOUND('',#196,.T.);
#113=FACE_OUTER_BOUND('',#197,.T.);
#114=FACE_OUTER_BOUND('',#198,.T.);
#115=FACE_OUTER_BOUND('',#199,.T.);
#116=FACE_OUTER_BOUND('',#200,.T.);
#117=FACE_OUTER_BOUND('',#201,.T.);
#118=FACE_OUTER_BOUND('',#202,.T.);
#119=FACE_OUTER_BOUND('',#203,.T.);
#120=FACE_OUTER_BOUND('',#204,.T.);
#121=FACE_OUTER_BOUND('',#205,.T.);
#122=FACE_OUTER_BOUND('',#206,.T.);
#123=FACE_OUTER_BOUND('',#207,.T.);
#124=FACE_OUTER_BOUND('',#208,.T.);
#125=FACE_OUTER_BOUND('',#209,.T.);
#126=FACE_OUTER_BOUND('',#210,.T.);
#127=FACE_OUTER_BOUND('',#211,.T.);
#128=FACE_OUTER_BOUND('',#212,.T.);
#129=FACE_OUTER_BOUND('',#213,.T.);
#130=FACE_OUTER_BOUND('',#214,.T.);
#131=FACE_OUTER_BOUND('',#215,.T.);
#132=FACE_OUTER_BOUND('',#216,.T.);
#133=FACE_OUTER_BOUND('',#217,.T.);
#134=FACE_OUTER_BOUND('',#218,.T.);
#135=FACE_OUTER_BOUND('',#219,.T.);
#136=FACE_OUTER_BOUND('',#220,.T.);
#137=FACE_OUTER_BOUND('',#221,.T.);
#138=FACE_OUTER_BOUND('',#222,.T.);
#139=FACE_OUTER_BOUND('',#223,.T.);
#140=FACE_OUTER_BOUND('',#224,.T.);
#141=FACE_OUTER_BOUND('',#225,.T.);
#142=FACE_OUTER_BOUND('',#226,.T.);
#143=FACE_OUTER_BOUND('',#227,.T.);
#144=FACE_OUTER_BOUND('',#228,.T.);
#145=FACE_OUTER_BOUND('',#229,.T.);
#146=FACE_OUTER_BOUND('',#230,.T.);
#147=FACE_OUTER_BOUND('',#231,.T.);
#148=FACE_OUTER_BOUND('',#232,.T.);
#149=FACE_OUTER_BOUND('',#233,.T.);
#150=FACE_OUTER_BOUND('',#234,.T.);
#151=FACE_OUTER_BOUND('',#235,.T.);
#152=FACE_OUTER_BOUND('',#236,.T.);
#153=FACE_OUTER_BOUND('',#237,.T.);
#154=FACE_OUTER_BOUND('',#238,.T.);
#155=FACE_OUTER_BOUND('',#239,.T.);
#156=FACE_OUTER_BOUND('',#240,.T.);
#157=FACE_OUTER_BOUND('',#241,.T.);
#158=FACE_OUTER_BOUND('',#242,.T.);
#159=FACE_OUTER_BOUND('',#243,.T.);
#160=FACE_OUTER_BOUND('',#244,.T.);
#161=EDGE_LOOP('',(#823,#824,#825,#826,#827,#828,#829,#830,#831,#832,#833,
#834,#835,#836,#837,#838,#839,#840,#841,#842));
#162=EDGE_LOOP('',(#843,#844,#845));
#163=EDGE_LOOP('',(#846,#847,#848,#849));
#164=EDGE_LOOP('',(#850,#851,#852,#853));
#165=EDGE_LOOP('',(#854,#855,#856,#857));
#166=EDGE_LOOP('',(#858,#859,#860,#861));
#167=EDGE_LOOP('',(#862,#863,#864,#865));
#168=EDGE_LOOP('',(#866,#867,#868,#869));
#169=EDGE_LOOP('',(#870,#871,#872,#873));
#170=EDGE_LOOP('',(#874,#875,#876,#877));
#171=EDGE_LOOP('',(#878,#879,#880,#881));
#172=EDGE_LOOP('',(#882,#883,#884));
#173=EDGE_LOOP('',(#885,#886,#887,#888));
#174=EDGE_LOOP('',(#889,#890,#891,#892));
#175=EDGE_LOOP('',(#893,#894,#895));
#176=EDGE_LOOP('',(#896,#897,#898,#899));
#177=EDGE_LOOP('',(#900,#901,#902));
#178=EDGE_LOOP('',(#903,#904,#905));
#179=EDGE_LOOP('',(#906,#907,#908));
#180=EDGE_LOOP('',(#909,#910,#911,#912));
#181=EDGE_LOOP('',(#913,#914,#915));
#182=EDGE_LOOP('',(#916,#917,#918,#919));
#183=EDGE_LOOP('',(#920,#921,#922,#923));
#184=EDGE_LOOP('',(#924,#925,#926,#927));
#185=EDGE_LOOP('',(#928,#929,#930,#931));
#186=EDGE_LOOP('',(#932,#933,#934,#935));
#187=EDGE_LOOP('',(#936,#937,#938,#939));
#188=EDGE_LOOP('',(#940,#941,#942,#943));
#189=EDGE_LOOP('',(#944,#945,#946,#947));
#190=EDGE_LOOP('',(#948,#949,#950,#951));
#191=EDGE_LOOP('',(#952,#953,#954,#955));
#192=EDGE_LOOP('',(#956,#957,#958,#959));
#193=EDGE_LOOP('',(#960,#961,#962,#963));
#194=EDGE_LOOP('',(#964,#965,#966,#967));
#195=EDGE_LOOP('',(#968,#969,#970,#971));
#196=EDGE_LOOP('',(#972,#973,#974,#975));
#197=EDGE_LOOP('',(#976,#977,#978,#979,#980,#981,#982,#983,#984,#985,#986,
#987,#988));
#198=EDGE_LOOP('',(#989,#990,#991,#992));
#199=EDGE_LOOP('',(#993,#994,#995,#996));
#200=EDGE_LOOP('',(#997,#998,#999,#1000));
#201=EDGE_LOOP('',(#1001,#1002,#1003,#1004));
#202=EDGE_LOOP('',(#1005,#1006,#1007,#1008));
#203=EDGE_LOOP('',(#1009,#1010,#1011,#1012,#1013,#1014,#1015,#1016,#1017,
#1018,#1019,#1020,#1021,#1022,#1023,#1024,#1025,#1026,#1027,#1028));
#204=EDGE_LOOP('',(#1029,#1030,#1031));
#205=EDGE_LOOP('',(#1032,#1033,#1034,#1035));
#206=EDGE_LOOP('',(#1036,#1037,#1038,#1039));
#207=EDGE_LOOP('',(#1040,#1041,#1042,#1043));
#208=EDGE_LOOP('',(#1044,#1045,#1046,#1047));
#209=EDGE_LOOP('',(#1048,#1049,#1050,#1051));
#210=EDGE_LOOP('',(#1052,#1053,#1054,#1055));
#211=EDGE_LOOP('',(#1056,#1057,#1058,#1059));
#212=EDGE_LOOP('',(#1060,#1061,#1062,#1063));
#213=EDGE_LOOP('',(#1064,#1065,#1066,#1067));
#214=EDGE_LOOP('',(#1068,#1069,#1070));
#215=EDGE_LOOP('',(#1071,#1072,#1073,#1074));
#216=EDGE_LOOP('',(#1075,#1076,#1077,#1078));
#217=EDGE_LOOP('',(#1079,#1080,#1081));
#218=EDGE_LOOP('',(#1082,#1083,#1084,#1085));
#219=EDGE_LOOP('',(#1086,#1087,#1088));
#220=EDGE_LOOP('',(#1089,#1090,#1091));
#221=EDGE_LOOP('',(#1092,#1093,#1094));
#222=EDGE_LOOP('',(#1095,#1096,#1097,#1098));
#223=EDGE_LOOP('',(#1099,#1100,#1101));
#224=EDGE_LOOP('',(#1102,#1103,#1104,#1105));
#225=EDGE_LOOP('',(#1106,#1107,#1108,#1109));
#226=EDGE_LOOP('',(#1110,#1111,#1112,#1113));
#227=EDGE_LOOP('',(#1114,#1115,#1116,#1117));
#228=EDGE_LOOP('',(#1118,#1119,#1120,#1121));
#229=EDGE_LOOP('',(#1122,#1123,#1124,#1125));
#230=EDGE_LOOP('',(#1126,#1127,#1128,#1129));
#231=EDGE_LOOP('',(#1130,#1131,#1132,#1133));
#232=EDGE_LOOP('',(#1134,#1135,#1136,#1137));
#233=EDGE_LOOP('',(#1138,#1139,#1140,#1141));
#234=EDGE_LOOP('',(#1142,#1143,#1144,#1145));
#235=EDGE_LOOP('',(#1146,#1147,#1148,#1149));
#236=EDGE_LOOP('',(#1150,#1151,#1152,#1153));
#237=EDGE_LOOP('',(#1154,#1155,#1156,#1157));
#238=EDGE_LOOP('',(#1158,#1159,#1160,#1161));
#239=EDGE_LOOP('',(#1162,#1163,#1164,#1165,#1166,#1167,#1168,#1169,#1170,
#1171,#1172,#1173,#1174));
#240=EDGE_LOOP('',(#1175,#1176,#1177,#1178));
#241=EDGE_LOOP('',(#1179,#1180,#1181,#1182));
#242=EDGE_LOOP('',(#1183,#1184,#1185,#1186));
#243=EDGE_LOOP('',(#1187,#1188,#1189,#1190));
#244=EDGE_LOOP('',(#1191,#1192,#1193,#1194));
#245=LINE('',#1936,#345);
#246=LINE('',#1940,#346);
#247=LINE('',#1944,#347);
#248=LINE('',#1948,#348);
#249=LINE('',#1952,#349);
#250=LINE('',#1956,#350);
#251=LINE('',#1960,#351);
#252=LINE('',#1964,#352);
#253=LINE('',#1968,#353);
#254=LINE('',#1971,#354);
#255=LINE('',#1980,#355);
#256=LINE('',#1981,#356);
#257=LINE('',#1992,#357);
#258=LINE('',#1993,#358);
#259=LINE('',#1995,#359);
#260=LINE('',#1996,#360);
#261=LINE('',#2007,#361);
#262=LINE('',#2008,#362);
#263=LINE('',#2019,#363);
#264=LINE('',#2020,#364);
#265=LINE('',#2022,#365);
#266=LINE('',#2023,#366);
#267=LINE('',#2032,#367);
#268=LINE('',#2033,#368);
#269=LINE('',#2035,#369);
#270=LINE('',#2036,#370);
#271=LINE('',#2045,#371);
#272=LINE('',#2046,#372);
#273=LINE('',#2069,#373);
#274=LINE('',#2070,#374);
#275=LINE('',#2079,#375);
#276=LINE('',#2080,#376);
#277=LINE('',#2082,#377);
#278=LINE('',#2083,#378);
#279=LINE('',#2085,#379);
#280=LINE('',#2086,#380);
#281=LINE('',#2088,#381);
#282=LINE('',#2089,#382);
#283=LINE('',#2091,#383);
#284=LINE('',#2092,#384);
#285=LINE('',#2094,#385);
#286=LINE('',#2095,#386);
#287=LINE('',#2097,#387);
#288=LINE('',#2098,#388);
#289=LINE('',#2100,#389);
#290=LINE('',#2101,#390);
#291=LINE('',#2103,#391);
#292=LINE('',#2104,#392);
#293=LINE('',#2106,#393);
#294=LINE('',#2107,#394);
#295=LINE('',#2124,#395);
#296=LINE('',#2128,#396);
#297=LINE('',#2132,#397);
#298=LINE('',#2136,#398);
#299=LINE('',#2140,#399);
#300=LINE('',#2144,#400);
#301=LINE('',#2148,#401);
#302=LINE('',#2152,#402);
#303=LINE('',#2156,#403);
#304=LINE('',#2159,#404);
#305=LINE('',#2168,#405);
#306=LINE('',#2169,#406);
#307=LINE('',#2180,#407);
#308=LINE('',#2181,#408);
#309=LINE('',#2183,#409);
#310=LINE('',#2184,#410);
#311=LINE('',#2195,#411);
#312=LINE('',#2196,#412);
#313=LINE('',#2207,#413);
#314=LINE('',#2208,#414);
#315=LINE('',#2210,#415);
#316=LINE('',#2211,#416);
#317=LINE('',#2220,#417);
#318=LINE('',#2221,#418);
#319=LINE('',#2223,#419);
#320=LINE('',#2224,#420);
#321=LINE('',#2233,#421);
#322=LINE('',#2234,#422);
#323=LINE('',#2257,#423);
#324=LINE('',#2258,#424);
#325=LINE('',#2267,#425);
#326=LINE('',#2268,#426);
#327=LINE('',#2270,#427);
#328=LINE('',#2271,#428);
#329=LINE('',#2273,#429);
#330=LINE('',#2274,#430);
#331=LINE('',#2276,#431);
#332=LINE('',#2277,#432);
#333=LINE('',#2279,#433);
#334=LINE('',#2280,#434);
#335=LINE('',#2282,#435);
#336=LINE('',#2283,#436);
#337=LINE('',#2285,#437);
#338=LINE('',#2286,#438);
#339=LINE('',#2288,#439);
#340=LINE('',#2289,#440);
#341=LINE('',#2291,#441);
#342=LINE('',#2292,#442);
#343=LINE('',#2294,#443);
#344=LINE('',#2295,#444);
#345=VECTOR('',#1494,10.);
#346=VECTOR('',#1497,10.);
#347=VECTOR('',#1500,10.);
#348=VECTOR('',#1503,10.);
#349=VECTOR('',#1506,10.);
#350=VECTOR('',#1509,10.);
#351=VECTOR('',#1512,10.);
#352=VECTOR('',#1515,10.);
#353=VECTOR('',#1518,10.);
#354=VECTOR('',#1521,10.);
#355=VECTOR('',#1532,10.);
#356=VECTOR('',#1533,10.);
#357=VECTOR('',#1546,10.);
#358=VECTOR('',#1547,10.);
#359=VECTOR('',#1550,10.);
#360=VECTOR('',#1551,10.);
#361=VECTOR('',#1564,10.);
#362=VECTOR('',#1565,10.);
#363=VECTOR('',#1578,10.);
#364=VECTOR('',#1579,10.);
#365=VECTOR('',#1582,10.);
#366=VECTOR('',#1583,10.);
#367=VECTOR('',#1594,10.);
#368=VECTOR('',#1595,10.);
#369=VECTOR('',#1598,10.);
#370=VECTOR('',#1599,10.);
#371=VECTOR('',#1610,10.);
#372=VECTOR('',#1611,10.);
#373=VECTOR('',#1638,10.);
#374=VECTOR('',#1639,10.);
#375=VECTOR('',#1650,10.);
#376=VECTOR('',#1651,10.);
#377=VECTOR('',#1654,10.);
#378=VECTOR('',#1655,10.);
#379=VECTOR('',#1658,10.);
#380=VECTOR('',#1659,10.);
#381=VECTOR('',#1662,10.);
#382=VECTOR('',#1663,10.);
#383=VECTOR('',#1666,10.);
#384=VECTOR('',#1667,10.);
#385=VECTOR('',#1670,10.);
#386=VECTOR('',#1671,10.);
#387=VECTOR('',#1674,10.);
#388=VECTOR('',#1675,10.);
#389=VECTOR('',#1678,10.);
#390=VECTOR('',#1679,10.);
#391=VECTOR('',#1682,10.);
#392=VECTOR('',#1683,10.);
#393=VECTOR('',#1686,10.);
#394=VECTOR('',#1687,10.);
#395=VECTOR('',#1714,10.);
#396=VECTOR('',#1717,10.);
#397=VECTOR('',#1720,10.);
#398=VECTOR('',#1723,10.);
#399=VECTOR('',#1726,10.);
#400=VECTOR('',#1729,10.);
#401=VECTOR('',#1732,10.);
#402=VECTOR('',#1735,10.);
#403=VECTOR('',#1738,10.);
#404=VECTOR('',#1741,10.);
#405=VECTOR('',#1752,10.);
#406=VECTOR('',#1753,10.);
#407=VECTOR('',#1766,10.);
#408=VECTOR('',#1767,10.);
#409=VECTOR('',#1770,10.);
#410=VECTOR('',#1771,10.);
#411=VECTOR('',#1784,10.);
#412=VECTOR('',#1785,10.);
#413=VECTOR('',#1798,10.);
#414=VECTOR('',#1799,10.);
#415=VECTOR('',#1802,10.);
#416=VECTOR('',#1803,10.);
#417=VECTOR('',#1814,10.);
#418=VECTOR('',#1815,10.);
#419=VECTOR('',#1818,10.);
#420=VECTOR('',#1819,10.);
#421=VECTOR('',#1830,10.);
#422=VECTOR('',#1831,10.);
#423=VECTOR('',#1858,10.);
#424=VECTOR('',#1859,10.);
#425=VECTOR('',#1870,10.);
#426=VECTOR('',#1871,10.);
#427=VECTOR('',#1874,10.);
#428=VECTOR('',#1875,10.);
#429=VECTOR('',#1878,10.);
#430=VECTOR('',#1879,10.);
#431=VECTOR('',#1882,10.);
#432=VECTOR('',#1883,10.);
#433=VECTOR('',#1886,10.);
#434=VECTOR('',#1887,10.);
#435=VECTOR('',#1890,10.);
#436=VECTOR('',#1891,10.);
#437=VECTOR('',#1894,10.);
#438=VECTOR('',#1895,10.);
#439=VECTOR('',#1898,10.);
#440=VECTOR('',#1899,10.);
#441=VECTOR('',#1902,10.);
#442=VECTOR('',#1903,10.);
#443=VECTOR('',#1906,10.);
#444=VECTOR('',#1907,10.);
#445=CIRCLE('',#1319,0.5);
#446=CIRCLE('',#1320,0.5);
#447=CIRCLE('',#1321,0.5);
#448=CIRCLE('',#1322,0.5);
#449=CIRCLE('',#1323,0.5);
#450=CIRCLE('',#1324,0.5);
#451=CIRCLE('',#1325,0.5);
#452=CIRCLE('',#1326,0.5);
#453=CIRCLE('',#1327,0.5);
#454=CIRCLE('',#1328,0.5);
#455=CIRCLE('',#1330,0.5);
#456=CIRCLE('',#1331,0.5);
#457=CIRCLE('',#1332,0.5);
#458=CIRCLE('',#1335,0.5);
#459=CIRCLE('',#1336,0.5);
#460=CIRCLE('',#1337,0.5);
#461=CIRCLE('',#1338,1.);
#462=CIRCLE('',#1342,0.5);
#463=CIRCLE('',#1343,0.5);
#464=CIRCLE('',#1344,0.5);
#465=CIRCLE('',#1345,1.);
#466=CIRCLE('',#1348,0.5);
#467=CIRCLE('',#1349,0.5);
#468=CIRCLE('',#1350,0.5);
#469=CIRCLE('',#1351,1.);
#470=CIRCLE('',#1355,0.5);
#471=CIRCLE('',#1356,0.5);
#472=CIRCLE('',#1357,0.5);
#473=CIRCLE('',#1361,0.5);
#474=CIRCLE('',#1362,0.5);
#475=CIRCLE('',#1363,0.5);
#476=CIRCLE('',#1366,0.5);
#477=CIRCLE('',#1367,0.5);
#478=CIRCLE('',#1368,0.5);
#479=CIRCLE('',#1370,0.5);
#480=CIRCLE('',#1371,0.5);
#481=CIRCLE('',#1372,0.5);
#482=CIRCLE('',#1374,0.5);
#483=CIRCLE('',#1375,0.5);
#484=CIRCLE('',#1376,0.5);
#485=CIRCLE('',#1379,0.5);
#486=CIRCLE('',#1380,0.5);
#487=CIRCLE('',#1381,0.5);
#488=CIRCLE('',#1404,0.5);
#489=CIRCLE('',#1405,0.5);
#490=CIRCLE('',#1406,0.5);
#491=CIRCLE('',#1407,0.5);
#492=CIRCLE('',#1408,0.5);
#493=CIRCLE('',#1409,0.5);
#494=CIRCLE('',#1410,0.5);
#495=CIRCLE('',#1411,0.5);
#496=CIRCLE('',#1412,0.5);
#497=CIRCLE('',#1413,0.5);
#498=CIRCLE('',#1415,0.5);
#499=CIRCLE('',#1416,0.5);
#500=CIRCLE('',#1417,0.5);
#501=CIRCLE('',#1420,0.5);
#502=CIRCLE('',#1421,1.);
#503=CIRCLE('',#1422,0.5);
#504=CIRCLE('',#1423,0.5);
#505=CIRCLE('',#1427,0.5);
#506=CIRCLE('',#1428,1.);
#507=CIRCLE('',#1429,0.5);
#508=CIRCLE('',#1430,0.5);
#509=CIRCLE('',#1433,0.5);
#510=CIRCLE('',#1434,1.);
#511=CIRCLE('',#1435,0.5);
#512=CIRCLE('',#1436,0.5);
#513=CIRCLE('',#1440,0.5);
#514=CIRCLE('',#1441,0.5);
#515=CIRCLE('',#1442,0.5);
#516=CIRCLE('',#1446,0.5);
#517=CIRCLE('',#1447,0.5);
#518=CIRCLE('',#1448,0.5);
#519=CIRCLE('',#1451,0.5);
#520=CIRCLE('',#1452,0.5);
#521=CIRCLE('',#1453,0.5);
#522=CIRCLE('',#1455,0.5);
#523=CIRCLE('',#1456,0.5);
#524=CIRCLE('',#1457,0.5);
#525=CIRCLE('',#1459,0.5);
#526=CIRCLE('',#1460,0.5);
#527=CIRCLE('',#1461,0.5);
#528=CIRCLE('',#1464,0.5);
#529=CIRCLE('',#1465,0.5);
#530=CIRCLE('',#1466,0.5);
#531=VERTEX_POINT('',#1932);
#532=VERTEX_POINT('',#1933);
#533=VERTEX_POINT('',#1935);
#534=VERTEX_POINT('',#1937);
#535=VERTEX_POINT('',#1939);
#536=VERTEX_POINT('',#1941);
#537=VERTEX_POINT('',#1943);
#538=VERTEX_POINT('',#1945);
#539=VERTEX_POINT('',#1947);
#540=VERTEX_POINT('',#1949);
#541=VERTEX_POINT('',#1951);
#542=VERTEX_POINT('',#1953);
#543=VERTEX_POINT('',#1955);
#544=VERTEX_POINT('',#1957);
#545=VERTEX_POINT('',#1959);
#546=VERTEX_POINT('',#1961);
#547=VERTEX_POINT('',#1963);
#548=VERTEX_POINT('',#1965);
#549=VERTEX_POINT('',#1967);
#550=VERTEX_POINT('',#1969);
#551=VERTEX_POINT('',#1973);
#552=VERTEX_POINT('',#1974);
#553=VERTEX_POINT('',#1976);
#554=VERTEX_POINT('',#1983);
#555=VERTEX_POINT('',#1984);
#556=VERTEX_POINT('',#1986);
#557=VERTEX_POINT('',#1988);
#558=VERTEX_POINT('',#1998);
#559=VERTEX_POINT('',#1999);
#560=VERTEX_POINT('',#2001);
#561=VERTEX_POINT('',#2003);
#562=VERTEX_POINT('',#2010);
#563=VERTEX_POINT('',#2011);
#564=VERTEX_POINT('',#2013);
#565=VERTEX_POINT('',#2015);
#566=VERTEX_POINT('',#2025);
#567=VERTEX_POINT('',#2026);
#568=VERTEX_POINT('',#2028);
#569=VERTEX_POINT('',#2038);
#570=VERTEX_POINT('',#2039);
#571=VERTEX_POINT('',#2041);
#572=VERTEX_POINT('',#2048);
#573=VERTEX_POINT('',#2049);
#574=VERTEX_POINT('',#2051);
#575=VERTEX_POINT('',#2055);
#576=VERTEX_POINT('',#2056);
#577=VERTEX_POINT('',#2058);
#578=VERTEX_POINT('',#2062);
#579=VERTEX_POINT('',#2063);
#580=VERTEX_POINT('',#2065);
#581=VERTEX_POINT('',#2072);
#582=VERTEX_POINT('',#2073);
#583=VERTEX_POINT('',#2075);
#584=VERTEX_POINT('',#2120);
#585=VERTEX_POINT('',#2121);
#586=VERTEX_POINT('',#2123);
#587=VERTEX_POINT('',#2125);
#588=VERTEX_POINT('',#2127);
#589=VERTEX_POINT('',#2129);
#590=VERTEX_POINT('',#2131);
#591=VERTEX_POINT('',#2133);
#592=VERTEX_POINT('',#2135);
#593=VERTEX_POINT('',#2137);
#594=VERTEX_POINT('',#2139);
#595=VERTEX_POINT('',#2141);
#596=VERTEX_POINT('',#2143);
#597=VERTEX_POINT('',#2145);
#598=VERTEX_POINT('',#2147);
#599=VERTEX_POINT('',#2149);
#600=VERTEX_POINT('',#2151);
#601=VERTEX_POINT('',#2153);
#602=VERTEX_POINT('',#2155);
#603=VERTEX_POINT('',#2157);
#604=VERTEX_POINT('',#2161);
#605=VERTEX_POINT('',#2162);
#606=VERTEX_POINT('',#2164);
#607=VERTEX_POINT('',#2171);
#608=VERTEX_POINT('',#2172);
#609=VERTEX_POINT('',#2174);
#610=VERTEX_POINT('',#2176);
#611=VERTEX_POINT('',#2186);
#612=VERTEX_POINT('',#2187);
#613=VERTEX_POINT('',#2189);
#614=VERTEX_POINT('',#2191);
#615=VERTEX_POINT('',#2198);
#616=VERTEX_POINT('',#2199);
#617=VERTEX_POINT('',#2201);
#618=VERTEX_POINT('',#2203);
#619=VERTEX_POINT('',#2213);
#620=VERTEX_POINT('',#2214);
#621=VERTEX_POINT('',#2216);
#622=VERTEX_POINT('',#2226);
#623=VERTEX_POINT('',#2227);
#624=VERTEX_POINT('',#2229);
#625=VERTEX_POINT('',#2236);
#626=VERTEX_POINT('',#2237);
#627=VERTEX_POINT('',#2239);
#628=VERTEX_POINT('',#2243);
#629=VERTEX_POINT('',#2244);
#630=VERTEX_POINT('',#2246);
#631=VERTEX_POINT('',#2250);
#632=VERTEX_POINT('',#2251);
#633=VERTEX_POINT('',#2253);
#634=VERTEX_POINT('',#2260);
#635=VERTEX_POINT('',#2261);
#636=VERTEX_POINT('',#2263);
#637=EDGE_CURVE('',#531,#532,#445,.T.);
#638=EDGE_CURVE('',#532,#533,#245,.T.);
#639=EDGE_CURVE('',#533,#534,#446,.T.);
#640=EDGE_CURVE('',#534,#535,#246,.T.);
#641=EDGE_CURVE('',#535,#536,#447,.T.);
#642=EDGE_CURVE('',#536,#537,#247,.T.);
#643=EDGE_CURVE('',#537,#538,#448,.T.);
#644=EDGE_CURVE('',#538,#539,#248,.T.);
#645=EDGE_CURVE('',#539,#540,#449,.T.);
#646=EDGE_CURVE('',#540,#541,#249,.T.);
#647=EDGE_CURVE('',#541,#542,#450,.T.);
#648=EDGE_CURVE('',#542,#543,#250,.T.);
#649=EDGE_CURVE('',#543,#544,#451,.T.);
#650=EDGE_CURVE('',#544,#545,#251,.T.);
#651=EDGE_CURVE('',#545,#546,#452,.T.);
#652=EDGE_CURVE('',#546,#547,#252,.T.);
#653=EDGE_CURVE('',#547,#548,#453,.T.);
#654=EDGE_CURVE('',#548,#549,#253,.T.);
#655=EDGE_CURVE('',#549,#550,#454,.T.);
#656=EDGE_CURVE('',#550,#531,#254,.T.);
#657=EDGE_CURVE('',#551,#552,#455,.F.);
#658=EDGE_CURVE('',#553,#551,#456,.F.);
#659=EDGE_CURVE('',#552,#553,#457,.F.);
#660=EDGE_CURVE('',#531,#553,#255,.T.);
#661=EDGE_CURVE('',#551,#532,#256,.T.);
#662=EDGE_CURVE('',#554,#555,#458,.T.);
#663=EDGE_CURVE('',#556,#554,#459,.F.);
#664=EDGE_CURVE('',#557,#556,#460,.T.);
#665=EDGE_CURVE('',#557,#555,#461,.T.);
#666=EDGE_CURVE('',#533,#556,#257,.T.);
#667=EDGE_CURVE('',#554,#534,#258,.T.);
#668=EDGE_CURVE('',#552,#557,#259,.T.);
#669=EDGE_CURVE('',#556,#551,#260,.T.);
#670=EDGE_CURVE('',#558,#559,#462,.T.);
#671=EDGE_CURVE('',#560,#558,#463,.F.);
#672=EDGE_CURVE('',#561,#560,#464,.T.);
#673=EDGE_CURVE('',#561,#559,#465,.T.);
#674=EDGE_CURVE('',#549,#560,#261,.T.);
#675=EDGE_CURVE('',#558,#550,#262,.T.);
#676=EDGE_CURVE('',#562,#563,#466,.T.);
#677=EDGE_CURVE('',#564,#562,#467,.F.);
#678=EDGE_CURVE('',#565,#564,#468,.T.);
#679=EDGE_CURVE('',#565,#563,#469,.T.);
#680=EDGE_CURVE('',#535,#564,#263,.T.);
#681=EDGE_CURVE('',#562,#536,#264,.T.);
#682=EDGE_CURVE('',#555,#565,#265,.T.);
#683=EDGE_CURVE('',#564,#554,#266,.T.);
#684=EDGE_CURVE('',#566,#567,#470,.F.);
#685=EDGE_CURVE('',#568,#566,#471,.F.);
#686=EDGE_CURVE('',#567,#568,#472,.F.);
#687=EDGE_CURVE('',#566,#561,#267,.T.);
#688=EDGE_CURVE('',#560,#568,#268,.T.);
#689=EDGE_CURVE('',#567,#547,#269,.T.);
#690=EDGE_CURVE('',#568,#548,#270,.T.);
#691=EDGE_CURVE('',#569,#570,#473,.F.);
#692=EDGE_CURVE('',#571,#569,#474,.F.);
#693=EDGE_CURVE('',#570,#571,#475,.F.);
#694=EDGE_CURVE('',#569,#562,#271,.T.);
#695=EDGE_CURVE('',#563,#571,#272,.T.);
#696=EDGE_CURVE('',#572,#573,#476,.F.);
#697=EDGE_CURVE('',#574,#572,#477,.F.);
#698=EDGE_CURVE('',#573,#574,#478,.F.);
#699=EDGE_CURVE('',#575,#576,#479,.F.);
#700=EDGE_CURVE('',#577,#575,#480,.F.);
#701=EDGE_CURVE('',#576,#577,#481,.F.);
#702=EDGE_CURVE('',#578,#579,#482,.F.);
#703=EDGE_CURVE('',#580,#578,#483,.F.);
#704=EDGE_CURVE('',#579,#580,#484,.F.);
#705=EDGE_CURVE('',#543,#580,#273,.T.);
#706=EDGE_CURVE('',#578,#544,#274,.T.);
#707=EDGE_CURVE('',#581,#582,#485,.F.);
#708=EDGE_CURVE('',#583,#581,#486,.F.);
#709=EDGE_CURVE('',#582,#583,#487,.F.);
#710=EDGE_CURVE('',#541,#583,#275,.T.);
#711=EDGE_CURVE('',#581,#542,#276,.T.);
#712=EDGE_CURVE('',#575,#582,#277,.T.);
#713=EDGE_CURVE('',#583,#577,#278,.T.);
#714=EDGE_CURVE('',#582,#579,#279,.T.);
#715=EDGE_CURVE('',#580,#581,#280,.T.);
#716=EDGE_CURVE('',#572,#578,#281,.T.);
#717=EDGE_CURVE('',#579,#574,#282,.T.);
#718=EDGE_CURVE('',#576,#539,#283,.T.);
#719=EDGE_CURVE('',#577,#540,#284,.T.);
#720=EDGE_CURVE('',#576,#570,#285,.T.);
#721=EDGE_CURVE('',#571,#575,#286,.T.);
#722=EDGE_CURVE('',#567,#573,#287,.T.);
#723=EDGE_CURVE('',#574,#566,#288,.T.);
#724=EDGE_CURVE('',#545,#572,#289,.T.);
#725=EDGE_CURVE('',#573,#546,#290,.T.);
#726=EDGE_CURVE('',#569,#537,#291,.T.);
#727=EDGE_CURVE('',#570,#538,#292,.T.);
#728=EDGE_CURVE('',#559,#552,#293,.T.);
#729=EDGE_CURVE('',#553,#558,#294,.T.);
#730=EDGE_CURVE('',#584,#585,#488,.T.);
#731=EDGE_CURVE('',#585,#586,#295,.T.);
#732=EDGE_CURVE('',#586,#587,#489,.T.);
#733=EDGE_CURVE('',#587,#588,#296,.T.);
#734=EDGE_CURVE('',#588,#589,#490,.T.);
#735=EDGE_CURVE('',#589,#590,#297,.T.);
#736=EDGE_CURVE('',#590,#591,#491,.T.);
#737=EDGE_CURVE('',#591,#592,#298,.T.);
#738=EDGE_CURVE('',#592,#593,#492,.T.);
#739=EDGE_CURVE('',#593,#594,#299,.T.);
#740=EDGE_CURVE('',#594,#595,#493,.T.);
#741=EDGE_CURVE('',#595,#596,#300,.T.);
#742=EDGE_CURVE('',#596,#597,#494,.T.);
#743=EDGE_CURVE('',#597,#598,#301,.T.);
#744=EDGE_CURVE('',#598,#599,#495,.T.);
#745=EDGE_CURVE('',#599,#600,#302,.T.);
#746=EDGE_CURVE('',#600,#601,#496,.T.);
#747=EDGE_CURVE('',#601,#602,#303,.T.);
#748=EDGE_CURVE('',#602,#603,#497,.T.);
#749=EDGE_CURVE('',#603,#584,#304,.T.);
#750=EDGE_CURVE('',#604,#605,#498,.F.);
#751=EDGE_CURVE('',#605,#606,#499,.F.);
#752=EDGE_CURVE('',#606,#604,#500,.F.);
#753=EDGE_CURVE('',#604,#584,#305,.T.);
#754=EDGE_CURVE('',#606,#585,#306,.T.);
#755=EDGE_CURVE('',#607,#608,#501,.T.);
#756=EDGE_CURVE('',#609,#608,#502,.T.);
#757=EDGE_CURVE('',#609,#610,#503,.T.);
#758=EDGE_CURVE('',#610,#607,#504,.F.);
#759=EDGE_CURVE('',#607,#602,#307,.T.);
#760=EDGE_CURVE('',#603,#610,#308,.T.);
#761=EDGE_CURVE('',#610,#604,#309,.T.);
#762=EDGE_CURVE('',#605,#609,#310,.T.);
#763=EDGE_CURVE('',#611,#612,#505,.T.);
#764=EDGE_CURVE('',#613,#612,#506,.T.);
#765=EDGE_CURVE('',#613,#614,#507,.T.);
#766=EDGE_CURVE('',#614,#611,#508,.F.);
#767=EDGE_CURVE('',#611,#586,#311,.T.);
#768=EDGE_CURVE('',#587,#614,#312,.T.);
#769=EDGE_CURVE('',#615,#616,#509,.T.);
#770=EDGE_CURVE('',#617,#616,#510,.T.);
#771=EDGE_CURVE('',#617,#618,#511,.T.);
#772=EDGE_CURVE('',#618,#615,#512,.F.);
#773=EDGE_CURVE('',#615,#600,#313,.T.);
#774=EDGE_CURVE('',#601,#618,#314,.T.);
#775=EDGE_CURVE('',#618,#607,#315,.T.);
#776=EDGE_CURVE('',#608,#617,#316,.T.);
#777=EDGE_CURVE('',#619,#620,#513,.F.);
#778=EDGE_CURVE('',#620,#621,#514,.F.);
#779=EDGE_CURVE('',#621,#619,#515,.F.);
#780=EDGE_CURVE('',#614,#621,#317,.T.);
#781=EDGE_CURVE('',#619,#613,#318,.T.);
#782=EDGE_CURVE('',#621,#588,#319,.T.);
#783=EDGE_CURVE('',#589,#620,#320,.T.);
#784=EDGE_CURVE('',#622,#623,#516,.F.);
#785=EDGE_CURVE('',#623,#624,#517,.F.);
#786=EDGE_CURVE('',#624,#622,#518,.F.);
#787=EDGE_CURVE('',#616,#624,#321,.T.);
#788=EDGE_CURVE('',#622,#615,#322,.T.);
#789=EDGE_CURVE('',#625,#626,#519,.F.);
#790=EDGE_CURVE('',#626,#627,#520,.F.);
#791=EDGE_CURVE('',#627,#625,#521,.F.);
#792=EDGE_CURVE('',#628,#629,#522,.F.);
#793=EDGE_CURVE('',#629,#630,#523,.F.);
#794=EDGE_CURVE('',#630,#628,#524,.F.);
#795=EDGE_CURVE('',#631,#632,#525,.F.);
#796=EDGE_CURVE('',#632,#633,#526,.F.);
#797=EDGE_CURVE('',#633,#631,#527,.F.);
#798=EDGE_CURVE('',#631,#592,#323,.T.);
#799=EDGE_CURVE('',#593,#633,#324,.T.);
#800=EDGE_CURVE('',#634,#635,#528,.F.);
#801=EDGE_CURVE('',#635,#636,#529,.F.);
#802=EDGE_CURVE('',#636,#634,#530,.F.);
#803=EDGE_CURVE('',#634,#594,#325,.T.);
#804=EDGE_CURVE('',#595,#636,#326,.T.);
#805=EDGE_CURVE('',#636,#630,#327,.T.);
#806=EDGE_CURVE('',#628,#635,#328,.T.);
#807=EDGE_CURVE('',#633,#634,#329,.T.);
#808=EDGE_CURVE('',#635,#632,#330,.T.);
#809=EDGE_CURVE('',#632,#627,#331,.T.);
#810=EDGE_CURVE('',#625,#631,#332,.T.);
#811=EDGE_CURVE('',#630,#596,#333,.T.);
#812=EDGE_CURVE('',#597,#629,#334,.T.);
#813=EDGE_CURVE('',#624,#628,#335,.T.);
#814=EDGE_CURVE('',#629,#623,#336,.T.);
#815=EDGE_CURVE('',#627,#619,#337,.T.);
#816=EDGE_CURVE('',#620,#626,#338,.T.);
#817=EDGE_CURVE('',#626,#590,#339,.T.);
#818=EDGE_CURVE('',#591,#625,#340,.T.);
#819=EDGE_CURVE('',#623,#598,#341,.T.);
#820=EDGE_CURVE('',#599,#622,#342,.T.);
#821=EDGE_CURVE('',#606,#611,#343,.T.);
#822=EDGE_CURVE('',#612,#605,#344,.T.);
#823=ORIENTED_EDGE('',*,*,#637,.T.);
#824=ORIENTED_EDGE('',*,*,#638,.T.);
#825=ORIENTED_EDGE('',*,*,#639,.T.);
#826=ORIENTED_EDGE('',*,*,#640,.T.);
#827=ORIENTED_EDGE('',*,*,#641,.T.);
#828=ORIENTED_EDGE('',*,*,#642,.T.);
#829=ORIENTED_EDGE('',*,*,#643,.T.);
#830=ORIENTED_EDGE('',*,*,#644,.T.);
#831=ORIENTED_EDGE('',*,*,#645,.T.);
#832=ORIENTED_EDGE('',*,*,#646,.T.);
#833=ORIENTED_EDGE('',*,*,#647,.T.);
#834=ORIENTED_EDGE('',*,*,#648,.T.);
#835=ORIENTED_EDGE('',*,*,#649,.T.);
#836=ORIENTED_EDGE('',*,*,#650,.T.);
#837=ORIENTED_EDGE('',*,*,#651,.T.);
#838=ORIENTED_EDGE('',*,*,#652,.T.);
#839=ORIENTED_EDGE('',*,*,#653,.T.);
#840=ORIENTED_EDGE('',*,*,#654,.T.);
#841=ORIENTED_EDGE('',*,*,#655,.T.);
#842=ORIENTED_EDGE('',*,*,#656,.T.);
#843=ORIENTED_EDGE('',*,*,#657,.F.);
#844=ORIENTED_EDGE('',*,*,#658,.F.);
#845=ORIENTED_EDGE('',*,*,#659,.F.);
#846=ORIENTED_EDGE('',*,*,#660,.T.);
#847=ORIENTED_EDGE('',*,*,#658,.T.);
#848=ORIENTED_EDGE('',*,*,#661,.T.);
#849=ORIENTED_EDGE('',*,*,#637,.F.);
#850=ORIENTED_EDGE('',*,*,#662,.F.);
#851=ORIENTED_EDGE('',*,*,#663,.F.);
#852=ORIENTED_EDGE('',*,*,#664,.F.);
#853=ORIENTED_EDGE('',*,*,#665,.T.);
#854=ORIENTED_EDGE('',*,*,#666,.T.);
#855=ORIENTED_EDGE('',*,*,#663,.T.);
#856=ORIENTED_EDGE('',*,*,#667,.T.);
#857=ORIENTED_EDGE('',*,*,#639,.F.);
#858=ORIENTED_EDGE('',*,*,#657,.T.);
#859=ORIENTED_EDGE('',*,*,#668,.T.);
#860=ORIENTED_EDGE('',*,*,#664,.T.);
#861=ORIENTED_EDGE('',*,*,#669,.T.);
#862=ORIENTED_EDGE('',*,*,#670,.F.);
#863=ORIENTED_EDGE('',*,*,#671,.F.);
#864=ORIENTED_EDGE('',*,*,#672,.F.);
#865=ORIENTED_EDGE('',*,*,#673,.T.);
#866=ORIENTED_EDGE('',*,*,#674,.T.);
#867=ORIENTED_EDGE('',*,*,#671,.T.);
#868=ORIENTED_EDGE('',*,*,#675,.T.);
#869=ORIENTED_EDGE('',*,*,#655,.F.);
#870=ORIENTED_EDGE('',*,*,#676,.F.);
#871=ORIENTED_EDGE('',*,*,#677,.F.);
#872=ORIENTED_EDGE('',*,*,#678,.F.);
#873=ORIENTED_EDGE('',*,*,#679,.T.);
#874=ORIENTED_EDGE('',*,*,#680,.T.);
#875=ORIENTED_EDGE('',*,*,#677,.T.);
#876=ORIENTED_EDGE('',*,*,#681,.T.);
#877=ORIENTED_EDGE('',*,*,#641,.F.);
#878=ORIENTED_EDGE('',*,*,#662,.T.);
#879=ORIENTED_EDGE('',*,*,#682,.T.);
#880=ORIENTED_EDGE('',*,*,#678,.T.);
#881=ORIENTED_EDGE('',*,*,#683,.T.);
#882=ORIENTED_EDGE('',*,*,#684,.F.);
#883=ORIENTED_EDGE('',*,*,#685,.F.);
#884=ORIENTED_EDGE('',*,*,#686,.F.);
#885=ORIENTED_EDGE('',*,*,#685,.T.);
#886=ORIENTED_EDGE('',*,*,#687,.T.);
#887=ORIENTED_EDGE('',*,*,#672,.T.);
#888=ORIENTED_EDGE('',*,*,#688,.T.);
#889=ORIENTED_EDGE('',*,*,#689,.F.);
#890=ORIENTED_EDGE('',*,*,#686,.T.);
#891=ORIENTED_EDGE('',*,*,#690,.T.);
#892=ORIENTED_EDGE('',*,*,#653,.F.);
#893=ORIENTED_EDGE('',*,*,#691,.F.);
#894=ORIENTED_EDGE('',*,*,#692,.F.);
#895=ORIENTED_EDGE('',*,*,#693,.F.);
#896=ORIENTED_EDGE('',*,*,#692,.T.);
#897=ORIENTED_EDGE('',*,*,#694,.T.);
#898=ORIENTED_EDGE('',*,*,#676,.T.);
#899=ORIENTED_EDGE('',*,*,#695,.T.);
#900=ORIENTED_EDGE('',*,*,#696,.F.);
#901=ORIENTED_EDGE('',*,*,#697,.F.);
#902=ORIENTED_EDGE('',*,*,#698,.F.);
#903=ORIENTED_EDGE('',*,*,#699,.F.);
#904=ORIENTED_EDGE('',*,*,#700,.F.);
#905=ORIENTED_EDGE('',*,*,#701,.F.);
#906=ORIENTED_EDGE('',*,*,#702,.F.);
#907=ORIENTED_EDGE('',*,*,#703,.F.);
#908=ORIENTED_EDGE('',*,*,#704,.F.);
#909=ORIENTED_EDGE('',*,*,#705,.T.);
#910=ORIENTED_EDGE('',*,*,#703,.T.);
#911=ORIENTED_EDGE('',*,*,#706,.T.);
#912=ORIENTED_EDGE('',*,*,#649,.F.);
#913=ORIENTED_EDGE('',*,*,#707,.F.);
#914=ORIENTED_EDGE('',*,*,#708,.F.);
#915=ORIENTED_EDGE('',*,*,#709,.F.);
#916=ORIENTED_EDGE('',*,*,#710,.T.);
#917=ORIENTED_EDGE('',*,*,#708,.T.);
#918=ORIENTED_EDGE('',*,*,#711,.T.);
#919=ORIENTED_EDGE('',*,*,#647,.F.);
#920=ORIENTED_EDGE('',*,*,#700,.T.);
#921=ORIENTED_EDGE('',*,*,#712,.T.);
#922=ORIENTED_EDGE('',*,*,#709,.T.);
#923=ORIENTED_EDGE('',*,*,#713,.T.);
#924=ORIENTED_EDGE('',*,*,#707,.T.);
#925=ORIENTED_EDGE('',*,*,#714,.T.);
#926=ORIENTED_EDGE('',*,*,#704,.T.);
#927=ORIENTED_EDGE('',*,*,#715,.T.);
#928=ORIENTED_EDGE('',*,*,#697,.T.);
#929=ORIENTED_EDGE('',*,*,#716,.T.);
#930=ORIENTED_EDGE('',*,*,#702,.T.);
#931=ORIENTED_EDGE('',*,*,#717,.T.);
#932=ORIENTED_EDGE('',*,*,#718,.F.);
#933=ORIENTED_EDGE('',*,*,#701,.T.);
#934=ORIENTED_EDGE('',*,*,#719,.T.);
#935=ORIENTED_EDGE('',*,*,#645,.F.);
#936=ORIENTED_EDGE('',*,*,#699,.T.);
#937=ORIENTED_EDGE('',*,*,#720,.T.);
#938=ORIENTED_EDGE('',*,*,#693,.T.);
#939=ORIENTED_EDGE('',*,*,#721,.T.);
#940=ORIENTED_EDGE('',*,*,#684,.T.);
#941=ORIENTED_EDGE('',*,*,#722,.T.);
#942=ORIENTED_EDGE('',*,*,#698,.T.);
#943=ORIENTED_EDGE('',*,*,#723,.T.);
#944=ORIENTED_EDGE('',*,*,#724,.T.);
#945=ORIENTED_EDGE('',*,*,#696,.T.);
#946=ORIENTED_EDGE('',*,*,#725,.T.);
#947=ORIENTED_EDGE('',*,*,#651,.F.);
#948=ORIENTED_EDGE('',*,*,#726,.F.);
#949=ORIENTED_EDGE('',*,*,#691,.T.);
#950=ORIENTED_EDGE('',*,*,#727,.T.);
#951=ORIENTED_EDGE('',*,*,#643,.F.);
#952=ORIENTED_EDGE('',*,*,#670,.T.);
#953=ORIENTED_EDGE('',*,*,#728,.T.);
#954=ORIENTED_EDGE('',*,*,#659,.T.);
#955=ORIENTED_EDGE('',*,*,#729,.T.);
#956=ORIENTED_EDGE('',*,*,#675,.F.);
#957=ORIENTED_EDGE('',*,*,#729,.F.);
#958=ORIENTED_EDGE('',*,*,#660,.F.);
#959=ORIENTED_EDGE('',*,*,#656,.F.);
#960=ORIENTED_EDGE('',*,*,#661,.F.);
#961=ORIENTED_EDGE('',*,*,#669,.F.);
#962=ORIENTED_EDGE('',*,*,#666,.F.);
#963=ORIENTED_EDGE('',*,*,#638,.F.);
#964=ORIENTED_EDGE('',*,*,#667,.F.);
#965=ORIENTED_EDGE('',*,*,#683,.F.);
#966=ORIENTED_EDGE('',*,*,#680,.F.);
#967=ORIENTED_EDGE('',*,*,#640,.F.);
#968=ORIENTED_EDGE('',*,*,#681,.F.);
#969=ORIENTED_EDGE('',*,*,#694,.F.);
#970=ORIENTED_EDGE('',*,*,#726,.T.);
#971=ORIENTED_EDGE('',*,*,#642,.F.);
#972=ORIENTED_EDGE('',*,*,#727,.F.);
#973=ORIENTED_EDGE('',*,*,#720,.F.);
#974=ORIENTED_EDGE('',*,*,#718,.T.);
#975=ORIENTED_EDGE('',*,*,#644,.F.);
#976=ORIENTED_EDGE('',*,*,#712,.F.);
#977=ORIENTED_EDGE('',*,*,#721,.F.);
#978=ORIENTED_EDGE('',*,*,#695,.F.);
#979=ORIENTED_EDGE('',*,*,#679,.F.);
#980=ORIENTED_EDGE('',*,*,#682,.F.);
#981=ORIENTED_EDGE('',*,*,#665,.F.);
#982=ORIENTED_EDGE('',*,*,#668,.F.);
#983=ORIENTED_EDGE('',*,*,#728,.F.);
#984=ORIENTED_EDGE('',*,*,#673,.F.);
#985=ORIENTED_EDGE('',*,*,#687,.F.);
#986=ORIENTED_EDGE('',*,*,#723,.F.);
#987=ORIENTED_EDGE('',*,*,#717,.F.);
#988=ORIENTED_EDGE('',*,*,#714,.F.);
#989=ORIENTED_EDGE('',*,*,#689,.T.);
#990=ORIENTED_EDGE('',*,*,#652,.F.);
#991=ORIENTED_EDGE('',*,*,#725,.F.);
#992=ORIENTED_EDGE('',*,*,#722,.F.);
#993=ORIENTED_EDGE('',*,*,#710,.F.);
#994=ORIENTED_EDGE('',*,*,#646,.F.);
#995=ORIENTED_EDGE('',*,*,#719,.F.);
#996=ORIENTED_EDGE('',*,*,#713,.F.);
#997=ORIENTED_EDGE('',*,*,#705,.F.);
#998=ORIENTED_EDGE('',*,*,#648,.F.);
#999=ORIENTED_EDGE('',*,*,#711,.F.);
#1000=ORIENTED_EDGE('',*,*,#715,.F.);
#1001=ORIENTED_EDGE('',*,*,#724,.F.);
#1002=ORIENTED_EDGE('',*,*,#650,.F.);
#1003=ORIENTED_EDGE('',*,*,#706,.F.);
#1004=ORIENTED_EDGE('',*,*,#716,.F.);
#1005=ORIENTED_EDGE('',*,*,#674,.F.);
#1006=ORIENTED_EDGE('',*,*,#654,.F.);
#1007=ORIENTED_EDGE('',*,*,#690,.F.);
#1008=ORIENTED_EDGE('',*,*,#688,.F.);
#1009=ORIENTED_EDGE('',*,*,#730,.T.);
#1010=ORIENTED_EDGE('',*,*,#731,.T.);
#1011=ORIENTED_EDGE('',*,*,#732,.T.);
#1012=ORIENTED_EDGE('',*,*,#733,.T.);
#1013=ORIENTED_EDGE('',*,*,#734,.T.);
#1014=ORIENTED_EDGE('',*,*,#735,.T.);
#1015=ORIENTED_EDGE('',*,*,#736,.T.);
#1016=ORIENTED_EDGE('',*,*,#737,.T.);
#1017=ORIENTED_EDGE('',*,*,#738,.T.);
#1018=ORIENTED_EDGE('',*,*,#739,.T.);
#1019=ORIENTED_EDGE('',*,*,#740,.T.);
#1020=ORIENTED_EDGE('',*,*,#741,.T.);
#1021=ORIENTED_EDGE('',*,*,#742,.T.);
#1022=ORIENTED_EDGE('',*,*,#743,.T.);
#1023=ORIENTED_EDGE('',*,*,#744,.T.);
#1024=ORIENTED_EDGE('',*,*,#745,.T.);
#1025=ORIENTED_EDGE('',*,*,#746,.T.);
#1026=ORIENTED_EDGE('',*,*,#747,.T.);
#1027=ORIENTED_EDGE('',*,*,#748,.T.);
#1028=ORIENTED_EDGE('',*,*,#749,.T.);
#1029=ORIENTED_EDGE('',*,*,#750,.T.);
#1030=ORIENTED_EDGE('',*,*,#751,.T.);
#1031=ORIENTED_EDGE('',*,*,#752,.T.);
#1032=ORIENTED_EDGE('',*,*,#753,.F.);
#1033=ORIENTED_EDGE('',*,*,#752,.F.);
#1034=ORIENTED_EDGE('',*,*,#754,.T.);
#1035=ORIENTED_EDGE('',*,*,#730,.F.);
#1036=ORIENTED_EDGE('',*,*,#755,.T.);
#1037=ORIENTED_EDGE('',*,*,#756,.F.);
#1038=ORIENTED_EDGE('',*,*,#757,.T.);
#1039=ORIENTED_EDGE('',*,*,#758,.T.);
#1040=ORIENTED_EDGE('',*,*,#759,.F.);
#1041=ORIENTED_EDGE('',*,*,#758,.F.);
#1042=ORIENTED_EDGE('',*,*,#760,.F.);
#1043=ORIENTED_EDGE('',*,*,#748,.F.);
#1044=ORIENTED_EDGE('',*,*,#750,.F.);
#1045=ORIENTED_EDGE('',*,*,#761,.F.);
#1046=ORIENTED_EDGE('',*,*,#757,.F.);
#1047=ORIENTED_EDGE('',*,*,#762,.F.);
#1048=ORIENTED_EDGE('',*,*,#763,.T.);
#1049=ORIENTED_EDGE('',*,*,#764,.F.);
#1050=ORIENTED_EDGE('',*,*,#765,.T.);
#1051=ORIENTED_EDGE('',*,*,#766,.T.);
#1052=ORIENTED_EDGE('',*,*,#767,.F.);
#1053=ORIENTED_EDGE('',*,*,#766,.F.);
#1054=ORIENTED_EDGE('',*,*,#768,.F.);
#1055=ORIENTED_EDGE('',*,*,#732,.F.);
#1056=ORIENTED_EDGE('',*,*,#769,.T.);
#1057=ORIENTED_EDGE('',*,*,#770,.F.);
#1058=ORIENTED_EDGE('',*,*,#771,.T.);
#1059=ORIENTED_EDGE('',*,*,#772,.T.);
#1060=ORIENTED_EDGE('',*,*,#773,.F.);
#1061=ORIENTED_EDGE('',*,*,#772,.F.);
#1062=ORIENTED_EDGE('',*,*,#774,.F.);
#1063=ORIENTED_EDGE('',*,*,#746,.F.);
#1064=ORIENTED_EDGE('',*,*,#755,.F.);
#1065=ORIENTED_EDGE('',*,*,#775,.F.);
#1066=ORIENTED_EDGE('',*,*,#771,.F.);
#1067=ORIENTED_EDGE('',*,*,#776,.F.);
#1068=ORIENTED_EDGE('',*,*,#777,.T.);
#1069=ORIENTED_EDGE('',*,*,#778,.T.);
#1070=ORIENTED_EDGE('',*,*,#779,.T.);
#1071=ORIENTED_EDGE('',*,*,#779,.F.);
#1072=ORIENTED_EDGE('',*,*,#780,.F.);
#1073=ORIENTED_EDGE('',*,*,#765,.F.);
#1074=ORIENTED_EDGE('',*,*,#781,.F.);
#1075=ORIENTED_EDGE('',*,*,#782,.F.);
#1076=ORIENTED_EDGE('',*,*,#778,.F.);
#1077=ORIENTED_EDGE('',*,*,#783,.F.);
#1078=ORIENTED_EDGE('',*,*,#734,.F.);
#1079=ORIENTED_EDGE('',*,*,#784,.T.);
#1080=ORIENTED_EDGE('',*,*,#785,.T.);
#1081=ORIENTED_EDGE('',*,*,#786,.T.);
#1082=ORIENTED_EDGE('',*,*,#786,.F.);
#1083=ORIENTED_EDGE('',*,*,#787,.F.);
#1084=ORIENTED_EDGE('',*,*,#769,.F.);
#1085=ORIENTED_EDGE('',*,*,#788,.F.);
#1086=ORIENTED_EDGE('',*,*,#789,.T.);
#1087=ORIENTED_EDGE('',*,*,#790,.T.);
#1088=ORIENTED_EDGE('',*,*,#791,.T.);
#1089=ORIENTED_EDGE('',*,*,#792,.T.);
#1090=ORIENTED_EDGE('',*,*,#793,.T.);
#1091=ORIENTED_EDGE('',*,*,#794,.T.);
#1092=ORIENTED_EDGE('',*,*,#795,.T.);
#1093=ORIENTED_EDGE('',*,*,#796,.T.);
#1094=ORIENTED_EDGE('',*,*,#797,.T.);
#1095=ORIENTED_EDGE('',*,*,#798,.F.);
#1096=ORIENTED_EDGE('',*,*,#797,.F.);
#1097=ORIENTED_EDGE('',*,*,#799,.F.);
#1098=ORIENTED_EDGE('',*,*,#738,.F.);
#1099=ORIENTED_EDGE('',*,*,#800,.T.);
#1100=ORIENTED_EDGE('',*,*,#801,.T.);
#1101=ORIENTED_EDGE('',*,*,#802,.T.);
#1102=ORIENTED_EDGE('',*,*,#803,.F.);
#1103=ORIENTED_EDGE('',*,*,#802,.F.);
#1104=ORIENTED_EDGE('',*,*,#804,.F.);
#1105=ORIENTED_EDGE('',*,*,#740,.F.);
#1106=ORIENTED_EDGE('',*,*,#794,.F.);
#1107=ORIENTED_EDGE('',*,*,#805,.F.);
#1108=ORIENTED_EDGE('',*,*,#801,.F.);
#1109=ORIENTED_EDGE('',*,*,#806,.F.);
#1110=ORIENTED_EDGE('',*,*,#800,.F.);
#1111=ORIENTED_EDGE('',*,*,#807,.F.);
#1112=ORIENTED_EDGE('',*,*,#796,.F.);
#1113=ORIENTED_EDGE('',*,*,#808,.F.);
#1114=ORIENTED_EDGE('',*,*,#791,.F.);
#1115=ORIENTED_EDGE('',*,*,#809,.F.);
#1116=ORIENTED_EDGE('',*,*,#795,.F.);
#1117=ORIENTED_EDGE('',*,*,#810,.F.);
#1118=ORIENTED_EDGE('',*,*,#811,.F.);
#1119=ORIENTED_EDGE('',*,*,#793,.F.);
#1120=ORIENTED_EDGE('',*,*,#812,.F.);
#1121=ORIENTED_EDGE('',*,*,#742,.F.);
#1122=ORIENTED_EDGE('',*,*,#792,.F.);
#1123=ORIENTED_EDGE('',*,*,#813,.F.);
#1124=ORIENTED_EDGE('',*,*,#785,.F.);
#1125=ORIENTED_EDGE('',*,*,#814,.F.);
#1126=ORIENTED_EDGE('',*,*,#777,.F.);
#1127=ORIENTED_EDGE('',*,*,#815,.F.);
#1128=ORIENTED_EDGE('',*,*,#790,.F.);
#1129=ORIENTED_EDGE('',*,*,#816,.F.);
#1130=ORIENTED_EDGE('',*,*,#817,.F.);
#1131=ORIENTED_EDGE('',*,*,#789,.F.);
#1132=ORIENTED_EDGE('',*,*,#818,.F.);
#1133=ORIENTED_EDGE('',*,*,#736,.F.);
#1134=ORIENTED_EDGE('',*,*,#819,.F.);
#1135=ORIENTED_EDGE('',*,*,#784,.F.);
#1136=ORIENTED_EDGE('',*,*,#820,.F.);
#1137=ORIENTED_EDGE('',*,*,#744,.F.);
#1138=ORIENTED_EDGE('',*,*,#763,.F.);
#1139=ORIENTED_EDGE('',*,*,#821,.F.);
#1140=ORIENTED_EDGE('',*,*,#751,.F.);
#1141=ORIENTED_EDGE('',*,*,#822,.F.);
#1142=ORIENTED_EDGE('',*,*,#767,.T.);
#1143=ORIENTED_EDGE('',*,*,#731,.F.);
#1144=ORIENTED_EDGE('',*,*,#754,.F.);
#1145=ORIENTED_EDGE('',*,*,#821,.T.);
#1146=ORIENTED_EDGE('',*,*,#753,.T.);
#1147=ORIENTED_EDGE('',*,*,#749,.F.);
#1148=ORIENTED_EDGE('',*,*,#760,.T.);
#1149=ORIENTED_EDGE('',*,*,#761,.T.);
#1150=ORIENTED_EDGE('',*,*,#759,.T.);
#1151=ORIENTED_EDGE('',*,*,#747,.F.);
#1152=ORIENTED_EDGE('',*,*,#774,.T.);
#1153=ORIENTED_EDGE('',*,*,#775,.T.);
#1154=ORIENTED_EDGE('',*,*,#773,.T.);
#1155=ORIENTED_EDGE('',*,*,#745,.F.);
#1156=ORIENTED_EDGE('',*,*,#820,.T.);
#1157=ORIENTED_EDGE('',*,*,#788,.T.);
#1158=ORIENTED_EDGE('',*,*,#819,.T.);
#1159=ORIENTED_EDGE('',*,*,#743,.F.);
#1160=ORIENTED_EDGE('',*,*,#812,.T.);
#1161=ORIENTED_EDGE('',*,*,#814,.T.);
#1162=ORIENTED_EDGE('',*,*,#806,.T.);
#1163=ORIENTED_EDGE('',*,*,#808,.T.);
#1164=ORIENTED_EDGE('',*,*,#809,.T.);
#1165=ORIENTED_EDGE('',*,*,#815,.T.);
#1166=ORIENTED_EDGE('',*,*,#781,.T.);
#1167=ORIENTED_EDGE('',*,*,#764,.T.);
#1168=ORIENTED_EDGE('',*,*,#822,.T.);
#1169=ORIENTED_EDGE('',*,*,#762,.T.);
#1170=ORIENTED_EDGE('',*,*,#756,.T.);
#1171=ORIENTED_EDGE('',*,*,#776,.T.);
#1172=ORIENTED_EDGE('',*,*,#770,.T.);
#1173=ORIENTED_EDGE('',*,*,#787,.T.);
#1174=ORIENTED_EDGE('',*,*,#813,.T.);
#1175=ORIENTED_EDGE('',*,*,#783,.T.);
#1176=ORIENTED_EDGE('',*,*,#816,.T.);
#1177=ORIENTED_EDGE('',*,*,#817,.T.);
#1178=ORIENTED_EDGE('',*,*,#735,.F.);
#1179=ORIENTED_EDGE('',*,*,#804,.T.);
#1180=ORIENTED_EDGE('',*,*,#805,.T.);
#1181=ORIENTED_EDGE('',*,*,#811,.T.);
#1182=ORIENTED_EDGE('',*,*,#741,.F.);
#1183=ORIENTED_EDGE('',*,*,#799,.T.);
#1184=ORIENTED_EDGE('',*,*,#807,.T.);
#1185=ORIENTED_EDGE('',*,*,#803,.T.);
#1186=ORIENTED_EDGE('',*,*,#739,.F.);
#1187=ORIENTED_EDGE('',*,*,#818,.T.);
#1188=ORIENTED_EDGE('',*,*,#810,.T.);
#1189=ORIENTED_EDGE('',*,*,#798,.T.);
#1190=ORIENTED_EDGE('',*,*,#737,.F.);
#1191=ORIENTED_EDGE('',*,*,#768,.T.);
#1192=ORIENTED_EDGE('',*,*,#780,.T.);
#1193=ORIENTED_EDGE('',*,*,#782,.T.);
#1194=ORIENTED_EDGE('',*,*,#733,.F.);
#1195=PLANE('',#1318);
#1196=PLANE('',#1392);
#1197=PLANE('',#1393);
#1198=PLANE('',#1394);
#1199=PLANE('',#1395);
#1200=PLANE('',#1396);
#1201=PLANE('',#1397);
#1202=PLANE('',#1398);
#1203=PLANE('',#1399);
#1204=PLANE('',#1400);
#1205=PLANE('',#1401);
#1206=PLANE('',#1402);
#1207=PLANE('',#1403);
#1208=PLANE('',#1477);
#1209=PLANE('',#1478);
#1210=PLANE('',#1479);
#1211=PLANE('',#1480);
#1212=PLANE('',#1481);
#1213=PLANE('',#1482);
#1214=PLANE('',#1483);
#1215=PLANE('',#1484);
#1216=PLANE('',#1485);
#1217=PLANE('',#1486);
#1218=PLANE('',#1487);
#1219=ADVANCED_FACE('',(#77),#1195,.F.);
#1220=ADVANCED_FACE('',(#78),#63,.T.);
#1221=ADVANCED_FACE('',(#79),#23,.T.);
#1222=ADVANCED_FACE('',(#80),#17,.T.);
#1223=ADVANCED_FACE('',(#81),#24,.F.);
#1224=ADVANCED_FACE('',(#82),#25,.T.);
#1225=ADVANCED_FACE('',(#83),#18,.T.);
#1226=ADVANCED_FACE('',(#84),#26,.F.);
#1227=ADVANCED_FACE('',(#85),#19,.T.);
#1228=ADVANCED_FACE('',(#86),#27,.F.);
#1229=ADVANCED_FACE('',(#87),#28,.T.);
#1230=ADVANCED_FACE('',(#88),#64,.T.);
#1231=ADVANCED_FACE('',(#89),#29,.T.);
#1232=ADVANCED_FACE('',(#90),#30,.T.);
#1233=ADVANCED_FACE('',(#91),#65,.T.);
#1234=ADVANCED_FACE('',(#92),#31,.T.);
#1235=ADVANCED_FACE('',(#93),#66,.T.);
#1236=ADVANCED_FACE('',(#94),#67,.T.);
#1237=ADVANCED_FACE('',(#95),#68,.T.);
#1238=ADVANCED_FACE('',(#96),#32,.T.);
#1239=ADVANCED_FACE('',(#97),#69,.T.);
#1240=ADVANCED_FACE('',(#98),#33,.T.);
#1241=ADVANCED_FACE('',(#99),#34,.T.);
#1242=ADVANCED_FACE('',(#100),#35,.T.);
#1243=ADVANCED_FACE('',(#101),#36,.T.);
#1244=ADVANCED_FACE('',(#102),#37,.T.);
#1245=ADVANCED_FACE('',(#103),#38,.T.);
#1246=ADVANCED_FACE('',(#104),#39,.T.);
#1247=ADVANCED_FACE('',(#105),#40,.T.);
#1248=ADVANCED_FACE('',(#106),#41,.T.);
#1249=ADVANCED_FACE('',(#107),#42,.T.);
#1250=ADVANCED_FACE('',(#108),#1196,.T.);
#1251=ADVANCED_FACE('',(#109),#1197,.T.);
#1252=ADVANCED_FACE('',(#110),#1198,.T.);
#1253=ADVANCED_FACE('',(#111),#1199,.T.);
#1254=ADVANCED_FACE('',(#112),#1200,.T.);
#1255=ADVANCED_FACE('',(#113),#1201,.T.);
#1256=ADVANCED_FACE('',(#114),#1202,.T.);
#1257=ADVANCED_FACE('',(#115),#1203,.T.);
#1258=ADVANCED_FACE('',(#116),#1204,.T.);
#1259=ADVANCED_FACE('',(#117),#1205,.T.);
#1260=ADVANCED_FACE('',(#118),#1206,.T.);
#1261=ADVANCED_FACE('',(#119),#1207,.T.);
#1262=ADVANCED_FACE('',(#120),#70,.T.);
#1263=ADVANCED_FACE('',(#121),#43,.T.);
#1264=ADVANCED_FACE('',(#122),#20,.T.);
#1265=ADVANCED_FACE('',(#123),#44,.F.);
#1266=ADVANCED_FACE('',(#124),#45,.T.);
#1267=ADVANCED_FACE('',(#125),#21,.T.);
#1268=ADVANCED_FACE('',(#126),#46,.F.);
#1269=ADVANCED_FACE('',(#127),#22,.T.);
#1270=ADVANCED_FACE('',(#128),#47,.F.);
#1271=ADVANCED_FACE('',(#129),#48,.T.);
#1272=ADVANCED_FACE('',(#130),#71,.T.);
#1273=ADVANCED_FACE('',(#131),#49,.T.);
#1274=ADVANCED_FACE('',(#132),#50,.T.);
#1275=ADVANCED_FACE('',(#133),#72,.T.);
#1276=ADVANCED_FACE('',(#134),#51,.T.);
#1277=ADVANCED_FACE('',(#135),#73,.T.);
#1278=ADVANCED_FACE('',(#136),#74,.T.);
#1279=ADVANCED_FACE('',(#137),#75,.T.);
#1280=ADVANCED_FACE('',(#138),#52,.T.);
#1281=ADVANCED_FACE('',(#139),#76,.T.);
#1282=ADVANCED_FACE('',(#140),#53,.T.);
#1283=ADVANCED_FACE('',(#141),#54,.T.);
#1284=ADVANCED_FACE('',(#142),#55,.T.);
#1285=ADVANCED_FACE('',(#143),#56,.T.);
#1286=ADVANCED_FACE('',(#144),#57,.T.);
#1287=ADVANCED_FACE('',(#145),#58,.T.);
#1288=ADVANCED_FACE('',(#146),#59,.T.);
#1289=ADVANCED_FACE('',(#147),#60,.T.);
#1290=ADVANCED_FACE('',(#148),#61,.T.);
#1291=ADVANCED_FACE('',(#149),#62,.T.);
#1292=ADVANCED_FACE('',(#150),#1208,.F.);
#1293=ADVANCED_FACE('',(#151),#1209,.F.);
#1294=ADVANCED_FACE('',(#152),#1210,.F.);
#1295=ADVANCED_FACE('',(#153),#1211,.F.);
#1296=ADVANCED_FACE('',(#154),#1212,.F.);
#1297=ADVANCED_FACE('',(#155),#1213,.F.);
#1298=ADVANCED_FACE('',(#156),#1214,.F.);
#1299=ADVANCED_FACE('',(#157),#1215,.F.);
#1300=ADVANCED_FACE('',(#158),#1216,.F.);
#1301=ADVANCED_FACE('',(#159),#1217,.F.);
#1302=ADVANCED_FACE('',(#160),#1218,.F.);
#1303=CLOSED_SHELL('',(#1219,#1220,#1221,#1222,#1223,#1224,#1225,#1226,
#1227,#1228,#1229,#1230,#1231,#1232,#1233,#1234,#1235,#1236,#1237,#1238,
#1239,#1240,#1241,#1242,#1243,#1244,#1245,#1246,#1247,#1248,#1249,#1250,
#1251,#1252,#1253,#1254,#1255,#1256,#1257,#1258,#1259,#1260));
#1304=CLOSED_SHELL('',(#1261,#1262,#1263,#1264,#1265,#1266,#1267,#1268,
#1269,#1270,#1271,#1272,#1273,#1274,#1275,#1276,#1277,#1278,#1279,#1280,
#1281,#1282,#1283,#1284,#1285,#1286,#1287,#1288,#1289,#1290,#1291,#1292,
#1293,#1294,#1295,#1296,#1297,#1298,#1299,#1300,#1301,#1302));
#1305=DERIVED_UNIT_ELEMENT(#1307,1.);
#1306=DERIVED_UNIT_ELEMENT(#2312,-3.);
#1307=(
MASS_UNIT()
NAMED_UNIT(*)
SI_UNIT(.KILO.,.GRAM.)
);
#1308=DERIVED_UNIT((#1305,#1306));
#1309=MEASURE_REPRESENTATION_ITEM('density measure',
POSITIVE_RATIO_MEASURE(1060.),#1308);
#1310=PROPERTY_DEFINITION_REPRESENTATION(#1315,#1312);
#1311=PROPERTY_DEFINITION_REPRESENTATION(#1316,#1313);
#1312=REPRESENTATION('material name',(#1314),#2309);
#1313=REPRESENTATION('density',(#1309),#2309);
#1314=DESCRIPTIVE_REPRESENTATION_ITEM('Plastique ABS','Plastique ABS');
#1315=PROPERTY_DEFINITION('material property','material name',#2319);
#1316=PROPERTY_DEFINITION('material property','density of part',#2319);
#1317=AXIS2_PLACEMENT_3D('',#1930,#1488,#1489);
#1318=AXIS2_PLACEMENT_3D('',#1931,#1490,#1491);
#1319=AXIS2_PLACEMENT_3D('',#1934,#1492,#1493);
#1320=AXIS2_PLACEMENT_3D('',#1938,#1495,#1496);
#1321=AXIS2_PLACEMENT_3D('',#1942,#1498,#1499);
#1322=AXIS2_PLACEMENT_3D('',#1946,#1501,#1502);
#1323=AXIS2_PLACEMENT_3D('',#1950,#1504,#1505);
#1324=AXIS2_PLACEMENT_3D('',#1954,#1507,#1508);
#1325=AXIS2_PLACEMENT_3D('',#1958,#1510,#1511);
#1326=AXIS2_PLACEMENT_3D('',#1962,#1513,#1514);
#1327=AXIS2_PLACEMENT_3D('',#1966,#1516,#1517);
#1328=AXIS2_PLACEMENT_3D('',#1970,#1519,#1520);
#1329=AXIS2_PLACEMENT_3D('',#1972,#1522,#1523);
#1330=AXIS2_PLACEMENT_3D('',#1975,#1524,#1525);
#1331=AXIS2_PLACEMENT_3D('',#1977,#1526,#1527);
#1332=AXIS2_PLACEMENT_3D('',#1978,#1528,#1529);
#1333=AXIS2_PLACEMENT_3D('',#1979,#1530,#1531);
#1334=AXIS2_PLACEMENT_3D('',#1982,#1534,#1535);
#1335=AXIS2_PLACEMENT_3D('',#1985,#1536,#1537);
#1336=AXIS2_PLACEMENT_3D('',#1987,#1538,#1539);
#1337=AXIS2_PLACEMENT_3D('',#1989,#1540,#1541);
#1338=AXIS2_PLACEMENT_3D('',#1990,#1542,#1543);
#1339=AXIS2_PLACEMENT_3D('',#1991,#1544,#1545);
#1340=AXIS2_PLACEMENT_3D('',#1994,#1548,#1549);
#1341=AXIS2_PLACEMENT_3D('',#1997,#1552,#1553);
#1342=AXIS2_PLACEMENT_3D('',#2000,#1554,#1555);
#1343=AXIS2_PLACEMENT_3D('',#2002,#1556,#1557);
#1344=AXIS2_PLACEMENT_3D('',#2004,#1558,#1559);
#1345=AXIS2_PLACEMENT_3D('',#2005,#1560,#1561);
#1346=AXIS2_PLACEMENT_3D('',#2006,#1562,#1563);
#1347=AXIS2_PLACEMENT_3D('',#2009,#1566,#1567);
#1348=AXIS2_PLACEMENT_3D('',#2012,#1568,#1569);
#1349=AXIS2_PLACEMENT_3D('',#2014,#1570,#1571);
#1350=AXIS2_PLACEMENT_3D('',#2016,#1572,#1573);
#1351=AXIS2_PLACEMENT_3D('',#2017,#1574,#1575);
#1352=AXIS2_PLACEMENT_3D('',#2018,#1576,#1577);
#1353=AXIS2_PLACEMENT_3D('',#2021,#1580,#1581);
#1354=AXIS2_PLACEMENT_3D('',#2024,#1584,#1585);
#1355=AXIS2_PLACEMENT_3D('',#2027,#1586,#1587);
#1356=AXIS2_PLACEMENT_3D('',#2029,#1588,#1589);
#1357=AXIS2_PLACEMENT_3D('',#2030,#1590,#1591);
#1358=AXIS2_PLACEMENT_3D('',#2031,#1592,#1593);
#1359=AXIS2_PLACEMENT_3D('',#2034,#1596,#1597);
#1360=AXIS2_PLACEMENT_3D('',#2037,#1600,#1601);
#1361=AXIS2_PLACEMENT_3D('',#2040,#1602,#1603);
#1362=AXIS2_PLACEMENT_3D('',#2042,#1604,#1605);
#1363=AXIS2_PLACEMENT_3D('',#2043,#1606,#1607);
#1364=AXIS2_PLACEMENT_3D('',#2044,#1608,#1609);
#1365=AXIS2_PLACEMENT_3D('',#2047,#1612,#1613);
#1366=AXIS2_PLACEMENT_3D('',#2050,#1614,#1615);
#1367=AXIS2_PLACEMENT_3D('',#2052,#1616,#1617);
#1368=AXIS2_PLACEMENT_3D('',#2053,#1618,#1619);
#1369=AXIS2_PLACEMENT_3D('',#2054,#1620,#1621);
#1370=AXIS2_PLACEMENT_3D('',#2057,#1622,#1623);
#1371=AXIS2_PLACEMENT_3D('',#2059,#1624,#1625);
#1372=AXIS2_PLACEMENT_3D('',#2060,#1626,#1627);
#1373=AXIS2_PLACEMENT_3D('',#2061,#1628,#1629);
#1374=AXIS2_PLACEMENT_3D('',#2064,#1630,#1631);
#1375=AXIS2_PLACEMENT_3D('',#2066,#1632,#1633);
#1376=AXIS2_PLACEMENT_3D('',#2067,#1634,#1635);
#1377=AXIS2_PLACEMENT_3D('',#2068,#1636,#1637);
#1378=AXIS2_PLACEMENT_3D('',#2071,#1640,#1641);
#1379=AXIS2_PLACEMENT_3D('',#2074,#1642,#1643);
#1380=AXIS2_PLACEMENT_3D('',#2076,#1644,#1645);
#1381=AXIS2_PLACEMENT_3D('',#2077,#1646,#1647);
#1382=AXIS2_PLACEMENT_3D('',#2078,#1648,#1649);
#1383=AXIS2_PLACEMENT_3D('',#2081,#1652,#1653);
#1384=AXIS2_PLACEMENT_3D('',#2084,#1656,#1657);
#1385=AXIS2_PLACEMENT_3D('',#2087,#1660,#1661);
#1386=AXIS2_PLACEMENT_3D('',#2090,#1664,#1665);
#1387=AXIS2_PLACEMENT_3D('',#2093,#1668,#1669);
#1388=AXIS2_PLACEMENT_3D('',#2096,#1672,#1673);
#1389=AXIS2_PLACEMENT_3D('',#2099,#1676,#1677);
#1390=AXIS2_PLACEMENT_3D('',#2102,#1680,#1681);
#1391=AXIS2_PLACEMENT_3D('',#2105,#1684,#1685);
#1392=AXIS2_PLACEMENT_3D('',#2108,#1688,#1689);
#1393=AXIS2_PLACEMENT_3D('',#2109,#1690,#1691);
#1394=AXIS2_PLACEMENT_3D('',#2110,#1692,#1693);
#1395=AXIS2_PLACEMENT_3D('',#2111,#1694,#1695);
#1396=AXIS2_PLACEMENT_3D('',#2112,#1696,#1697);
#1397=AXIS2_PLACEMENT_3D('',#2113,#1698,#1699);
#1398=AXIS2_PLACEMENT_3D('',#2114,#1700,#1701);
#1399=AXIS2_PLACEMENT_3D('',#2115,#1702,#1703);
#1400=AXIS2_PLACEMENT_3D('',#2116,#1704,#1705);
#1401=AXIS2_PLACEMENT_3D('',#2117,#1706,#1707);
#1402=AXIS2_PLACEMENT_3D('',#2118,#1708,#1709);
#1403=AXIS2_PLACEMENT_3D('',#2119,#1710,#1711);
#1404=AXIS2_PLACEMENT_3D('',#2122,#1712,#1713);
#1405=AXIS2_PLACEMENT_3D('',#2126,#1715,#1716);
#1406=AXIS2_PLACEMENT_3D('',#2130,#1718,#1719);
#1407=AXIS2_PLACEMENT_3D('',#2134,#1721,#1722);
#1408=AXIS2_PLACEMENT_3D('',#2138,#1724,#1725);
#1409=AXIS2_PLACEMENT_3D('',#2142,#1727,#1728);
#1410=AXIS2_PLACEMENT_3D('',#2146,#1730,#1731);
#1411=AXIS2_PLACEMENT_3D('',#2150,#1733,#1734);
#1412=AXIS2_PLACEMENT_3D('',#2154,#1736,#1737);
#1413=AXIS2_PLACEMENT_3D('',#2158,#1739,#1740);
#1414=AXIS2_PLACEMENT_3D('',#2160,#1742,#1743);
#1415=AXIS2_PLACEMENT_3D('',#2163,#1744,#1745);
#1416=AXIS2_PLACEMENT_3D('',#2165,#1746,#1747);
#1417=AXIS2_PLACEMENT_3D('',#2166,#1748,#1749);
#1418=AXIS2_PLACEMENT_3D('',#2167,#1750,#1751);
#1419=AXIS2_PLACEMENT_3D('',#2170,#1754,#1755);
#1420=AXIS2_PLACEMENT_3D('',#2173,#1756,#1757);
#1421=AXIS2_PLACEMENT_3D('',#2175,#1758,#1759);
#1422=AXIS2_PLACEMENT_3D('',#2177,#1760,#1761);
#1423=AXIS2_PLACEMENT_3D('',#2178,#1762,#1763);
#1424=AXIS2_PLACEMENT_3D('',#2179,#1764,#1765);
#1425=AXIS2_PLACEMENT_3D('',#2182,#1768,#1769);
#1426=AXIS2_PLACEMENT_3D('',#2185,#1772,#1773);
#1427=AXIS2_PLACEMENT_3D('',#2188,#1774,#1775);
#1428=AXIS2_PLACEMENT_3D('',#2190,#1776,#1777);
#1429=AXIS2_PLACEMENT_3D('',#2192,#1778,#1779);
#1430=AXIS2_PLACEMENT_3D('',#2193,#1780,#1781);
#1431=AXIS2_PLACEMENT_3D('',#2194,#1782,#1783);
#1432=AXIS2_PLACEMENT_3D('',#2197,#1786,#1787);
#1433=AXIS2_PLACEMENT_3D('',#2200,#1788,#1789);
#1434=AXIS2_PLACEMENT_3D('',#2202,#1790,#1791);
#1435=AXIS2_PLACEMENT_3D('',#2204,#1792,#1793);
#1436=AXIS2_PLACEMENT_3D('',#2205,#1794,#1795);
#1437=AXIS2_PLACEMENT_3D('',#2206,#1796,#1797);
#1438=AXIS2_PLACEMENT_3D('',#2209,#1800,#1801);
#1439=AXIS2_PLACEMENT_3D('',#2212,#1804,#1805);
#1440=AXIS2_PLACEMENT_3D('',#2215,#1806,#1807);
#1441=AXIS2_PLACEMENT_3D('',#2217,#1808,#1809);
#1442=AXIS2_PLACEMENT_3D('',#2218,#1810,#1811);
#1443=AXIS2_PLACEMENT_3D('',#2219,#1812,#1813);
#1444=AXIS2_PLACEMENT_3D('',#2222,#1816,#1817);
#1445=AXIS2_PLACEMENT_3D('',#2225,#1820,#1821);
#1446=AXIS2_PLACEMENT_3D('',#2228,#1822,#1823);
#1447=AXIS2_PLACEMENT_3D('',#2230,#1824,#1825);
#1448=AXIS2_PLACEMENT_3D('',#2231,#1826,#1827);
#1449=AXIS2_PLACEMENT_3D('',#2232,#1828,#1829);
#1450=AXIS2_PLACEMENT_3D('',#2235,#1832,#1833);
#1451=AXIS2_PLACEMENT_3D('',#2238,#1834,#1835);
#1452=AXIS2_PLACEMENT_3D('',#2240,#1836,#1837);
#1453=AXIS2_PLACEMENT_3D('',#2241,#1838,#1839);
#1454=AXIS2_PLACEMENT_3D('',#2242,#1840,#1841);
#1455=AXIS2_PLACEMENT_3D('',#2245,#1842,#1843);
#1456=AXIS2_PLACEMENT_3D('',#2247,#1844,#1845);
#1457=AXIS2_PLACEMENT_3D('',#2248,#1846,#1847);
#1458=AXIS2_PLACEMENT_3D('',#2249,#1848,#1849);
#1459=AXIS2_PLACEMENT_3D('',#2252,#1850,#1851);
#1460=AXIS2_PLACEMENT_3D('',#2254,#1852,#1853);
#1461=AXIS2_PLACEMENT_3D('',#2255,#1854,#1855);
#1462=AXIS2_PLACEMENT_3D('',#2256,#1856,#1857);
#1463=AXIS2_PLACEMENT_3D('',#2259,#1860,#1861);
#1464=AXIS2_PLACEMENT_3D('',#2262,#1862,#1863);
#1465=AXIS2_PLACEMENT_3D('',#2264,#1864,#1865);
#1466=AXIS2_PLACEMENT_3D('',#2265,#1866,#1867);
#1467=AXIS2_PLACEMENT_3D('',#2266,#1868,#1869);
#1468=AXIS2_PLACEMENT_3D('',#2269,#1872,#1873);
#1469=AXIS2_PLACEMENT_3D('',#2272,#1876,#1877);
#1470=AXIS2_PLACEMENT_3D('',#2275,#1880,#1881);
#1471=AXIS2_PLACEMENT_3D('',#2278,#1884,#1885);
#1472=AXIS2_PLACEMENT_3D('',#2281,#1888,#1889);
#1473=AXIS2_PLACEMENT_3D('',#2284,#1892,#1893);
#1474=AXIS2_PLACEMENT_3D('',#2287,#1896,#1897);
#1475=AXIS2_PLACEMENT_3D('',#2290,#1900,#1901);
#1476=AXIS2_PLACEMENT_3D('',#2293,#1904,#1905);
#1477=AXIS2_PLACEMENT_3D('',#2296,#1908,#1909);
#1478=AXIS2_PLACEMENT_3D('',#2297,#1910,#1911);
#1479=AXIS2_PLACEMENT_3D('',#2298,#1912,#1913);
#1480=AXIS2_PLACEMENT_3D('',#2299,#1914,#1915);
#1481=AXIS2_PLACEMENT_3D('',#2300,#1916,#1917);
#1482=AXIS2_PLACEMENT_3D('',#2301,#1918,#1919);
#1483=AXIS2_PLACEMENT_3D('',#2302,#1920,#1921);
#1484=AXIS2_PLACEMENT_3D('',#2303,#1922,#1923);
#1485=AXIS2_PLACEMENT_3D('',#2304,#1924,#1925);
#1486=AXIS2_PLACEMENT_3D('',#2305,#1926,#1927);
#1487=AXIS2_PLACEMENT_3D('',#2306,#1928,#1929);
#1488=DIRECTION('axis',(0.,0.,1.));
#1489=DIRECTION('refdir',(1.,0.,0.));
#1490=DIRECTION('center_axis',(0.,0.,1.));
#1491=DIRECTION('ref_axis',(1.,0.,0.));
#1492=DIRECTION('center_axis',(0.,0.,-1.));
#1493=DIRECTION('ref_axis',(0.707106781186548,0.707106781186547,0.));
#1494=DIRECTION('',(9.25185853854296E-17,-1.,0.));
#1495=DIRECTION('center_axis',(0.,0.,1.));
#1496=DIRECTION('ref_axis',(-0.707106781186549,-0.707106781186546,0.));
#1497=DIRECTION('',(1.,0.,0.));
#1498=DIRECTION('center_axis',(0.,0.,1.));
#1499=DIRECTION('ref_axis',(0.707106781186549,-0.707106781186546,0.));
#1500=DIRECTION('',(-1.34572487833352E-16,1.,0.));
#1501=DIRECTION('center_axis',(0.,0.,-1.));
#1502=DIRECTION('ref_axis',(-0.707106781186546,0.707106781186549,0.));
#1503=DIRECTION('',(1.,0.,0.));
#1504=DIRECTION('center_axis',(0.,0.,-1.));
#1505=DIRECTION('ref_axis',(0.707106781186546,0.707106781186549,0.));
#1506=DIRECTION('',(0.,-1.,0.));
#1507=DIRECTION('center_axis',(0.,0.,-1.));
#1508=DIRECTION('ref_axis',(0.707106781186549,-0.707106781186546,0.));
#1509=DIRECTION('',(-1.,-1.2335811384724E-16,0.));
#1510=DIRECTION('center_axis',(0.,0.,-1.));
#1511=DIRECTION('ref_axis',(-0.707106781186549,-0.707106781186546,0.));
#1512=DIRECTION('',(0.,1.,0.));
#1513=DIRECTION('center_axis',(0.,0.,-1.));
#1514=DIRECTION('ref_axis',(-0.707106781186546,0.707106781186549,0.));
#1515=DIRECTION('',(1.,0.,0.));
#1516=DIRECTION('center_axis',(0.,0.,-1.));
#1517=DIRECTION('ref_axis',(0.707106781186546,0.707106781186549,0.));
#1518=DIRECTION('',(-1.34572487833352E-16,-1.,0.));
#1519=DIRECTION('center_axis',(0.,0.,1.));
#1520=DIRECTION('ref_axis',(-0.707106781186548,-0.707106781186548,0.));
#1521=DIRECTION('',(1.,-3.70074341541718E-16,0.));
#1522=DIRECTION('center_axis',(-0.816496580927726,0.408248290463863,0.408248290463863));
#1523=DIRECTION('ref_axis',(0.577350269189626,0.577350269189626,0.577350269189626));
#1524=DIRECTION('center_axis',(0.,1.,0.));
#1525=DIRECTION('ref_axis',(1.,0.,0.));
#1526=DIRECTION('center_axis',(0.,0.,1.));
#1527=DIRECTION('ref_axis',(0.,1.,0.));
#1528=DIRECTION('center_axis',(1.,-1.11022302462516E-15,0.));
#1529=DIRECTION('ref_axis',(0.,0.,1.));
#1530=DIRECTION('center_axis',(0.,0.,1.));
#1531=DIRECTION('ref_axis',(0.707106781186548,0.707106781186547,0.));
#1532=DIRECTION('',(0.,0.,1.));
#1533=DIRECTION('',(0.,0.,-1.));
#1534=DIRECTION('center_axis',(0.,0.,-1.));
#1535=DIRECTION('ref_axis',(-1.,0.,0.));
#1536=DIRECTION('center_axis',(1.,0.,0.));
#1537=DIRECTION('ref_axis',(0.,1.,0.));
#1538=DIRECTION('center_axis',(0.,0.,-1.));
#1539=DIRECTION('ref_axis',(-1.,0.,0.));
#1540=DIRECTION('center_axis',(0.,1.,0.));
#1541=DIRECTION('ref_axis',(0.,0.,1.));
#1542=DIRECTION('center_axis',(0.,0.,1.));
#1543=DIRECTION('ref_axis',(-0.707106781186548,-0.707106781186548,0.));
#1544=DIRECTION('center_axis',(0.,0.,1.));
#1545=DIRECTION('ref_axis',(-0.707106781186549,-0.707106781186546,0.));
#1546=DIRECTION('',(0.,0.,1.));
#1547=DIRECTION('',(0.,0.,-1.));
#1548=DIRECTION('center_axis',(-9.25185853854296E-17,1.,0.));
#1549=DIRECTION('ref_axis',(0.707106781186548,0.,0.707106781186547));
#1550=DIRECTION('',(9.25185853854296E-17,-1.,0.));
#1551=DIRECTION('',(-9.25185853854296E-17,1.,0.));
#1552=DIRECTION('center_axis',(0.,0.,-1.));
#1553=DIRECTION('ref_axis',(-1.,0.,0.));
#1554=DIRECTION('center_axis',(1.,0.,0.));
#1555=DIRECTION('ref_axis',(0.,1.,0.));
#1556=DIRECTION('center_axis',(0.,0.,-1.));
#1557=DIRECTION('ref_axis',(-1.,0.,0.));
#1558=DIRECTION('center_axis',(0.,1.,0.));
#1559=DIRECTION('ref_axis',(0.,0.,1.));
#1560=DIRECTION('center_axis',(0.,0.,1.));
#1561=DIRECTION('ref_axis',(-0.707106781186548,-0.707106781186547,0.));
#1562=DIRECTION('center_axis',(0.,0.,1.));
#1563=DIRECTION('ref_axis',(-0.707106781186548,-0.707106781186548,0.));
#1564=DIRECTION('',(0.,0.,1.));
#1565=DIRECTION('',(0.,0.,-1.));
#1566=DIRECTION('center_axis',(0.,0.,-1.));
#1567=DIRECTION('ref_axis',(-1.,0.,0.));
#1568=DIRECTION('center_axis',(0.,1.,0.));
#1569=DIRECTION('ref_axis',(-1.,0.,0.));
#1570=DIRECTION('center_axis',(0.,0.,-1.));
#1571=DIRECTION('ref_axis',(0.,-1.,0.));
#1572=DIRECTION('center_axis',(-1.,0.,0.));
#1573=DIRECTION('ref_axis',(0.,0.,1.));
#1574=DIRECTION('center_axis',(0.,0.,1.));
#1575=DIRECTION('ref_axis',(0.707106781186547,-0.707106781186547,0.));
#1576=DIRECTION('center_axis',(0.,0.,1.));
#1577=DIRECTION('ref_axis',(0.707106781186549,-0.707106781186546,0.));
#1578=DIRECTION('',(0.,0.,1.));
#1579=DIRECTION('',(0.,0.,-1.));
#1580=DIRECTION('center_axis',(-1.,0.,0.));
#1581=DIRECTION('ref_axis',(0.,0.707106781186546,0.707106781186549));
#1582=DIRECTION('',(1.,0.,0.));
#1583=DIRECTION('',(-1.,0.,0.));
#1584=DIRECTION('center_axis',(0.408248290463862,-0.816496580927727,0.408248290463863));
#1585=DIRECTION('ref_axis',(0.577350269189626,0.577350269189623,0.577350269189629));
#1586=DIRECTION('center_axis',(1.,0.,0.));
#1587=DIRECTION('ref_axis',(0.,0.,1.));
#1588=DIRECTION('center_axis',(0.,1.,0.));
#1589=DIRECTION('ref_axis',(1.,0.,0.));
#1590=DIRECTION('center_axis',(0.,0.,1.));
#1591=DIRECTION('ref_axis',(0.,1.,0.));
#1592=DIRECTION('center_axis',(1.34572487833352E-16,1.,0.));
#1593=DIRECTION('ref_axis',(0.707106781186548,0.,0.707106781186547));
#1594=DIRECTION('',(-1.34572487833352E-16,-1.,0.));
#1595=DIRECTION('',(1.34572487833352E-16,1.,0.));
#1596=DIRECTION('center_axis',(0.,0.,-1.));
#1597=DIRECTION('ref_axis',(0.707106781186546,0.707106781186549,0.));
#1598=DIRECTION('',(0.,0.,-1.));
#1599=DIRECTION('',(0.,0.,-1.));
#1600=DIRECTION('center_axis',(-0.816496580927725,-0.408248290463866,-0.408248290463862));
#1601=DIRECTION('ref_axis',(-0.577350269189627,0.577350269189624,0.577350269189626));
#1602=DIRECTION('center_axis',(0.,0.,1.));
#1603=DIRECTION('ref_axis',(-1.,0.,0.));
#1604=DIRECTION('center_axis',(0.,1.,0.));
#1605=DIRECTION('ref_axis',(0.,0.,1.));
#1606=DIRECTION('center_axis',(-1.,0.,0.));
#1607=DIRECTION('ref_axis',(0.,1.,0.));
#1608=DIRECTION('center_axis',(-1.34572487833352E-16,1.,0.));
#1609=DIRECTION('ref_axis',(-0.707106781186548,0.,0.707106781186547));
#1610=DIRECTION('',(1.34572487833352E-16,-1.,0.));
#1611=DIRECTION('',(-1.34572487833352E-16,1.,0.));
#1612=DIRECTION('center_axis',(-0.816496580927727,-0.40824829046386,-0.408248290463863));
#1613=DIRECTION('ref_axis',(-0.577350269189625,0.577350269189628,0.577350269189624));
#1614=DIRECTION('center_axis',(0.,0.,1.));
#1615=DIRECTION('ref_axis',(-1.,0.,0.));
#1616=DIRECTION('center_axis',(0.,1.,0.));
#1617=DIRECTION('ref_axis',(0.,0.,1.));
#1618=DIRECTION('center_axis',(-1.,0.,-2.22044604925031E-15));
#1619=DIRECTION('ref_axis',(0.,1.,0.));
#1620=DIRECTION('center_axis',(0.408248290463867,0.40824829046386,-0.816496580927726));
#1621=DIRECTION('ref_axis',(0.577350269189629,0.577350269189622,0.577350269189627));
#1622=DIRECTION('center_axis',(1.,0.,0.));
#1623=DIRECTION('ref_axis',(0.,0.,1.));
#1624=DIRECTION('center_axis',(0.,1.,0.));
#1625=DIRECTION('ref_axis',(1.,0.,0.));
#1626=DIRECTION('center_axis',(0.,0.,1.));
#1627=DIRECTION('ref_axis',(0.,1.,0.));
#1628=DIRECTION('center_axis',(-0.408248290463863,-0.408248290463863,-0.816496580927726));
#1629=DIRECTION('ref_axis',(-0.577350269189626,-0.577350269189626,0.577350269189625));
#1630=DIRECTION('center_axis',(0.,-1.,0.));
#1631=DIRECTION('ref_axis',(-1.,0.,0.));
#1632=DIRECTION('center_axis',(0.,0.,1.));
#1633=DIRECTION('ref_axis',(0.,-1.,0.));
#1634=DIRECTION('center_axis',(-1.,-2.22044604925031E-15,0.));
#1635=DIRECTION('ref_axis',(0.,0.,1.));
#1636=DIRECTION('center_axis',(0.,0.,1.));
#1637=DIRECTION('ref_axis',(-0.707106781186549,-0.707106781186546,0.));
#1638=DIRECTION('',(0.,0.,1.));
#1639=DIRECTION('',(0.,0.,-1.));
#1640=DIRECTION('center_axis',(-0.408248290463859,-0.816496580927729,-0.408248290463861));
#1641=DIRECTION('ref_axis',(0.577350269189625,-0.577350269189625,0.577350269189627));
#1642=DIRECTION('center_axis',(1.,0.,0.));
#1643=DIRECTION('ref_axis',(0.,-1.,0.));
#1644=DIRECTION('center_axis',(0.,0.,1.));
#1645=DIRECTION('ref_axis',(1.,0.,0.));
#1646=DIRECTION('center_axis',(0.,-1.,0.));
#1647=DIRECTION('ref_axis',(0.,0.,1.));
#1648=DIRECTION('center_axis',(0.,0.,1.));
#1649=DIRECTION('ref_axis',(0.707106781186549,-0.707106781186546,0.));
#1650=DIRECTION('',(0.,0.,1.));
#1651=DIRECTION('',(0.,0.,-1.));
#1652=DIRECTION('center_axis',(0.,1.,0.));
#1653=DIRECTION('ref_axis',(0.707106781186548,0.,0.707106781186547));
#1654=DIRECTION('',(0.,-1.,0.));
#1655=DIRECTION('',(0.,1.,0.));
#1656=DIRECTION('center_axis',(1.,1.2335811384724E-16,0.));
#1657=DIRECTION('ref_axis',(0.,-0.707106781186546,0.707106781186549));
#1658=DIRECTION('',(-1.,-1.2335811384724E-16,0.));
#1659=DIRECTION('',(1.,1.2335811384724E-16,0.));
#1660=DIRECTION('center_axis',(-8.7472117091679E-16,1.,0.));
#1661=DIRECTION('ref_axis',(-0.707106781186548,0.,0.707106781186547));
#1662=DIRECTION('',(8.7472117091679E-16,-1.,0.));
#1663=DIRECTION('',(-8.7472117091679E-16,1.,0.));
#1664=DIRECTION('center_axis',(0.,0.,-1.));
#1665=DIRECTION('ref_axis',(0.707106781186546,0.707106781186549,0.));
#1666=DIRECTION('',(0.,0.,-1.));
#1667=DIRECTION('',(0.,0.,-1.));
#1668=DIRECTION('center_axis',(1.,0.,0.));
#1669=DIRECTION('ref_axis',(0.,0.707106781186549,0.707106781186546));
#1670=DIRECTION('',(-1.,0.,0.));
#1671=DIRECTION('',(1.,0.,0.));
#1672=DIRECTION('center_axis',(1.,0.,0.));
#1673=DIRECTION('ref_axis',(0.,0.707106781186549,0.707106781186546));
#1674=DIRECTION('',(-1.,0.,0.));
#1675=DIRECTION('',(1.,0.,0.));
#1676=DIRECTION('center_axis',(0.,0.,1.));
#1677=DIRECTION('ref_axis',(-0.707106781186546,0.707106781186549,0.));
#1678=DIRECTION('',(0.,0.,1.));
#1679=DIRECTION('',(0.,0.,-1.));
#1680=DIRECTION('center_axis',(0.,0.,1.));
#1681=DIRECTION('ref_axis',(-0.707106781186546,0.707106781186549,0.));
#1682=DIRECTION('',(0.,0.,-1.));
#1683=DIRECTION('',(0.,0.,-1.));
#1684=DIRECTION('center_axis',(-1.,3.70074341541719E-16,0.));
#1685=DIRECTION('ref_axis',(7.85046229341889E-16,0.707106781186546,0.707106781186549));
#1686=DIRECTION('',(1.,-3.70074341541718E-16,0.));
#1687=DIRECTION('',(-1.,3.70074341541718E-16,0.));
#1688=DIRECTION('center_axis',(3.70074341541719E-16,1.,0.));
#1689=DIRECTION('ref_axis',(-1.,3.70074341541718E-16,0.));
#1690=DIRECTION('center_axis',(1.,9.25185853854296E-17,0.));
#1691=DIRECTION('ref_axis',(-9.25185853854296E-17,1.,0.));
#1692=DIRECTION('center_axis',(0.,1.,0.));
#1693=DIRECTION('ref_axis',(-1.,0.,0.));
#1694=DIRECTION('center_axis',(-1.,-1.34572487833352E-16,0.));
#1695=DIRECTION('ref_axis',(1.34572487833352E-16,-1.,0.));
#1696=DIRECTION('center_axis',(0.,1.,0.));
#1697=DIRECTION('ref_axis',(0.,0.,1.));
#1698=DIRECTION('center_axis',(0.,0.,1.));
#1699=DIRECTION('ref_axis',(1.,0.,0.));
#1700=DIRECTION('center_axis',(0.,1.,0.));
#1701=DIRECTION('ref_axis',(0.,0.,1.));
#1702=DIRECTION('center_axis',(1.,0.,0.));
#1703=DIRECTION('ref_axis',(0.,1.,0.));
#1704=DIRECTION('center_axis',(1.2335811384724E-16,-1.,0.));
#1705=DIRECTION('ref_axis',(1.,1.2335811384724E-16,0.));
#1706=DIRECTION('center_axis',(-1.,-8.7472117091679E-16,0.));
#1707=DIRECTION('ref_axis',(8.7472117091679E-16,-1.,0.));
#1708=DIRECTION('center_axis',(1.,-1.34572487833352E-16,0.));
#1709=DIRECTION('ref_axis',(1.34572487833352E-16,1.,0.));
#1710=DIRECTION('center_axis',(0.,0.,1.));
#1711=DIRECTION('ref_axis',(1.,0.,0.));
#1712=DIRECTION('center_axis',(0.,0.,1.));
#1713=DIRECTION('ref_axis',(0.707106781186548,0.707106781186547,0.));
#1714=DIRECTION('',(-1.,3.70074341541718E-16,0.));
#1715=DIRECTION('center_axis',(0.,0.,-1.));
#1716=DIRECTION('ref_axis',(-0.707106781186548,-0.707106781186548,0.));
#1717=DIRECTION('',(1.34572487833352E-16,1.,0.));
#1718=DIRECTION('center_axis',(0.,0.,1.));
#1719=DIRECTION('ref_axis',(0.707106781186546,0.707106781186549,0.));
#1720=DIRECTION('',(-1.,0.,0.));
#1721=DIRECTION('center_axis',(0.,0.,1.));
#1722=DIRECTION('ref_axis',(-0.707106781186546,0.707106781186549,0.));
#1723=DIRECTION('',(0.,-1.,0.));
#1724=DIRECTION('center_axis',(0.,0.,1.));
#1725=DIRECTION('ref_axis',(-0.707106781186549,-0.707106781186546,0.));
#1726=DIRECTION('',(1.,1.2335811384724E-16,0.));
#1727=DIRECTION('center_axis',(0.,0.,1.));
#1728=DIRECTION('ref_axis',(0.707106781186549,-0.707106781186546,0.));
#1729=DIRECTION('',(0.,1.,0.));
#1730=DIRECTION('center_axis',(0.,0.,1.));
#1731=DIRECTION('ref_axis',(0.707106781186546,0.707106781186549,0.));
#1732=DIRECTION('',(-1.,0.,0.));
#1733=DIRECTION('center_axis',(0.,0.,1.));
#1734=DIRECTION('ref_axis',(-0.707106781186546,0.707106781186549,0.));
#1735=DIRECTION('',(1.34572487833352E-16,-1.,0.));
#1736=DIRECTION('center_axis',(0.,0.,-1.));
#1737=DIRECTION('ref_axis',(0.707106781186549,-0.707106781186546,0.));
#1738=DIRECTION('',(-1.,0.,0.));
#1739=DIRECTION('center_axis',(0.,0.,-1.));
#1740=DIRECTION('ref_axis',(-0.707106781186549,-0.707106781186546,0.));
#1741=DIRECTION('',(-9.25185853854296E-17,1.,0.));
#1742=DIRECTION('center_axis',(-0.816496580927726,0.408248290463863,-0.408248290463863));
#1743=DIRECTION('ref_axis',(0.577350269189626,0.577350269189626,-0.577350269189626));
#1744=DIRECTION('center_axis',(0.,-1.,0.));
#1745=DIRECTION('ref_axis',(1.,0.,0.));
#1746=DIRECTION('center_axis',(-1.,1.11022302462516E-15,0.));
#1747=DIRECTION('ref_axis',(0.,0.,-1.));
#1748=DIRECTION('center_axis',(0.,0.,1.));
#1749=DIRECTION('ref_axis',(0.,1.,0.));
#1750=DIRECTION('center_axis',(0.,0.,1.));
#1751=DIRECTION('ref_axis',(0.707106781186548,0.707106781186547,0.));
#1752=DIRECTION('',(0.,0.,1.));
#1753=DIRECTION('',(0.,0.,1.));
#1754=DIRECTION('center_axis',(0.,0.,1.));
#1755=DIRECTION('ref_axis',(-1.,0.,0.));
#1756=DIRECTION('center_axis',(-1.,0.,0.));
#1757=DIRECTION('ref_axis',(0.,1.,0.));
#1758=DIRECTION('center_axis',(0.,0.,1.));
#1759=DIRECTION('ref_axis',(-0.707106781186548,-0.707106781186548,0.));
#1760=DIRECTION('center_axis',(0.,-1.,0.));
#1761=DIRECTION('ref_axis',(0.,0.,-1.));
#1762=DIRECTION('center_axis',(0.,0.,-1.));
#1763=DIRECTION('ref_axis',(-1.,0.,0.));
#1764=DIRECTION('center_axis',(0.,0.,1.));
#1765=DIRECTION('ref_axis',(-0.707106781186549,-0.707106781186546,0.));
#1766=DIRECTION('',(0.,0.,1.));
#1767=DIRECTION('',(0.,0.,-1.));
#1768=DIRECTION('center_axis',(9.25185853854296E-17,-1.,0.));
#1769=DIRECTION('ref_axis',(0.707106781186548,0.,-0.707106781186547));
#1770=DIRECTION('',(-9.25185853854296E-17,1.,0.));
#1771=DIRECTION('',(9.25185853854296E-17,-1.,0.));
#1772=DIRECTION('center_axis',(0.,0.,1.));
#1773=DIRECTION('ref_axis',(-1.,0.,0.));
#1774=DIRECTION('center_axis',(-1.,0.,0.));
#1775=DIRECTION('ref_axis',(0.,1.,0.));
#1776=DIRECTION('center_axis',(0.,0.,1.));
#1777=DIRECTION('ref_axis',(-0.707106781186548,-0.707106781186547,0.));
#1778=DIRECTION('center_axis',(0.,-1.,0.));
#1779=DIRECTION('ref_axis',(0.,0.,-1.));
#1780=DIRECTION('center_axis',(0.,0.,-1.));
#1781=DIRECTION('ref_axis',(-1.,0.,0.));
#1782=DIRECTION('center_axis',(0.,0.,1.));
#1783=DIRECTION('ref_axis',(-0.707106781186548,-0.707106781186548,0.));
#1784=DIRECTION('',(0.,0.,1.));
#1785=DIRECTION('',(0.,0.,-1.));
#1786=DIRECTION('center_axis',(0.,0.,1.));
#1787=DIRECTION('ref_axis',(-1.,0.,0.));
#1788=DIRECTION('center_axis',(0.,-1.,0.));
#1789=DIRECTION('ref_axis',(-1.,0.,0.));
#1790=DIRECTION('center_axis',(0.,0.,1.));
#1791=DIRECTION('ref_axis',(0.707106781186547,-0.707106781186547,0.));
#1792=DIRECTION('center_axis',(1.,0.,0.));
#1793=DIRECTION('ref_axis',(0.,0.,-1.));
#1794=DIRECTION('center_axis',(0.,0.,-1.));
#1795=DIRECTION('ref_axis',(0.,-1.,0.));
#1796=DIRECTION('center_axis',(0.,0.,1.));
#1797=DIRECTION('ref_axis',(0.707106781186549,-0.707106781186546,0.));
#1798=DIRECTION('',(0.,0.,1.));
#1799=DIRECTION('',(0.,0.,-1.));
#1800=DIRECTION('center_axis',(1.,0.,0.));
#1801=DIRECTION('ref_axis',(0.,0.707106781186546,-0.707106781186549));
#1802=DIRECTION('',(-1.,0.,0.));
#1803=DIRECTION('',(1.,0.,0.));
#1804=DIRECTION('center_axis',(0.408248290463862,-0.816496580927727,-0.408248290463863));
#1805=DIRECTION('ref_axis',(0.577350269189626,0.577350269189623,-0.577350269189629));
#1806=DIRECTION('center_axis',(-1.,0.,0.));
#1807=DIRECTION('ref_axis',(0.,0.,-1.));
#1808=DIRECTION('center_axis',(0.,0.,1.));
#1809=DIRECTION('ref_axis',(0.,1.,0.));
#1810=DIRECTION('center_axis',(0.,-1.,0.));
#1811=DIRECTION('ref_axis',(1.,0.,0.));
#1812=DIRECTION('center_axis',(-1.34572487833352E-16,-1.,0.));
#1813=DIRECTION('ref_axis',(0.707106781186548,0.,-0.707106781186547));
#1814=DIRECTION('',(1.34572487833352E-16,1.,0.));
#1815=DIRECTION('',(-1.34572487833352E-16,-1.,0.));
#1816=DIRECTION('center_axis',(0.,0.,-1.));
#1817=DIRECTION('ref_axis',(0.707106781186546,0.707106781186549,0.));
#1818=DIRECTION('',(0.,0.,1.));
#1819=DIRECTION('',(0.,0.,-1.));
#1820=DIRECTION('center_axis',(-0.816496580927725,-0.408248290463866,0.408248290463862));
#1821=DIRECTION('ref_axis',(-0.577350269189627,0.577350269189624,-0.577350269189626));
#1822=DIRECTION('center_axis',(0.,0.,1.));
#1823=DIRECTION('ref_axis',(-1.,0.,0.));
#1824=DIRECTION('center_axis',(1.,0.,0.));
#1825=DIRECTION('ref_axis',(0.,1.,0.));
#1826=DIRECTION('center_axis',(0.,-1.,0.));
#1827=DIRECTION('ref_axis',(0.,0.,-1.));
#1828=DIRECTION('center_axis',(1.34572487833352E-16,-1.,0.));
#1829=DIRECTION('ref_axis',(-0.707106781186548,0.,-0.707106781186547));
#1830=DIRECTION('',(-1.34572487833352E-16,1.,0.));
#1831=DIRECTION('',(1.34572487833352E-16,-1.,0.));
#1832=DIRECTION('center_axis',(-0.816496580927727,-0.40824829046386,0.408248290463863));
#1833=DIRECTION('ref_axis',(-0.577350269189625,0.577350269189628,-0.577350269189625));
#1834=DIRECTION('center_axis',(0.,0.,1.));
#1835=DIRECTION('ref_axis',(-1.,0.,0.));
#1836=DIRECTION('center_axis',(1.,0.,-2.22044604925031E-15));
#1837=DIRECTION('ref_axis',(0.,1.,0.));
#1838=DIRECTION('center_axis',(0.,-1.,0.));
#1839=DIRECTION('ref_axis',(0.,0.,-1.));
#1840=DIRECTION('center_axis',(0.408248290463867,0.408248290463859,0.816496580927726));
#1841=DIRECTION('ref_axis',(0.577350269189629,0.577350269189622,-0.577350269189627));
#1842=DIRECTION('center_axis',(-1.,0.,0.));
#1843=DIRECTION('ref_axis',(0.,0.,-1.));
#1844=DIRECTION('center_axis',(0.,0.,1.));
#1845=DIRECTION('ref_axis',(0.,1.,0.));
#1846=DIRECTION('center_axis',(0.,-1.,0.));
#1847=DIRECTION('ref_axis',(1.,0.,0.));
#1848=DIRECTION('center_axis',(-0.408248290463863,-0.408248290463863,0.816496580927726));
#1849=DIRECTION('ref_axis',(-0.577350269189626,-0.577350269189626,-0.577350269189625));
#1850=DIRECTION('center_axis',(0.,1.,0.));
#1851=DIRECTION('ref_axis',(-1.,0.,0.));
#1852=DIRECTION('center_axis',(1.,2.22044604925031E-15,0.));
#1853=DIRECTION('ref_axis',(0.,0.,-1.));
#1854=DIRECTION('center_axis',(0.,0.,1.));
#1855=DIRECTION('ref_axis',(0.,-1.,0.));
#1856=DIRECTION('center_axis',(0.,0.,1.));
#1857=DIRECTION('ref_axis',(-0.707106781186549,-0.707106781186546,0.));
#1858=DIRECTION('',(0.,0.,1.));
#1859=DIRECTION('',(0.,0.,-1.));
#1860=DIRECTION('center_axis',(-0.408248290463859,-0.816496580927729,0.408248290463861));
#1861=DIRECTION('ref_axis',(0.577350269189625,-0.577350269189625,-0.577350269189627));
#1862=DIRECTION('center_axis',(-1.,0.,0.));
#1863=DIRECTION('ref_axis',(0.,-1.,0.));
#1864=DIRECTION('center_axis',(0.,1.,0.));
#1865=DIRECTION('ref_axis',(0.,0.,-1.));
#1866=DIRECTION('center_axis',(0.,0.,1.));
#1867=DIRECTION('ref_axis',(1.,0.,0.));
#1868=DIRECTION('center_axis',(0.,0.,1.));
#1869=DIRECTION('ref_axis',(0.707106781186549,-0.707106781186546,0.));
#1870=DIRECTION('',(0.,0.,1.));
#1871=DIRECTION('',(0.,0.,-1.));
#1872=DIRECTION('center_axis',(0.,-1.,0.));
#1873=DIRECTION('ref_axis',(0.707106781186548,0.,-0.707106781186547));
#1874=DIRECTION('',(0.,1.,0.));
#1875=DIRECTION('',(0.,-1.,0.));
#1876=DIRECTION('center_axis',(-1.,-1.2335811384724E-16,0.));
#1877=DIRECTION('ref_axis',(0.,-0.707106781186546,-0.707106781186549));
#1878=DIRECTION('',(1.,1.2335811384724E-16,0.));
#1879=DIRECTION('',(-1.,-1.2335811384724E-16,0.));
#1880=DIRECTION('center_axis',(8.7472117091679E-16,-1.,0.));
#1881=DIRECTION('ref_axis',(-0.707106781186548,0.,-0.707106781186547));
#1882=DIRECTION('',(-8.7472117091679E-16,1.,0.));
#1883=DIRECTION('',(8.7472117091679E-16,-1.,0.));
#1884=DIRECTION('center_axis',(0.,0.,-1.));
#1885=DIRECTION('ref_axis',(0.707106781186546,0.707106781186549,0.));
#1886=DIRECTION('',(0.,0.,1.));
#1887=DIRECTION('',(0.,0.,-1.));
#1888=DIRECTION('center_axis',(-1.,0.,0.));
#1889=DIRECTION('ref_axis',(0.,0.707106781186549,-0.707106781186546));
#1890=DIRECTION('',(1.,0.,0.));
#1891=DIRECTION('',(-1.,0.,0.));
#1892=DIRECTION('center_axis',(-1.,0.,0.));
#1893=DIRECTION('ref_axis',(0.,0.707106781186549,-0.707106781186546));
#1894=DIRECTION('',(1.,0.,0.));
#1895=DIRECTION('',(-1.,0.,0.));
#1896=DIRECTION('center_axis',(0.,0.,1.));
#1897=DIRECTION('ref_axis',(-0.707106781186546,0.707106781186549,0.));
#1898=DIRECTION('',(0.,0.,1.));
#1899=DIRECTION('',(0.,0.,-1.));
#1900=DIRECTION('center_axis',(0.,0.,1.));
#1901=DIRECTION('ref_axis',(-0.707106781186546,0.707106781186549,0.));
#1902=DIRECTION('',(0.,0.,1.));
#1903=DIRECTION('',(0.,0.,-1.));
#1904=DIRECTION('center_axis',(1.,-3.70074341541719E-16,0.));
#1905=DIRECTION('ref_axis',(7.85046229341889E-16,0.707106781186546,-0.707106781186549));
#1906=DIRECTION('',(-1.,3.70074341541718E-16,0.));
#1907=DIRECTION('',(1.,-3.70074341541718E-16,0.));
#1908=DIRECTION('center_axis',(-3.70074341541719E-16,-1.,0.));
#1909=DIRECTION('ref_axis',(-1.,3.70074341541718E-16,0.));
#1910=DIRECTION('center_axis',(-1.,-9.25185853854296E-17,0.));
#1911=DIRECTION('ref_axis',(-9.25185853854296E-17,1.,0.));
#1912=DIRECTION('center_axis',(0.,-1.,0.));
#1913=DIRECTION('ref_axis',(-1.,0.,0.));
#1914=DIRECTION('center_axis',(1.,1.34572487833352E-16,0.));
#1915=DIRECTION('ref_axis',(1.34572487833352E-16,-1.,0.));
#1916=DIRECTION('center_axis',(0.,-1.,0.));
#1917=DIRECTION('ref_axis',(0.,0.,-1.));
#1918=DIRECTION('center_axis',(0.,0.,1.));
#1919=DIRECTION('ref_axis',(1.,0.,0.));
#1920=DIRECTION('center_axis',(0.,-1.,0.));
#1921=DIRECTION('ref_axis',(0.,0.,-1.));
#1922=DIRECTION('center_axis',(-1.,0.,0.));
#1923=DIRECTION('ref_axis',(0.,1.,0.));
#1924=DIRECTION('center_axis',(-1.2335811384724E-16,1.,0.));
#1925=DIRECTION('ref_axis',(1.,1.2335811384724E-16,0.));
#1926=DIRECTION('center_axis',(1.,8.7472117091679E-16,0.));
#1927=DIRECTION('ref_axis',(8.7472117091679E-16,-1.,0.));
#1928=DIRECTION('center_axis',(-1.,1.34572487833352E-16,0.));
#1929=DIRECTION('ref_axis',(1.34572487833352E-16,1.,0.));
#1930=CARTESIAN_POINT('',(0.,0.,0.));
#1931=CARTESIAN_POINT('Origin',(-6.66133814775094E-15,1.33226762955019E-14,
-0.5));
#1932=CARTESIAN_POINT('',(-3.49999999999998,-10.5,-0.5));
#1933=CARTESIAN_POINT('',(-2.99999999999998,-11.,-0.5));
#1934=CARTESIAN_POINT('Origin',(-3.49999999999998,-11.,-0.5));
#1935=CARTESIAN_POINT('',(-2.99999999999998,-13.,-0.5));
#1936=CARTESIAN_POINT('',(-2.99999999999998,-10.5,-0.5));
#1937=CARTESIAN_POINT('',(-2.49999999999998,-13.5,-0.5));
#1938=CARTESIAN_POINT('Origin',(-2.49999999999998,-13.,-0.5));
#1939=CARTESIAN_POINT('',(5.5,-13.5,-0.5));
#1940=CARTESIAN_POINT('',(-8.99999999999998,-13.5,-0.5));
#1941=CARTESIAN_POINT('',(6.,-13.,-0.5));
#1942=CARTESIAN_POINT('Origin',(5.5,-13.,-0.5));
#1943=CARTESIAN_POINT('',(5.99999999999999,16.5,-0.5));
#1944=CARTESIAN_POINT('',(5.99999999999999,16.5,-0.5));
#1945=CARTESIAN_POINT('',(6.49999999999999,17.,-0.5));
#1946=CARTESIAN_POINT('Origin',(6.49999999999999,16.5,-0.5));
#1947=CARTESIAN_POINT('',(8.49999999999999,17.,-0.5));
#1948=CARTESIAN_POINT('',(-9.00000000000001,17.,-0.5));
#1949=CARTESIAN_POINT('',(8.99999999999999,16.5,-0.5));
#1950=CARTESIAN_POINT('Origin',(8.49999999999999,16.5,-0.5));
#1951=CARTESIAN_POINT('',(8.99999999999999,-16.,-0.5));
#1952=CARTESIAN_POINT('',(8.99999999999999,16.5,-0.5));
#1953=CARTESIAN_POINT('',(8.49999999999999,-16.5,-0.5));
#1954=CARTESIAN_POINT('Origin',(8.49999999999999,-16.,-0.5));
#1955=CARTESIAN_POINT('',(-8.49999999999998,-16.5,-0.5));
#1956=CARTESIAN_POINT('',(8.99999999999999,-16.5,-0.5));
#1957=CARTESIAN_POINT('',(-9.00000000000001,-16.,-0.5));
#1958=CARTESIAN_POINT('Origin',(-8.49999999999998,-16.,-0.5));
#1959=CARTESIAN_POINT('',(-9.00000000000001,16.5,-0.5));
#1960=CARTESIAN_POINT('',(-9.00000000000001,16.5,-0.5));
#1961=CARTESIAN_POINT('',(-8.50000000000001,17.,-0.5));
#1962=CARTESIAN_POINT('Origin',(-8.50000000000001,16.5,-0.5));
#1963=CARTESIAN_POINT('',(-6.49999999999999,17.,-0.5));
#1964=CARTESIAN_POINT('',(-9.00000000000001,17.,-0.5));
#1965=CARTESIAN_POINT('',(-5.99999999999999,16.5,-0.5));
#1966=CARTESIAN_POINT('Origin',(-6.49999999999999,16.5,-0.5));
#1967=CARTESIAN_POINT('',(-6.,-9.99999999999998,-0.5));
#1968=CARTESIAN_POINT('',(-5.99999999999999,16.5,-0.5));
#1969=CARTESIAN_POINT('',(-5.49999999999999,-10.5,-0.5));
#1970=CARTESIAN_POINT('Origin',(-5.49999999999999,-9.99999999999998,-0.5));
#1971=CARTESIAN_POINT('',(-8.99999999999998,-10.5,-0.5));
#1972=CARTESIAN_POINT('Origin',(-3.49999999999998,-11.,1.5));
#1973=CARTESIAN_POINT('',(-2.99999999999998,-11.,1.5));
#1974=CARTESIAN_POINT('',(-3.49999999999998,-11.,2.));
#1975=CARTESIAN_POINT('Origin',(-3.49999999999998,-11.,1.5));
#1976=CARTESIAN_POINT('',(-3.49999999999998,-10.5,1.5));
#1977=CARTESIAN_POINT('Origin',(-3.49999999999998,-11.,1.5));
#1978=CARTESIAN_POINT('Origin',(-3.49999999999998,-11.,1.5));
#1979=CARTESIAN_POINT('Origin',(-3.49999999999998,-11.,0.));
#1980=CARTESIAN_POINT('',(-3.49999999999998,-10.5,0.));
#1981=CARTESIAN_POINT('',(-2.99999999999998,-11.,0.));
#1982=CARTESIAN_POINT('Origin',(-2.49999999999998,-13.,1.5));
#1983=CARTESIAN_POINT('',(-2.49999999999998,-13.5,1.5));
#1984=CARTESIAN_POINT('',(-2.49999999999998,-14.,2.));
#1985=CARTESIAN_POINT('Origin',(-2.49999999999998,-14.,1.5));
#1986=CARTESIAN_POINT('',(-2.99999999999998,-13.,1.5));
#1987=CARTESIAN_POINT('Origin',(-2.49999999999998,-13.,1.5));
#1988=CARTESIAN_POINT('',(-3.49999999999998,-13.,2.));
#1989=CARTESIAN_POINT('Origin',(-3.49999999999998,-13.,1.5));
#1990=CARTESIAN_POINT('Origin',(-2.49999999999998,-13.,2.));
#1991=CARTESIAN_POINT('Origin',(-2.49999999999998,-13.,0.));
#1992=CARTESIAN_POINT('',(-2.99999999999998,-13.,0.));
#1993=CARTESIAN_POINT('',(-2.49999999999998,-13.5,0.));
#1994=CARTESIAN_POINT('Origin',(-3.49999999999998,-6.74999999999999,1.5));
#1995=CARTESIAN_POINT('',(-3.49999999999998,-6.74999999999999,2.));
#1996=CARTESIAN_POINT('',(-2.99999999999998,-6.74999999999999,1.5));
#1997=CARTESIAN_POINT('Origin',(-5.49999999999999,-9.99999999999998,1.5));
#1998=CARTESIAN_POINT('',(-5.49999999999999,-10.5,1.5));
#1999=CARTESIAN_POINT('',(-5.49999999999999,-11.,2.));
#2000=CARTESIAN_POINT('Origin',(-5.49999999999999,-11.,1.5));
#2001=CARTESIAN_POINT('',(-6.,-9.99999999999998,1.5));
#2002=CARTESIAN_POINT('Origin',(-5.49999999999999,-9.99999999999998,1.5));
#2003=CARTESIAN_POINT('',(-6.5,-9.99999999999998,2.));
#2004=CARTESIAN_POINT('Origin',(-6.5,-9.99999999999998,1.5));
#2005=CARTESIAN_POINT('Origin',(-5.49999999999999,-9.99999999999998,2.));
#2006=CARTESIAN_POINT('Origin',(-5.49999999999999,-9.99999999999998,0.));
#2007=CARTESIAN_POINT('',(-6.,-9.99999999999998,0.));
#2008=CARTESIAN_POINT('',(-5.49999999999999,-10.5,0.));
#2009=CARTESIAN_POINT('Origin',(5.5,-13.,1.5));
#2010=CARTESIAN_POINT('',(6.,-13.,1.5));
#2011=CARTESIAN_POINT('',(6.5,-13.,2.));
#2012=CARTESIAN_POINT('Origin',(6.5,-13.,1.5));
#2013=CARTESIAN_POINT('',(5.5,-13.5,1.5));
#2014=CARTESIAN_POINT('Origin',(5.5,-13.,1.5));
#2015=CARTESIAN_POINT('',(5.5,-14.,2.));
#2016=CARTESIAN_POINT('Origin',(5.5,-14.,1.5));
#2017=CARTESIAN_POINT('Origin',(5.5,-13.,2.));
#2018=CARTESIAN_POINT('Origin',(5.5,-13.,0.));
#2019=CARTESIAN_POINT('',(5.5,-13.5,0.));
#2020=CARTESIAN_POINT('',(6.,-13.,0.));
#2021=CARTESIAN_POINT('Origin',(2.99999999999999,-14.,1.5));
#2022=CARTESIAN_POINT('',(2.99999999999999,-14.,2.));
#2023=CARTESIAN_POINT('',(2.99999999999999,-13.5,1.5));
#2024=CARTESIAN_POINT('Origin',(-6.49999999999999,16.5,1.5));
#2025=CARTESIAN_POINT('',(-6.49999999999999,16.5,2.));
#2026=CARTESIAN_POINT('',(-6.49999999999999,17.,1.5));
#2027=CARTESIAN_POINT('Origin',(-6.49999999999999,16.5,1.5));
#2028=CARTESIAN_POINT('',(-5.99999999999999,16.5,1.5));
#2029=CARTESIAN_POINT('Origin',(-6.49999999999999,16.5,1.5));
#2030=CARTESIAN_POINT('Origin',(-6.49999999999999,16.5,1.5));
#2031=CARTESIAN_POINT('Origin',(-6.49999999999999,-5.24999999999998,1.5));
#2032=CARTESIAN_POINT('',(-6.49999999999999,-5.24999999999998,2.));
#2033=CARTESIAN_POINT('',(-5.99999999999999,-5.24999999999998,1.5));
#2034=CARTESIAN_POINT('Origin',(-6.49999999999999,16.5,0.));
#2035=CARTESIAN_POINT('',(-6.49999999999999,17.,0.));
#2036=CARTESIAN_POINT('',(-5.99999999999999,16.5,0.));
#2037=CARTESIAN_POINT('Origin',(6.49999999999999,16.5,1.5));
#2038=CARTESIAN_POINT('',(5.99999999999999,16.5,1.5));
#2039=CARTESIAN_POINT('',(6.49999999999999,17.,1.5));
#2040=CARTESIAN_POINT('Origin',(6.49999999999999,16.5,1.5));
#2041=CARTESIAN_POINT('',(6.49999999999999,16.5,2.));
#2042=CARTESIAN_POINT('Origin',(6.49999999999999,16.5,1.5));
#2043=CARTESIAN_POINT('Origin',(6.49999999999999,16.5,1.5));
#2044=CARTESIAN_POINT('Origin',(6.49999999999999,8.25000000000001,1.5));
#2045=CARTESIAN_POINT('',(5.99999999999999,8.25000000000001,1.5));
#2046=CARTESIAN_POINT('',(6.49999999999999,8.25000000000001,2.));
#2047=CARTESIAN_POINT('Origin',(-8.50000000000001,16.5,1.5));
#2048=CARTESIAN_POINT('',(-9.00000000000001,16.5,1.5));
#2049=CARTESIAN_POINT('',(-8.50000000000001,17.,1.5));
#2050=CARTESIAN_POINT('Origin',(-8.50000000000001,16.5,1.5));
#2051=CARTESIAN_POINT('',(-8.50000000000001,16.5,2.));
#2052=CARTESIAN_POINT('Origin',(-8.50000000000001,16.5,1.5));
#2053=CARTESIAN_POINT('Origin',(-8.50000000000001,16.5,1.5));
#2054=CARTESIAN_POINT('Origin',(8.49999999999999,16.5,1.5));
#2055=CARTESIAN_POINT('',(8.49999999999999,16.5,2.));
#2056=CARTESIAN_POINT('',(8.49999999999999,17.,1.5));
#2057=CARTESIAN_POINT('Origin',(8.49999999999999,16.5,1.5));
#2058=CARTESIAN_POINT('',(8.99999999999999,16.5,1.5));
#2059=CARTESIAN_POINT('Origin',(8.49999999999999,16.5,1.5));
#2060=CARTESIAN_POINT('Origin',(8.49999999999999,16.5,1.5));
#2061=CARTESIAN_POINT('Origin',(-8.49999999999998,-16.,1.5));
#2062=CARTESIAN_POINT('',(-8.99999999999998,-16.,1.5));
#2063=CARTESIAN_POINT('',(-8.49999999999998,-16.,2.));
#2064=CARTESIAN_POINT('Origin',(-8.49999999999998,-16.,1.5));
#2065=CARTESIAN_POINT('',(-8.49999999999998,-16.5,1.5));
#2066=CARTESIAN_POINT('Origin',(-8.49999999999998,-16.,1.5));
#2067=CARTESIAN_POINT('Origin',(-8.49999999999998,-16.,1.5));
#2068=CARTESIAN_POINT('Origin',(-8.49999999999998,-16.,0.));
#2069=CARTESIAN_POINT('',(-8.49999999999998,-16.5,0.));
#2070=CARTESIAN_POINT('',(-8.99999999999998,-16.,0.));
#2071=CARTESIAN_POINT('Origin',(8.49999999999999,-16.,1.5));
#2072=CARTESIAN_POINT('',(8.49999999999999,-16.5,1.5));
#2073=CARTESIAN_POINT('',(8.49999999999999,-16.,2.));
#2074=CARTESIAN_POINT('Origin',(8.49999999999999,-16.,1.5));
#2075=CARTESIAN_POINT('',(8.99999999999999,-16.,1.5));
#2076=CARTESIAN_POINT('Origin',(8.49999999999999,-16.,1.5));
#2077=CARTESIAN_POINT('Origin',(8.49999999999999,-16.,1.5));
#2078=CARTESIAN_POINT('Origin',(8.49999999999999,-16.,0.));
#2079=CARTESIAN_POINT('',(8.99999999999999,-16.,0.));
#2080=CARTESIAN_POINT('',(8.49999999999999,-16.5,0.));
#2081=CARTESIAN_POINT('Origin',(8.49999999999999,-8.24999999999999,1.5));
#2082=CARTESIAN_POINT('',(8.49999999999999,-8.24999999999999,2.));
#2083=CARTESIAN_POINT('',(8.99999999999999,-8.24999999999999,1.5));
#2084=CARTESIAN_POINT('Origin',(-4.49999999999999,-16.,1.5));
#2085=CARTESIAN_POINT('',(-4.49999999999999,-16.,2.));
#2086=CARTESIAN_POINT('',(-4.49999999999999,-16.5,1.5));
#2087=CARTESIAN_POINT('Origin',(-8.5,8.25000000000001,1.5));
#2088=CARTESIAN_POINT('',(-9.,8.25000000000001,1.5));
#2089=CARTESIAN_POINT('',(-8.5,8.25000000000001,2.));
#2090=CARTESIAN_POINT('Origin',(8.49999999999999,16.5,0.));
#2091=CARTESIAN_POINT('',(8.49999999999999,17.,0.));
#2092=CARTESIAN_POINT('',(8.99999999999999,16.5,0.));
#2093=CARTESIAN_POINT('Origin',(4.49999999999999,16.5,1.5));
#2094=CARTESIAN_POINT('',(4.49999999999999,17.,1.5));
#2095=CARTESIAN_POINT('',(4.49999999999999,16.5,2.));
#2096=CARTESIAN_POINT('Origin',(-3.,16.5,1.5));
#2097=CARTESIAN_POINT('',(-3.,17.,1.5));
#2098=CARTESIAN_POINT('',(-3.,16.5,2.));
#2099=CARTESIAN_POINT('Origin',(-8.50000000000001,16.5,0.));
#2100=CARTESIAN_POINT('',(-9.00000000000001,16.5,0.));
#2101=CARTESIAN_POINT('',(-8.50000000000001,17.,0.));
#2102=CARTESIAN_POINT('Origin',(6.49999999999999,16.5,0.));
#2103=CARTESIAN_POINT('',(5.99999999999999,16.5,0.));
#2104=CARTESIAN_POINT('',(6.49999999999999,17.,0.));
#2105=CARTESIAN_POINT('Origin',(-1.49999999999999,-11.,1.5));
#2106=CARTESIAN_POINT('',(-1.49999999999999,-11.,2.));
#2107=CARTESIAN_POINT('',(-1.49999999999999,-10.5,1.5));
#2108=CARTESIAN_POINT('Origin',(-2.99999999999998,-10.5,0.));
#2109=CARTESIAN_POINT('Origin',(-2.99999999999998,-13.5,0.));
#2110=CARTESIAN_POINT('Origin',(6.,-13.5,0.));
#2111=CARTESIAN_POINT('Origin',(5.99999999999999,16.5,0.));
#2112=CARTESIAN_POINT('Origin',(8.99999999999999,17.,0.));
#2113=CARTESIAN_POINT('Origin',(-6.66133814775094E-15,1.33226762955019E-14,
2.));
#2114=CARTESIAN_POINT('Origin',(-5.99999999999999,17.,0.));
#2115=CARTESIAN_POINT('Origin',(8.99999999999999,-16.5,0.));
#2116=CARTESIAN_POINT('Origin',(-8.99999999999998,-16.5,0.));
#2117=CARTESIAN_POINT('Origin',(-9.00000000000001,16.5,0.));
#2118=CARTESIAN_POINT('Origin',(-6.,-10.5,0.));
#2119=CARTESIAN_POINT('Origin',(-6.66133814775094E-15,1.33226762955019E-14,
-1.1));
#2120=CARTESIAN_POINT('',(-2.99999999999998,-11.,-1.1));
#2121=CARTESIAN_POINT('',(-3.49999999999998,-10.5,-1.1));
#2122=CARTESIAN_POINT('Origin',(-3.49999999999998,-11.,-1.1));
#2123=CARTESIAN_POINT('',(-5.49999999999999,-10.5,-1.1));
#2124=CARTESIAN_POINT('',(-8.99999999999998,-10.5,-1.1));
#2125=CARTESIAN_POINT('',(-6.,-9.99999999999998,-1.1));
#2126=CARTESIAN_POINT('Origin',(-5.49999999999999,-9.99999999999998,-1.1));
#2127=CARTESIAN_POINT('',(-5.99999999999999,16.5,-1.1));
#2128=CARTESIAN_POINT('',(-5.99999999999999,16.5,-1.1));
#2129=CARTESIAN_POINT('',(-6.49999999999999,17.,-1.1));
#2130=CARTESIAN_POINT('Origin',(-6.49999999999999,16.5,-1.1));
#2131=CARTESIAN_POINT('',(-8.50000000000001,17.,-1.1));
#2132=CARTESIAN_POINT('',(-9.00000000000001,17.,-1.1));
#2133=CARTESIAN_POINT('',(-9.00000000000001,16.5,-1.1));
#2134=CARTESIAN_POINT('Origin',(-8.50000000000001,16.5,-1.1));
#2135=CARTESIAN_POINT('',(-9.00000000000001,-16.,-1.1));
#2136=CARTESIAN_POINT('',(-9.00000000000001,16.5,-1.1));
#2137=CARTESIAN_POINT('',(-8.49999999999998,-16.5,-1.1));
#2138=CARTESIAN_POINT('Origin',(-8.49999999999998,-16.,-1.1));
#2139=CARTESIAN_POINT('',(8.49999999999999,-16.5,-1.1));
#2140=CARTESIAN_POINT('',(8.99999999999999,-16.5,-1.1));
#2141=CARTESIAN_POINT('',(8.99999999999999,-16.,-1.1));
#2142=CARTESIAN_POINT('Origin',(8.49999999999999,-16.,-1.1));
#2143=CARTESIAN_POINT('',(8.99999999999999,16.5,-1.1));
#2144=CARTESIAN_POINT('',(8.99999999999999,16.5,-1.1));
#2145=CARTESIAN_POINT('',(8.49999999999999,17.,-1.1));
#2146=CARTESIAN_POINT('Origin',(8.49999999999999,16.5,-1.1));
#2147=CARTESIAN_POINT('',(6.49999999999999,17.,-1.1));
#2148=CARTESIAN_POINT('',(-9.00000000000001,17.,-1.1));
#2149=CARTESIAN_POINT('',(5.99999999999999,16.5,-1.1));
#2150=CARTESIAN_POINT('Origin',(6.49999999999999,16.5,-1.1));
#2151=CARTESIAN_POINT('',(6.,-13.,-1.1));
#2152=CARTESIAN_POINT('',(5.99999999999999,16.5,-1.1));
#2153=CARTESIAN_POINT('',(5.5,-13.5,-1.1));
#2154=CARTESIAN_POINT('Origin',(5.5,-13.,-1.1));
#2155=CARTESIAN_POINT('',(-2.49999999999998,-13.5,-1.1));
#2156=CARTESIAN_POINT('',(-8.99999999999998,-13.5,-1.1));
#2157=CARTESIAN_POINT('',(-2.99999999999998,-13.,-1.1));
#2158=CARTESIAN_POINT('Origin',(-2.49999999999998,-13.,-1.1));
#2159=CARTESIAN_POINT('',(-2.99999999999998,-10.5,-1.1));
#2160=CARTESIAN_POINT('Origin',(-3.49999999999998,-11.,-3.1));
#2161=CARTESIAN_POINT('',(-2.99999999999998,-11.,-3.1));
#2162=CARTESIAN_POINT('',(-3.49999999999998,-11.,-3.6));
#2163=CARTESIAN_POINT('Origin',(-3.49999999999998,-11.,-3.1));
#2164=CARTESIAN_POINT('',(-3.49999999999998,-10.5,-3.1));
#2165=CARTESIAN_POINT('Origin',(-3.49999999999998,-11.,-3.1));
#2166=CARTESIAN_POINT('Origin',(-3.49999999999998,-11.,-3.1));
#2167=CARTESIAN_POINT('Origin',(-3.49999999999998,-11.,-1.6));
#2168=CARTESIAN_POINT('',(-2.99999999999998,-11.,-1.6));
#2169=CARTESIAN_POINT('',(-3.49999999999998,-10.5,-1.6));
#2170=CARTESIAN_POINT('Origin',(-2.49999999999998,-13.,-3.1));
#2171=CARTESIAN_POINT('',(-2.49999999999998,-13.5,-3.1));
#2172=CARTESIAN_POINT('',(-2.49999999999998,-14.,-3.6));
#2173=CARTESIAN_POINT('Origin',(-2.49999999999998,-14.,-3.1));
#2174=CARTESIAN_POINT('',(-3.49999999999998,-13.,-3.6));
#2175=CARTESIAN_POINT('Origin',(-2.49999999999998,-13.,-3.6));
#2176=CARTESIAN_POINT('',(-2.99999999999998,-13.,-3.1));
#2177=CARTESIAN_POINT('Origin',(-3.49999999999998,-13.,-3.1));
#2178=CARTESIAN_POINT('Origin',(-2.49999999999998,-13.,-3.1));
#2179=CARTESIAN_POINT('Origin',(-2.49999999999998,-13.,-1.6));
#2180=CARTESIAN_POINT('',(-2.49999999999998,-13.5,-1.6));
#2181=CARTESIAN_POINT('',(-2.99999999999998,-13.,-1.6));
#2182=CARTESIAN_POINT('Origin',(-3.49999999999998,-6.74999999999999,-3.1));
#2183=CARTESIAN_POINT('',(-2.99999999999998,-6.74999999999999,-3.1));
#2184=CARTESIAN_POINT('',(-3.49999999999998,-6.74999999999999,-3.6));
#2185=CARTESIAN_POINT('Origin',(-5.49999999999999,-9.99999999999998,-3.1));
#2186=CARTESIAN_POINT('',(-5.49999999999999,-10.5,-3.1));
#2187=CARTESIAN_POINT('',(-5.49999999999999,-11.,-3.6));
#2188=CARTESIAN_POINT('Origin',(-5.49999999999999,-11.,-3.1));
#2189=CARTESIAN_POINT('',(-6.5,-9.99999999999998,-3.6));
#2190=CARTESIAN_POINT('Origin',(-5.49999999999999,-9.99999999999998,-3.6));
#2191=CARTESIAN_POINT('',(-6.,-9.99999999999998,-3.1));
#2192=CARTESIAN_POINT('Origin',(-6.5,-9.99999999999998,-3.1));
#2193=CARTESIAN_POINT('Origin',(-5.49999999999999,-9.99999999999998,-3.1));
#2194=CARTESIAN_POINT('Origin',(-5.49999999999999,-9.99999999999998,-1.6));
#2195=CARTESIAN_POINT('',(-5.49999999999999,-10.5,-1.6));
#2196=CARTESIAN_POINT('',(-6.,-9.99999999999998,-1.6));
#2197=CARTESIAN_POINT('Origin',(5.5,-13.,-3.1));
#2198=CARTESIAN_POINT('',(6.,-13.,-3.1));
#2199=CARTESIAN_POINT('',(6.5,-13.,-3.6));
#2200=CARTESIAN_POINT('Origin',(6.5,-13.,-3.1));
#2201=CARTESIAN_POINT('',(5.5,-14.,-3.6));
#2202=CARTESIAN_POINT('Origin',(5.5,-13.,-3.6));
#2203=CARTESIAN_POINT('',(5.5,-13.5,-3.1));
#2204=CARTESIAN_POINT('Origin',(5.5,-14.,-3.1));
#2205=CARTESIAN_POINT('Origin',(5.5,-13.,-3.1));
#2206=CARTESIAN_POINT('Origin',(5.5,-13.,-1.6));
#2207=CARTESIAN_POINT('',(6.,-13.,-1.6));
#2208=CARTESIAN_POINT('',(5.5,-13.5,-1.6));
#2209=CARTESIAN_POINT('Origin',(2.99999999999999,-14.,-3.1));
#2210=CARTESIAN_POINT('',(2.99999999999999,-13.5,-3.1));
#2211=CARTESIAN_POINT('',(2.99999999999999,-14.,-3.6));
#2212=CARTESIAN_POINT('Origin',(-6.49999999999999,16.5,-3.1));
#2213=CARTESIAN_POINT('',(-6.49999999999999,16.5,-3.6));
#2214=CARTESIAN_POINT('',(-6.49999999999999,17.,-3.1));
#2215=CARTESIAN_POINT('Origin',(-6.49999999999999,16.5,-3.1));
#2216=CARTESIAN_POINT('',(-5.99999999999999,16.5,-3.1));
#2217=CARTESIAN_POINT('Origin',(-6.49999999999999,16.5,-3.1));
#2218=CARTESIAN_POINT('Origin',(-6.49999999999999,16.5,-3.1));
#2219=CARTESIAN_POINT('Origin',(-6.49999999999999,-5.24999999999998,-3.1));
#2220=CARTESIAN_POINT('',(-5.99999999999999,-5.24999999999998,-3.1));
#2221=CARTESIAN_POINT('',(-6.49999999999999,-5.24999999999998,-3.6));
#2222=CARTESIAN_POINT('Origin',(-6.49999999999999,16.5,-1.6));
#2223=CARTESIAN_POINT('',(-5.99999999999999,16.5,-1.6));
#2224=CARTESIAN_POINT('',(-6.49999999999999,17.,-1.6));
#2225=CARTESIAN_POINT('Origin',(6.49999999999999,16.5,-3.1));
#2226=CARTESIAN_POINT('',(5.99999999999999,16.5,-3.1));
#2227=CARTESIAN_POINT('',(6.49999999999999,17.,-3.1));
#2228=CARTESIAN_POINT('Origin',(6.49999999999999,16.5,-3.1));
#2229=CARTESIAN_POINT('',(6.49999999999999,16.5,-3.6));
#2230=CARTESIAN_POINT('Origin',(6.49999999999999,16.5,-3.1));
#2231=CARTESIAN_POINT('Origin',(6.49999999999999,16.5,-3.1));
#2232=CARTESIAN_POINT('Origin',(6.49999999999999,8.25000000000001,-3.1));
#2233=CARTESIAN_POINT('',(6.49999999999999,8.25000000000001,-3.6));
#2234=CARTESIAN_POINT('',(5.99999999999999,8.25000000000001,-3.1));
#2235=CARTESIAN_POINT('Origin',(-8.50000000000001,16.5,-3.1));
#2236=CARTESIAN_POINT('',(-9.00000000000001,16.5,-3.1));
#2237=CARTESIAN_POINT('',(-8.50000000000001,17.,-3.1));
#2238=CARTESIAN_POINT('Origin',(-8.50000000000001,16.5,-3.1));
#2239=CARTESIAN_POINT('',(-8.50000000000001,16.5,-3.6));
#2240=CARTESIAN_POINT('Origin',(-8.50000000000001,16.5,-3.1));
#2241=CARTESIAN_POINT('Origin',(-8.50000000000001,16.5,-3.1));
#2242=CARTESIAN_POINT('Origin',(8.49999999999999,16.5,-3.1));
#2243=CARTESIAN_POINT('',(8.49999999999999,16.5,-3.6));
#2244=CARTESIAN_POINT('',(8.49999999999999,17.,-3.1));
#2245=CARTESIAN_POINT('Origin',(8.49999999999999,16.5,-3.1));
#2246=CARTESIAN_POINT('',(8.99999999999999,16.5,-3.1));
#2247=CARTESIAN_POINT('Origin',(8.49999999999999,16.5,-3.1));
#2248=CARTESIAN_POINT('Origin',(8.49999999999999,16.5,-3.1));
#2249=CARTESIAN_POINT('Origin',(-8.49999999999998,-16.,-3.1));
#2250=CARTESIAN_POINT('',(-8.99999999999998,-16.,-3.1));
#2251=CARTESIAN_POINT('',(-8.49999999999998,-16.,-3.6));
#2252=CARTESIAN_POINT('Origin',(-8.49999999999998,-16.,-3.1));
#2253=CARTESIAN_POINT('',(-8.49999999999998,-16.5,-3.1));
#2254=CARTESIAN_POINT('Origin',(-8.49999999999998,-16.,-3.1));
#2255=CARTESIAN_POINT('Origin',(-8.49999999999998,-16.,-3.1));
#2256=CARTESIAN_POINT('Origin',(-8.49999999999998,-16.,-1.6));
#2257=CARTESIAN_POINT('',(-8.99999999999998,-16.,-1.6));
#2258=CARTESIAN_POINT('',(-8.49999999999998,-16.5,-1.6));
#2259=CARTESIAN_POINT('Origin',(8.49999999999999,-16.,-3.1));
#2260=CARTESIAN_POINT('',(8.49999999999999,-16.5,-3.1));
#2261=CARTESIAN_POINT('',(8.49999999999999,-16.,-3.6));
#2262=CARTESIAN_POINT('Origin',(8.49999999999999,-16.,-3.1));
#2263=CARTESIAN_POINT('',(8.99999999999999,-16.,-3.1));
#2264=CARTESIAN_POINT('Origin',(8.49999999999999,-16.,-3.1));
#2265=CARTESIAN_POINT('Origin',(8.49999999999999,-16.,-3.1));
#2266=CARTESIAN_POINT('Origin',(8.49999999999999,-16.,-1.6));
#2267=CARTESIAN_POINT('',(8.49999999999999,-16.5,-1.6));
#2268=CARTESIAN_POINT('',(8.99999999999999,-16.,-1.6));
#2269=CARTESIAN_POINT('Origin',(8.49999999999999,-8.24999999999999,-3.1));
#2270=CARTESIAN_POINT('',(8.99999999999999,-8.24999999999999,-3.1));
#2271=CARTESIAN_POINT('',(8.49999999999999,-8.24999999999999,-3.6));
#2272=CARTESIAN_POINT('Origin',(-4.49999999999999,-16.,-3.1));
#2273=CARTESIAN_POINT('',(-4.49999999999999,-16.5,-3.1));
#2274=CARTESIAN_POINT('',(-4.49999999999999,-16.,-3.6));
#2275=CARTESIAN_POINT('Origin',(-8.5,8.25000000000001,-3.1));
#2276=CARTESIAN_POINT('',(-8.5,8.25000000000001,-3.6));
#2277=CARTESIAN_POINT('',(-9.,8.25000000000001,-3.1));
#2278=CARTESIAN_POINT('Origin',(8.49999999999999,16.5,-1.6));
#2279=CARTESIAN_POINT('',(8.99999999999999,16.5,-1.6));
#2280=CARTESIAN_POINT('',(8.49999999999999,17.,-1.6));
#2281=CARTESIAN_POINT('Origin',(4.49999999999999,16.5,-3.1));
#2282=CARTESIAN_POINT('',(4.49999999999999,16.5,-3.6));
#2283=CARTESIAN_POINT('',(4.49999999999999,17.,-3.1));
#2284=CARTESIAN_POINT('Origin',(-3.,16.5,-3.1));
#2285=CARTESIAN_POINT('',(-3.,16.5,-3.6));
#2286=CARTESIAN_POINT('',(-3.,17.,-3.1));
#2287=CARTESIAN_POINT('Origin',(-8.50000000000001,16.5,-1.6));
#2288=CARTESIAN_POINT('',(-8.50000000000001,17.,-1.6));
#2289=CARTESIAN_POINT('',(-9.00000000000001,16.5,-1.6));
#2290=CARTESIAN_POINT('Origin',(6.49999999999999,16.5,-1.6));
#2291=CARTESIAN_POINT('',(6.49999999999999,17.,-1.6));
#2292=CARTESIAN_POINT('',(5.99999999999999,16.5,-1.6));
#2293=CARTESIAN_POINT('Origin',(-1.49999999999999,-11.,-3.1));
#2294=CARTESIAN_POINT('',(-1.49999999999999,-10.5,-3.1));
#2295=CARTESIAN_POINT('',(-1.49999999999999,-11.,-3.6));
#2296=CARTESIAN_POINT('Origin',(-2.99999999999998,-10.5,-1.6));
#2297=CARTESIAN_POINT('Origin',(-2.99999999999998,-13.5,-1.6));
#2298=CARTESIAN_POINT('Origin',(6.,-13.5,-1.6));
#2299=CARTESIAN_POINT('Origin',(5.99999999999999,16.5,-1.6));
#2300=CARTESIAN_POINT('Origin',(8.99999999999999,17.,-1.6));
#2301=CARTESIAN_POINT('Origin',(-6.66133814775094E-15,1.33226762955019E-14,
-3.6));
#2302=CARTESIAN_POINT('Origin',(-5.99999999999999,17.,-1.6));
#2303=CARTESIAN_POINT('Origin',(8.99999999999999,-16.5,-1.6));
#2304=CARTESIAN_POINT('Origin',(-8.99999999999998,-16.5,-1.6));
#2305=CARTESIAN_POINT('Origin',(-9.00000000000001,16.5,-1.6));
#2306=CARTESIAN_POINT('Origin',(-6.,-10.5,-1.6));
#2307=UNCERTAINTY_MEASURE_WITH_UNIT(LENGTH_MEASURE(0.01),#2311,
'DISTANCE_ACCURACY_VALUE',
'Maximum model space distance between geometric entities at asserted c
onnectivities');
#2308=UNCERTAINTY_MEASURE_WITH_UNIT(LENGTH_MEASURE(0.01),#2311,
'DISTANCE_ACCURACY_VALUE',
'Maximum model space distance between geometric entities at asserted c
onnectivities');
#2309=(
GEOMETRIC_REPRESENTATION_CONTEXT(3)
GLOBAL_UNCERTAINTY_ASSIGNED_CONTEXT((#2307))
GLOBAL_UNIT_ASSIGNED_CONTEXT((#2311,#2313,#2314))
REPRESENTATION_CONTEXT('','3D')
);
#2310=(
GEOMETRIC_REPRESENTATION_CONTEXT(3)
GLOBAL_UNCERTAINTY_ASSIGNED_CONTEXT((#2308))
GLOBAL_UNIT_ASSIGNED_CONTEXT((#2311,#2313,#2314))
REPRESENTATION_CONTEXT('','3D')
);
#2311=(
LENGTH_UNIT()
NAMED_UNIT(*)
SI_UNIT(.MILLI.,.METRE.)
);
#2312=(
LENGTH_UNIT()
NAMED_UNIT(*)
SI_UNIT($,.METRE.)
);
#2313=(
NAMED_UNIT(*)
PLANE_ANGLE_UNIT()
SI_UNIT($,.RADIAN.)
);
#2314=(
NAMED_UNIT(*)
SI_UNIT($,.STERADIAN.)
SOLID_ANGLE_UNIT()
);
#2315=SHAPE_DEFINITION_REPRESENTATION(#2316,#2317);
#2316=PRODUCT_DEFINITION_SHAPE('',$,#2319);
#2317=SHAPE_REPRESENTATION('',(#1317),#2309);
#2318=PRODUCT_DEFINITION_CONTEXT('part definition',#2323,'design');
#2319=PRODUCT_DEFINITION('MCU-rp2040-BOTTOM','MCU-rp2040-BOTTOM v4',#2320,
#2318);
#2320=PRODUCT_DEFINITION_FORMATION('',$,#2325);
#2321=PRODUCT_RELATED_PRODUCT_CATEGORY('MCU-rp2040-BOTTOM v4',
'MCU-rp2040-BOTTOM v4',(#2325));
#2322=APPLICATION_PROTOCOL_DEFINITION('international standard',
'automotive_design',2009,#2323);
#2323=APPLICATION_CONTEXT(
'Core Data for Automotive Mechanical Design Process');
#2324=PRODUCT_CONTEXT('part definition',#2323,'mechanical');
#2325=PRODUCT('MCU-rp2040-BOTTOM','MCU-rp2040-BOTTOM v4',$,(#2324));
#2326=PRESENTATION_STYLE_ASSIGNMENT((#2328));
#2327=PRESENTATION_STYLE_ASSIGNMENT((#2329));
#2328=SURFACE_STYLE_USAGE(.BOTH.,#2330);
#2329=SURFACE_STYLE_USAGE(.BOTH.,#2331);
#2330=SURFACE_SIDE_STYLE('',(#2332));
#2331=SURFACE_SIDE_STYLE('',(#2333));
#2332=SURFACE_STYLE_FILL_AREA(#2334);
#2333=SURFACE_STYLE_FILL_AREA(#2335);
#2334=FILL_AREA_STYLE('ABS (blanc)',(#2336));
#2335=FILL_AREA_STYLE('ABS (blanc)',(#2337));
#2336=FILL_AREA_STYLE_COLOUR('ABS (blanc)',#2338);
#2337=FILL_AREA_STYLE_COLOUR('ABS (blanc)',#2339);
#2338=COLOUR_RGB('ABS (blanc)',0.964705882352941,0.964705882352941,0.952941176470588);
#2339=COLOUR_RGB('ABS (blanc)',0.215686274509804,0.580392156862745,0.690196078431373);
ENDSEC;
END-ISO-10303-21;
