ISO-10303-21;
HEADER;
/* Generated by software containing ST-Developer
 * from STEP Tools, Inc. (www.steptools.com) 
 */

FILE_DESCRIPTION(
/* description */ ('STEP AP214'),
/* implementation_level */ '2;1');

FILE_NAME(
/* name */ 'PG1350-socket-FINAL.step',
/* time_stamp */ '2025-08-31T05:54:02+02:00',
/* author */ (''),
/* organization */ (''),
/* preprocessor_version */ 'ST-DEVELOPER v20.1',
/* originating_system */ 'Autodesk Translation Framework v14.10.0.0',
/* authorisation */ '');

FILE_SCHEMA (('AUTOMOTIVE_DESIGN { 1 0 10303 214 3 1 1 }'));
ENDSEC;

DATA;
#10=MECHANICAL_DESIGN_GEOMETRIC_PRESENTATION_REPRESENTATION('',(#53,#54,
#55,#56,#57),#7201);
#11=SHAPE_REPRESENTATION_RELATIONSHIP('SRR','None',#7208,#12);
#12=ADVANCED_BREP_SHAPE_REPRESENTATION('',(#58,#59,#60,#61,#62),#7200);
#13=B_SPLINE_CURVE_WITH_KNOTS('',3,(#6218,#6219,#6220,#6221),
 .UNSPECIFIED.,.F.,.F.,(4,4),(-0.747428396168282,-0.707711561829067),
 .UNSPECIFIED.);
#14=B_SPLINE_CURVE_WITH_KNOTS('',3,(#6222,#6223,#6224,#6225),
 .UNSPECIFIED.,.F.,.F.,(4,4),(0.707711561829067,0.747428396168282),
 .UNSPECIFIED.);
#15=B_SPLINE_CURVE_WITH_KNOTS('',3,(#6255,#6256,#6257,#6258),
 .UNSPECIFIED.,.F.,.F.,(4,4),(-0.0397173147581265,-4.75078499664199E-19),
 .UNSPECIFIED.);
#16=B_SPLINE_CURVE_WITH_KNOTS('',3,(#6259,#6260,#6261,#6262),
 .UNSPECIFIED.,.F.,.F.,(4,4),(4.75078499664199E-19,0.0397173147581265),
 .UNSPECIFIED.);
#17=B_SPLINE_CURVE_WITH_KNOTS('',3,(#6318,#6319,#6320,#6321),
 .UNSPECIFIED.,.F.,.F.,(4,4),(-0.74742839616943,-0.707711561829745),
 .UNSPECIFIED.);
#18=B_SPLINE_CURVE_WITH_KNOTS('',3,(#6322,#6323,#6324,#6325),
 .UNSPECIFIED.,.F.,.F.,(4,4),(0.707711561829745,0.74742839616943),
 .UNSPECIFIED.);
#19=B_SPLINE_CURVE_WITH_KNOTS('',3,(#6355,#6356,#6357,#6358),
 .UNSPECIFIED.,.F.,.F.,(4,4),(-0.0397173147585975,0.),.UNSPECIFIED.);
#20=B_SPLINE_CURVE_WITH_KNOTS('',3,(#6359,#6360,#6361,#6362),
 .UNSPECIFIED.,.F.,.F.,(4,4),(0.,0.0397173147585975),.UNSPECIFIED.);
#21=B_SPLINE_CURVE_WITH_KNOTS('',3,(#6398,#6399,#6400,#6401),
 .UNSPECIFIED.,.F.,.F.,(4,4),(-0.74742839616943,-0.707711561829745),
 .UNSPECIFIED.);
#22=B_SPLINE_CURVE_WITH_KNOTS('',3,(#6402,#6403,#6404,#6405),
 .UNSPECIFIED.,.F.,.F.,(4,4),(0.707711561829745,0.74742839616943),
 .UNSPECIFIED.);
#23=B_SPLINE_CURVE_WITH_KNOTS('',3,(#6435,#6436,#6437,#6438),
 .UNSPECIFIED.,.F.,.F.,(4,4),(-0.0397173147585974,0.),.UNSPECIFIED.);
#24=B_SPLINE_CURVE_WITH_KNOTS('',3,(#6439,#6440,#6441,#6442),
 .UNSPECIFIED.,.F.,.F.,(4,4),(0.,0.0397173147585974),.UNSPECIFIED.);
#25=B_SPLINE_CURVE_WITH_KNOTS('',3,(#6484,#6485,#6486,#6487),
 .UNSPECIFIED.,.F.,.F.,(4,4),(-0.747428396168281,-0.707711561829067),
 .UNSPECIFIED.);
#26=B_SPLINE_CURVE_WITH_KNOTS('',3,(#6488,#6489,#6490,#6491),
 .UNSPECIFIED.,.F.,.F.,(4,4),(0.707711561829067,0.747428396168281),
 .UNSPECIFIED.);
#27=B_SPLINE_CURVE_WITH_KNOTS('',3,(#6521,#6522,#6523,#6524),
 .UNSPECIFIED.,.F.,.F.,(4,4),(-0.0397173147581267,-2.37539249832099E-19),
 .UNSPECIFIED.);
#28=B_SPLINE_CURVE_WITH_KNOTS('',3,(#6525,#6526,#6527,#6528),
 .UNSPECIFIED.,.F.,.F.,(4,4),(2.37539249832099E-19,0.0397173147581267),
 .UNSPECIFIED.);
#29=B_SPLINE_SURFACE_WITH_KNOTS('',3,3,((#6195,#6196,#6197,#6198),(#6199,
#6200,#6201,#6202),(#6203,#6204,#6205,#6206),(#6207,#6208,#6209,#6210),
(#6211,#6212,#6213,#6214)),.UNSPECIFIED.,.F.,.F.,.F.,(4,1,4),(4,4),(0.,
0.5,1.),(0.707711561829067,0.747428396168282),.UNSPECIFIED.);
#30=B_SPLINE_SURFACE_WITH_KNOTS('',3,3,((#6232,#6233,#6234,#6235),(#6236,
#6237,#6238,#6239),(#6240,#6241,#6242,#6243),(#6244,#6245,#6246,#6247),
(#6248,#6249,#6250,#6251)),.UNSPECIFIED.,.F.,.F.,.F.,(4,1,4),(4,4),(0.,
0.5,1.),(4.75078499664199E-19,0.0397173147581265),.UNSPECIFIED.);
#31=B_SPLINE_SURFACE_WITH_KNOTS('',3,3,((#6295,#6296,#6297,#6298),(#6299,
#6300,#6301,#6302),(#6303,#6304,#6305,#6306),(#6307,#6308,#6309,#6310),
(#6311,#6312,#6313,#6314)),.UNSPECIFIED.,.F.,.F.,.F.,(4,1,4),(4,4),(0.,
0.5,1.),(0.707711561829745,0.74742839616943),.UNSPECIFIED.);
#32=B_SPLINE_SURFACE_WITH_KNOTS('',3,3,((#6332,#6333,#6334,#6335),(#6336,
#6337,#6338,#6339),(#6340,#6341,#6342,#6343),(#6344,#6345,#6346,#6347),
(#6348,#6349,#6350,#6351)),.UNSPECIFIED.,.F.,.F.,.F.,(4,1,4),(4,4),(0.,
0.5,1.),(0.,0.0397173147585975),.UNSPECIFIED.);
#33=B_SPLINE_SURFACE_WITH_KNOTS('',3,3,((#6375,#6376,#6377,#6378),(#6379,
#6380,#6381,#6382),(#6383,#6384,#6385,#6386),(#6387,#6388,#6389,#6390),
(#6391,#6392,#6393,#6394)),.UNSPECIFIED.,.F.,.F.,.F.,(4,1,4),(4,4),(0.,
0.5,1.),(0.707711561829745,0.74742839616943),.UNSPECIFIED.);
#34=B_SPLINE_SURFACE_WITH_KNOTS('',3,3,((#6412,#6413,#6414,#6415),(#6416,
#6417,#6418,#6419),(#6420,#6421,#6422,#6423),(#6424,#6425,#6426,#6427),
(#6428,#6429,#6430,#6431)),.UNSPECIFIED.,.F.,.F.,.F.,(4,1,4),(4,4),(0.,
0.5,1.),(0.,0.0397173147585974),.UNSPECIFIED.);
#35=B_SPLINE_SURFACE_WITH_KNOTS('',3,3,((#6461,#6462,#6463,#6464),(#6465,
#6466,#6467,#6468),(#6469,#6470,#6471,#6472),(#6473,#6474,#6475,#6476),
(#6477,#6478,#6479,#6480)),.UNSPECIFIED.,.F.,.F.,.F.,(4,1,4),(4,4),(0.,
0.5,1.),(0.707711561829067,0.747428396168281),.UNSPECIFIED.);
#36=B_SPLINE_SURFACE_WITH_KNOTS('',3,3,((#6498,#6499,#6500,#6501),(#6502,
#6503,#6504,#6505),(#6506,#6507,#6508,#6509),(#6510,#6511,#6512,#6513),
(#6514,#6515,#6516,#6517)),.UNSPECIFIED.,.F.,.F.,.F.,(4,1,4),(4,4),(0.,
0.5,1.),(2.37539249832099E-19,0.0397173147581267),.UNSPECIFIED.);
#37=SPHERICAL_SURFACE('',#4051,0.5);
#38=SPHERICAL_SURFACE('',#4055,0.5);
#39=SPHERICAL_SURFACE('',#4059,0.5);
#40=SPHERICAL_SURFACE('',#4063,0.5);
#41=SPHERICAL_SURFACE('',#4067,0.5);
#42=SPHERICAL_SURFACE('',#4071,0.5);
#43=SPHERICAL_SURFACE('',#4083,0.5);
#44=SPHERICAL_SURFACE('',#4089,0.5);
#45=SPHERICAL_SURFACE('',#4149,0.3);
#46=SPHERICAL_SURFACE('',#4158,0.3);
#47=SPHERICAL_SURFACE('',#4163,0.3);
#48=SPHERICAL_SURFACE('',#4173,0.3);
#49=SPHERICAL_SURFACE('',#4191,0.3);
#50=SPHERICAL_SURFACE('',#4199,0.3);
#51=SPHERICAL_SURFACE('',#4203,0.3);
#52=SPHERICAL_SURFACE('',#4214,0.3);
#53=STYLED_ITEM('',(#7218),#58);
#54=STYLED_ITEM('',(#7219),#59);
#55=STYLED_ITEM('',(#7218),#60);
#56=STYLED_ITEM('',(#7218),#61);
#57=STYLED_ITEM('',(#7218),#62);
#58=MANIFOLD_SOLID_BREP('pour-decoupe (1)',#3872);
#59=MANIFOLD_SOLID_BREP('Corps25',#3873);
#60=MANIFOLD_SOLID_BREP('pour-decoupe',#3874);
#61=MANIFOLD_SOLID_BREP('Corps30',#3875);
#62=MANIFOLD_SOLID_BREP('Corps31',#3876);
#63=PLANE('',#3993);
#64=PLANE('',#3996);
#65=PLANE('',#3999);
#66=PLANE('',#4002);
#67=PLANE('',#4005);
#68=PLANE('',#4008);
#69=PLANE('',#4011);
#70=PLANE('',#4014);
#71=PLANE('',#4017);
#72=PLANE('',#4020);
#73=PLANE('',#4023);
#74=PLANE('',#4026);
#75=PLANE('',#4029);
#76=PLANE('',#4042);
#77=PLANE('',#4044);
#78=PLANE('',#4046);
#79=PLANE('',#4049);
#80=PLANE('',#4050);
#81=PLANE('',#4130);
#82=PLANE('',#4143);
#83=PLANE('',#4145);
#84=PLANE('',#4146);
#85=PLANE('',#4147);
#86=PLANE('',#4148);
#87=PLANE('',#4185);
#88=PLANE('',#4186);
#89=PLANE('',#4187);
#90=PLANE('',#4188);
#91=PLANE('',#4189);
#92=PLANE('',#4190);
#93=PLANE('',#4227);
#94=PLANE('',#4228);
#95=PLANE('',#4229);
#96=PLANE('',#4230);
#97=PLANE('',#4231);
#98=PLANE('',#4232);
#99=PLANE('',#4336);
#100=PLANE('',#4339);
#101=PLANE('',#4342);
#102=PLANE('',#4345);
#103=PLANE('',#4348);
#104=PLANE('',#4351);
#105=PLANE('',#4354);
#106=PLANE('',#4359);
#107=PLANE('',#4364);
#108=PLANE('',#4365);
#109=PLANE('',#4372);
#110=PLANE('',#4381);
#111=PLANE('',#4383);
#112=PLANE('',#4386);
#113=PLANE('',#4389);
#114=PLANE('',#4391);
#115=PLANE('',#4392);
#116=PLANE('',#4393);
#117=PLANE('',#4401);
#118=PLANE('',#4402);
#119=PLANE('',#4409);
#120=PLANE('',#4410);
#121=LINE('',#5737,#375);
#122=LINE('',#5738,#376);
#123=LINE('',#5755,#377);
#124=LINE('',#5756,#378);
#125=LINE('',#5779,#379);
#126=LINE('',#5780,#380);
#127=LINE('',#5799,#381);
#128=LINE('',#5800,#382);
#129=LINE('',#5811,#383);
#130=LINE('',#5812,#384);
#131=LINE('',#5831,#385);
#132=LINE('',#5832,#386);
#133=LINE('',#5851,#387);
#134=LINE('',#5852,#388);
#135=LINE('',#5863,#389);
#136=LINE('',#5864,#390);
#137=LINE('',#5883,#391);
#138=LINE('',#5884,#392);
#139=LINE('',#5895,#393);
#140=LINE('',#5896,#394);
#141=LINE('',#5915,#395);
#142=LINE('',#5916,#396);
#143=LINE('',#5935,#397);
#144=LINE('',#5936,#398);
#145=LINE('',#5947,#399);
#146=LINE('',#5948,#400);
#147=LINE('',#5967,#401);
#148=LINE('',#5968,#402);
#149=LINE('',#5987,#403);
#150=LINE('',#5988,#404);
#151=LINE('',#5996,#405);
#152=LINE('',#5997,#406);
#153=LINE('',#6000,#407);
#154=LINE('',#6002,#408);
#155=LINE('',#6003,#409);
#156=LINE('',#6006,#410);
#157=LINE('',#6010,#411);
#158=LINE('',#6011,#412);
#159=LINE('',#6014,#413);
#160=LINE('',#6018,#414);
#161=LINE('',#6019,#415);
#162=LINE('',#6022,#416);
#163=LINE('',#6026,#417);
#164=LINE('',#6027,#418);
#165=LINE('',#6030,#419);
#166=LINE('',#6034,#420);
#167=LINE('',#6035,#421);
#168=LINE('',#6038,#422);
#169=LINE('',#6042,#423);
#170=LINE('',#6043,#424);
#171=LINE('',#6046,#425);
#172=LINE('',#6050,#426);
#173=LINE('',#6051,#427);
#174=LINE('',#6054,#428);
#175=LINE('',#6058,#429);
#176=LINE('',#6059,#430);
#177=LINE('',#6062,#431);
#178=LINE('',#6066,#432);
#179=LINE('',#6067,#433);
#180=LINE('',#6070,#434);
#181=LINE('',#6075,#435);
#182=LINE('',#6079,#436);
#183=LINE('',#6080,#437);
#184=LINE('',#6083,#438);
#185=LINE('',#6086,#439);
#186=LINE('',#6089,#440);
#187=LINE('',#6090,#441);
#188=LINE('',#6101,#442);
#189=LINE('',#6105,#443);
#190=LINE('',#6109,#444);
#191=LINE('',#6113,#445);
#192=LINE('',#6117,#446);
#193=LINE('',#6120,#447);
#194=LINE('',#6122,#448);
#195=LINE('',#6124,#449);
#196=LINE('',#6126,#450);
#197=LINE('',#6127,#451);
#198=LINE('',#6129,#452);
#199=LINE('',#6131,#453);
#200=LINE('',#6133,#454);
#201=LINE('',#6135,#455);
#202=LINE('',#6136,#456);
#203=LINE('',#6139,#457);
#204=LINE('',#6141,#458);
#205=LINE('',#6187,#459);
#206=LINE('',#6188,#460);
#207=LINE('',#6193,#461);
#208=LINE('',#6194,#462);
#209=LINE('',#6230,#463);
#210=LINE('',#6231,#464);
#211=LINE('',#6264,#465);
#212=LINE('',#6265,#466);
#213=LINE('',#6274,#467);
#214=LINE('',#6275,#468);
#215=LINE('',#6277,#469);
#216=LINE('',#6278,#470);
#217=LINE('',#6287,#471);
#218=LINE('',#6288,#472);
#219=LINE('',#6293,#473);
#220=LINE('',#6294,#474);
#221=LINE('',#6330,#475);
#222=LINE('',#6331,#476);
#223=LINE('',#6364,#477);
#224=LINE('',#6365,#478);
#225=LINE('',#6367,#479);
#226=LINE('',#6368,#480);
#227=LINE('',#6373,#481);
#228=LINE('',#6374,#482);
#229=LINE('',#6410,#483);
#230=LINE('',#6411,#484);
#231=LINE('',#6444,#485);
#232=LINE('',#6445,#486);
#233=LINE('',#6447,#487);
#234=LINE('',#6448,#488);
#235=LINE('',#6450,#489);
#236=LINE('',#6451,#490);
#237=LINE('',#6453,#491);
#238=LINE('',#6454,#492);
#239=LINE('',#6459,#493);
#240=LINE('',#6460,#494);
#241=LINE('',#6496,#495);
#242=LINE('',#6497,#496);
#243=LINE('',#6530,#497);
#244=LINE('',#6531,#498);
#245=LINE('',#6543,#499);
#246=LINE('',#6553,#500);
#247=LINE('',#6565,#501);
#248=LINE('',#6575,#502);
#249=LINE('',#6603,#503);
#250=LINE('',#6604,#504);
#251=LINE('',#6619,#505);
#252=LINE('',#6621,#506);
#253=LINE('',#6622,#507);
#254=LINE('',#6631,#508);
#255=LINE('',#6633,#509);
#256=LINE('',#6634,#510);
#257=LINE('',#6636,#511);
#258=LINE('',#6637,#512);
#259=LINE('',#6639,#513);
#260=LINE('',#6640,#514);
#261=LINE('',#6642,#515);
#262=LINE('',#6643,#516);
#263=LINE('',#6645,#517);
#264=LINE('',#6646,#518);
#265=LINE('',#6648,#519);
#266=LINE('',#6649,#520);
#267=LINE('',#6651,#521);
#268=LINE('',#6652,#522);
#269=LINE('',#6687,#523);
#270=LINE('',#6688,#524);
#271=LINE('',#6698,#525);
#272=LINE('',#6707,#526);
#273=LINE('',#6708,#527);
#274=LINE('',#6710,#528);
#275=LINE('',#6711,#529);
#276=LINE('',#6713,#530);
#277=LINE('',#6714,#531);
#278=LINE('',#6716,#532);
#279=LINE('',#6717,#533);
#280=LINE('',#6719,#534);
#281=LINE('',#6721,#535);
#282=LINE('',#6722,#536);
#283=LINE('',#6724,#537);
#284=LINE('',#6725,#538);
#285=LINE('',#6727,#539);
#286=LINE('',#6728,#540);
#287=LINE('',#6730,#541);
#288=LINE('',#6731,#542);
#289=LINE('',#6751,#543);
#290=LINE('',#6752,#544);
#291=LINE('',#6775,#545);
#292=LINE('',#6776,#546);
#293=LINE('',#6795,#547);
#294=LINE('',#6796,#548);
#295=LINE('',#6807,#549);
#296=LINE('',#6808,#550);
#297=LINE('',#6827,#551);
#298=LINE('',#6828,#552);
#299=LINE('',#6847,#553);
#300=LINE('',#6848,#554);
#301=LINE('',#6859,#555);
#302=LINE('',#6860,#556);
#303=LINE('',#6879,#557);
#304=LINE('',#6880,#558);
#305=LINE('',#6891,#559);
#306=LINE('',#6892,#560);
#307=LINE('',#6911,#561);
#308=LINE('',#6912,#562);
#309=LINE('',#6931,#563);
#310=LINE('',#6932,#564);
#311=LINE('',#6943,#565);
#312=LINE('',#6944,#566);
#313=LINE('',#6963,#567);
#314=LINE('',#6964,#568);
#315=LINE('',#6983,#569);
#316=LINE('',#6984,#570);
#317=LINE('',#6995,#571);
#318=LINE('',#6996,#572);
#319=LINE('',#7021,#573);
#320=LINE('',#7022,#574);
#321=LINE('',#7028,#575);
#322=LINE('',#7030,#576);
#323=LINE('',#7031,#577);
#324=LINE('',#7034,#578);
#325=LINE('',#7038,#579);
#326=LINE('',#7039,#580);
#327=LINE('',#7042,#581);
#328=LINE('',#7046,#582);
#329=LINE('',#7047,#583);
#330=LINE('',#7050,#584);
#331=LINE('',#7054,#585);
#332=LINE('',#7055,#586);
#333=LINE('',#7058,#587);
#334=LINE('',#7062,#588);
#335=LINE('',#7063,#589);
#336=LINE('',#7066,#590);
#337=LINE('',#7070,#591);
#338=LINE('',#7071,#592);
#339=LINE('',#7074,#593);
#340=LINE('',#7078,#594);
#341=LINE('',#7079,#595);
#342=LINE('',#7082,#596);
#343=LINE('',#7086,#597);
#344=LINE('',#7090,#598);
#345=LINE('',#7091,#599);
#346=LINE('',#7094,#600);
#347=LINE('',#7098,#601);
#348=LINE('',#7103,#602);
#349=LINE('',#7104,#603);
#350=LINE('',#7107,#604);
#351=LINE('',#7110,#605);
#352=LINE('',#7114,#606);
#353=LINE('',#7119,#607);
#354=LINE('',#7123,#608);
#355=LINE('',#7127,#609);
#356=LINE('',#7131,#610);
#357=LINE('',#7135,#611);
#358=LINE('',#7139,#612);
#359=LINE('',#7143,#613);
#360=LINE('',#7146,#614);
#361=LINE('',#7147,#615);
#362=LINE('',#7149,#616);
#363=LINE('',#7151,#617);
#364=LINE('',#7152,#618);
#365=LINE('',#7154,#619);
#366=LINE('',#7156,#620);
#367=LINE('',#7158,#621);
#368=LINE('',#7159,#622);
#369=LINE('',#7161,#623);
#370=LINE('',#7164,#624);
#371=LINE('',#7165,#625);
#372=LINE('',#7168,#626);
#373=LINE('',#7182,#627);
#374=LINE('',#7194,#628);
#375=VECTOR('',#4433,10.);
#376=VECTOR('',#4434,10.);
#377=VECTOR('',#4455,10.);
#378=VECTOR('',#4456,10.);
#379=VECTOR('',#4485,10.);
#380=VECTOR('',#4486,10.);
#381=VECTOR('',#4497,10.);
#382=VECTOR('',#4498,10.);
#383=VECTOR('',#4511,10.);
#384=VECTOR('',#4512,10.);
#385=VECTOR('',#4523,10.);
#386=VECTOR('',#4524,10.);
#387=VECTOR('',#4535,10.);
#388=VECTOR('',#4536,10.);
#389=VECTOR('',#4549,10.);
#390=VECTOR('',#4550,10.);
#391=VECTOR('',#4561,10.);
#392=VECTOR('',#4562,10.);
#393=VECTOR('',#4575,10.);
#394=VECTOR('',#4576,10.);
#395=VECTOR('',#4587,10.);
#396=VECTOR('',#4588,10.);
#397=VECTOR('',#4599,10.);
#398=VECTOR('',#4600,10.);
#399=VECTOR('',#4613,10.);
#400=VECTOR('',#4614,10.);
#401=VECTOR('',#4625,10.);
#402=VECTOR('',#4626,10.);
#403=VECTOR('',#4637,10.);
#404=VECTOR('',#4638,10.);
#405=VECTOR('',#4649,10.);
#406=VECTOR('',#4650,10.);
#407=VECTOR('',#4653,10.);
#408=VECTOR('',#4654,10.);
#409=VECTOR('',#4655,10.);
#410=VECTOR('',#4658,10.);
#411=VECTOR('',#4663,10.);
#412=VECTOR('',#4664,10.);
#413=VECTOR('',#4667,10.);
#414=VECTOR('',#4672,10.);
#415=VECTOR('',#4673,10.);
#416=VECTOR('',#4676,10.);
#417=VECTOR('',#4681,10.);
#418=VECTOR('',#4682,10.);
#419=VECTOR('',#4685,10.);
#420=VECTOR('',#4690,10.);
#421=VECTOR('',#4691,10.);
#422=VECTOR('',#4694,10.);
#423=VECTOR('',#4699,10.);
#424=VECTOR('',#4700,10.);
#425=VECTOR('',#4703,10.);
#426=VECTOR('',#4708,10.);
#427=VECTOR('',#4709,10.);
#428=VECTOR('',#4712,10.);
#429=VECTOR('',#4717,10.);
#430=VECTOR('',#4718,10.);
#431=VECTOR('',#4721,10.);
#432=VECTOR('',#4726,10.);
#433=VECTOR('',#4727,10.);
#434=VECTOR('',#4730,0.8);
#435=VECTOR('',#4737,0.8);
#436=VECTOR('',#4742,10.);
#437=VECTOR('',#4743,10.);
#438=VECTOR('',#4746,0.8);
#439=VECTOR('',#4749,0.8);
#440=VECTOR('',#4752,10.);
#441=VECTOR('',#4753,10.);
#442=VECTOR('',#4766,10.);
#443=VECTOR('',#4769,10.);
#444=VECTOR('',#4772,10.);
#445=VECTOR('',#4775,10.);
#446=VECTOR('',#4778,10.);
#447=VECTOR('',#4783,10.);
#448=VECTOR('',#4786,10.);
#449=VECTOR('',#4789,10.);
#450=VECTOR('',#4792,10.);
#451=VECTOR('',#4793,10.);
#452=VECTOR('',#4796,10.);
#453=VECTOR('',#4799,10.);
#454=VECTOR('',#4802,10.);
#455=VECTOR('',#4805,10.);
#456=VECTOR('',#4806,10.);
#457=VECTOR('',#4811,10.);
#458=VECTOR('',#4814,10.);
#459=VECTOR('',#4869,10.);
#460=VECTOR('',#4870,10.);
#461=VECTOR('',#4875,10.);
#462=VECTOR('',#4876,10.);
#463=VECTOR('',#4883,10.);
#464=VECTOR('',#4884,10.);
#465=VECTOR('',#4889,10.);
#466=VECTOR('',#4890,10.);
#467=VECTOR('',#4901,10.);
#468=VECTOR('',#4902,10.);
#469=VECTOR('',#4905,10.);
#470=VECTOR('',#4906,10.);
#471=VECTOR('',#4917,10.);
#472=VECTOR('',#4918,10.);
#473=VECTOR('',#4923,10.);
#474=VECTOR('',#4924,10.);
#475=VECTOR('',#4931,10.);
#476=VECTOR('',#4932,10.);
#477=VECTOR('',#4937,10.);
#478=VECTOR('',#4938,10.);
#479=VECTOR('',#4941,10.);
#480=VECTOR('',#4942,10.);
#481=VECTOR('',#4947,10.);
#482=VECTOR('',#4948,10.);
#483=VECTOR('',#4955,10.);
#484=VECTOR('',#4956,10.);
#485=VECTOR('',#4961,10.);
#486=VECTOR('',#4962,10.);
#487=VECTOR('',#4965,10.);
#488=VECTOR('',#4966,10.);
#489=VECTOR('',#4969,10.);
#490=VECTOR('',#4970,10.);
#491=VECTOR('',#4973,10.);
#492=VECTOR('',#4974,10.);
#493=VECTOR('',#4979,10.);
#494=VECTOR('',#4980,10.);
#495=VECTOR('',#4987,10.);
#496=VECTOR('',#4988,10.);
#497=VECTOR('',#4993,10.);
#498=VECTOR('',#4994,10.);
#499=VECTOR('',#5009,10.);
#500=VECTOR('',#5022,10.);
#501=VECTOR('',#5037,10.);
#502=VECTOR('',#5050,10.);
#503=VECTOR('',#5087,10.);
#504=VECTOR('',#5088,10.);
#505=VECTOR('',#5107,10.);
#506=VECTOR('',#5110,10.);
#507=VECTOR('',#5111,10.);
#508=VECTOR('',#5122,10.);
#509=VECTOR('',#5125,10.);
#510=VECTOR('',#5126,10.);
#511=VECTOR('',#5129,10.);
#512=VECTOR('',#5130,10.);
#513=VECTOR('',#5133,10.);
#514=VECTOR('',#5134,10.);
#515=VECTOR('',#5137,10.);
#516=VECTOR('',#5138,10.);
#517=VECTOR('',#5141,10.);
#518=VECTOR('',#5142,10.);
#519=VECTOR('',#5145,10.);
#520=VECTOR('',#5146,10.);
#521=VECTOR('',#5149,10.);
#522=VECTOR('',#5150,10.);
#523=VECTOR('',#5197,10.);
#524=VECTOR('',#5198,10.);
#525=VECTOR('',#5211,10.);
#526=VECTOR('',#5222,10.);
#527=VECTOR('',#5223,10.);
#528=VECTOR('',#5226,10.);
#529=VECTOR('',#5227,10.);
#530=VECTOR('',#5230,10.);
#531=VECTOR('',#5231,10.);
#532=VECTOR('',#5234,10.);
#533=VECTOR('',#5235,10.);
#534=VECTOR('',#5238,10.);
#535=VECTOR('',#5241,10.);
#536=VECTOR('',#5242,10.);
#537=VECTOR('',#5245,10.);
#538=VECTOR('',#5246,10.);
#539=VECTOR('',#5249,10.);
#540=VECTOR('',#5250,10.);
#541=VECTOR('',#5253,10.);
#542=VECTOR('',#5254,10.);
#543=VECTOR('',#5281,10.);
#544=VECTOR('',#5282,10.);
#545=VECTOR('',#5311,10.);
#546=VECTOR('',#5312,10.);
#547=VECTOR('',#5323,10.);
#548=VECTOR('',#5324,10.);
#549=VECTOR('',#5337,10.);
#550=VECTOR('',#5338,10.);
#551=VECTOR('',#5349,10.);
#552=VECTOR('',#5350,10.);
#553=VECTOR('',#5361,10.);
#554=VECTOR('',#5362,10.);
#555=VECTOR('',#5375,10.);
#556=VECTOR('',#5376,10.);
#557=VECTOR('',#5387,10.);
#558=VECTOR('',#5388,10.);
#559=VECTOR('',#5401,10.);
#560=VECTOR('',#5402,10.);
#561=VECTOR('',#5413,10.);
#562=VECTOR('',#5414,10.);
#563=VECTOR('',#5425,10.);
#564=VECTOR('',#5426,10.);
#565=VECTOR('',#5439,10.);
#566=VECTOR('',#5440,10.);
#567=VECTOR('',#5451,10.);
#568=VECTOR('',#5452,10.);
#569=VECTOR('',#5463,10.);
#570=VECTOR('',#5464,10.);
#571=VECTOR('',#5477,10.);
#572=VECTOR('',#5478,10.);
#573=VECTOR('',#5497,10.);
#574=VECTOR('',#5498,10.);
#575=VECTOR('',#5507,10.);
#576=VECTOR('',#5508,10.);
#577=VECTOR('',#5509,10.);
#578=VECTOR('',#5512,10.);
#579=VECTOR('',#5517,10.);
#580=VECTOR('',#5518,10.);
#581=VECTOR('',#5521,10.);
#582=VECTOR('',#5526,10.);
#583=VECTOR('',#5527,10.);
#584=VECTOR('',#5530,10.);
#585=VECTOR('',#5535,10.);
#586=VECTOR('',#5536,10.);
#587=VECTOR('',#5539,10.);
#588=VECTOR('',#5544,10.);
#589=VECTOR('',#5545,10.);
#590=VECTOR('',#5548,10.);
#591=VECTOR('',#5553,10.);
#592=VECTOR('',#5554,10.);
#593=VECTOR('',#5557,10.);
#594=VECTOR('',#5562,10.);
#595=VECTOR('',#5563,10.);
#596=VECTOR('',#5566,0.8);
#597=VECTOR('',#5571,0.8);
#598=VECTOR('',#5576,10.);
#599=VECTOR('',#5577,10.);
#600=VECTOR('',#5580,0.8);
#601=VECTOR('',#5585,0.8);
#602=VECTOR('',#5592,10.);
#603=VECTOR('',#5593,10.);
#604=VECTOR('',#5596,10.);
#605=VECTOR('',#5599,10.);
#606=VECTOR('',#5604,10.);
#607=VECTOR('',#5611,10.);
#608=VECTOR('',#5614,10.);
#609=VECTOR('',#5617,10.);
#610=VECTOR('',#5620,10.);
#611=VECTOR('',#5623,10.);
#612=VECTOR('',#5626,10.);
#613=VECTOR('',#5629,10.);
#614=VECTOR('',#5634,10.);
#615=VECTOR('',#5635,10.);
#616=VECTOR('',#5638,10.);
#617=VECTOR('',#5641,10.);
#618=VECTOR('',#5642,10.);
#619=VECTOR('',#5645,10.);
#620=VECTOR('',#5648,10.);
#621=VECTOR('',#5651,10.);
#622=VECTOR('',#5652,10.);
#623=VECTOR('',#5655,10.);
#624=VECTOR('',#5660,10.);
#625=VECTOR('',#5661,10.);
#626=VECTOR('',#5666,10.);
#627=VECTOR('',#5685,1.3);
#628=VECTOR('',#5702,1.3);
#629=CYLINDRICAL_SURFACE('',#3898,0.3);
#630=CYLINDRICAL_SURFACE('',#3908,0.3);
#631=CYLINDRICAL_SURFACE('',#3922,0.3);
#632=CYLINDRICAL_SURFACE('',#3927,0.3);
#633=CYLINDRICAL_SURFACE('',#3933,0.3);
#634=CYLINDRICAL_SURFACE('',#3938,0.3);
#635=CYLINDRICAL_SURFACE('',#3943,0.3);
#636=CYLINDRICAL_SURFACE('',#3949,0.3);
#637=CYLINDRICAL_SURFACE('',#3954,0.3);
#638=CYLINDRICAL_SURFACE('',#3960,0.3);
#639=CYLINDRICAL_SURFACE('',#3965,0.3);
#640=CYLINDRICAL_SURFACE('',#3970,0.3);
#641=CYLINDRICAL_SURFACE('',#3976,0.3);
#642=CYLINDRICAL_SURFACE('',#3981,0.3);
#643=CYLINDRICAL_SURFACE('',#3986,0.3);
#644=CYLINDRICAL_SURFACE('',#3992,0.3);
#645=CYLINDRICAL_SURFACE('',#3994,0.5);
#646=CYLINDRICAL_SURFACE('',#3997,0.8);
#647=CYLINDRICAL_SURFACE('',#4000,0.5);
#648=CYLINDRICAL_SURFACE('',#4003,0.5);
#649=CYLINDRICAL_SURFACE('',#4006,0.8);
#650=CYLINDRICAL_SURFACE('',#4009,0.5);
#651=CYLINDRICAL_SURFACE('',#4012,0.5);
#652=CYLINDRICAL_SURFACE('',#4015,0.8);
#653=CYLINDRICAL_SURFACE('',#4018,0.5);
#654=CYLINDRICAL_SURFACE('',#4021,0.8);
#655=CYLINDRICAL_SURFACE('',#4024,0.8);
#656=CYLINDRICAL_SURFACE('',#4027,2.1);
#657=CYLINDRICAL_SURFACE('',#4038,0.8);
#658=CYLINDRICAL_SURFACE('',#4039,1.3);
#659=CYLINDRICAL_SURFACE('',#4040,0.8);
#660=CYLINDRICAL_SURFACE('',#4041,0.5);
#661=CYLINDRICAL_SURFACE('',#4043,0.5);
#662=CYLINDRICAL_SURFACE('',#4045,0.5);
#663=CYLINDRICAL_SURFACE('',#4047,0.8);
#664=CYLINDRICAL_SURFACE('',#4048,0.8);
#665=CYLINDRICAL_SURFACE('',#4075,0.5);
#666=CYLINDRICAL_SURFACE('',#4076,0.5);
#667=CYLINDRICAL_SURFACE('',#4079,0.5);
#668=CYLINDRICAL_SURFACE('',#4082,0.5);
#669=CYLINDRICAL_SURFACE('',#4087,0.5);
#670=CYLINDRICAL_SURFACE('',#4088,0.5);
#671=CYLINDRICAL_SURFACE('',#4093,0.5);
#672=CYLINDRICAL_SURFACE('',#4094,0.5);
#673=CYLINDRICAL_SURFACE('',#4097,0.5);
#674=CYLINDRICAL_SURFACE('',#4100,0.5);
#675=CYLINDRICAL_SURFACE('',#4101,0.5);
#676=CYLINDRICAL_SURFACE('',#4102,0.5);
#677=CYLINDRICAL_SURFACE('',#4105,0.5);
#678=CYLINDRICAL_SURFACE('',#4108,0.5);
#679=CYLINDRICAL_SURFACE('',#4109,0.5);
#680=CYLINDRICAL_SURFACE('',#4110,0.5);
#681=CYLINDRICAL_SURFACE('',#4111,0.5);
#682=CYLINDRICAL_SURFACE('',#4112,0.5);
#683=CYLINDRICAL_SURFACE('',#4115,0.5);
#684=CYLINDRICAL_SURFACE('',#4118,0.5);
#685=CYLINDRICAL_SURFACE('',#4124,0.3);
#686=CYLINDRICAL_SURFACE('',#4137,0.3);
#687=CYLINDRICAL_SURFACE('',#4162,0.3);
#688=CYLINDRICAL_SURFACE('',#4171,0.3);
#689=CYLINDRICAL_SURFACE('',#4172,0.3);
#690=CYLINDRICAL_SURFACE('',#4177,0.3);
#691=CYLINDRICAL_SURFACE('',#4178,0.3);
#692=CYLINDRICAL_SURFACE('',#4179,0.3);
#693=CYLINDRICAL_SURFACE('',#4180,0.3);
#694=CYLINDRICAL_SURFACE('',#4181,0.3);
#695=CYLINDRICAL_SURFACE('',#4182,0.3);
#696=CYLINDRICAL_SURFACE('',#4183,0.3);
#697=CYLINDRICAL_SURFACE('',#4184,0.3);
#698=CYLINDRICAL_SURFACE('',#4207,0.3);
#699=CYLINDRICAL_SURFACE('',#4213,0.3);
#700=CYLINDRICAL_SURFACE('',#4218,0.3);
#701=CYLINDRICAL_SURFACE('',#4219,0.3);
#702=CYLINDRICAL_SURFACE('',#4220,0.3);
#703=CYLINDRICAL_SURFACE('',#4221,0.3);
#704=CYLINDRICAL_SURFACE('',#4222,0.3);
#705=CYLINDRICAL_SURFACE('',#4223,0.3);
#706=CYLINDRICAL_SURFACE('',#4224,0.3);
#707=CYLINDRICAL_SURFACE('',#4225,0.3);
#708=CYLINDRICAL_SURFACE('',#4226,0.3);
#709=CYLINDRICAL_SURFACE('',#4238,0.3);
#710=CYLINDRICAL_SURFACE('',#4252,0.3);
#711=CYLINDRICAL_SURFACE('',#4257,0.3);
#712=CYLINDRICAL_SURFACE('',#4263,0.3);
#713=CYLINDRICAL_SURFACE('',#4268,0.3);
#714=CYLINDRICAL_SURFACE('',#4273,0.3);
#715=CYLINDRICAL_SURFACE('',#4279,0.3);
#716=CYLINDRICAL_SURFACE('',#4284,0.3);
#717=CYLINDRICAL_SURFACE('',#4290,0.3);
#718=CYLINDRICAL_SURFACE('',#4295,0.3);
#719=CYLINDRICAL_SURFACE('',#4300,0.3);
#720=CYLINDRICAL_SURFACE('',#4306,0.3);
#721=CYLINDRICAL_SURFACE('',#4311,0.3);
#722=CYLINDRICAL_SURFACE('',#4316,0.3);
#723=CYLINDRICAL_SURFACE('',#4322,0.3);
#724=CYLINDRICAL_SURFACE('',#4331,0.3);
#725=CYLINDRICAL_SURFACE('',#4337,0.5);
#726=CYLINDRICAL_SURFACE('',#4340,0.5);
#727=CYLINDRICAL_SURFACE('',#4343,0.8);
#728=CYLINDRICAL_SURFACE('',#4346,0.5);
#729=CYLINDRICAL_SURFACE('',#4349,0.5);
#730=CYLINDRICAL_SURFACE('',#4352,0.8);
#731=CYLINDRICAL_SURFACE('',#4355,0.5);
#732=CYLINDRICAL_SURFACE('',#4357,0.8);
#733=CYLINDRICAL_SURFACE('',#4360,2.1);
#734=CYLINDRICAL_SURFACE('',#4362,0.8);
#735=CYLINDRICAL_SURFACE('',#4366,0.8);
#736=CYLINDRICAL_SURFACE('',#4368,1.3);
#737=CYLINDRICAL_SURFACE('',#4370,0.8);
#738=CYLINDRICAL_SURFACE('',#4380,0.5);
#739=CYLINDRICAL_SURFACE('',#4382,0.5);
#740=CYLINDRICAL_SURFACE('',#4384,0.5);
#741=CYLINDRICAL_SURFACE('',#4385,0.5);
#742=CYLINDRICAL_SURFACE('',#4387,0.8);
#743=CYLINDRICAL_SURFACE('',#4388,0.8);
#744=CYLINDRICAL_SURFACE('',#4390,0.8);
#745=CYLINDRICAL_SURFACE('',#4399,1.3);
#746=CYLINDRICAL_SURFACE('',#4407,1.3);
#747=TOROIDAL_SURFACE('',#3894,1.1,0.3);
#748=TOROIDAL_SURFACE('',#3900,1.8,0.3);
#749=TOROIDAL_SURFACE('',#3904,1.1,0.3);
#750=TOROIDAL_SURFACE('',#3910,1.1,0.3);
#751=TOROIDAL_SURFACE('',#3914,1.,0.3);
#752=TOROIDAL_SURFACE('',#3918,1.1,0.3);
#753=TOROIDAL_SURFACE('',#3929,1.1,0.3);
#754=TOROIDAL_SURFACE('',#3945,1.1,0.3);
#755=TOROIDAL_SURFACE('',#3956,1.1,0.3);
#756=TOROIDAL_SURFACE('',#3972,1.1,0.3);
#757=TOROIDAL_SURFACE('',#3988,1.1,0.3);
#758=TOROIDAL_SURFACE('',#4119,0.6,0.3);
#759=TOROIDAL_SURFACE('',#4126,0.6,0.3);
#760=TOROIDAL_SURFACE('',#4132,0.600000000000001,0.3);
#761=TOROIDAL_SURFACE('',#4139,0.6,0.3);
#762=TOROIDAL_SURFACE('',#4153,0.6,0.3);
#763=TOROIDAL_SURFACE('',#4167,0.6,0.3);
#764=TOROIDAL_SURFACE('',#4195,0.6,0.3);
#765=TOROIDAL_SURFACE('',#4208,0.600000000000001,0.3);
#766=TOROIDAL_SURFACE('',#4233,1.1,0.3);
#767=TOROIDAL_SURFACE('',#4240,1.1,0.3);
#768=TOROIDAL_SURFACE('',#4244,1.,0.3);
#769=TOROIDAL_SURFACE('',#4248,1.1,0.3);
#770=TOROIDAL_SURFACE('',#4259,1.1,0.3);
#771=TOROIDAL_SURFACE('',#4275,1.1,0.3);
#772=TOROIDAL_SURFACE('',#4286,1.1,0.3);
#773=TOROIDAL_SURFACE('',#4302,1.1,0.3);
#774=TOROIDAL_SURFACE('',#4318,1.1,0.3);
#775=TOROIDAL_SURFACE('',#4327,1.1,0.3);
#776=TOROIDAL_SURFACE('',#4333,1.8,0.3);
#777=TOROIDAL_SURFACE('',#4394,0.8,0.5);
#778=TOROIDAL_SURFACE('',#4403,0.8,0.5);
#779=FACE_OUTER_BOUND('',#1029,.T.);
#780=FACE_OUTER_BOUND('',#1030,.T.);
#781=FACE_OUTER_BOUND('',#1031,.T.);
#782=FACE_OUTER_BOUND('',#1032,.T.);
#783=FACE_OUTER_BOUND('',#1033,.T.);
#784=FACE_OUTER_BOUND('',#1034,.T.);
#785=FACE_OUTER_BOUND('',#1035,.T.);
#786=FACE_OUTER_BOUND('',#1036,.T.);
#787=FACE_OUTER_BOUND('',#1037,.T.);
#788=FACE_OUTER_BOUND('',#1038,.T.);
#789=FACE_OUTER_BOUND('',#1039,.T.);
#790=FACE_OUTER_BOUND('',#1040,.T.);
#791=FACE_OUTER_BOUND('',#1041,.T.);
#792=FACE_OUTER_BOUND('',#1042,.T.);
#793=FACE_OUTER_BOUND('',#1043,.T.);
#794=FACE_OUTER_BOUND('',#1044,.T.);
#795=FACE_OUTER_BOUND('',#1045,.T.);
#796=FACE_OUTER_BOUND('',#1046,.T.);
#797=FACE_OUTER_BOUND('',#1047,.T.);
#798=FACE_OUTER_BOUND('',#1048,.T.);
#799=FACE_OUTER_BOUND('',#1049,.T.);
#800=FACE_OUTER_BOUND('',#1050,.T.);
#801=FACE_OUTER_BOUND('',#1051,.T.);
#802=FACE_OUTER_BOUND('',#1052,.T.);
#803=FACE_OUTER_BOUND('',#1053,.T.);
#804=FACE_OUTER_BOUND('',#1054,.T.);
#805=FACE_OUTER_BOUND('',#1055,.T.);
#806=FACE_OUTER_BOUND('',#1056,.T.);
#807=FACE_OUTER_BOUND('',#1057,.T.);
#808=FACE_OUTER_BOUND('',#1058,.T.);
#809=FACE_OUTER_BOUND('',#1059,.T.);
#810=FACE_OUTER_BOUND('',#1060,.T.);
#811=FACE_OUTER_BOUND('',#1061,.T.);
#812=FACE_OUTER_BOUND('',#1062,.T.);
#813=FACE_OUTER_BOUND('',#1063,.T.);
#814=FACE_OUTER_BOUND('',#1064,.T.);
#815=FACE_OUTER_BOUND('',#1065,.T.);
#816=FACE_OUTER_BOUND('',#1066,.T.);
#817=FACE_OUTER_BOUND('',#1067,.T.);
#818=FACE_OUTER_BOUND('',#1068,.T.);
#819=FACE_OUTER_BOUND('',#1069,.T.);
#820=FACE_OUTER_BOUND('',#1070,.T.);
#821=FACE_OUTER_BOUND('',#1071,.T.);
#822=FACE_OUTER_BOUND('',#1072,.T.);
#823=FACE_OUTER_BOUND('',#1073,.T.);
#824=FACE_OUTER_BOUND('',#1074,.T.);
#825=FACE_OUTER_BOUND('',#1075,.T.);
#826=FACE_OUTER_BOUND('',#1076,.T.);
#827=FACE_OUTER_BOUND('',#1077,.T.);
#828=FACE_OUTER_BOUND('',#1078,.T.);
#829=FACE_OUTER_BOUND('',#1079,.T.);
#830=FACE_OUTER_BOUND('',#1080,.T.);
#831=FACE_OUTER_BOUND('',#1081,.T.);
#832=FACE_OUTER_BOUND('',#1082,.T.);
#833=FACE_OUTER_BOUND('',#1083,.T.);
#834=FACE_OUTER_BOUND('',#1084,.T.);
#835=FACE_OUTER_BOUND('',#1085,.T.);
#836=FACE_OUTER_BOUND('',#1086,.T.);
#837=FACE_OUTER_BOUND('',#1087,.T.);
#838=FACE_OUTER_BOUND('',#1088,.T.);
#839=FACE_OUTER_BOUND('',#1089,.T.);
#840=FACE_OUTER_BOUND('',#1090,.T.);
#841=FACE_OUTER_BOUND('',#1091,.T.);
#842=FACE_OUTER_BOUND('',#1092,.T.);
#843=FACE_OUTER_BOUND('',#1093,.T.);
#844=FACE_OUTER_BOUND('',#1094,.T.);
#845=FACE_OUTER_BOUND('',#1095,.T.);
#846=FACE_OUTER_BOUND('',#1096,.T.);
#847=FACE_OUTER_BOUND('',#1097,.T.);
#848=FACE_OUTER_BOUND('',#1098,.T.);
#849=FACE_OUTER_BOUND('',#1099,.T.);
#850=FACE_OUTER_BOUND('',#1100,.T.);
#851=FACE_OUTER_BOUND('',#1101,.T.);
#852=FACE_OUTER_BOUND('',#1102,.T.);
#853=FACE_OUTER_BOUND('',#1103,.T.);
#854=FACE_OUTER_BOUND('',#1104,.T.);
#855=FACE_OUTER_BOUND('',#1105,.T.);
#856=FACE_OUTER_BOUND('',#1106,.T.);
#857=FACE_OUTER_BOUND('',#1107,.T.);
#858=FACE_OUTER_BOUND('',#1108,.T.);
#859=FACE_OUTER_BOUND('',#1109,.T.);
#860=FACE_OUTER_BOUND('',#1110,.T.);
#861=FACE_OUTER_BOUND('',#1111,.T.);
#862=FACE_OUTER_BOUND('',#1112,.T.);
#863=FACE_OUTER_BOUND('',#1113,.T.);
#864=FACE_OUTER_BOUND('',#1114,.T.);
#865=FACE_OUTER_BOUND('',#1115,.T.);
#866=FACE_OUTER_BOUND('',#1116,.T.);
#867=FACE_OUTER_BOUND('',#1117,.T.);
#868=FACE_OUTER_BOUND('',#1118,.T.);
#869=FACE_OUTER_BOUND('',#1119,.T.);
#870=FACE_OUTER_BOUND('',#1120,.T.);
#871=FACE_OUTER_BOUND('',#1121,.T.);
#872=FACE_OUTER_BOUND('',#1122,.T.);
#873=FACE_OUTER_BOUND('',#1123,.T.);
#874=FACE_OUTER_BOUND('',#1124,.T.);
#875=FACE_OUTER_BOUND('',#1125,.T.);
#876=FACE_OUTER_BOUND('',#1126,.T.);
#877=FACE_OUTER_BOUND('',#1127,.T.);
#878=FACE_OUTER_BOUND('',#1128,.T.);
#879=FACE_OUTER_BOUND('',#1129,.T.);
#880=FACE_OUTER_BOUND('',#1130,.T.);
#881=FACE_OUTER_BOUND('',#1131,.T.);
#882=FACE_OUTER_BOUND('',#1132,.T.);
#883=FACE_OUTER_BOUND('',#1133,.T.);
#884=FACE_OUTER_BOUND('',#1134,.T.);
#885=FACE_OUTER_BOUND('',#1135,.T.);
#886=FACE_OUTER_BOUND('',#1136,.T.);
#887=FACE_OUTER_BOUND('',#1137,.T.);
#888=FACE_OUTER_BOUND('',#1138,.T.);
#889=FACE_OUTER_BOUND('',#1139,.T.);
#890=FACE_OUTER_BOUND('',#1140,.T.);
#891=FACE_OUTER_BOUND('',#1141,.T.);
#892=FACE_OUTER_BOUND('',#1142,.T.);
#893=FACE_OUTER_BOUND('',#1143,.T.);
#894=FACE_OUTER_BOUND('',#1144,.T.);
#895=FACE_OUTER_BOUND('',#1145,.T.);
#896=FACE_OUTER_BOUND('',#1146,.T.);
#897=FACE_OUTER_BOUND('',#1147,.T.);
#898=FACE_OUTER_BOUND('',#1148,.T.);
#899=FACE_OUTER_BOUND('',#1149,.T.);
#900=FACE_OUTER_BOUND('',#1150,.T.);
#901=FACE_OUTER_BOUND('',#1151,.T.);
#902=FACE_OUTER_BOUND('',#1152,.T.);
#903=FACE_OUTER_BOUND('',#1153,.T.);
#904=FACE_OUTER_BOUND('',#1154,.T.);
#905=FACE_OUTER_BOUND('',#1155,.T.);
#906=FACE_OUTER_BOUND('',#1156,.T.);
#907=FACE_OUTER_BOUND('',#1157,.T.);
#908=FACE_OUTER_BOUND('',#1158,.T.);
#909=FACE_OUTER_BOUND('',#1159,.T.);
#910=FACE_OUTER_BOUND('',#1160,.T.);
#911=FACE_OUTER_BOUND('',#1161,.T.);
#912=FACE_OUTER_BOUND('',#1162,.T.);
#913=FACE_OUTER_BOUND('',#1163,.T.);
#914=FACE_OUTER_BOUND('',#1164,.T.);
#915=FACE_OUTER_BOUND('',#1165,.T.);
#916=FACE_OUTER_BOUND('',#1166,.T.);
#917=FACE_OUTER_BOUND('',#1167,.T.);
#918=FACE_OUTER_BOUND('',#1168,.T.);
#919=FACE_OUTER_BOUND('',#1169,.T.);
#920=FACE_OUTER_BOUND('',#1170,.T.);
#921=FACE_OUTER_BOUND('',#1171,.T.);
#922=FACE_OUTER_BOUND('',#1172,.T.);
#923=FACE_OUTER_BOUND('',#1173,.T.);
#924=FACE_OUTER_BOUND('',#1174,.T.);
#925=FACE_OUTER_BOUND('',#1175,.T.);
#926=FACE_OUTER_BOUND('',#1176,.T.);
#927=FACE_OUTER_BOUND('',#1177,.T.);
#928=FACE_OUTER_BOUND('',#1178,.T.);
#929=FACE_OUTER_BOUND('',#1179,.T.);
#930=FACE_OUTER_BOUND('',#1180,.T.);
#931=FACE_OUTER_BOUND('',#1181,.T.);
#932=FACE_OUTER_BOUND('',#1182,.T.);
#933=FACE_OUTER_BOUND('',#1183,.T.);
#934=FACE_OUTER_BOUND('',#1184,.T.);
#935=FACE_OUTER_BOUND('',#1185,.T.);
#936=FACE_OUTER_BOUND('',#1186,.T.);
#937=FACE_OUTER_BOUND('',#1187,.T.);
#938=FACE_OUTER_BOUND('',#1188,.T.);
#939=FACE_OUTER_BOUND('',#1189,.T.);
#940=FACE_OUTER_BOUND('',#1190,.T.);
#941=FACE_OUTER_BOUND('',#1191,.T.);
#942=FACE_OUTER_BOUND('',#1192,.T.);
#943=FACE_OUTER_BOUND('',#1193,.T.);
#944=FACE_OUTER_BOUND('',#1194,.T.);
#945=FACE_OUTER_BOUND('',#1195,.T.);
#946=FACE_OUTER_BOUND('',#1196,.T.);
#947=FACE_OUTER_BOUND('',#1197,.T.);
#948=FACE_OUTER_BOUND('',#1198,.T.);
#949=FACE_OUTER_BOUND('',#1199,.T.);
#950=FACE_OUTER_BOUND('',#1200,.T.);
#951=FACE_OUTER_BOUND('',#1201,.T.);
#952=FACE_OUTER_BOUND('',#1202,.T.);
#953=FACE_OUTER_BOUND('',#1203,.T.);
#954=FACE_OUTER_BOUND('',#1204,.T.);
#955=FACE_OUTER_BOUND('',#1205,.T.);
#956=FACE_OUTER_BOUND('',#1206,.T.);
#957=FACE_OUTER_BOUND('',#1207,.T.);
#958=FACE_OUTER_BOUND('',#1208,.T.);
#959=FACE_OUTER_BOUND('',#1209,.T.);
#960=FACE_OUTER_BOUND('',#1210,.T.);
#961=FACE_OUTER_BOUND('',#1211,.T.);
#962=FACE_OUTER_BOUND('',#1212,.T.);
#963=FACE_OUTER_BOUND('',#1213,.T.);
#964=FACE_OUTER_BOUND('',#1214,.T.);
#965=FACE_OUTER_BOUND('',#1215,.T.);
#966=FACE_OUTER_BOUND('',#1216,.T.);
#967=FACE_OUTER_BOUND('',#1217,.T.);
#968=FACE_OUTER_BOUND('',#1218,.T.);
#969=FACE_OUTER_BOUND('',#1219,.T.);
#970=FACE_OUTER_BOUND('',#1220,.T.);
#971=FACE_OUTER_BOUND('',#1221,.T.);
#972=FACE_OUTER_BOUND('',#1222,.T.);
#973=FACE_OUTER_BOUND('',#1223,.T.);
#974=FACE_OUTER_BOUND('',#1224,.T.);
#975=FACE_OUTER_BOUND('',#1225,.T.);
#976=FACE_OUTER_BOUND('',#1226,.T.);
#977=FACE_OUTER_BOUND('',#1227,.T.);
#978=FACE_OUTER_BOUND('',#1228,.T.);
#979=FACE_OUTER_BOUND('',#1229,.T.);
#980=FACE_OUTER_BOUND('',#1230,.T.);
#981=FACE_OUTER_BOUND('',#1231,.T.);
#982=FACE_OUTER_BOUND('',#1232,.T.);
#983=FACE_OUTER_BOUND('',#1233,.T.);
#984=FACE_OUTER_BOUND('',#1234,.T.);
#985=FACE_OUTER_BOUND('',#1235,.T.);
#986=FACE_OUTER_BOUND('',#1236,.T.);
#987=FACE_OUTER_BOUND('',#1237,.T.);
#988=FACE_OUTER_BOUND('',#1238,.T.);
#989=FACE_OUTER_BOUND('',#1239,.T.);
#990=FACE_OUTER_BOUND('',#1240,.T.);
#991=FACE_OUTER_BOUND('',#1241,.T.);
#992=FACE_OUTER_BOUND('',#1242,.T.);
#993=FACE_OUTER_BOUND('',#1243,.T.);
#994=FACE_OUTER_BOUND('',#1244,.T.);
#995=FACE_OUTER_BOUND('',#1245,.T.);
#996=FACE_OUTER_BOUND('',#1246,.T.);
#997=FACE_OUTER_BOUND('',#1247,.T.);
#998=FACE_OUTER_BOUND('',#1248,.T.);
#999=FACE_OUTER_BOUND('',#1249,.T.);
#1000=FACE_OUTER_BOUND('',#1250,.T.);
#1001=FACE_OUTER_BOUND('',#1251,.T.);
#1002=FACE_OUTER_BOUND('',#1252,.T.);
#1003=FACE_OUTER_BOUND('',#1253,.T.);
#1004=FACE_OUTER_BOUND('',#1254,.T.);
#1005=FACE_OUTER_BOUND('',#1255,.T.);
#1006=FACE_OUTER_BOUND('',#1256,.T.);
#1007=FACE_OUTER_BOUND('',#1257,.T.);
#1008=FACE_OUTER_BOUND('',#1258,.T.);
#1009=FACE_OUTER_BOUND('',#1259,.T.);
#1010=FACE_OUTER_BOUND('',#1260,.T.);
#1011=FACE_OUTER_BOUND('',#1261,.T.);
#1012=FACE_OUTER_BOUND('',#1262,.T.);
#1013=FACE_OUTER_BOUND('',#1263,.T.);
#1014=FACE_OUTER_BOUND('',#1264,.T.);
#1015=FACE_OUTER_BOUND('',#1265,.T.);
#1016=FACE_OUTER_BOUND('',#1266,.T.);
#1017=FACE_OUTER_BOUND('',#1267,.T.);
#1018=FACE_OUTER_BOUND('',#1268,.T.);
#1019=FACE_OUTER_BOUND('',#1269,.T.);
#1020=FACE_OUTER_BOUND('',#1270,.T.);
#1021=FACE_OUTER_BOUND('',#1271,.T.);
#1022=FACE_OUTER_BOUND('',#1272,.T.);
#1023=FACE_OUTER_BOUND('',#1273,.T.);
#1024=FACE_OUTER_BOUND('',#1274,.T.);
#1025=FACE_OUTER_BOUND('',#1275,.T.);
#1026=FACE_OUTER_BOUND('',#1276,.T.);
#1027=FACE_OUTER_BOUND('',#1277,.T.);
#1028=FACE_OUTER_BOUND('',#1278,.T.);
#1029=EDGE_LOOP('',(#2470,#2471,#2472,#2473));
#1030=EDGE_LOOP('',(#2474,#2475,#2476,#2477));
#1031=EDGE_LOOP('',(#2478,#2479,#2480,#2481));
#1032=EDGE_LOOP('',(#2482,#2483,#2484,#2485));
#1033=EDGE_LOOP('',(#2486,#2487,#2488,#2489));
#1034=EDGE_LOOP('',(#2490,#2491,#2492,#2493));
#1035=EDGE_LOOP('',(#2494,#2495,#2496,#2497));
#1036=EDGE_LOOP('',(#2498,#2499,#2500,#2501));
#1037=EDGE_LOOP('',(#2502,#2503,#2504,#2505));
#1038=EDGE_LOOP('',(#2506,#2507,#2508,#2509));
#1039=EDGE_LOOP('',(#2510,#2511,#2512,#2513));
#1040=EDGE_LOOP('',(#2514,#2515,#2516,#2517));
#1041=EDGE_LOOP('',(#2518,#2519,#2520,#2521));
#1042=EDGE_LOOP('',(#2522,#2523,#2524,#2525));
#1043=EDGE_LOOP('',(#2526,#2527,#2528,#2529));
#1044=EDGE_LOOP('',(#2530,#2531,#2532,#2533));
#1045=EDGE_LOOP('',(#2534,#2535,#2536,#2537));
#1046=EDGE_LOOP('',(#2538,#2539,#2540,#2541));
#1047=EDGE_LOOP('',(#2542,#2543,#2544,#2545));
#1048=EDGE_LOOP('',(#2546,#2547,#2548,#2549));
#1049=EDGE_LOOP('',(#2550,#2551,#2552,#2553));
#1050=EDGE_LOOP('',(#2554,#2555,#2556,#2557));
#1051=EDGE_LOOP('',(#2558,#2559,#2560,#2561));
#1052=EDGE_LOOP('',(#2562,#2563,#2564,#2565));
#1053=EDGE_LOOP('',(#2566,#2567,#2568,#2569));
#1054=EDGE_LOOP('',(#2570,#2571,#2572,#2573));
#1055=EDGE_LOOP('',(#2574,#2575,#2576,#2577));
#1056=EDGE_LOOP('',(#2578,#2579,#2580,#2581));
#1057=EDGE_LOOP('',(#2582,#2583,#2584,#2585));
#1058=EDGE_LOOP('',(#2586,#2587,#2588,#2589));
#1059=EDGE_LOOP('',(#2590,#2591,#2592,#2593));
#1060=EDGE_LOOP('',(#2594,#2595,#2596,#2597));
#1061=EDGE_LOOP('',(#2598,#2599,#2600,#2601));
#1062=EDGE_LOOP('',(#2602,#2603,#2604,#2605));
#1063=EDGE_LOOP('',(#2606,#2607,#2608,#2609));
#1064=EDGE_LOOP('',(#2610,#2611,#2612,#2613));
#1065=EDGE_LOOP('',(#2614,#2615,#2616,#2617));
#1066=EDGE_LOOP('',(#2618,#2619,#2620,#2621));
#1067=EDGE_LOOP('',(#2622,#2623,#2624,#2625));
#1068=EDGE_LOOP('',(#2626,#2627,#2628,#2629));
#1069=EDGE_LOOP('',(#2630,#2631,#2632,#2633));
#1070=EDGE_LOOP('',(#2634,#2635,#2636,#2637));
#1071=EDGE_LOOP('',(#2638,#2639,#2640,#2641));
#1072=EDGE_LOOP('',(#2642,#2643,#2644,#2645));
#1073=EDGE_LOOP('',(#2646,#2647,#2648,#2649));
#1074=EDGE_LOOP('',(#2650,#2651,#2652,#2653));
#1075=EDGE_LOOP('',(#2654,#2655,#2656,#2657));
#1076=EDGE_LOOP('',(#2658,#2659,#2660,#2661));
#1077=EDGE_LOOP('',(#2662,#2663,#2664,#2665));
#1078=EDGE_LOOP('',(#2666,#2667,#2668,#2669));
#1079=EDGE_LOOP('',(#2670,#2671,#2672,#2673));
#1080=EDGE_LOOP('',(#2674,#2675,#2676,#2677));
#1081=EDGE_LOOP('',(#2678,#2679,#2680,#2681));
#1082=EDGE_LOOP('',(#2682,#2683,#2684,#2685));
#1083=EDGE_LOOP('',(#2686,#2687,#2688,#2689,#2690,#2691,#2692,#2693,#2694,
#2695,#2696,#2697,#2698,#2699,#2700,#2701,#2702,#2703,#2704,#2705,#2706,
#2707,#2708,#2709,#2710,#2711,#2712,#2713,#2714,#2715,#2716,#2717,#2718,
#2719,#2720,#2721));
#1084=EDGE_LOOP('',(#2722,#2723,#2724,#2725));
#1085=EDGE_LOOP('',(#2726,#2727,#2728,#2729));
#1086=EDGE_LOOP('',(#2730,#2731,#2732,#2733));
#1087=EDGE_LOOP('',(#2734,#2735,#2736,#2737));
#1088=EDGE_LOOP('',(#2738,#2739,#2740,#2741));
#1089=EDGE_LOOP('',(#2742,#2743,#2744,#2745,#2746,#2747,#2748,#2749,#2750,
#2751,#2752,#2753,#2754,#2755,#2756,#2757,#2758,#2759,#2760,#2761,#2762,
#2763,#2764,#2765,#2766,#2767,#2768,#2769,#2770,#2771,#2772,#2773,#2774,
#2775,#2776,#2777));
#1090=EDGE_LOOP('',(#2778,#2779,#2780,#2781));
#1091=EDGE_LOOP('',(#2782,#2783,#2784,#2785));
#1092=EDGE_LOOP('',(#2786,#2787,#2788,#2789));
#1093=EDGE_LOOP('',(#2790,#2791,#2792,#2793));
#1094=EDGE_LOOP('',(#2794,#2795,#2796,#2797));
#1095=EDGE_LOOP('',(#2798,#2799,#2800,#2801));
#1096=EDGE_LOOP('',(#2802,#2803,#2804,#2805));
#1097=EDGE_LOOP('',(#2806,#2807,#2808,#2809));
#1098=EDGE_LOOP('',(#2810,#2811,#2812,#2813));
#1099=EDGE_LOOP('',(#2814,#2815,#2816,#2817));
#1100=EDGE_LOOP('',(#2818,#2819,#2820,#2821));
#1101=EDGE_LOOP('',(#2822,#2823,#2824,#2825));
#1102=EDGE_LOOP('',(#2826,#2827,#2828,#2829));
#1103=EDGE_LOOP('',(#2830,#2831,#2832));
#1104=EDGE_LOOP('',(#2833,#2834,#2835));
#1105=EDGE_LOOP('',(#2836,#2837,#2838));
#1106=EDGE_LOOP('',(#2839,#2840,#2841));
#1107=EDGE_LOOP('',(#2842,#2843,#2844));
#1108=EDGE_LOOP('',(#2845,#2846,#2847));
#1109=EDGE_LOOP('',(#2848,#2849,#2850,#2851));
#1110=EDGE_LOOP('',(#2852,#2853,#2854,#2855));
#1111=EDGE_LOOP('',(#2856,#2857,#2858,#2859));
#1112=EDGE_LOOP('',(#2860,#2861,#2862,#2863));
#1113=EDGE_LOOP('',(#2864,#2865,#2866,#2867));
#1114=EDGE_LOOP('',(#2868,#2869,#2870,#2871));
#1115=EDGE_LOOP('',(#2872,#2873,#2874));
#1116=EDGE_LOOP('',(#2875,#2876,#2877,#2878));
#1117=EDGE_LOOP('',(#2879,#2880,#2881,#2882));
#1118=EDGE_LOOP('',(#2883,#2884,#2885));
#1119=EDGE_LOOP('',(#2886,#2887,#2888,#2889));
#1120=EDGE_LOOP('',(#2890,#2891,#2892,#2893));
#1121=EDGE_LOOP('',(#2894,#2895,#2896,#2897));
#1122=EDGE_LOOP('',(#2898,#2899,#2900,#2901));
#1123=EDGE_LOOP('',(#2902,#2903,#2904,#2905));
#1124=EDGE_LOOP('',(#2906,#2907,#2908,#2909));
#1125=EDGE_LOOP('',(#2910,#2911,#2912,#2913));
#1126=EDGE_LOOP('',(#2914,#2915,#2916,#2917));
#1127=EDGE_LOOP('',(#2918,#2919,#2920,#2921));
#1128=EDGE_LOOP('',(#2922,#2923,#2924,#2925));
#1129=EDGE_LOOP('',(#2926,#2927,#2928,#2929));
#1130=EDGE_LOOP('',(#2930,#2931,#2932,#2933));
#1131=EDGE_LOOP('',(#2934,#2935,#2936,#2937));
#1132=EDGE_LOOP('',(#2938,#2939,#2940,#2941));
#1133=EDGE_LOOP('',(#2942,#2943,#2944,#2945));
#1134=EDGE_LOOP('',(#2946,#2947,#2948,#2949));
#1135=EDGE_LOOP('',(#2950,#2951,#2952,#2953));
#1136=EDGE_LOOP('',(#2954,#2955,#2956,#2957));
#1137=EDGE_LOOP('',(#2958,#2959,#2960,#2961));
#1138=EDGE_LOOP('',(#2962,#2963,#2964,#2965));
#1139=EDGE_LOOP('',(#2966,#2967,#2968,#2969,#2970));
#1140=EDGE_LOOP('',(#2971,#2972,#2973,#2974));
#1141=EDGE_LOOP('',(#2975,#2976,#2977,#2978,#2979));
#1142=EDGE_LOOP('',(#2980,#2981,#2982,#2983,#2984,#2985));
#1143=EDGE_LOOP('',(#2986,#2987,#2988,#2989,#2990));
#1144=EDGE_LOOP('',(#2991,#2992,#2993,#2994));
#1145=EDGE_LOOP('',(#2995,#2996,#2997,#2998,#2999));
#1146=EDGE_LOOP('',(#3000,#3001,#3002,#3003,#3004,#3005));
#1147=EDGE_LOOP('',(#3006,#3007,#3008,#3009,#3010,#3011,#3012,#3013,#3014,
#3015,#3016,#3017));
#1148=EDGE_LOOP('',(#3018,#3019,#3020,#3021));
#1149=EDGE_LOOP('',(#3022,#3023,#3024,#3025));
#1150=EDGE_LOOP('',(#3026,#3027,#3028,#3029,#3030,#3031,#3032,#3033,#3034,
#3035,#3036,#3037));
#1151=EDGE_LOOP('',(#3038,#3039,#3040));
#1152=EDGE_LOOP('',(#3041,#3042,#3043,#3044,#3045));
#1153=EDGE_LOOP('',(#3046,#3047,#3048));
#1154=EDGE_LOOP('',(#3049,#3050,#3051,#3052));
#1155=EDGE_LOOP('',(#3053,#3054,#3055));
#1156=EDGE_LOOP('',(#3056,#3057,#3058,#3059,#3060));
#1157=EDGE_LOOP('',(#3061,#3062,#3063,#3064));
#1158=EDGE_LOOP('',(#3065,#3066,#3067,#3068));
#1159=EDGE_LOOP('',(#3069,#3070,#3071));
#1160=EDGE_LOOP('',(#3072,#3073,#3074,#3075));
#1161=EDGE_LOOP('',(#3076,#3077,#3078,#3079));
#1162=EDGE_LOOP('',(#3080,#3081,#3082,#3083));
#1163=EDGE_LOOP('',(#3084,#3085,#3086,#3087));
#1164=EDGE_LOOP('',(#3088,#3089,#3090,#3091));
#1165=EDGE_LOOP('',(#3092,#3093,#3094,#3095));
#1166=EDGE_LOOP('',(#3096,#3097,#3098,#3099));
#1167=EDGE_LOOP('',(#3100,#3101,#3102,#3103));
#1168=EDGE_LOOP('',(#3104,#3105,#3106,#3107));
#1169=EDGE_LOOP('',(#3108,#3109,#3110,#3111));
#1170=EDGE_LOOP('',(#3112,#3113,#3114,#3115));
#1171=EDGE_LOOP('',(#3116,#3117,#3118,#3119,#3120,#3121));
#1172=EDGE_LOOP('',(#3122,#3123,#3124,#3125));
#1173=EDGE_LOOP('',(#3126,#3127,#3128,#3129));
#1174=EDGE_LOOP('',(#3130,#3131,#3132));
#1175=EDGE_LOOP('',(#3133,#3134,#3135,#3136,#3137));
#1176=EDGE_LOOP('',(#3138,#3139,#3140));
#1177=EDGE_LOOP('',(#3141,#3142,#3143));
#1178=EDGE_LOOP('',(#3144,#3145,#3146,#3147));
#1179=EDGE_LOOP('',(#3148,#3149,#3150,#3151,#3152));
#1180=EDGE_LOOP('',(#3153,#3154,#3155,#3156));
#1181=EDGE_LOOP('',(#3157,#3158,#3159));
#1182=EDGE_LOOP('',(#3160,#3161,#3162,#3163));
#1183=EDGE_LOOP('',(#3164,#3165,#3166,#3167));
#1184=EDGE_LOOP('',(#3168,#3169,#3170,#3171));
#1185=EDGE_LOOP('',(#3172,#3173,#3174,#3175));
#1186=EDGE_LOOP('',(#3176,#3177,#3178,#3179));
#1187=EDGE_LOOP('',(#3180,#3181,#3182,#3183));
#1188=EDGE_LOOP('',(#3184,#3185,#3186,#3187));
#1189=EDGE_LOOP('',(#3188,#3189,#3190,#3191));
#1190=EDGE_LOOP('',(#3192,#3193,#3194,#3195));
#1191=EDGE_LOOP('',(#3196,#3197,#3198,#3199));
#1192=EDGE_LOOP('',(#3200,#3201,#3202,#3203));
#1193=EDGE_LOOP('',(#3204,#3205,#3206,#3207,#3208,#3209));
#1194=EDGE_LOOP('',(#3210,#3211,#3212,#3213));
#1195=EDGE_LOOP('',(#3214,#3215,#3216,#3217));
#1196=EDGE_LOOP('',(#3218,#3219,#3220,#3221));
#1197=EDGE_LOOP('',(#3222,#3223,#3224,#3225));
#1198=EDGE_LOOP('',(#3226,#3227,#3228,#3229));
#1199=EDGE_LOOP('',(#3230,#3231,#3232,#3233));
#1200=EDGE_LOOP('',(#3234,#3235,#3236,#3237));
#1201=EDGE_LOOP('',(#3238,#3239,#3240,#3241));
#1202=EDGE_LOOP('',(#3242,#3243,#3244,#3245));
#1203=EDGE_LOOP('',(#3246,#3247,#3248,#3249));
#1204=EDGE_LOOP('',(#3250,#3251,#3252,#3253));
#1205=EDGE_LOOP('',(#3254,#3255,#3256,#3257));
#1206=EDGE_LOOP('',(#3258,#3259,#3260,#3261));
#1207=EDGE_LOOP('',(#3262,#3263,#3264,#3265));
#1208=EDGE_LOOP('',(#3266,#3267,#3268,#3269));
#1209=EDGE_LOOP('',(#3270,#3271,#3272,#3273));
#1210=EDGE_LOOP('',(#3274,#3275,#3276,#3277));
#1211=EDGE_LOOP('',(#3278,#3279,#3280,#3281));
#1212=EDGE_LOOP('',(#3282,#3283,#3284,#3285));
#1213=EDGE_LOOP('',(#3286,#3287,#3288,#3289));
#1214=EDGE_LOOP('',(#3290,#3291,#3292,#3293));
#1215=EDGE_LOOP('',(#3294,#3295,#3296,#3297));
#1216=EDGE_LOOP('',(#3298,#3299,#3300,#3301));
#1217=EDGE_LOOP('',(#3302,#3303,#3304,#3305));
#1218=EDGE_LOOP('',(#3306,#3307,#3308,#3309));
#1219=EDGE_LOOP('',(#3310,#3311,#3312,#3313));
#1220=EDGE_LOOP('',(#3314,#3315,#3316,#3317));
#1221=EDGE_LOOP('',(#3318,#3319,#3320,#3321));
#1222=EDGE_LOOP('',(#3322,#3323,#3324,#3325));
#1223=EDGE_LOOP('',(#3326,#3327,#3328,#3329));
#1224=EDGE_LOOP('',(#3330,#3331,#3332,#3333));
#1225=EDGE_LOOP('',(#3334,#3335,#3336,#3337));
#1226=EDGE_LOOP('',(#3338,#3339,#3340,#3341));
#1227=EDGE_LOOP('',(#3342,#3343,#3344,#3345));
#1228=EDGE_LOOP('',(#3346,#3347,#3348,#3349));
#1229=EDGE_LOOP('',(#3350,#3351,#3352,#3353));
#1230=EDGE_LOOP('',(#3354,#3355,#3356,#3357));
#1231=EDGE_LOOP('',(#3358,#3359,#3360,#3361));
#1232=EDGE_LOOP('',(#3362,#3363,#3364,#3365));
#1233=EDGE_LOOP('',(#3366,#3367,#3368,#3369));
#1234=EDGE_LOOP('',(#3370,#3371,#3372,#3373));
#1235=EDGE_LOOP('',(#3374,#3375,#3376,#3377));
#1236=EDGE_LOOP('',(#3378,#3379,#3380,#3381));
#1237=EDGE_LOOP('',(#3382,#3383,#3384,#3385));
#1238=EDGE_LOOP('',(#3386,#3387,#3388,#3389));
#1239=EDGE_LOOP('',(#3390,#3391,#3392,#3393));
#1240=EDGE_LOOP('',(#3394,#3395,#3396,#3397));
#1241=EDGE_LOOP('',(#3398,#3399,#3400,#3401));
#1242=EDGE_LOOP('',(#3402,#3403,#3404,#3405));
#1243=EDGE_LOOP('',(#3406,#3407,#3408,#3409));
#1244=EDGE_LOOP('',(#3410,#3411,#3412,#3413));
#1245=EDGE_LOOP('',(#3414,#3415,#3416,#3417));
#1246=EDGE_LOOP('',(#3418,#3419,#3420,#3421));
#1247=EDGE_LOOP('',(#3422,#3423,#3424,#3425));
#1248=EDGE_LOOP('',(#3426,#3427,#3428,#3429));
#1249=EDGE_LOOP('',(#3430,#3431,#3432,#3433));
#1250=EDGE_LOOP('',(#3434,#3435,#3436,#3437));
#1251=EDGE_LOOP('',(#3438,#3439,#3440,#3441,#3442,#3443,#3444,#3445,#3446,
#3447,#3448,#3449,#3450,#3451,#3452,#3453,#3454,#3455,#3456,#3457,#3458,
#3459,#3460,#3461,#3462,#3463,#3464,#3465,#3466,#3467,#3468,#3469,#3470,
#3471,#3472,#3473));
#1252=EDGE_LOOP('',(#3474,#3475,#3476,#3477));
#1253=EDGE_LOOP('',(#3478,#3479,#3480,#3481));
#1254=EDGE_LOOP('',(#3482,#3483,#3484,#3485));
#1255=EDGE_LOOP('',(#3486,#3487,#3488,#3489));
#1256=EDGE_LOOP('',(#3490,#3491,#3492,#3493,#3494,#3495,#3496,#3497,#3498,
#3499,#3500,#3501,#3502,#3503,#3504,#3505,#3506,#3507,#3508,#3509,#3510,
#3511,#3512,#3513,#3514,#3515,#3516,#3517,#3518,#3519,#3520,#3521,#3522,
#3523,#3524,#3525));
#1257=EDGE_LOOP('',(#3526,#3527,#3528,#3529));
#1258=EDGE_LOOP('',(#3530,#3531,#3532,#3533));
#1259=EDGE_LOOP('',(#3534,#3535,#3536,#3537));
#1260=EDGE_LOOP('',(#3538,#3539,#3540,#3541));
#1261=EDGE_LOOP('',(#3542,#3543,#3544,#3545));
#1262=EDGE_LOOP('',(#3546,#3547,#3548,#3549));
#1263=EDGE_LOOP('',(#3550,#3551,#3552,#3553));
#1264=EDGE_LOOP('',(#3554,#3555,#3556,#3557));
#1265=EDGE_LOOP('',(#3558,#3559,#3560,#3561));
#1266=EDGE_LOOP('',(#3562,#3563,#3564,#3565));
#1267=EDGE_LOOP('',(#3566,#3567,#3568,#3569));
#1268=EDGE_LOOP('',(#3570,#3571,#3572,#3573));
#1269=EDGE_LOOP('',(#3574,#3575,#3576,#3577));
#1270=EDGE_LOOP('',(#3578,#3579,#3580,#3581));
#1271=EDGE_LOOP('',(#3582,#3583,#3584,#3585,#3586));
#1272=EDGE_LOOP('',(#3587,#3588,#3589,#3590,#3591));
#1273=EDGE_LOOP('',(#3592));
#1274=EDGE_LOOP('',(#3593));
#1275=EDGE_LOOP('',(#3594,#3595,#3596,#3597));
#1276=EDGE_LOOP('',(#3598,#3599,#3600,#3601));
#1277=EDGE_LOOP('',(#3602));
#1278=EDGE_LOOP('',(#3603));
#1279=CIRCLE('',#3890,0.3);
#1280=CIRCLE('',#3891,0.2);
#1281=CIRCLE('',#3892,0.3);
#1282=CIRCLE('',#3893,0.5);
#1283=CIRCLE('',#3895,0.3);
#1284=CIRCLE('',#3896,0.8);
#1285=CIRCLE('',#3897,1.1);
#1286=CIRCLE('',#3899,0.3);
#1287=CIRCLE('',#3901,0.3);
#1288=CIRCLE('',#3902,2.1);
#1289=CIRCLE('',#3903,1.8);
#1290=CIRCLE('',#3905,0.3);
#1291=CIRCLE('',#3906,0.8);
#1292=CIRCLE('',#3907,1.1);
#1293=CIRCLE('',#3909,0.3);
#1294=CIRCLE('',#3911,0.3);
#1295=CIRCLE('',#3912,0.8);
#1296=CIRCLE('',#3913,1.1);
#1297=CIRCLE('',#3915,0.3);
#1298=CIRCLE('',#3916,1.3);
#1299=CIRCLE('',#3917,1.);
#1300=CIRCLE('',#3919,0.3);
#1301=CIRCLE('',#3920,0.8);
#1302=CIRCLE('',#3921,1.1);
#1303=CIRCLE('',#3923,0.3);
#1304=CIRCLE('',#3924,0.3);
#1305=CIRCLE('',#3925,0.5);
#1306=CIRCLE('',#3926,0.2);
#1307=CIRCLE('',#3928,0.3);
#1308=CIRCLE('',#3930,0.3);
#1309=CIRCLE('',#3931,0.8);
#1310=CIRCLE('',#3932,1.1);
#1311=CIRCLE('',#3934,0.3);
#1312=CIRCLE('',#3935,0.3);
#1313=CIRCLE('',#3936,0.5);
#1314=CIRCLE('',#3937,0.2);
#1315=CIRCLE('',#3939,0.3);
#1316=CIRCLE('',#3940,0.3);
#1317=CIRCLE('',#3941,0.5);
#1318=CIRCLE('',#3942,0.2);
#1319=CIRCLE('',#3944,0.3);
#1320=CIRCLE('',#3946,0.3);
#1321=CIRCLE('',#3947,0.8);
#1322=CIRCLE('',#3948,1.1);
#1323=CIRCLE('',#3950,0.3);
#1324=CIRCLE('',#3951,0.3);
#1325=CIRCLE('',#3952,0.5);
#1326=CIRCLE('',#3953,0.2);
#1327=CIRCLE('',#3955,0.3);
#1328=CIRCLE('',#3957,0.3);
#1329=CIRCLE('',#3958,0.8);
#1330=CIRCLE('',#3959,1.1);
#1331=CIRCLE('',#3961,0.3);
#1332=CIRCLE('',#3962,0.3);
#1333=CIRCLE('',#3963,0.5);
#1334=CIRCLE('',#3964,0.2);
#1335=CIRCLE('',#3966,0.3);
#1336=CIRCLE('',#3967,0.3);
#1337=CIRCLE('',#3968,0.5);
#1338=CIRCLE('',#3969,0.2);
#1339=CIRCLE('',#3971,0.3);
#1340=CIRCLE('',#3973,0.3);
#1341=CIRCLE('',#3974,0.8);
#1342=CIRCLE('',#3975,1.1);
#1343=CIRCLE('',#3977,0.3);
#1344=CIRCLE('',#3978,0.3);
#1345=CIRCLE('',#3979,0.5);
#1346=CIRCLE('',#3980,0.2);
#1347=CIRCLE('',#3982,0.3);
#1348=CIRCLE('',#3983,0.3);
#1349=CIRCLE('',#3984,0.5);
#1350=CIRCLE('',#3985,0.2);
#1351=CIRCLE('',#3987,0.3);
#1352=CIRCLE('',#3989,0.3);
#1353=CIRCLE('',#3990,0.8);
#1354=CIRCLE('',#3991,1.1);
#1355=CIRCLE('',#3995,0.5);
#1356=CIRCLE('',#3998,0.8);
#1357=CIRCLE('',#4001,0.5);
#1358=CIRCLE('',#4004,0.5);
#1359=CIRCLE('',#4007,0.8);
#1360=CIRCLE('',#4010,0.5);
#1361=CIRCLE('',#4013,0.5);
#1362=CIRCLE('',#4016,0.8);
#1363=CIRCLE('',#4019,0.5);
#1364=CIRCLE('',#4022,0.8);
#1365=CIRCLE('',#4025,0.8);
#1366=CIRCLE('',#4028,2.1);
#1367=CIRCLE('',#4030,0.8);
#1368=CIRCLE('',#4031,1.3);
#1369=CIRCLE('',#4032,0.8);
#1370=CIRCLE('',#4033,0.5);
#1371=CIRCLE('',#4034,0.8);
#1372=CIRCLE('',#4035,0.5);
#1373=CIRCLE('',#4036,0.5);
#1374=CIRCLE('',#4037,0.8);
#1375=CIRCLE('',#4052,0.5);
#1376=CIRCLE('',#4053,0.5);
#1377=CIRCLE('',#4054,0.5);
#1378=CIRCLE('',#4056,0.5);
#1379=CIRCLE('',#4057,0.5);
#1380=CIRCLE('',#4058,0.5);
#1381=CIRCLE('',#4060,0.5);
#1382=CIRCLE('',#4061,0.5);
#1383=CIRCLE('',#4062,0.5);
#1384=CIRCLE('',#4064,0.5);
#1385=CIRCLE('',#4065,0.5);
#1386=CIRCLE('',#4066,0.5);
#1387=CIRCLE('',#4068,0.5);
#1388=CIRCLE('',#4069,0.5);
#1389=CIRCLE('',#4070,0.5);
#1390=CIRCLE('',#4072,0.5);
#1391=CIRCLE('',#4073,0.5);
#1392=CIRCLE('',#4074,0.5);
#1393=CIRCLE('',#4077,0.5);
#1394=CIRCLE('',#4078,0.5);
#1395=CIRCLE('',#4080,0.5);
#1396=CIRCLE('',#4081,0.5);
#1397=CIRCLE('',#4084,0.5);
#1398=CIRCLE('',#4085,0.5);
#1399=CIRCLE('',#4086,0.5);
#1400=CIRCLE('',#4090,0.5);
#1401=CIRCLE('',#4091,0.5);
#1402=CIRCLE('',#4092,0.5);
#1403=CIRCLE('',#4095,0.5);
#1404=CIRCLE('',#4096,0.500000000000001);
#1405=CIRCLE('',#4098,0.5);
#1406=CIRCLE('',#4099,0.5);
#1407=CIRCLE('',#4103,0.5);
#1408=CIRCLE('',#4104,0.5);
#1409=CIRCLE('',#4106,0.5);
#1410=CIRCLE('',#4107,0.5);
#1411=CIRCLE('',#4113,0.5);
#1412=CIRCLE('',#4114,0.5);
#1413=CIRCLE('',#4116,0.500000000000001);
#1414=CIRCLE('',#4117,0.5);
#1415=CIRCLE('',#4120,0.3);
#1416=CIRCLE('',#4121,0.3);
#1417=CIRCLE('',#4122,0.3);
#1418=CIRCLE('',#4123,0.6);
#1419=CIRCLE('',#4125,0.3);
#1420=CIRCLE('',#4127,0.6);
#1421=CIRCLE('',#4128,0.3);
#1422=CIRCLE('',#4129,0.3);
#1423=CIRCLE('',#4131,0.6);
#1424=CIRCLE('',#4133,0.3);
#1425=CIRCLE('',#4134,0.3);
#1426=CIRCLE('',#4135,0.3);
#1427=CIRCLE('',#4136,0.600000000000001);
#1428=CIRCLE('',#4138,0.3);
#1429=CIRCLE('',#4140,0.599999999999999);
#1430=CIRCLE('',#4141,0.3);
#1431=CIRCLE('',#4142,0.3);
#1432=CIRCLE('',#4144,0.6);
#1433=CIRCLE('',#4150,0.3);
#1434=CIRCLE('',#4151,0.3);
#1435=CIRCLE('',#4152,0.3);
#1436=CIRCLE('',#4154,0.6);
#1437=CIRCLE('',#4155,0.3);
#1438=CIRCLE('',#4156,0.3);
#1439=CIRCLE('',#4157,0.3);
#1440=CIRCLE('',#4159,0.3);
#1441=CIRCLE('',#4160,0.3);
#1442=CIRCLE('',#4161,0.3);
#1443=CIRCLE('',#4164,0.3);
#1444=CIRCLE('',#4165,0.3);
#1445=CIRCLE('',#4166,0.3);
#1446=CIRCLE('',#4168,0.3);
#1447=CIRCLE('',#4169,0.3);
#1448=CIRCLE('',#4170,0.3);
#1449=CIRCLE('',#4174,0.299999999999999);
#1450=CIRCLE('',#4175,0.3);
#1451=CIRCLE('',#4176,0.3);
#1452=CIRCLE('',#4192,0.3);
#1453=CIRCLE('',#4193,0.3);
#1454=CIRCLE('',#4194,0.3);
#1455=CIRCLE('',#4196,0.3);
#1456=CIRCLE('',#4197,0.3);
#1457=CIRCLE('',#4198,0.3);
#1458=CIRCLE('',#4200,0.3);
#1459=CIRCLE('',#4201,0.3);
#1460=CIRCLE('',#4202,0.3);
#1461=CIRCLE('',#4204,0.3);
#1462=CIRCLE('',#4205,0.3);
#1463=CIRCLE('',#4206,0.3);
#1464=CIRCLE('',#4209,0.6);
#1465=CIRCLE('',#4210,0.3);
#1466=CIRCLE('',#4211,0.3);
#1467=CIRCLE('',#4212,0.3);
#1468=CIRCLE('',#4215,0.3);
#1469=CIRCLE('',#4216,0.3);
#1470=CIRCLE('',#4217,0.3);
#1471=CIRCLE('',#4234,0.3);
#1472=CIRCLE('',#4235,1.1);
#1473=CIRCLE('',#4236,0.299999999999999);
#1474=CIRCLE('',#4237,0.8);
#1475=CIRCLE('',#4239,0.3);
#1476=CIRCLE('',#4241,0.299999999999999);
#1477=CIRCLE('',#4242,0.8);
#1478=CIRCLE('',#4243,1.1);
#1479=CIRCLE('',#4245,0.299999999999999);
#1480=CIRCLE('',#4246,1.3);
#1481=CIRCLE('',#4247,1.);
#1482=CIRCLE('',#4249,0.299999999999999);
#1483=CIRCLE('',#4250,0.8);
#1484=CIRCLE('',#4251,1.1);
#1485=CIRCLE('',#4253,0.3);
#1486=CIRCLE('',#4254,0.299999999999999);
#1487=CIRCLE('',#4255,0.5);
#1488=CIRCLE('',#4256,0.2);
#1489=CIRCLE('',#4258,0.3);
#1490=CIRCLE('',#4260,0.299999999999999);
#1491=CIRCLE('',#4261,0.8);
#1492=CIRCLE('',#4262,1.1);
#1493=CIRCLE('',#4264,0.3);
#1494=CIRCLE('',#4265,0.3);
#1495=CIRCLE('',#4266,0.5);
#1496=CIRCLE('',#4267,0.2);
#1497=CIRCLE('',#4269,0.3);
#1498=CIRCLE('',#4270,0.3);
#1499=CIRCLE('',#4271,0.5);
#1500=CIRCLE('',#4272,0.2);
#1501=CIRCLE('',#4274,0.3);
#1502=CIRCLE('',#4276,0.300000000000001);
#1503=CIRCLE('',#4277,0.8);
#1504=CIRCLE('',#4278,1.1);
#1505=CIRCLE('',#4280,0.300000000000001);
#1506=CIRCLE('',#4281,0.300000000000001);
#1507=CIRCLE('',#4282,0.5);
#1508=CIRCLE('',#4283,0.2);
#1509=CIRCLE('',#4285,0.3);
#1510=CIRCLE('',#4287,0.300000000000001);
#1511=CIRCLE('',#4288,0.8);
#1512=CIRCLE('',#4289,1.1);
#1513=CIRCLE('',#4291,0.3);
#1514=CIRCLE('',#4292,0.300000000000001);
#1515=CIRCLE('',#4293,0.5);
#1516=CIRCLE('',#4294,0.2);
#1517=CIRCLE('',#4296,0.3);
#1518=CIRCLE('',#4297,0.300000000000001);
#1519=CIRCLE('',#4298,0.5);
#1520=CIRCLE('',#4299,0.2);
#1521=CIRCLE('',#4301,0.300000000000001);
#1522=CIRCLE('',#4303,0.300000000000001);
#1523=CIRCLE('',#4304,0.8);
#1524=CIRCLE('',#4305,1.1);
#1525=CIRCLE('',#4307,0.3);
#1526=CIRCLE('',#4308,0.300000000000001);
#1527=CIRCLE('',#4309,0.5);
#1528=CIRCLE('',#4310,0.2);
#1529=CIRCLE('',#4312,0.3);
#1530=CIRCLE('',#4313,0.3);
#1531=CIRCLE('',#4314,0.5);
#1532=CIRCLE('',#4315,0.2);
#1533=CIRCLE('',#4317,0.3);
#1534=CIRCLE('',#4319,0.3);
#1535=CIRCLE('',#4320,0.8);
#1536=CIRCLE('',#4321,1.1);
#1537=CIRCLE('',#4323,0.3);
#1538=CIRCLE('',#4324,0.3);
#1539=CIRCLE('',#4325,0.5);
#1540=CIRCLE('',#4326,0.2);
#1541=CIRCLE('',#4328,0.299999999999999);
#1542=CIRCLE('',#4329,0.8);
#1543=CIRCLE('',#4330,1.1);
#1544=CIRCLE('',#4332,0.3);
#1545=CIRCLE('',#4334,2.1);
#1546=CIRCLE('',#4335,1.8);
#1547=CIRCLE('',#4338,0.5);
#1548=CIRCLE('',#4341,0.5);
#1549=CIRCLE('',#4344,0.8);
#1550=CIRCLE('',#4347,0.5);
#1551=CIRCLE('',#4350,0.5);
#1552=CIRCLE('',#4353,0.8);
#1553=CIRCLE('',#4356,0.5);
#1554=CIRCLE('',#4358,0.8);
#1555=CIRCLE('',#4361,2.1);
#1556=CIRCLE('',#4363,0.8);
#1557=CIRCLE('',#4367,0.8);
#1558=CIRCLE('',#4369,1.3);
#1559=CIRCLE('',#4371,0.8);
#1560=CIRCLE('',#4373,0.5);
#1561=CIRCLE('',#4374,0.8);
#1562=CIRCLE('',#4375,0.5);
#1563=CIRCLE('',#4376,0.5);
#1564=CIRCLE('',#4377,0.8);
#1565=CIRCLE('',#4378,0.5);
#1566=CIRCLE('',#4379,0.8);
#1567=CIRCLE('',#4395,1.3);
#1568=CIRCLE('',#4396,0.5);
#1569=CIRCLE('',#4397,0.8);
#1570=CIRCLE('',#4398,1.3);
#1571=CIRCLE('',#4400,1.3);
#1572=CIRCLE('',#4404,1.3);
#1573=CIRCLE('',#4405,0.5);
#1574=CIRCLE('',#4406,0.8);
#1575=CIRCLE('',#4408,1.3);
#1576=VERTEX_POINT('',#5719);
#1577=VERTEX_POINT('',#5720);
#1578=VERTEX_POINT('',#5722);
#1579=VERTEX_POINT('',#5724);
#1580=VERTEX_POINT('',#5728);
#1581=VERTEX_POINT('',#5729);
#1582=VERTEX_POINT('',#5734);
#1583=VERTEX_POINT('',#5735);
#1584=VERTEX_POINT('',#5740);
#1585=VERTEX_POINT('',#5741);
#1586=VERTEX_POINT('',#5746);
#1587=VERTEX_POINT('',#5747);
#1588=VERTEX_POINT('',#5752);
#1589=VERTEX_POINT('',#5753);
#1590=VERTEX_POINT('',#5758);
#1591=VERTEX_POINT('',#5759);
#1592=VERTEX_POINT('',#5764);
#1593=VERTEX_POINT('',#5765);
#1594=VERTEX_POINT('',#5770);
#1595=VERTEX_POINT('',#5771);
#1596=VERTEX_POINT('',#5776);
#1597=VERTEX_POINT('',#5777);
#1598=VERTEX_POINT('',#5790);
#1599=VERTEX_POINT('',#5791);
#1600=VERTEX_POINT('',#5796);
#1601=VERTEX_POINT('',#5797);
#1602=VERTEX_POINT('',#5802);
#1603=VERTEX_POINT('',#5803);
#1604=VERTEX_POINT('',#5808);
#1605=VERTEX_POINT('',#5809);
#1606=VERTEX_POINT('',#5822);
#1607=VERTEX_POINT('',#5823);
#1608=VERTEX_POINT('',#5828);
#1609=VERTEX_POINT('',#5829);
#1610=VERTEX_POINT('',#5842);
#1611=VERTEX_POINT('',#5843);
#1612=VERTEX_POINT('',#5848);
#1613=VERTEX_POINT('',#5849);
#1614=VERTEX_POINT('',#5854);
#1615=VERTEX_POINT('',#5855);
#1616=VERTEX_POINT('',#5860);
#1617=VERTEX_POINT('',#5861);
#1618=VERTEX_POINT('',#5874);
#1619=VERTEX_POINT('',#5875);
#1620=VERTEX_POINT('',#5880);
#1621=VERTEX_POINT('',#5881);
#1622=VERTEX_POINT('',#5886);
#1623=VERTEX_POINT('',#5887);
#1624=VERTEX_POINT('',#5892);
#1625=VERTEX_POINT('',#5893);
#1626=VERTEX_POINT('',#5906);
#1627=VERTEX_POINT('',#5907);
#1628=VERTEX_POINT('',#5912);
#1629=VERTEX_POINT('',#5913);
#1630=VERTEX_POINT('',#5926);
#1631=VERTEX_POINT('',#5927);
#1632=VERTEX_POINT('',#5932);
#1633=VERTEX_POINT('',#5933);
#1634=VERTEX_POINT('',#5938);
#1635=VERTEX_POINT('',#5939);
#1636=VERTEX_POINT('',#5944);
#1637=VERTEX_POINT('',#5945);
#1638=VERTEX_POINT('',#5958);
#1639=VERTEX_POINT('',#5959);
#1640=VERTEX_POINT('',#5964);
#1641=VERTEX_POINT('',#5965);
#1642=VERTEX_POINT('',#5978);
#1643=VERTEX_POINT('',#5979);
#1644=VERTEX_POINT('',#5984);
#1645=VERTEX_POINT('',#5985);
#1646=VERTEX_POINT('',#5990);
#1647=VERTEX_POINT('',#5991);
#1648=VERTEX_POINT('',#5999);
#1649=VERTEX_POINT('',#6001);
#1650=VERTEX_POINT('',#6005);
#1651=VERTEX_POINT('',#6009);
#1652=VERTEX_POINT('',#6013);
#1653=VERTEX_POINT('',#6017);
#1654=VERTEX_POINT('',#6021);
#1655=VERTEX_POINT('',#6025);
#1656=VERTEX_POINT('',#6029);
#1657=VERTEX_POINT('',#6033);
#1658=VERTEX_POINT('',#6037);
#1659=VERTEX_POINT('',#6041);
#1660=VERTEX_POINT('',#6045);
#1661=VERTEX_POINT('',#6049);
#1662=VERTEX_POINT('',#6053);
#1663=VERTEX_POINT('',#6057);
#1664=VERTEX_POINT('',#6061);
#1665=VERTEX_POINT('',#6065);
#1666=VERTEX_POINT('',#6069);
#1667=VERTEX_POINT('',#6074);
#1668=VERTEX_POINT('',#6078);
#1669=VERTEX_POINT('',#6082);
#1670=VERTEX_POINT('',#6084);
#1671=VERTEX_POINT('',#6088);
#1672=VERTEX_POINT('',#6094);
#1673=VERTEX_POINT('',#6096);
#1674=VERTEX_POINT('',#6098);
#1675=VERTEX_POINT('',#6100);
#1676=VERTEX_POINT('',#6102);
#1677=VERTEX_POINT('',#6104);
#1678=VERTEX_POINT('',#6106);
#1679=VERTEX_POINT('',#6108);
#1680=VERTEX_POINT('',#6110);
#1681=VERTEX_POINT('',#6112);
#1682=VERTEX_POINT('',#6114);
#1683=VERTEX_POINT('',#6116);
#1684=VERTEX_POINT('',#6145);
#1685=VERTEX_POINT('',#6146);
#1686=VERTEX_POINT('',#6148);
#1687=VERTEX_POINT('',#6152);
#1688=VERTEX_POINT('',#6153);
#1689=VERTEX_POINT('',#6155);
#1690=VERTEX_POINT('',#6159);
#1691=VERTEX_POINT('',#6160);
#1692=VERTEX_POINT('',#6162);
#1693=VERTEX_POINT('',#6166);
#1694=VERTEX_POINT('',#6167);
#1695=VERTEX_POINT('',#6169);
#1696=VERTEX_POINT('',#6173);
#1697=VERTEX_POINT('',#6174);
#1698=VERTEX_POINT('',#6176);
#1699=VERTEX_POINT('',#6180);
#1700=VERTEX_POINT('',#6181);
#1701=VERTEX_POINT('',#6183);
#1702=VERTEX_POINT('',#6190);
#1703=VERTEX_POINT('',#6191);
#1704=VERTEX_POINT('',#6215);
#1705=VERTEX_POINT('',#6216);
#1706=VERTEX_POINT('',#6227);
#1707=VERTEX_POINT('',#6228);
#1708=VERTEX_POINT('',#6252);
#1709=VERTEX_POINT('',#6253);
#1710=VERTEX_POINT('',#6267);
#1711=VERTEX_POINT('',#6268);
#1712=VERTEX_POINT('',#6270);
#1713=VERTEX_POINT('',#6280);
#1714=VERTEX_POINT('',#6281);
#1715=VERTEX_POINT('',#6283);
#1716=VERTEX_POINT('',#6290);
#1717=VERTEX_POINT('',#6291);
#1718=VERTEX_POINT('',#6315);
#1719=VERTEX_POINT('',#6316);
#1720=VERTEX_POINT('',#6327);
#1721=VERTEX_POINT('',#6328);
#1722=VERTEX_POINT('',#6352);
#1723=VERTEX_POINT('',#6353);
#1724=VERTEX_POINT('',#6370);
#1725=VERTEX_POINT('',#6371);
#1726=VERTEX_POINT('',#6395);
#1727=VERTEX_POINT('',#6396);
#1728=VERTEX_POINT('',#6407);
#1729=VERTEX_POINT('',#6408);
#1730=VERTEX_POINT('',#6432);
#1731=VERTEX_POINT('',#6433);
#1732=VERTEX_POINT('',#6456);
#1733=VERTEX_POINT('',#6457);
#1734=VERTEX_POINT('',#6481);
#1735=VERTEX_POINT('',#6482);
#1736=VERTEX_POINT('',#6493);
#1737=VERTEX_POINT('',#6494);
#1738=VERTEX_POINT('',#6518);
#1739=VERTEX_POINT('',#6519);
#1740=VERTEX_POINT('',#6533);
#1741=VERTEX_POINT('',#6535);
#1742=VERTEX_POINT('',#6537);
#1743=VERTEX_POINT('',#6541);
#1744=VERTEX_POINT('',#6545);
#1745=VERTEX_POINT('',#6547);
#1746=VERTEX_POINT('',#6551);
#1747=VERTEX_POINT('',#6555);
#1748=VERTEX_POINT('',#6557);
#1749=VERTEX_POINT('',#6559);
#1750=VERTEX_POINT('',#6563);
#1751=VERTEX_POINT('',#6567);
#1752=VERTEX_POINT('',#6569);
#1753=VERTEX_POINT('',#6573);
#1754=VERTEX_POINT('',#6581);
#1755=VERTEX_POINT('',#6582);
#1756=VERTEX_POINT('',#6584);
#1757=VERTEX_POINT('',#6588);
#1758=VERTEX_POINT('',#6590);
#1759=VERTEX_POINT('',#6592);
#1760=VERTEX_POINT('',#6596);
#1761=VERTEX_POINT('',#6597);
#1762=VERTEX_POINT('',#6599);
#1763=VERTEX_POINT('',#6606);
#1764=VERTEX_POINT('',#6607);
#1765=VERTEX_POINT('',#6609);
#1766=VERTEX_POINT('',#6613);
#1767=VERTEX_POINT('',#6615);
#1768=VERTEX_POINT('',#6624);
#1769=VERTEX_POINT('',#6625);
#1770=VERTEX_POINT('',#6627);
#1771=VERTEX_POINT('',#6660);
#1772=VERTEX_POINT('',#6661);
#1773=VERTEX_POINT('',#6663);
#1774=VERTEX_POINT('',#6667);
#1775=VERTEX_POINT('',#6669);
#1776=VERTEX_POINT('',#6673);
#1777=VERTEX_POINT('',#6674);
#1778=VERTEX_POINT('',#6676);
#1779=VERTEX_POINT('',#6680);
#1780=VERTEX_POINT('',#6681);
#1781=VERTEX_POINT('',#6683);
#1782=VERTEX_POINT('',#6690);
#1783=VERTEX_POINT('',#6692);
#1784=VERTEX_POINT('',#6694);
#1785=VERTEX_POINT('',#6700);
#1786=VERTEX_POINT('',#6701);
#1787=VERTEX_POINT('',#6703);
#1788=VERTEX_POINT('',#6739);
#1789=VERTEX_POINT('',#6740);
#1790=VERTEX_POINT('',#6742);
#1791=VERTEX_POINT('',#6744);
#1792=VERTEX_POINT('',#6748);
#1793=VERTEX_POINT('',#6749);
#1794=VERTEX_POINT('',#6754);
#1795=VERTEX_POINT('',#6755);
#1796=VERTEX_POINT('',#6760);
#1797=VERTEX_POINT('',#6761);
#1798=VERTEX_POINT('',#6766);
#1799=VERTEX_POINT('',#6767);
#1800=VERTEX_POINT('',#6772);
#1801=VERTEX_POINT('',#6773);
#1802=VERTEX_POINT('',#6786);
#1803=VERTEX_POINT('',#6787);
#1804=VERTEX_POINT('',#6792);
#1805=VERTEX_POINT('',#6793);
#1806=VERTEX_POINT('',#6798);
#1807=VERTEX_POINT('',#6799);
#1808=VERTEX_POINT('',#6804);
#1809=VERTEX_POINT('',#6805);
#1810=VERTEX_POINT('',#6818);
#1811=VERTEX_POINT('',#6819);
#1812=VERTEX_POINT('',#6824);
#1813=VERTEX_POINT('',#6825);
#1814=VERTEX_POINT('',#6838);
#1815=VERTEX_POINT('',#6839);
#1816=VERTEX_POINT('',#6844);
#1817=VERTEX_POINT('',#6845);
#1818=VERTEX_POINT('',#6850);
#1819=VERTEX_POINT('',#6851);
#1820=VERTEX_POINT('',#6856);
#1821=VERTEX_POINT('',#6857);
#1822=VERTEX_POINT('',#6870);
#1823=VERTEX_POINT('',#6871);
#1824=VERTEX_POINT('',#6876);
#1825=VERTEX_POINT('',#6877);
#1826=VERTEX_POINT('',#6882);
#1827=VERTEX_POINT('',#6883);
#1828=VERTEX_POINT('',#6888);
#1829=VERTEX_POINT('',#6889);
#1830=VERTEX_POINT('',#6902);
#1831=VERTEX_POINT('',#6903);
#1832=VERTEX_POINT('',#6908);
#1833=VERTEX_POINT('',#6909);
#1834=VERTEX_POINT('',#6922);
#1835=VERTEX_POINT('',#6923);
#1836=VERTEX_POINT('',#6928);
#1837=VERTEX_POINT('',#6929);
#1838=VERTEX_POINT('',#6934);
#1839=VERTEX_POINT('',#6935);
#1840=VERTEX_POINT('',#6940);
#1841=VERTEX_POINT('',#6941);
#1842=VERTEX_POINT('',#6954);
#1843=VERTEX_POINT('',#6955);
#1844=VERTEX_POINT('',#6960);
#1845=VERTEX_POINT('',#6961);
#1846=VERTEX_POINT('',#6974);
#1847=VERTEX_POINT('',#6975);
#1848=VERTEX_POINT('',#6980);
#1849=VERTEX_POINT('',#6981);
#1850=VERTEX_POINT('',#6986);
#1851=VERTEX_POINT('',#6987);
#1852=VERTEX_POINT('',#6992);
#1853=VERTEX_POINT('',#6993);
#1854=VERTEX_POINT('',#7006);
#1855=VERTEX_POINT('',#7007);
#1856=VERTEX_POINT('',#7012);
#1857=VERTEX_POINT('',#7013);
#1858=VERTEX_POINT('',#7018);
#1859=VERTEX_POINT('',#7019);
#1860=VERTEX_POINT('',#7027);
#1861=VERTEX_POINT('',#7029);
#1862=VERTEX_POINT('',#7033);
#1863=VERTEX_POINT('',#7037);
#1864=VERTEX_POINT('',#7041);
#1865=VERTEX_POINT('',#7045);
#1866=VERTEX_POINT('',#7049);
#1867=VERTEX_POINT('',#7053);
#1868=VERTEX_POINT('',#7057);
#1869=VERTEX_POINT('',#7061);
#1870=VERTEX_POINT('',#7065);
#1871=VERTEX_POINT('',#7069);
#1872=VERTEX_POINT('',#7073);
#1873=VERTEX_POINT('',#7077);
#1874=VERTEX_POINT('',#7081);
#1875=VERTEX_POINT('',#7085);
#1876=VERTEX_POINT('',#7089);
#1877=VERTEX_POINT('',#7093);
#1878=VERTEX_POINT('',#7097);
#1879=VERTEX_POINT('',#7102);
#1880=VERTEX_POINT('',#7106);
#1881=VERTEX_POINT('',#7108);
#1882=VERTEX_POINT('',#7112);
#1883=VERTEX_POINT('',#7118);
#1884=VERTEX_POINT('',#7120);
#1885=VERTEX_POINT('',#7122);
#1886=VERTEX_POINT('',#7124);
#1887=VERTEX_POINT('',#7126);
#1888=VERTEX_POINT('',#7128);
#1889=VERTEX_POINT('',#7130);
#1890=VERTEX_POINT('',#7132);
#1891=VERTEX_POINT('',#7134);
#1892=VERTEX_POINT('',#7136);
#1893=VERTEX_POINT('',#7138);
#1894=VERTEX_POINT('',#7140);
#1895=VERTEX_POINT('',#7142);
#1896=VERTEX_POINT('',#7173);
#1897=VERTEX_POINT('',#7174);
#1898=VERTEX_POINT('',#7176);
#1899=VERTEX_POINT('',#7181);
#1900=VERTEX_POINT('',#7187);
#1901=VERTEX_POINT('',#7189);
#1902=VERTEX_POINT('',#7193);
#1903=EDGE_CURVE('',#1576,#1577,#1279,.T.);
#1904=EDGE_CURVE('',#1577,#1578,#1280,.T.);
#1905=EDGE_CURVE('',#1578,#1579,#1281,.T.);
#1906=EDGE_CURVE('',#1579,#1576,#1282,.T.);
#1907=EDGE_CURVE('',#1580,#1581,#1283,.T.);
#1908=EDGE_CURVE('',#1581,#1579,#1284,.T.);
#1909=EDGE_CURVE('',#1578,#1580,#1285,.T.);
#1910=EDGE_CURVE('',#1582,#1583,#1286,.T.);
#1911=EDGE_CURVE('',#1583,#1581,#121,.T.);
#1912=EDGE_CURVE('',#1580,#1582,#122,.T.);
#1913=EDGE_CURVE('',#1584,#1585,#1287,.T.);
#1914=EDGE_CURVE('',#1585,#1583,#1288,.T.);
#1915=EDGE_CURVE('',#1582,#1584,#1289,.T.);
#1916=EDGE_CURVE('',#1586,#1587,#1290,.T.);
#1917=EDGE_CURVE('',#1587,#1585,#1291,.T.);
#1918=EDGE_CURVE('',#1584,#1586,#1292,.T.);
#1919=EDGE_CURVE('',#1588,#1589,#1293,.T.);
#1920=EDGE_CURVE('',#1589,#1587,#123,.T.);
#1921=EDGE_CURVE('',#1586,#1588,#124,.T.);
#1922=EDGE_CURVE('',#1590,#1591,#1294,.T.);
#1923=EDGE_CURVE('',#1591,#1589,#1295,.T.);
#1924=EDGE_CURVE('',#1588,#1590,#1296,.T.);
#1925=EDGE_CURVE('',#1592,#1593,#1297,.T.);
#1926=EDGE_CURVE('',#1593,#1591,#1298,.T.);
#1927=EDGE_CURVE('',#1590,#1592,#1299,.T.);
#1928=EDGE_CURVE('',#1594,#1595,#1300,.T.);
#1929=EDGE_CURVE('',#1595,#1593,#1301,.T.);
#1930=EDGE_CURVE('',#1592,#1594,#1302,.T.);
#1931=EDGE_CURVE('',#1596,#1597,#1303,.T.);
#1932=EDGE_CURVE('',#1597,#1595,#125,.T.);
#1933=EDGE_CURVE('',#1594,#1596,#126,.T.);
#1934=EDGE_CURVE('',#1598,#1599,#1304,.T.);
#1935=EDGE_CURVE('',#1599,#1597,#1305,.T.);
#1936=EDGE_CURVE('',#1596,#1598,#1306,.T.);
#1937=EDGE_CURVE('',#1600,#1601,#1307,.T.);
#1938=EDGE_CURVE('',#1601,#1599,#127,.T.);
#1939=EDGE_CURVE('',#1598,#1600,#128,.T.);
#1940=EDGE_CURVE('',#1602,#1603,#1308,.T.);
#1941=EDGE_CURVE('',#1603,#1601,#1309,.T.);
#1942=EDGE_CURVE('',#1600,#1602,#1310,.T.);
#1943=EDGE_CURVE('',#1604,#1605,#1311,.T.);
#1944=EDGE_CURVE('',#1605,#1603,#129,.T.);
#1945=EDGE_CURVE('',#1602,#1604,#130,.T.);
#1946=EDGE_CURVE('',#1606,#1607,#1312,.T.);
#1947=EDGE_CURVE('',#1607,#1605,#1313,.T.);
#1948=EDGE_CURVE('',#1604,#1606,#1314,.T.);
#1949=EDGE_CURVE('',#1608,#1609,#1315,.T.);
#1950=EDGE_CURVE('',#1609,#1607,#131,.T.);
#1951=EDGE_CURVE('',#1606,#1608,#132,.T.);
#1952=EDGE_CURVE('',#1610,#1611,#1316,.T.);
#1953=EDGE_CURVE('',#1611,#1609,#1317,.T.);
#1954=EDGE_CURVE('',#1608,#1610,#1318,.T.);
#1955=EDGE_CURVE('',#1612,#1613,#1319,.T.);
#1956=EDGE_CURVE('',#1613,#1611,#133,.T.);
#1957=EDGE_CURVE('',#1610,#1612,#134,.T.);
#1958=EDGE_CURVE('',#1614,#1615,#1320,.T.);
#1959=EDGE_CURVE('',#1615,#1613,#1321,.T.);
#1960=EDGE_CURVE('',#1612,#1614,#1322,.T.);
#1961=EDGE_CURVE('',#1616,#1617,#1323,.T.);
#1962=EDGE_CURVE('',#1617,#1615,#135,.T.);
#1963=EDGE_CURVE('',#1614,#1616,#136,.T.);
#1964=EDGE_CURVE('',#1618,#1619,#1324,.T.);
#1965=EDGE_CURVE('',#1619,#1617,#1325,.T.);
#1966=EDGE_CURVE('',#1616,#1618,#1326,.T.);
#1967=EDGE_CURVE('',#1620,#1621,#1327,.T.);
#1968=EDGE_CURVE('',#1621,#1619,#137,.T.);
#1969=EDGE_CURVE('',#1618,#1620,#138,.T.);
#1970=EDGE_CURVE('',#1622,#1623,#1328,.T.);
#1971=EDGE_CURVE('',#1623,#1621,#1329,.T.);
#1972=EDGE_CURVE('',#1620,#1622,#1330,.T.);
#1973=EDGE_CURVE('',#1624,#1625,#1331,.T.);
#1974=EDGE_CURVE('',#1625,#1623,#139,.T.);
#1975=EDGE_CURVE('',#1622,#1624,#140,.T.);
#1976=EDGE_CURVE('',#1626,#1627,#1332,.T.);
#1977=EDGE_CURVE('',#1627,#1625,#1333,.T.);
#1978=EDGE_CURVE('',#1624,#1626,#1334,.T.);
#1979=EDGE_CURVE('',#1628,#1629,#1335,.T.);
#1980=EDGE_CURVE('',#1629,#1627,#141,.T.);
#1981=EDGE_CURVE('',#1626,#1628,#142,.T.);
#1982=EDGE_CURVE('',#1630,#1631,#1336,.T.);
#1983=EDGE_CURVE('',#1631,#1629,#1337,.T.);
#1984=EDGE_CURVE('',#1628,#1630,#1338,.T.);
#1985=EDGE_CURVE('',#1632,#1633,#1339,.T.);
#1986=EDGE_CURVE('',#1633,#1631,#143,.T.);
#1987=EDGE_CURVE('',#1630,#1632,#144,.T.);
#1988=EDGE_CURVE('',#1634,#1635,#1340,.T.);
#1989=EDGE_CURVE('',#1635,#1633,#1341,.T.);
#1990=EDGE_CURVE('',#1632,#1634,#1342,.T.);
#1991=EDGE_CURVE('',#1636,#1637,#1343,.T.);
#1992=EDGE_CURVE('',#1637,#1635,#145,.T.);
#1993=EDGE_CURVE('',#1634,#1636,#146,.T.);
#1994=EDGE_CURVE('',#1638,#1639,#1344,.T.);
#1995=EDGE_CURVE('',#1639,#1637,#1345,.T.);
#1996=EDGE_CURVE('',#1636,#1638,#1346,.T.);
#1997=EDGE_CURVE('',#1640,#1641,#1347,.T.);
#1998=EDGE_CURVE('',#1641,#1639,#147,.T.);
#1999=EDGE_CURVE('',#1638,#1640,#148,.T.);
#2000=EDGE_CURVE('',#1642,#1643,#1348,.T.);
#2001=EDGE_CURVE('',#1643,#1641,#1349,.T.);
#2002=EDGE_CURVE('',#1640,#1642,#1350,.T.);
#2003=EDGE_CURVE('',#1644,#1645,#1351,.T.);
#2004=EDGE_CURVE('',#1645,#1643,#149,.T.);
#2005=EDGE_CURVE('',#1642,#1644,#150,.T.);
#2006=EDGE_CURVE('',#1646,#1647,#1352,.T.);
#2007=EDGE_CURVE('',#1647,#1645,#1353,.T.);
#2008=EDGE_CURVE('',#1644,#1646,#1354,.T.);
#2009=EDGE_CURVE('',#1576,#1647,#151,.T.);
#2010=EDGE_CURVE('',#1646,#1577,#152,.T.);
#2011=EDGE_CURVE('',#1648,#1617,#153,.T.);
#2012=EDGE_CURVE('',#1649,#1648,#154,.F.);
#2013=EDGE_CURVE('',#1615,#1649,#155,.T.);
#2014=EDGE_CURVE('',#1619,#1650,#156,.T.);
#2015=EDGE_CURVE('',#1650,#1648,#1355,.T.);
#2016=EDGE_CURVE('',#1651,#1621,#157,.T.);
#2017=EDGE_CURVE('',#1650,#1651,#158,.F.);
#2018=EDGE_CURVE('',#1623,#1652,#159,.T.);
#2019=EDGE_CURVE('',#1652,#1651,#1356,.T.);
#2020=EDGE_CURVE('',#1653,#1625,#160,.T.);
#2021=EDGE_CURVE('',#1652,#1653,#161,.F.);
#2022=EDGE_CURVE('',#1627,#1654,#162,.T.);
#2023=EDGE_CURVE('',#1654,#1653,#1357,.T.);
#2024=EDGE_CURVE('',#1655,#1629,#163,.T.);
#2025=EDGE_CURVE('',#1654,#1655,#164,.F.);
#2026=EDGE_CURVE('',#1631,#1656,#165,.T.);
#2027=EDGE_CURVE('',#1656,#1655,#1358,.T.);
#2028=EDGE_CURVE('',#1657,#1633,#166,.T.);
#2029=EDGE_CURVE('',#1656,#1657,#167,.F.);
#2030=EDGE_CURVE('',#1635,#1658,#168,.T.);
#2031=EDGE_CURVE('',#1658,#1657,#1359,.T.);
#2032=EDGE_CURVE('',#1659,#1637,#169,.T.);
#2033=EDGE_CURVE('',#1658,#1659,#170,.F.);
#2034=EDGE_CURVE('',#1639,#1660,#171,.T.);
#2035=EDGE_CURVE('',#1660,#1659,#1360,.T.);
#2036=EDGE_CURVE('',#1661,#1641,#172,.T.);
#2037=EDGE_CURVE('',#1660,#1661,#173,.F.);
#2038=EDGE_CURVE('',#1643,#1662,#174,.T.);
#2039=EDGE_CURVE('',#1662,#1661,#1361,.T.);
#2040=EDGE_CURVE('',#1663,#1645,#175,.T.);
#2041=EDGE_CURVE('',#1662,#1663,#176,.F.);
#2042=EDGE_CURVE('',#1647,#1664,#177,.T.);
#2043=EDGE_CURVE('',#1664,#1663,#1362,.T.);
#2044=EDGE_CURVE('',#1665,#1576,#178,.T.);
#2045=EDGE_CURVE('',#1664,#1665,#179,.F.);
#2046=EDGE_CURVE('',#1666,#1579,#180,.T.);
#2047=EDGE_CURVE('',#1666,#1665,#1363,.T.);
#2048=EDGE_CURVE('',#1581,#1667,#181,.T.);
#2049=EDGE_CURVE('',#1667,#1666,#1364,.T.);
#2050=EDGE_CURVE('',#1668,#1583,#182,.T.);
#2051=EDGE_CURVE('',#1668,#1667,#183,.T.);
#2052=EDGE_CURVE('',#1587,#1669,#184,.T.);
#2053=EDGE_CURVE('',#1670,#1669,#1365,.F.);
#2054=EDGE_CURVE('',#1670,#1585,#185,.T.);
#2055=EDGE_CURVE('',#1671,#1589,#186,.T.);
#2056=EDGE_CURVE('',#1669,#1671,#187,.F.);
#2057=EDGE_CURVE('',#1670,#1668,#1366,.T.);
#2058=EDGE_CURVE('',#1672,#1671,#1367,.T.);
#2059=EDGE_CURVE('',#1673,#1672,#1368,.T.);
#2060=EDGE_CURVE('',#1674,#1673,#1369,.T.);
#2061=EDGE_CURVE('',#1674,#1675,#188,.F.);
#2062=EDGE_CURVE('',#1676,#1675,#1370,.T.);
#2063=EDGE_CURVE('',#1676,#1677,#189,.F.);
#2064=EDGE_CURVE('',#1678,#1677,#1371,.T.);
#2065=EDGE_CURVE('',#1678,#1679,#190,.F.);
#2066=EDGE_CURVE('',#1680,#1679,#1372,.T.);
#2067=EDGE_CURVE('',#1680,#1681,#191,.F.);
#2068=EDGE_CURVE('',#1682,#1681,#1373,.T.);
#2069=EDGE_CURVE('',#1682,#1683,#192,.F.);
#2070=EDGE_CURVE('',#1649,#1683,#1374,.T.);
#2071=EDGE_CURVE('',#1591,#1672,#193,.T.);
#2072=EDGE_CURVE('',#1673,#1593,#194,.T.);
#2073=EDGE_CURVE('',#1595,#1674,#195,.T.);
#2074=EDGE_CURVE('',#1611,#1682,#196,.T.);
#2075=EDGE_CURVE('',#1681,#1609,#197,.T.);
#2076=EDGE_CURVE('',#1607,#1680,#198,.T.);
#2077=EDGE_CURVE('',#1679,#1605,#199,.T.);
#2078=EDGE_CURVE('',#1603,#1678,#200,.T.);
#2079=EDGE_CURVE('',#1599,#1676,#201,.T.);
#2080=EDGE_CURVE('',#1675,#1597,#202,.T.);
#2081=EDGE_CURVE('',#1683,#1613,#203,.T.);
#2082=EDGE_CURVE('',#1677,#1601,#204,.T.);
#2083=EDGE_CURVE('',#1684,#1685,#1375,.F.);
#2084=EDGE_CURVE('',#1686,#1684,#1376,.F.);
#2085=EDGE_CURVE('',#1685,#1686,#1377,.F.);
#2086=EDGE_CURVE('',#1687,#1688,#1378,.F.);
#2087=EDGE_CURVE('',#1689,#1687,#1379,.F.);
#2088=EDGE_CURVE('',#1688,#1689,#1380,.F.);
#2089=EDGE_CURVE('',#1690,#1691,#1381,.F.);
#2090=EDGE_CURVE('',#1692,#1690,#1382,.F.);
#2091=EDGE_CURVE('',#1691,#1692,#1383,.F.);
#2092=EDGE_CURVE('',#1693,#1694,#1384,.F.);
#2093=EDGE_CURVE('',#1695,#1693,#1385,.F.);
#2094=EDGE_CURVE('',#1694,#1695,#1386,.F.);
#2095=EDGE_CURVE('',#1696,#1697,#1387,.F.);
#2096=EDGE_CURVE('',#1698,#1696,#1388,.F.);
#2097=EDGE_CURVE('',#1697,#1698,#1389,.F.);
#2098=EDGE_CURVE('',#1699,#1700,#1390,.F.);
#2099=EDGE_CURVE('',#1701,#1699,#1391,.F.);
#2100=EDGE_CURVE('',#1700,#1701,#1392,.F.);
#2101=EDGE_CURVE('',#1687,#1701,#205,.T.);
#2102=EDGE_CURVE('',#1699,#1689,#206,.T.);
#2103=EDGE_CURVE('',#1702,#1703,#1393,.T.);
#2104=EDGE_CURVE('',#1703,#1700,#207,.T.);
#2105=EDGE_CURVE('',#1701,#1702,#208,.T.);
#2106=EDGE_CURVE('',#1704,#1705,#1394,.T.);
#2107=EDGE_CURVE('',#1705,#1703,#13,.T.);
#2108=EDGE_CURVE('',#1702,#1704,#14,.T.);
#2109=EDGE_CURVE('',#1706,#1707,#1395,.T.);
#2110=EDGE_CURVE('',#1707,#1705,#209,.T.);
#2111=EDGE_CURVE('',#1704,#1706,#210,.T.);
#2112=EDGE_CURVE('',#1708,#1709,#1396,.T.);
#2113=EDGE_CURVE('',#1709,#1707,#15,.T.);
#2114=EDGE_CURVE('',#1706,#1708,#16,.T.);
#2115=EDGE_CURVE('',#1708,#1691,#211,.T.);
#2116=EDGE_CURVE('',#1692,#1709,#212,.T.);
#2117=EDGE_CURVE('',#1710,#1711,#1397,.F.);
#2118=EDGE_CURVE('',#1712,#1710,#1398,.F.);
#2119=EDGE_CURVE('',#1711,#1712,#1399,.F.);
#2120=EDGE_CURVE('',#1710,#1692,#213,.T.);
#2121=EDGE_CURVE('',#1690,#1712,#214,.T.);
#2122=EDGE_CURVE('',#1693,#1711,#215,.T.);
#2123=EDGE_CURVE('',#1712,#1695,#216,.T.);
#2124=EDGE_CURVE('',#1713,#1714,#1400,.F.);
#2125=EDGE_CURVE('',#1715,#1713,#1401,.F.);
#2126=EDGE_CURVE('',#1714,#1715,#1402,.F.);
#2127=EDGE_CURVE('',#1700,#1715,#217,.T.);
#2128=EDGE_CURVE('',#1713,#1699,#218,.T.);
#2129=EDGE_CURVE('',#1716,#1717,#1403,.T.);
#2130=EDGE_CURVE('',#1717,#1714,#219,.T.);
#2131=EDGE_CURVE('',#1715,#1716,#220,.T.);
#2132=EDGE_CURVE('',#1718,#1719,#1404,.T.);
#2133=EDGE_CURVE('',#1719,#1717,#17,.T.);
#2134=EDGE_CURVE('',#1716,#1718,#18,.T.);
#2135=EDGE_CURVE('',#1720,#1721,#1405,.T.);
#2136=EDGE_CURVE('',#1721,#1719,#221,.T.);
#2137=EDGE_CURVE('',#1718,#1720,#222,.T.);
#2138=EDGE_CURVE('',#1722,#1723,#1406,.T.);
#2139=EDGE_CURVE('',#1723,#1721,#19,.T.);
#2140=EDGE_CURVE('',#1720,#1722,#20,.T.);
#2141=EDGE_CURVE('',#1722,#1710,#223,.T.);
#2142=EDGE_CURVE('',#1711,#1723,#224,.T.);
#2143=EDGE_CURVE('',#1714,#1698,#225,.T.);
#2144=EDGE_CURVE('',#1696,#1713,#226,.T.);
#2145=EDGE_CURVE('',#1724,#1725,#1407,.T.);
#2146=EDGE_CURVE('',#1725,#1697,#227,.T.);
#2147=EDGE_CURVE('',#1698,#1724,#228,.T.);
#2148=EDGE_CURVE('',#1726,#1727,#1408,.T.);
#2149=EDGE_CURVE('',#1727,#1725,#21,.T.);
#2150=EDGE_CURVE('',#1724,#1726,#22,.T.);
#2151=EDGE_CURVE('',#1728,#1729,#1409,.T.);
#2152=EDGE_CURVE('',#1729,#1727,#229,.T.);
#2153=EDGE_CURVE('',#1726,#1728,#230,.T.);
#2154=EDGE_CURVE('',#1730,#1731,#1410,.T.);
#2155=EDGE_CURVE('',#1731,#1729,#23,.T.);
#2156=EDGE_CURVE('',#1728,#1730,#24,.T.);
#2157=EDGE_CURVE('',#1730,#1693,#231,.T.);
#2158=EDGE_CURVE('',#1694,#1731,#232,.T.);
#2159=EDGE_CURVE('',#1697,#1688,#233,.T.);
#2160=EDGE_CURVE('',#1689,#1696,#234,.T.);
#2161=EDGE_CURVE('',#1684,#1694,#235,.T.);
#2162=EDGE_CURVE('',#1695,#1686,#236,.T.);
#2163=EDGE_CURVE('',#1691,#1685,#237,.T.);
#2164=EDGE_CURVE('',#1686,#1690,#238,.T.);
#2165=EDGE_CURVE('',#1732,#1733,#1411,.T.);
#2166=EDGE_CURVE('',#1733,#1687,#239,.T.);
#2167=EDGE_CURVE('',#1688,#1732,#240,.T.);
#2168=EDGE_CURVE('',#1734,#1735,#1412,.T.);
#2169=EDGE_CURVE('',#1735,#1733,#25,.T.);
#2170=EDGE_CURVE('',#1732,#1734,#26,.T.);
#2171=EDGE_CURVE('',#1736,#1737,#1413,.T.);
#2172=EDGE_CURVE('',#1737,#1735,#241,.T.);
#2173=EDGE_CURVE('',#1734,#1736,#242,.T.);
#2174=EDGE_CURVE('',#1738,#1739,#1414,.T.);
#2175=EDGE_CURVE('',#1739,#1737,#27,.T.);
#2176=EDGE_CURVE('',#1736,#1738,#28,.T.);
#2177=EDGE_CURVE('',#1738,#1684,#243,.T.);
#2178=EDGE_CURVE('',#1685,#1739,#244,.T.);
#2179=EDGE_CURVE('',#1740,#1720,#1415,.T.);
#2180=EDGE_CURVE('',#1741,#1740,#1416,.F.);
#2181=EDGE_CURVE('',#1742,#1741,#1417,.T.);
#2182=EDGE_CURVE('',#1742,#1722,#1418,.T.);
#2183=EDGE_CURVE('',#1718,#1743,#1419,.T.);
#2184=EDGE_CURVE('',#1743,#1740,#245,.T.);
#2185=EDGE_CURVE('',#1716,#1744,#1420,.T.);
#2186=EDGE_CURVE('',#1745,#1744,#1421,.T.);
#2187=EDGE_CURVE('',#1743,#1745,#1422,.F.);
#2188=EDGE_CURVE('',#1746,#1703,#1423,.T.);
#2189=EDGE_CURVE('',#1744,#1746,#246,.T.);
#2190=EDGE_CURVE('',#1747,#1736,#1424,.T.);
#2191=EDGE_CURVE('',#1748,#1747,#1425,.F.);
#2192=EDGE_CURVE('',#1749,#1748,#1426,.T.);
#2193=EDGE_CURVE('',#1749,#1738,#1427,.T.);
#2194=EDGE_CURVE('',#1734,#1750,#1428,.T.);
#2195=EDGE_CURVE('',#1750,#1747,#247,.T.);
#2196=EDGE_CURVE('',#1732,#1751,#1429,.T.);
#2197=EDGE_CURVE('',#1752,#1751,#1430,.T.);
#2198=EDGE_CURVE('',#1750,#1752,#1431,.F.);
#2199=EDGE_CURVE('',#1753,#1725,#1432,.T.);
#2200=EDGE_CURVE('',#1751,#1753,#248,.T.);
#2201=EDGE_CURVE('',#1754,#1755,#1433,.F.);
#2202=EDGE_CURVE('',#1756,#1754,#1434,.F.);
#2203=EDGE_CURVE('',#1755,#1756,#1435,.F.);
#2204=EDGE_CURVE('',#1731,#1757,#1436,.T.);
#2205=EDGE_CURVE('',#1758,#1757,#1437,.T.);
#2206=EDGE_CURVE('',#1759,#1758,#1438,.F.);
#2207=EDGE_CURVE('',#1729,#1759,#1439,.T.);
#2208=EDGE_CURVE('',#1760,#1761,#1440,.F.);
#2209=EDGE_CURVE('',#1762,#1760,#1441,.F.);
#2210=EDGE_CURVE('',#1761,#1762,#1442,.F.);
#2211=EDGE_CURVE('',#1756,#1762,#249,.T.);
#2212=EDGE_CURVE('',#1760,#1755,#250,.T.);
#2213=EDGE_CURVE('',#1763,#1764,#1443,.F.);
#2214=EDGE_CURVE('',#1765,#1763,#1444,.F.);
#2215=EDGE_CURVE('',#1764,#1765,#1445,.F.);
#2216=EDGE_CURVE('',#1766,#1727,#1446,.T.);
#2217=EDGE_CURVE('',#1767,#1766,#1447,.F.);
#2218=EDGE_CURVE('',#1753,#1767,#1448,.T.);
#2219=EDGE_CURVE('',#1759,#1766,#251,.T.);
#2220=EDGE_CURVE('',#1766,#1765,#252,.T.);
#2221=EDGE_CURVE('',#1763,#1767,#253,.T.);
#2222=EDGE_CURVE('',#1768,#1769,#1449,.F.);
#2223=EDGE_CURVE('',#1770,#1768,#1450,.F.);
#2224=EDGE_CURVE('',#1769,#1770,#1451,.F.);
#2225=EDGE_CURVE('',#1767,#1752,#254,.T.);
#2226=EDGE_CURVE('',#1768,#1750,#255,.T.);
#2227=EDGE_CURVE('',#1752,#1770,#256,.T.);
#2228=EDGE_CURVE('',#1764,#1769,#257,.T.);
#2229=EDGE_CURVE('',#1770,#1763,#258,.T.);
#2230=EDGE_CURVE('',#1761,#1768,#259,.T.);
#2231=EDGE_CURVE('',#1769,#1760,#260,.T.);
#2232=EDGE_CURVE('',#1762,#1748,#261,.T.);
#2233=EDGE_CURVE('',#1747,#1761,#262,.T.);
#2234=EDGE_CURVE('',#1757,#1749,#263,.T.);
#2235=EDGE_CURVE('',#1748,#1758,#264,.T.);
#2236=EDGE_CURVE('',#1755,#1764,#265,.T.);
#2237=EDGE_CURVE('',#1765,#1754,#266,.T.);
#2238=EDGE_CURVE('',#1758,#1756,#267,.T.);
#2239=EDGE_CURVE('',#1754,#1759,#268,.T.);
#2240=EDGE_CURVE('',#1771,#1772,#1452,.F.);
#2241=EDGE_CURVE('',#1773,#1771,#1453,.F.);
#2242=EDGE_CURVE('',#1772,#1773,#1454,.F.);
#2243=EDGE_CURVE('',#1774,#1705,#1455,.T.);
#2244=EDGE_CURVE('',#1775,#1774,#1456,.F.);
#2245=EDGE_CURVE('',#1746,#1775,#1457,.T.);
#2246=EDGE_CURVE('',#1776,#1777,#1458,.F.);
#2247=EDGE_CURVE('',#1778,#1776,#1459,.F.);
#2248=EDGE_CURVE('',#1777,#1778,#1460,.F.);
#2249=EDGE_CURVE('',#1779,#1780,#1461,.F.);
#2250=EDGE_CURVE('',#1781,#1779,#1462,.F.);
#2251=EDGE_CURVE('',#1780,#1781,#1463,.F.);
#2252=EDGE_CURVE('',#1771,#1781,#269,.T.);
#2253=EDGE_CURVE('',#1779,#1773,#270,.T.);
#2254=EDGE_CURVE('',#1709,#1782,#1464,.T.);
#2255=EDGE_CURVE('',#1783,#1782,#1465,.T.);
#2256=EDGE_CURVE('',#1784,#1783,#1466,.F.);
#2257=EDGE_CURVE('',#1707,#1784,#1467,.T.);
#2258=EDGE_CURVE('',#1784,#1774,#271,.T.);
#2259=EDGE_CURVE('',#1785,#1786,#1468,.F.);
#2260=EDGE_CURVE('',#1787,#1785,#1469,.F.);
#2261=EDGE_CURVE('',#1786,#1787,#1470,.F.);
#2262=EDGE_CURVE('',#1785,#1741,#272,.T.);
#2263=EDGE_CURVE('',#1740,#1787,#273,.T.);
#2264=EDGE_CURVE('',#1782,#1742,#274,.T.);
#2265=EDGE_CURVE('',#1741,#1783,#275,.T.);
#2266=EDGE_CURVE('',#1787,#1780,#276,.T.);
#2267=EDGE_CURVE('',#1781,#1786,#277,.T.);
#2268=EDGE_CURVE('',#1778,#1785,#278,.T.);
#2269=EDGE_CURVE('',#1786,#1777,#279,.T.);
#2270=EDGE_CURVE('',#1775,#1745,#280,.T.);
#2271=EDGE_CURVE('',#1780,#1743,#281,.T.);
#2272=EDGE_CURVE('',#1745,#1779,#282,.T.);
#2273=EDGE_CURVE('',#1783,#1778,#283,.T.);
#2274=EDGE_CURVE('',#1776,#1784,#284,.T.);
#2275=EDGE_CURVE('',#1777,#1771,#285,.T.);
#2276=EDGE_CURVE('',#1772,#1776,#286,.T.);
#2277=EDGE_CURVE('',#1774,#1772,#287,.T.);
#2278=EDGE_CURVE('',#1773,#1775,#288,.T.);
#2279=EDGE_CURVE('',#1788,#1789,#1471,.T.);
#2280=EDGE_CURVE('',#1789,#1790,#1472,.T.);
#2281=EDGE_CURVE('',#1790,#1791,#1473,.T.);
#2282=EDGE_CURVE('',#1791,#1788,#1474,.T.);
#2283=EDGE_CURVE('',#1792,#1793,#1475,.T.);
#2284=EDGE_CURVE('',#1793,#1791,#289,.T.);
#2285=EDGE_CURVE('',#1790,#1792,#290,.T.);
#2286=EDGE_CURVE('',#1794,#1795,#1476,.T.);
#2287=EDGE_CURVE('',#1795,#1793,#1477,.T.);
#2288=EDGE_CURVE('',#1792,#1794,#1478,.T.);
#2289=EDGE_CURVE('',#1796,#1797,#1479,.T.);
#2290=EDGE_CURVE('',#1797,#1795,#1480,.T.);
#2291=EDGE_CURVE('',#1794,#1796,#1481,.T.);
#2292=EDGE_CURVE('',#1798,#1799,#1482,.T.);
#2293=EDGE_CURVE('',#1799,#1797,#1483,.T.);
#2294=EDGE_CURVE('',#1796,#1798,#1484,.T.);
#2295=EDGE_CURVE('',#1800,#1801,#1485,.T.);
#2296=EDGE_CURVE('',#1801,#1799,#291,.T.);
#2297=EDGE_CURVE('',#1798,#1800,#292,.T.);
#2298=EDGE_CURVE('',#1802,#1803,#1486,.T.);
#2299=EDGE_CURVE('',#1803,#1801,#1487,.T.);
#2300=EDGE_CURVE('',#1800,#1802,#1488,.T.);
#2301=EDGE_CURVE('',#1804,#1805,#1489,.T.);
#2302=EDGE_CURVE('',#1805,#1803,#293,.T.);
#2303=EDGE_CURVE('',#1802,#1804,#294,.T.);
#2304=EDGE_CURVE('',#1806,#1807,#1490,.T.);
#2305=EDGE_CURVE('',#1807,#1805,#1491,.T.);
#2306=EDGE_CURVE('',#1804,#1806,#1492,.T.);
#2307=EDGE_CURVE('',#1808,#1809,#1493,.T.);
#2308=EDGE_CURVE('',#1809,#1807,#295,.T.);
#2309=EDGE_CURVE('',#1806,#1808,#296,.T.);
#2310=EDGE_CURVE('',#1810,#1811,#1494,.T.);
#2311=EDGE_CURVE('',#1811,#1809,#1495,.T.);
#2312=EDGE_CURVE('',#1808,#1810,#1496,.T.);
#2313=EDGE_CURVE('',#1812,#1813,#1497,.T.);
#2314=EDGE_CURVE('',#1813,#1811,#297,.T.);
#2315=EDGE_CURVE('',#1810,#1812,#298,.T.);
#2316=EDGE_CURVE('',#1814,#1815,#1498,.T.);
#2317=EDGE_CURVE('',#1815,#1813,#1499,.T.);
#2318=EDGE_CURVE('',#1812,#1814,#1500,.T.);
#2319=EDGE_CURVE('',#1816,#1817,#1501,.T.);
#2320=EDGE_CURVE('',#1817,#1815,#299,.T.);
#2321=EDGE_CURVE('',#1814,#1816,#300,.T.);
#2322=EDGE_CURVE('',#1818,#1819,#1502,.T.);
#2323=EDGE_CURVE('',#1819,#1817,#1503,.T.);
#2324=EDGE_CURVE('',#1816,#1818,#1504,.T.);
#2325=EDGE_CURVE('',#1820,#1821,#1505,.T.);
#2326=EDGE_CURVE('',#1821,#1819,#301,.T.);
#2327=EDGE_CURVE('',#1818,#1820,#302,.T.);
#2328=EDGE_CURVE('',#1822,#1823,#1506,.T.);
#2329=EDGE_CURVE('',#1823,#1821,#1507,.T.);
#2330=EDGE_CURVE('',#1820,#1822,#1508,.T.);
#2331=EDGE_CURVE('',#1824,#1825,#1509,.T.);
#2332=EDGE_CURVE('',#1825,#1823,#303,.T.);
#2333=EDGE_CURVE('',#1822,#1824,#304,.T.);
#2334=EDGE_CURVE('',#1826,#1827,#1510,.T.);
#2335=EDGE_CURVE('',#1827,#1825,#1511,.T.);
#2336=EDGE_CURVE('',#1824,#1826,#1512,.T.);
#2337=EDGE_CURVE('',#1828,#1829,#1513,.T.);
#2338=EDGE_CURVE('',#1829,#1827,#305,.T.);
#2339=EDGE_CURVE('',#1826,#1828,#306,.T.);
#2340=EDGE_CURVE('',#1830,#1831,#1514,.T.);
#2341=EDGE_CURVE('',#1831,#1829,#1515,.T.);
#2342=EDGE_CURVE('',#1828,#1830,#1516,.T.);
#2343=EDGE_CURVE('',#1832,#1833,#1517,.T.);
#2344=EDGE_CURVE('',#1833,#1831,#307,.T.);
#2345=EDGE_CURVE('',#1830,#1832,#308,.T.);
#2346=EDGE_CURVE('',#1834,#1835,#1518,.T.);
#2347=EDGE_CURVE('',#1835,#1833,#1519,.T.);
#2348=EDGE_CURVE('',#1832,#1834,#1520,.T.);
#2349=EDGE_CURVE('',#1836,#1837,#1521,.T.);
#2350=EDGE_CURVE('',#1837,#1835,#309,.T.);
#2351=EDGE_CURVE('',#1834,#1836,#310,.T.);
#2352=EDGE_CURVE('',#1838,#1839,#1522,.T.);
#2353=EDGE_CURVE('',#1839,#1837,#1523,.T.);
#2354=EDGE_CURVE('',#1836,#1838,#1524,.T.);
#2355=EDGE_CURVE('',#1840,#1841,#1525,.T.);
#2356=EDGE_CURVE('',#1841,#1839,#311,.T.);
#2357=EDGE_CURVE('',#1838,#1840,#312,.T.);
#2358=EDGE_CURVE('',#1842,#1843,#1526,.T.);
#2359=EDGE_CURVE('',#1843,#1841,#1527,.T.);
#2360=EDGE_CURVE('',#1840,#1842,#1528,.T.);
#2361=EDGE_CURVE('',#1844,#1845,#1529,.T.);
#2362=EDGE_CURVE('',#1845,#1843,#313,.T.);
#2363=EDGE_CURVE('',#1842,#1844,#314,.T.);
#2364=EDGE_CURVE('',#1846,#1847,#1530,.T.);
#2365=EDGE_CURVE('',#1847,#1845,#1531,.T.);
#2366=EDGE_CURVE('',#1844,#1846,#1532,.T.);
#2367=EDGE_CURVE('',#1848,#1849,#1533,.T.);
#2368=EDGE_CURVE('',#1849,#1847,#315,.T.);
#2369=EDGE_CURVE('',#1846,#1848,#316,.T.);
#2370=EDGE_CURVE('',#1850,#1851,#1534,.T.);
#2371=EDGE_CURVE('',#1851,#1849,#1535,.T.);
#2372=EDGE_CURVE('',#1848,#1850,#1536,.T.);
#2373=EDGE_CURVE('',#1852,#1853,#1537,.T.);
#2374=EDGE_CURVE('',#1853,#1851,#317,.T.);
#2375=EDGE_CURVE('',#1850,#1852,#318,.T.);
#2376=EDGE_CURVE('',#1854,#1855,#1538,.T.);
#2377=EDGE_CURVE('',#1855,#1853,#1539,.T.);
#2378=EDGE_CURVE('',#1852,#1854,#1540,.T.);
#2379=EDGE_CURVE('',#1856,#1857,#1541,.T.);
#2380=EDGE_CURVE('',#1857,#1855,#1542,.T.);
#2381=EDGE_CURVE('',#1854,#1856,#1543,.T.);
#2382=EDGE_CURVE('',#1858,#1859,#1544,.T.);
#2383=EDGE_CURVE('',#1859,#1857,#319,.T.);
#2384=EDGE_CURVE('',#1856,#1858,#320,.T.);
#2385=EDGE_CURVE('',#1788,#1859,#1545,.T.);
#2386=EDGE_CURVE('',#1858,#1789,#1546,.T.);
#2387=EDGE_CURVE('',#1860,#1829,#321,.T.);
#2388=EDGE_CURVE('',#1861,#1860,#322,.T.);
#2389=EDGE_CURVE('',#1827,#1861,#323,.T.);
#2390=EDGE_CURVE('',#1831,#1862,#324,.T.);
#2391=EDGE_CURVE('',#1862,#1860,#1547,.T.);
#2392=EDGE_CURVE('',#1863,#1833,#325,.T.);
#2393=EDGE_CURVE('',#1862,#1863,#326,.T.);
#2394=EDGE_CURVE('',#1835,#1864,#327,.T.);
#2395=EDGE_CURVE('',#1864,#1863,#1548,.T.);
#2396=EDGE_CURVE('',#1865,#1837,#328,.T.);
#2397=EDGE_CURVE('',#1864,#1865,#329,.T.);
#2398=EDGE_CURVE('',#1839,#1866,#330,.T.);
#2399=EDGE_CURVE('',#1866,#1865,#1549,.T.);
#2400=EDGE_CURVE('',#1867,#1841,#331,.T.);
#2401=EDGE_CURVE('',#1866,#1867,#332,.T.);
#2402=EDGE_CURVE('',#1843,#1868,#333,.T.);
#2403=EDGE_CURVE('',#1868,#1867,#1550,.T.);
#2404=EDGE_CURVE('',#1869,#1845,#334,.T.);
#2405=EDGE_CURVE('',#1868,#1869,#335,.T.);
#2406=EDGE_CURVE('',#1847,#1870,#336,.T.);
#2407=EDGE_CURVE('',#1870,#1869,#1551,.T.);
#2408=EDGE_CURVE('',#1871,#1849,#337,.T.);
#2409=EDGE_CURVE('',#1870,#1871,#338,.T.);
#2410=EDGE_CURVE('',#1851,#1872,#339,.T.);
#2411=EDGE_CURVE('',#1872,#1871,#1552,.T.);
#2412=EDGE_CURVE('',#1873,#1853,#340,.T.);
#2413=EDGE_CURVE('',#1872,#1873,#341,.T.);
#2414=EDGE_CURVE('',#1874,#1855,#342,.T.);
#2415=EDGE_CURVE('',#1874,#1873,#1553,.T.);
#2416=EDGE_CURVE('',#1857,#1875,#343,.T.);
#2417=EDGE_CURVE('',#1875,#1874,#1554,.T.);
#2418=EDGE_CURVE('',#1876,#1859,#344,.T.);
#2419=EDGE_CURVE('',#1876,#1875,#345,.T.);
#2420=EDGE_CURVE('',#1877,#1788,#346,.T.);
#2421=EDGE_CURVE('',#1877,#1876,#1555,.T.);
#2422=EDGE_CURVE('',#1791,#1878,#347,.T.);
#2423=EDGE_CURVE('',#1877,#1878,#1556,.F.);
#2424=EDGE_CURVE('',#1879,#1793,#348,.T.);
#2425=EDGE_CURVE('',#1878,#1879,#349,.T.);
#2426=EDGE_CURVE('',#1799,#1880,#350,.T.);
#2427=EDGE_CURVE('',#1880,#1881,#1557,.T.);
#2428=EDGE_CURVE('',#1881,#1797,#351,.T.);
#2429=EDGE_CURVE('',#1881,#1882,#1558,.T.);
#2430=EDGE_CURVE('',#1795,#1882,#352,.T.);
#2431=EDGE_CURVE('',#1882,#1879,#1559,.T.);
#2432=EDGE_CURVE('',#1880,#1883,#353,.T.);
#2433=EDGE_CURVE('',#1884,#1883,#1560,.T.);
#2434=EDGE_CURVE('',#1884,#1885,#354,.T.);
#2435=EDGE_CURVE('',#1886,#1885,#1561,.T.);
#2436=EDGE_CURVE('',#1886,#1887,#355,.T.);
#2437=EDGE_CURVE('',#1888,#1887,#1562,.T.);
#2438=EDGE_CURVE('',#1888,#1889,#356,.T.);
#2439=EDGE_CURVE('',#1890,#1889,#1563,.T.);
#2440=EDGE_CURVE('',#1890,#1891,#357,.T.);
#2441=EDGE_CURVE('',#1892,#1891,#1564,.T.);
#2442=EDGE_CURVE('',#1892,#1893,#358,.T.);
#2443=EDGE_CURVE('',#1894,#1893,#1565,.T.);
#2444=EDGE_CURVE('',#1894,#1895,#359,.T.);
#2445=EDGE_CURVE('',#1861,#1895,#1566,.T.);
#2446=EDGE_CURVE('',#1803,#1884,#360,.T.);
#2447=EDGE_CURVE('',#1883,#1801,#361,.T.);
#2448=EDGE_CURVE('',#1885,#1805,#362,.T.);
#2449=EDGE_CURVE('',#1811,#1888,#363,.T.);
#2450=EDGE_CURVE('',#1887,#1809,#364,.T.);
#2451=EDGE_CURVE('',#1889,#1813,#365,.T.);
#2452=EDGE_CURVE('',#1815,#1890,#366,.T.);
#2453=EDGE_CURVE('',#1823,#1894,#367,.T.);
#2454=EDGE_CURVE('',#1893,#1821,#368,.T.);
#2455=EDGE_CURVE('',#1895,#1825,#369,.T.);
#2456=EDGE_CURVE('',#1819,#1892,#370,.T.);
#2457=EDGE_CURVE('',#1891,#1817,#371,.T.);
#2458=EDGE_CURVE('',#1807,#1886,#372,.T.);
#2459=EDGE_CURVE('',#1896,#1897,#1567,.T.);
#2460=EDGE_CURVE('',#1897,#1898,#1568,.T.);
#2461=EDGE_CURVE('',#1898,#1898,#1569,.T.);
#2462=EDGE_CURVE('',#1897,#1896,#1570,.T.);
#2463=EDGE_CURVE('',#1896,#1899,#373,.T.);
#2464=EDGE_CURVE('',#1899,#1899,#1571,.T.);
#2465=EDGE_CURVE('',#1900,#1900,#1572,.T.);
#2466=EDGE_CURVE('',#1900,#1901,#1573,.T.);
#2467=EDGE_CURVE('',#1901,#1901,#1574,.T.);
#2468=EDGE_CURVE('',#1900,#1902,#374,.T.);
#2469=EDGE_CURVE('',#1902,#1902,#1575,.T.);
#2470=ORIENTED_EDGE('',*,*,#1903,.T.);
#2471=ORIENTED_EDGE('',*,*,#1904,.T.);
#2472=ORIENTED_EDGE('',*,*,#1905,.T.);
#2473=ORIENTED_EDGE('',*,*,#1906,.T.);
#2474=ORIENTED_EDGE('',*,*,#1907,.T.);
#2475=ORIENTED_EDGE('',*,*,#1908,.T.);
#2476=ORIENTED_EDGE('',*,*,#1905,.F.);
#2477=ORIENTED_EDGE('',*,*,#1909,.T.);
#2478=ORIENTED_EDGE('',*,*,#1910,.T.);
#2479=ORIENTED_EDGE('',*,*,#1911,.T.);
#2480=ORIENTED_EDGE('',*,*,#1907,.F.);
#2481=ORIENTED_EDGE('',*,*,#1912,.T.);
#2482=ORIENTED_EDGE('',*,*,#1913,.T.);
#2483=ORIENTED_EDGE('',*,*,#1914,.T.);
#2484=ORIENTED_EDGE('',*,*,#1910,.F.);
#2485=ORIENTED_EDGE('',*,*,#1915,.T.);
#2486=ORIENTED_EDGE('',*,*,#1916,.T.);
#2487=ORIENTED_EDGE('',*,*,#1917,.T.);
#2488=ORIENTED_EDGE('',*,*,#1913,.F.);
#2489=ORIENTED_EDGE('',*,*,#1918,.T.);
#2490=ORIENTED_EDGE('',*,*,#1919,.T.);
#2491=ORIENTED_EDGE('',*,*,#1920,.T.);
#2492=ORIENTED_EDGE('',*,*,#1916,.F.);
#2493=ORIENTED_EDGE('',*,*,#1921,.T.);
#2494=ORIENTED_EDGE('',*,*,#1922,.T.);
#2495=ORIENTED_EDGE('',*,*,#1923,.T.);
#2496=ORIENTED_EDGE('',*,*,#1919,.F.);
#2497=ORIENTED_EDGE('',*,*,#1924,.T.);
#2498=ORIENTED_EDGE('',*,*,#1925,.T.);
#2499=ORIENTED_EDGE('',*,*,#1926,.T.);
#2500=ORIENTED_EDGE('',*,*,#1922,.F.);
#2501=ORIENTED_EDGE('',*,*,#1927,.T.);
#2502=ORIENTED_EDGE('',*,*,#1928,.T.);
#2503=ORIENTED_EDGE('',*,*,#1929,.T.);
#2504=ORIENTED_EDGE('',*,*,#1925,.F.);
#2505=ORIENTED_EDGE('',*,*,#1930,.T.);
#2506=ORIENTED_EDGE('',*,*,#1931,.T.);
#2507=ORIENTED_EDGE('',*,*,#1932,.T.);
#2508=ORIENTED_EDGE('',*,*,#1928,.F.);
#2509=ORIENTED_EDGE('',*,*,#1933,.T.);
#2510=ORIENTED_EDGE('',*,*,#1934,.T.);
#2511=ORIENTED_EDGE('',*,*,#1935,.T.);
#2512=ORIENTED_EDGE('',*,*,#1931,.F.);
#2513=ORIENTED_EDGE('',*,*,#1936,.T.);
#2514=ORIENTED_EDGE('',*,*,#1937,.T.);
#2515=ORIENTED_EDGE('',*,*,#1938,.T.);
#2516=ORIENTED_EDGE('',*,*,#1934,.F.);
#2517=ORIENTED_EDGE('',*,*,#1939,.T.);
#2518=ORIENTED_EDGE('',*,*,#1940,.T.);
#2519=ORIENTED_EDGE('',*,*,#1941,.T.);
#2520=ORIENTED_EDGE('',*,*,#1937,.F.);
#2521=ORIENTED_EDGE('',*,*,#1942,.T.);
#2522=ORIENTED_EDGE('',*,*,#1943,.T.);
#2523=ORIENTED_EDGE('',*,*,#1944,.T.);
#2524=ORIENTED_EDGE('',*,*,#1940,.F.);
#2525=ORIENTED_EDGE('',*,*,#1945,.T.);
#2526=ORIENTED_EDGE('',*,*,#1946,.T.);
#2527=ORIENTED_EDGE('',*,*,#1947,.T.);
#2528=ORIENTED_EDGE('',*,*,#1943,.F.);
#2529=ORIENTED_EDGE('',*,*,#1948,.T.);
#2530=ORIENTED_EDGE('',*,*,#1949,.T.);
#2531=ORIENTED_EDGE('',*,*,#1950,.T.);
#2532=ORIENTED_EDGE('',*,*,#1946,.F.);
#2533=ORIENTED_EDGE('',*,*,#1951,.T.);
#2534=ORIENTED_EDGE('',*,*,#1952,.T.);
#2535=ORIENTED_EDGE('',*,*,#1953,.T.);
#2536=ORIENTED_EDGE('',*,*,#1949,.F.);
#2537=ORIENTED_EDGE('',*,*,#1954,.T.);
#2538=ORIENTED_EDGE('',*,*,#1955,.T.);
#2539=ORIENTED_EDGE('',*,*,#1956,.T.);
#2540=ORIENTED_EDGE('',*,*,#1952,.F.);
#2541=ORIENTED_EDGE('',*,*,#1957,.T.);
#2542=ORIENTED_EDGE('',*,*,#1958,.T.);
#2543=ORIENTED_EDGE('',*,*,#1959,.T.);
#2544=ORIENTED_EDGE('',*,*,#1955,.F.);
#2545=ORIENTED_EDGE('',*,*,#1960,.T.);
#2546=ORIENTED_EDGE('',*,*,#1961,.T.);
#2547=ORIENTED_EDGE('',*,*,#1962,.T.);
#2548=ORIENTED_EDGE('',*,*,#1958,.F.);
#2549=ORIENTED_EDGE('',*,*,#1963,.T.);
#2550=ORIENTED_EDGE('',*,*,#1964,.T.);
#2551=ORIENTED_EDGE('',*,*,#1965,.T.);
#2552=ORIENTED_EDGE('',*,*,#1961,.F.);
#2553=ORIENTED_EDGE('',*,*,#1966,.T.);
#2554=ORIENTED_EDGE('',*,*,#1967,.T.);
#2555=ORIENTED_EDGE('',*,*,#1968,.T.);
#2556=ORIENTED_EDGE('',*,*,#1964,.F.);
#2557=ORIENTED_EDGE('',*,*,#1969,.T.);
#2558=ORIENTED_EDGE('',*,*,#1970,.T.);
#2559=ORIENTED_EDGE('',*,*,#1971,.T.);
#2560=ORIENTED_EDGE('',*,*,#1967,.F.);
#2561=ORIENTED_EDGE('',*,*,#1972,.T.);
#2562=ORIENTED_EDGE('',*,*,#1973,.T.);
#2563=ORIENTED_EDGE('',*,*,#1974,.T.);
#2564=ORIENTED_EDGE('',*,*,#1970,.F.);
#2565=ORIENTED_EDGE('',*,*,#1975,.T.);
#2566=ORIENTED_EDGE('',*,*,#1976,.T.);
#2567=ORIENTED_EDGE('',*,*,#1977,.T.);
#2568=ORIENTED_EDGE('',*,*,#1973,.F.);
#2569=ORIENTED_EDGE('',*,*,#1978,.T.);
#2570=ORIENTED_EDGE('',*,*,#1979,.T.);
#2571=ORIENTED_EDGE('',*,*,#1980,.T.);
#2572=ORIENTED_EDGE('',*,*,#1976,.F.);
#2573=ORIENTED_EDGE('',*,*,#1981,.T.);
#2574=ORIENTED_EDGE('',*,*,#1982,.T.);
#2575=ORIENTED_EDGE('',*,*,#1983,.T.);
#2576=ORIENTED_EDGE('',*,*,#1979,.F.);
#2577=ORIENTED_EDGE('',*,*,#1984,.T.);
#2578=ORIENTED_EDGE('',*,*,#1985,.T.);
#2579=ORIENTED_EDGE('',*,*,#1986,.T.);
#2580=ORIENTED_EDGE('',*,*,#1982,.F.);
#2581=ORIENTED_EDGE('',*,*,#1987,.T.);
#2582=ORIENTED_EDGE('',*,*,#1988,.T.);
#2583=ORIENTED_EDGE('',*,*,#1989,.T.);
#2584=ORIENTED_EDGE('',*,*,#1985,.F.);
#2585=ORIENTED_EDGE('',*,*,#1990,.T.);
#2586=ORIENTED_EDGE('',*,*,#1991,.T.);
#2587=ORIENTED_EDGE('',*,*,#1992,.T.);
#2588=ORIENTED_EDGE('',*,*,#1988,.F.);
#2589=ORIENTED_EDGE('',*,*,#1993,.T.);
#2590=ORIENTED_EDGE('',*,*,#1994,.T.);
#2591=ORIENTED_EDGE('',*,*,#1995,.T.);
#2592=ORIENTED_EDGE('',*,*,#1991,.F.);
#2593=ORIENTED_EDGE('',*,*,#1996,.T.);
#2594=ORIENTED_EDGE('',*,*,#1997,.T.);
#2595=ORIENTED_EDGE('',*,*,#1998,.T.);
#2596=ORIENTED_EDGE('',*,*,#1994,.F.);
#2597=ORIENTED_EDGE('',*,*,#1999,.T.);
#2598=ORIENTED_EDGE('',*,*,#2000,.T.);
#2599=ORIENTED_EDGE('',*,*,#2001,.T.);
#2600=ORIENTED_EDGE('',*,*,#1997,.F.);
#2601=ORIENTED_EDGE('',*,*,#2002,.T.);
#2602=ORIENTED_EDGE('',*,*,#2003,.T.);
#2603=ORIENTED_EDGE('',*,*,#2004,.T.);
#2604=ORIENTED_EDGE('',*,*,#2000,.F.);
#2605=ORIENTED_EDGE('',*,*,#2005,.T.);
#2606=ORIENTED_EDGE('',*,*,#2006,.T.);
#2607=ORIENTED_EDGE('',*,*,#2007,.T.);
#2608=ORIENTED_EDGE('',*,*,#2003,.F.);
#2609=ORIENTED_EDGE('',*,*,#2008,.T.);
#2610=ORIENTED_EDGE('',*,*,#1903,.F.);
#2611=ORIENTED_EDGE('',*,*,#2009,.T.);
#2612=ORIENTED_EDGE('',*,*,#2006,.F.);
#2613=ORIENTED_EDGE('',*,*,#2010,.T.);
#2614=ORIENTED_EDGE('',*,*,#1962,.F.);
#2615=ORIENTED_EDGE('',*,*,#2011,.F.);
#2616=ORIENTED_EDGE('',*,*,#2012,.F.);
#2617=ORIENTED_EDGE('',*,*,#2013,.F.);
#2618=ORIENTED_EDGE('',*,*,#1965,.F.);
#2619=ORIENTED_EDGE('',*,*,#2014,.T.);
#2620=ORIENTED_EDGE('',*,*,#2015,.T.);
#2621=ORIENTED_EDGE('',*,*,#2011,.T.);
#2622=ORIENTED_EDGE('',*,*,#1968,.F.);
#2623=ORIENTED_EDGE('',*,*,#2016,.F.);
#2624=ORIENTED_EDGE('',*,*,#2017,.F.);
#2625=ORIENTED_EDGE('',*,*,#2014,.F.);
#2626=ORIENTED_EDGE('',*,*,#1971,.F.);
#2627=ORIENTED_EDGE('',*,*,#2018,.T.);
#2628=ORIENTED_EDGE('',*,*,#2019,.T.);
#2629=ORIENTED_EDGE('',*,*,#2016,.T.);
#2630=ORIENTED_EDGE('',*,*,#1974,.F.);
#2631=ORIENTED_EDGE('',*,*,#2020,.F.);
#2632=ORIENTED_EDGE('',*,*,#2021,.F.);
#2633=ORIENTED_EDGE('',*,*,#2018,.F.);
#2634=ORIENTED_EDGE('',*,*,#1977,.F.);
#2635=ORIENTED_EDGE('',*,*,#2022,.T.);
#2636=ORIENTED_EDGE('',*,*,#2023,.T.);
#2637=ORIENTED_EDGE('',*,*,#2020,.T.);
#2638=ORIENTED_EDGE('',*,*,#1980,.F.);
#2639=ORIENTED_EDGE('',*,*,#2024,.F.);
#2640=ORIENTED_EDGE('',*,*,#2025,.F.);
#2641=ORIENTED_EDGE('',*,*,#2022,.F.);
#2642=ORIENTED_EDGE('',*,*,#1983,.F.);
#2643=ORIENTED_EDGE('',*,*,#2026,.T.);
#2644=ORIENTED_EDGE('',*,*,#2027,.T.);
#2645=ORIENTED_EDGE('',*,*,#2024,.T.);
#2646=ORIENTED_EDGE('',*,*,#1986,.F.);
#2647=ORIENTED_EDGE('',*,*,#2028,.F.);
#2648=ORIENTED_EDGE('',*,*,#2029,.F.);
#2649=ORIENTED_EDGE('',*,*,#2026,.F.);
#2650=ORIENTED_EDGE('',*,*,#1989,.F.);
#2651=ORIENTED_EDGE('',*,*,#2030,.T.);
#2652=ORIENTED_EDGE('',*,*,#2031,.T.);
#2653=ORIENTED_EDGE('',*,*,#2028,.T.);
#2654=ORIENTED_EDGE('',*,*,#1992,.F.);
#2655=ORIENTED_EDGE('',*,*,#2032,.F.);
#2656=ORIENTED_EDGE('',*,*,#2033,.F.);
#2657=ORIENTED_EDGE('',*,*,#2030,.F.);
#2658=ORIENTED_EDGE('',*,*,#1995,.F.);
#2659=ORIENTED_EDGE('',*,*,#2034,.T.);
#2660=ORIENTED_EDGE('',*,*,#2035,.T.);
#2661=ORIENTED_EDGE('',*,*,#2032,.T.);
#2662=ORIENTED_EDGE('',*,*,#1998,.F.);
#2663=ORIENTED_EDGE('',*,*,#2036,.F.);
#2664=ORIENTED_EDGE('',*,*,#2037,.F.);
#2665=ORIENTED_EDGE('',*,*,#2034,.F.);
#2666=ORIENTED_EDGE('',*,*,#2001,.F.);
#2667=ORIENTED_EDGE('',*,*,#2038,.T.);
#2668=ORIENTED_EDGE('',*,*,#2039,.T.);
#2669=ORIENTED_EDGE('',*,*,#2036,.T.);
#2670=ORIENTED_EDGE('',*,*,#2004,.F.);
#2671=ORIENTED_EDGE('',*,*,#2040,.F.);
#2672=ORIENTED_EDGE('',*,*,#2041,.F.);
#2673=ORIENTED_EDGE('',*,*,#2038,.F.);
#2674=ORIENTED_EDGE('',*,*,#2007,.F.);
#2675=ORIENTED_EDGE('',*,*,#2042,.T.);
#2676=ORIENTED_EDGE('',*,*,#2043,.T.);
#2677=ORIENTED_EDGE('',*,*,#2040,.T.);
#2678=ORIENTED_EDGE('',*,*,#2009,.F.);
#2679=ORIENTED_EDGE('',*,*,#2044,.F.);
#2680=ORIENTED_EDGE('',*,*,#2045,.F.);
#2681=ORIENTED_EDGE('',*,*,#2042,.F.);
#2682=ORIENTED_EDGE('',*,*,#1906,.F.);
#2683=ORIENTED_EDGE('',*,*,#2046,.F.);
#2684=ORIENTED_EDGE('',*,*,#2047,.T.);
#2685=ORIENTED_EDGE('',*,*,#2044,.T.);
#2686=ORIENTED_EDGE('',*,*,#1904,.F.);
#2687=ORIENTED_EDGE('',*,*,#2010,.F.);
#2688=ORIENTED_EDGE('',*,*,#2008,.F.);
#2689=ORIENTED_EDGE('',*,*,#2005,.F.);
#2690=ORIENTED_EDGE('',*,*,#2002,.F.);
#2691=ORIENTED_EDGE('',*,*,#1999,.F.);
#2692=ORIENTED_EDGE('',*,*,#1996,.F.);
#2693=ORIENTED_EDGE('',*,*,#1993,.F.);
#2694=ORIENTED_EDGE('',*,*,#1990,.F.);
#2695=ORIENTED_EDGE('',*,*,#1987,.F.);
#2696=ORIENTED_EDGE('',*,*,#1984,.F.);
#2697=ORIENTED_EDGE('',*,*,#1981,.F.);
#2698=ORIENTED_EDGE('',*,*,#1978,.F.);
#2699=ORIENTED_EDGE('',*,*,#1975,.F.);
#2700=ORIENTED_EDGE('',*,*,#1972,.F.);
#2701=ORIENTED_EDGE('',*,*,#1969,.F.);
#2702=ORIENTED_EDGE('',*,*,#1966,.F.);
#2703=ORIENTED_EDGE('',*,*,#1963,.F.);
#2704=ORIENTED_EDGE('',*,*,#1960,.F.);
#2705=ORIENTED_EDGE('',*,*,#1957,.F.);
#2706=ORIENTED_EDGE('',*,*,#1954,.F.);
#2707=ORIENTED_EDGE('',*,*,#1951,.F.);
#2708=ORIENTED_EDGE('',*,*,#1948,.F.);
#2709=ORIENTED_EDGE('',*,*,#1945,.F.);
#2710=ORIENTED_EDGE('',*,*,#1942,.F.);
#2711=ORIENTED_EDGE('',*,*,#1939,.F.);
#2712=ORIENTED_EDGE('',*,*,#1936,.F.);
#2713=ORIENTED_EDGE('',*,*,#1933,.F.);
#2714=ORIENTED_EDGE('',*,*,#1930,.F.);
#2715=ORIENTED_EDGE('',*,*,#1927,.F.);
#2716=ORIENTED_EDGE('',*,*,#1924,.F.);
#2717=ORIENTED_EDGE('',*,*,#1921,.F.);
#2718=ORIENTED_EDGE('',*,*,#1918,.F.);
#2719=ORIENTED_EDGE('',*,*,#1915,.F.);
#2720=ORIENTED_EDGE('',*,*,#1912,.F.);
#2721=ORIENTED_EDGE('',*,*,#1909,.F.);
#2722=ORIENTED_EDGE('',*,*,#1908,.F.);
#2723=ORIENTED_EDGE('',*,*,#2048,.T.);
#2724=ORIENTED_EDGE('',*,*,#2049,.T.);
#2725=ORIENTED_EDGE('',*,*,#2046,.T.);
#2726=ORIENTED_EDGE('',*,*,#1911,.F.);
#2727=ORIENTED_EDGE('',*,*,#2050,.F.);
#2728=ORIENTED_EDGE('',*,*,#2051,.T.);
#2729=ORIENTED_EDGE('',*,*,#2048,.F.);
#2730=ORIENTED_EDGE('',*,*,#1917,.F.);
#2731=ORIENTED_EDGE('',*,*,#2052,.T.);
#2732=ORIENTED_EDGE('',*,*,#2053,.F.);
#2733=ORIENTED_EDGE('',*,*,#2054,.T.);
#2734=ORIENTED_EDGE('',*,*,#1920,.F.);
#2735=ORIENTED_EDGE('',*,*,#2055,.F.);
#2736=ORIENTED_EDGE('',*,*,#2056,.F.);
#2737=ORIENTED_EDGE('',*,*,#2052,.F.);
#2738=ORIENTED_EDGE('',*,*,#1914,.F.);
#2739=ORIENTED_EDGE('',*,*,#2054,.F.);
#2740=ORIENTED_EDGE('',*,*,#2057,.T.);
#2741=ORIENTED_EDGE('',*,*,#2050,.T.);
#2742=ORIENTED_EDGE('',*,*,#2056,.T.);
#2743=ORIENTED_EDGE('',*,*,#2058,.F.);
#2744=ORIENTED_EDGE('',*,*,#2059,.F.);
#2745=ORIENTED_EDGE('',*,*,#2060,.F.);
#2746=ORIENTED_EDGE('',*,*,#2061,.T.);
#2747=ORIENTED_EDGE('',*,*,#2062,.F.);
#2748=ORIENTED_EDGE('',*,*,#2063,.T.);
#2749=ORIENTED_EDGE('',*,*,#2064,.F.);
#2750=ORIENTED_EDGE('',*,*,#2065,.T.);
#2751=ORIENTED_EDGE('',*,*,#2066,.F.);
#2752=ORIENTED_EDGE('',*,*,#2067,.T.);
#2753=ORIENTED_EDGE('',*,*,#2068,.F.);
#2754=ORIENTED_EDGE('',*,*,#2069,.T.);
#2755=ORIENTED_EDGE('',*,*,#2070,.F.);
#2756=ORIENTED_EDGE('',*,*,#2012,.T.);
#2757=ORIENTED_EDGE('',*,*,#2015,.F.);
#2758=ORIENTED_EDGE('',*,*,#2017,.T.);
#2759=ORIENTED_EDGE('',*,*,#2019,.F.);
#2760=ORIENTED_EDGE('',*,*,#2021,.T.);
#2761=ORIENTED_EDGE('',*,*,#2023,.F.);
#2762=ORIENTED_EDGE('',*,*,#2025,.T.);
#2763=ORIENTED_EDGE('',*,*,#2027,.F.);
#2764=ORIENTED_EDGE('',*,*,#2029,.T.);
#2765=ORIENTED_EDGE('',*,*,#2031,.F.);
#2766=ORIENTED_EDGE('',*,*,#2033,.T.);
#2767=ORIENTED_EDGE('',*,*,#2035,.F.);
#2768=ORIENTED_EDGE('',*,*,#2037,.T.);
#2769=ORIENTED_EDGE('',*,*,#2039,.F.);
#2770=ORIENTED_EDGE('',*,*,#2041,.T.);
#2771=ORIENTED_EDGE('',*,*,#2043,.F.);
#2772=ORIENTED_EDGE('',*,*,#2045,.T.);
#2773=ORIENTED_EDGE('',*,*,#2047,.F.);
#2774=ORIENTED_EDGE('',*,*,#2049,.F.);
#2775=ORIENTED_EDGE('',*,*,#2051,.F.);
#2776=ORIENTED_EDGE('',*,*,#2057,.F.);
#2777=ORIENTED_EDGE('',*,*,#2053,.T.);
#2778=ORIENTED_EDGE('',*,*,#1923,.F.);
#2779=ORIENTED_EDGE('',*,*,#2071,.T.);
#2780=ORIENTED_EDGE('',*,*,#2058,.T.);
#2781=ORIENTED_EDGE('',*,*,#2055,.T.);
#2782=ORIENTED_EDGE('',*,*,#1926,.F.);
#2783=ORIENTED_EDGE('',*,*,#2072,.F.);
#2784=ORIENTED_EDGE('',*,*,#2059,.T.);
#2785=ORIENTED_EDGE('',*,*,#2071,.F.);
#2786=ORIENTED_EDGE('',*,*,#1929,.F.);
#2787=ORIENTED_EDGE('',*,*,#2073,.T.);
#2788=ORIENTED_EDGE('',*,*,#2060,.T.);
#2789=ORIENTED_EDGE('',*,*,#2072,.T.);
#2790=ORIENTED_EDGE('',*,*,#1953,.F.);
#2791=ORIENTED_EDGE('',*,*,#2074,.T.);
#2792=ORIENTED_EDGE('',*,*,#2068,.T.);
#2793=ORIENTED_EDGE('',*,*,#2075,.T.);
#2794=ORIENTED_EDGE('',*,*,#1950,.F.);
#2795=ORIENTED_EDGE('',*,*,#2075,.F.);
#2796=ORIENTED_EDGE('',*,*,#2067,.F.);
#2797=ORIENTED_EDGE('',*,*,#2076,.F.);
#2798=ORIENTED_EDGE('',*,*,#1947,.F.);
#2799=ORIENTED_EDGE('',*,*,#2076,.T.);
#2800=ORIENTED_EDGE('',*,*,#2066,.T.);
#2801=ORIENTED_EDGE('',*,*,#2077,.T.);
#2802=ORIENTED_EDGE('',*,*,#1944,.F.);
#2803=ORIENTED_EDGE('',*,*,#2077,.F.);
#2804=ORIENTED_EDGE('',*,*,#2065,.F.);
#2805=ORIENTED_EDGE('',*,*,#2078,.F.);
#2806=ORIENTED_EDGE('',*,*,#1935,.F.);
#2807=ORIENTED_EDGE('',*,*,#2079,.T.);
#2808=ORIENTED_EDGE('',*,*,#2062,.T.);
#2809=ORIENTED_EDGE('',*,*,#2080,.T.);
#2810=ORIENTED_EDGE('',*,*,#1932,.F.);
#2811=ORIENTED_EDGE('',*,*,#2080,.F.);
#2812=ORIENTED_EDGE('',*,*,#2061,.F.);
#2813=ORIENTED_EDGE('',*,*,#2073,.F.);
#2814=ORIENTED_EDGE('',*,*,#1959,.F.);
#2815=ORIENTED_EDGE('',*,*,#2013,.T.);
#2816=ORIENTED_EDGE('',*,*,#2070,.T.);
#2817=ORIENTED_EDGE('',*,*,#2081,.T.);
#2818=ORIENTED_EDGE('',*,*,#1941,.F.);
#2819=ORIENTED_EDGE('',*,*,#2078,.T.);
#2820=ORIENTED_EDGE('',*,*,#2064,.T.);
#2821=ORIENTED_EDGE('',*,*,#2082,.T.);
#2822=ORIENTED_EDGE('',*,*,#1956,.F.);
#2823=ORIENTED_EDGE('',*,*,#2081,.F.);
#2824=ORIENTED_EDGE('',*,*,#2069,.F.);
#2825=ORIENTED_EDGE('',*,*,#2074,.F.);
#2826=ORIENTED_EDGE('',*,*,#1938,.F.);
#2827=ORIENTED_EDGE('',*,*,#2082,.F.);
#2828=ORIENTED_EDGE('',*,*,#2063,.F.);
#2829=ORIENTED_EDGE('',*,*,#2079,.F.);
#2830=ORIENTED_EDGE('',*,*,#2083,.F.);
#2831=ORIENTED_EDGE('',*,*,#2084,.F.);
#2832=ORIENTED_EDGE('',*,*,#2085,.F.);
#2833=ORIENTED_EDGE('',*,*,#2086,.F.);
#2834=ORIENTED_EDGE('',*,*,#2087,.F.);
#2835=ORIENTED_EDGE('',*,*,#2088,.F.);
#2836=ORIENTED_EDGE('',*,*,#2089,.F.);
#2837=ORIENTED_EDGE('',*,*,#2090,.F.);
#2838=ORIENTED_EDGE('',*,*,#2091,.F.);
#2839=ORIENTED_EDGE('',*,*,#2092,.F.);
#2840=ORIENTED_EDGE('',*,*,#2093,.F.);
#2841=ORIENTED_EDGE('',*,*,#2094,.F.);
#2842=ORIENTED_EDGE('',*,*,#2095,.F.);
#2843=ORIENTED_EDGE('',*,*,#2096,.F.);
#2844=ORIENTED_EDGE('',*,*,#2097,.F.);
#2845=ORIENTED_EDGE('',*,*,#2098,.F.);
#2846=ORIENTED_EDGE('',*,*,#2099,.F.);
#2847=ORIENTED_EDGE('',*,*,#2100,.F.);
#2848=ORIENTED_EDGE('',*,*,#2087,.T.);
#2849=ORIENTED_EDGE('',*,*,#2101,.T.);
#2850=ORIENTED_EDGE('',*,*,#2099,.T.);
#2851=ORIENTED_EDGE('',*,*,#2102,.T.);
#2852=ORIENTED_EDGE('',*,*,#2103,.T.);
#2853=ORIENTED_EDGE('',*,*,#2104,.T.);
#2854=ORIENTED_EDGE('',*,*,#2100,.T.);
#2855=ORIENTED_EDGE('',*,*,#2105,.T.);
#2856=ORIENTED_EDGE('',*,*,#2106,.T.);
#2857=ORIENTED_EDGE('',*,*,#2107,.T.);
#2858=ORIENTED_EDGE('',*,*,#2103,.F.);
#2859=ORIENTED_EDGE('',*,*,#2108,.T.);
#2860=ORIENTED_EDGE('',*,*,#2109,.T.);
#2861=ORIENTED_EDGE('',*,*,#2110,.T.);
#2862=ORIENTED_EDGE('',*,*,#2106,.F.);
#2863=ORIENTED_EDGE('',*,*,#2111,.T.);
#2864=ORIENTED_EDGE('',*,*,#2112,.T.);
#2865=ORIENTED_EDGE('',*,*,#2113,.T.);
#2866=ORIENTED_EDGE('',*,*,#2109,.F.);
#2867=ORIENTED_EDGE('',*,*,#2114,.T.);
#2868=ORIENTED_EDGE('',*,*,#2112,.F.);
#2869=ORIENTED_EDGE('',*,*,#2115,.T.);
#2870=ORIENTED_EDGE('',*,*,#2091,.T.);
#2871=ORIENTED_EDGE('',*,*,#2116,.T.);
#2872=ORIENTED_EDGE('',*,*,#2117,.F.);
#2873=ORIENTED_EDGE('',*,*,#2118,.F.);
#2874=ORIENTED_EDGE('',*,*,#2119,.F.);
#2875=ORIENTED_EDGE('',*,*,#2118,.T.);
#2876=ORIENTED_EDGE('',*,*,#2120,.T.);
#2877=ORIENTED_EDGE('',*,*,#2090,.T.);
#2878=ORIENTED_EDGE('',*,*,#2121,.T.);
#2879=ORIENTED_EDGE('',*,*,#2093,.T.);
#2880=ORIENTED_EDGE('',*,*,#2122,.T.);
#2881=ORIENTED_EDGE('',*,*,#2119,.T.);
#2882=ORIENTED_EDGE('',*,*,#2123,.T.);
#2883=ORIENTED_EDGE('',*,*,#2124,.F.);
#2884=ORIENTED_EDGE('',*,*,#2125,.F.);
#2885=ORIENTED_EDGE('',*,*,#2126,.F.);
#2886=ORIENTED_EDGE('',*,*,#2098,.T.);
#2887=ORIENTED_EDGE('',*,*,#2127,.T.);
#2888=ORIENTED_EDGE('',*,*,#2125,.T.);
#2889=ORIENTED_EDGE('',*,*,#2128,.T.);
#2890=ORIENTED_EDGE('',*,*,#2129,.T.);
#2891=ORIENTED_EDGE('',*,*,#2130,.T.);
#2892=ORIENTED_EDGE('',*,*,#2126,.T.);
#2893=ORIENTED_EDGE('',*,*,#2131,.T.);
#2894=ORIENTED_EDGE('',*,*,#2132,.T.);
#2895=ORIENTED_EDGE('',*,*,#2133,.T.);
#2896=ORIENTED_EDGE('',*,*,#2129,.F.);
#2897=ORIENTED_EDGE('',*,*,#2134,.T.);
#2898=ORIENTED_EDGE('',*,*,#2135,.T.);
#2899=ORIENTED_EDGE('',*,*,#2136,.T.);
#2900=ORIENTED_EDGE('',*,*,#2132,.F.);
#2901=ORIENTED_EDGE('',*,*,#2137,.T.);
#2902=ORIENTED_EDGE('',*,*,#2138,.T.);
#2903=ORIENTED_EDGE('',*,*,#2139,.T.);
#2904=ORIENTED_EDGE('',*,*,#2135,.F.);
#2905=ORIENTED_EDGE('',*,*,#2140,.T.);
#2906=ORIENTED_EDGE('',*,*,#2138,.F.);
#2907=ORIENTED_EDGE('',*,*,#2141,.T.);
#2908=ORIENTED_EDGE('',*,*,#2117,.T.);
#2909=ORIENTED_EDGE('',*,*,#2142,.T.);
#2910=ORIENTED_EDGE('',*,*,#2124,.T.);
#2911=ORIENTED_EDGE('',*,*,#2143,.T.);
#2912=ORIENTED_EDGE('',*,*,#2096,.T.);
#2913=ORIENTED_EDGE('',*,*,#2144,.T.);
#2914=ORIENTED_EDGE('',*,*,#2145,.T.);
#2915=ORIENTED_EDGE('',*,*,#2146,.T.);
#2916=ORIENTED_EDGE('',*,*,#2097,.T.);
#2917=ORIENTED_EDGE('',*,*,#2147,.T.);
#2918=ORIENTED_EDGE('',*,*,#2148,.T.);
#2919=ORIENTED_EDGE('',*,*,#2149,.T.);
#2920=ORIENTED_EDGE('',*,*,#2145,.F.);
#2921=ORIENTED_EDGE('',*,*,#2150,.T.);
#2922=ORIENTED_EDGE('',*,*,#2151,.T.);
#2923=ORIENTED_EDGE('',*,*,#2152,.T.);
#2924=ORIENTED_EDGE('',*,*,#2148,.F.);
#2925=ORIENTED_EDGE('',*,*,#2153,.T.);
#2926=ORIENTED_EDGE('',*,*,#2154,.T.);
#2927=ORIENTED_EDGE('',*,*,#2155,.T.);
#2928=ORIENTED_EDGE('',*,*,#2151,.F.);
#2929=ORIENTED_EDGE('',*,*,#2156,.T.);
#2930=ORIENTED_EDGE('',*,*,#2154,.F.);
#2931=ORIENTED_EDGE('',*,*,#2157,.T.);
#2932=ORIENTED_EDGE('',*,*,#2092,.T.);
#2933=ORIENTED_EDGE('',*,*,#2158,.T.);
#2934=ORIENTED_EDGE('',*,*,#2095,.T.);
#2935=ORIENTED_EDGE('',*,*,#2159,.T.);
#2936=ORIENTED_EDGE('',*,*,#2088,.T.);
#2937=ORIENTED_EDGE('',*,*,#2160,.T.);
#2938=ORIENTED_EDGE('',*,*,#2084,.T.);
#2939=ORIENTED_EDGE('',*,*,#2161,.T.);
#2940=ORIENTED_EDGE('',*,*,#2094,.T.);
#2941=ORIENTED_EDGE('',*,*,#2162,.T.);
#2942=ORIENTED_EDGE('',*,*,#2089,.T.);
#2943=ORIENTED_EDGE('',*,*,#2163,.T.);
#2944=ORIENTED_EDGE('',*,*,#2085,.T.);
#2945=ORIENTED_EDGE('',*,*,#2164,.T.);
#2946=ORIENTED_EDGE('',*,*,#2165,.T.);
#2947=ORIENTED_EDGE('',*,*,#2166,.T.);
#2948=ORIENTED_EDGE('',*,*,#2086,.T.);
#2949=ORIENTED_EDGE('',*,*,#2167,.T.);
#2950=ORIENTED_EDGE('',*,*,#2168,.T.);
#2951=ORIENTED_EDGE('',*,*,#2169,.T.);
#2952=ORIENTED_EDGE('',*,*,#2165,.F.);
#2953=ORIENTED_EDGE('',*,*,#2170,.T.);
#2954=ORIENTED_EDGE('',*,*,#2171,.T.);
#2955=ORIENTED_EDGE('',*,*,#2172,.T.);
#2956=ORIENTED_EDGE('',*,*,#2168,.F.);
#2957=ORIENTED_EDGE('',*,*,#2173,.T.);
#2958=ORIENTED_EDGE('',*,*,#2174,.T.);
#2959=ORIENTED_EDGE('',*,*,#2175,.T.);
#2960=ORIENTED_EDGE('',*,*,#2171,.F.);
#2961=ORIENTED_EDGE('',*,*,#2176,.T.);
#2962=ORIENTED_EDGE('',*,*,#2174,.F.);
#2963=ORIENTED_EDGE('',*,*,#2177,.T.);
#2964=ORIENTED_EDGE('',*,*,#2083,.T.);
#2965=ORIENTED_EDGE('',*,*,#2178,.T.);
#2966=ORIENTED_EDGE('',*,*,#2140,.F.);
#2967=ORIENTED_EDGE('',*,*,#2179,.F.);
#2968=ORIENTED_EDGE('',*,*,#2180,.F.);
#2969=ORIENTED_EDGE('',*,*,#2181,.F.);
#2970=ORIENTED_EDGE('',*,*,#2182,.T.);
#2971=ORIENTED_EDGE('',*,*,#2137,.F.);
#2972=ORIENTED_EDGE('',*,*,#2183,.T.);
#2973=ORIENTED_EDGE('',*,*,#2184,.T.);
#2974=ORIENTED_EDGE('',*,*,#2179,.T.);
#2975=ORIENTED_EDGE('',*,*,#2134,.F.);
#2976=ORIENTED_EDGE('',*,*,#2185,.T.);
#2977=ORIENTED_EDGE('',*,*,#2186,.F.);
#2978=ORIENTED_EDGE('',*,*,#2187,.F.);
#2979=ORIENTED_EDGE('',*,*,#2183,.F.);
#2980=ORIENTED_EDGE('',*,*,#2131,.F.);
#2981=ORIENTED_EDGE('',*,*,#2127,.F.);
#2982=ORIENTED_EDGE('',*,*,#2104,.F.);
#2983=ORIENTED_EDGE('',*,*,#2188,.F.);
#2984=ORIENTED_EDGE('',*,*,#2189,.F.);
#2985=ORIENTED_EDGE('',*,*,#2185,.F.);
#2986=ORIENTED_EDGE('',*,*,#2176,.F.);
#2987=ORIENTED_EDGE('',*,*,#2190,.F.);
#2988=ORIENTED_EDGE('',*,*,#2191,.F.);
#2989=ORIENTED_EDGE('',*,*,#2192,.F.);
#2990=ORIENTED_EDGE('',*,*,#2193,.T.);
#2991=ORIENTED_EDGE('',*,*,#2173,.F.);
#2992=ORIENTED_EDGE('',*,*,#2194,.T.);
#2993=ORIENTED_EDGE('',*,*,#2195,.T.);
#2994=ORIENTED_EDGE('',*,*,#2190,.T.);
#2995=ORIENTED_EDGE('',*,*,#2170,.F.);
#2996=ORIENTED_EDGE('',*,*,#2196,.T.);
#2997=ORIENTED_EDGE('',*,*,#2197,.F.);
#2998=ORIENTED_EDGE('',*,*,#2198,.F.);
#2999=ORIENTED_EDGE('',*,*,#2194,.F.);
#3000=ORIENTED_EDGE('',*,*,#2167,.F.);
#3001=ORIENTED_EDGE('',*,*,#2159,.F.);
#3002=ORIENTED_EDGE('',*,*,#2146,.F.);
#3003=ORIENTED_EDGE('',*,*,#2199,.F.);
#3004=ORIENTED_EDGE('',*,*,#2200,.F.);
#3005=ORIENTED_EDGE('',*,*,#2196,.F.);
#3006=ORIENTED_EDGE('',*,*,#2101,.F.);
#3007=ORIENTED_EDGE('',*,*,#2166,.F.);
#3008=ORIENTED_EDGE('',*,*,#2169,.F.);
#3009=ORIENTED_EDGE('',*,*,#2172,.F.);
#3010=ORIENTED_EDGE('',*,*,#2175,.F.);
#3011=ORIENTED_EDGE('',*,*,#2178,.F.);
#3012=ORIENTED_EDGE('',*,*,#2163,.F.);
#3013=ORIENTED_EDGE('',*,*,#2115,.F.);
#3014=ORIENTED_EDGE('',*,*,#2114,.F.);
#3015=ORIENTED_EDGE('',*,*,#2111,.F.);
#3016=ORIENTED_EDGE('',*,*,#2108,.F.);
#3017=ORIENTED_EDGE('',*,*,#2105,.F.);
#3018=ORIENTED_EDGE('',*,*,#2102,.F.);
#3019=ORIENTED_EDGE('',*,*,#2128,.F.);
#3020=ORIENTED_EDGE('',*,*,#2144,.F.);
#3021=ORIENTED_EDGE('',*,*,#2160,.F.);
#3022=ORIENTED_EDGE('',*,*,#2121,.F.);
#3023=ORIENTED_EDGE('',*,*,#2164,.F.);
#3024=ORIENTED_EDGE('',*,*,#2162,.F.);
#3025=ORIENTED_EDGE('',*,*,#2123,.F.);
#3026=ORIENTED_EDGE('',*,*,#2130,.F.);
#3027=ORIENTED_EDGE('',*,*,#2133,.F.);
#3028=ORIENTED_EDGE('',*,*,#2136,.F.);
#3029=ORIENTED_EDGE('',*,*,#2139,.F.);
#3030=ORIENTED_EDGE('',*,*,#2142,.F.);
#3031=ORIENTED_EDGE('',*,*,#2122,.F.);
#3032=ORIENTED_EDGE('',*,*,#2157,.F.);
#3033=ORIENTED_EDGE('',*,*,#2156,.F.);
#3034=ORIENTED_EDGE('',*,*,#2153,.F.);
#3035=ORIENTED_EDGE('',*,*,#2150,.F.);
#3036=ORIENTED_EDGE('',*,*,#2147,.F.);
#3037=ORIENTED_EDGE('',*,*,#2143,.F.);
#3038=ORIENTED_EDGE('',*,*,#2201,.F.);
#3039=ORIENTED_EDGE('',*,*,#2202,.F.);
#3040=ORIENTED_EDGE('',*,*,#2203,.F.);
#3041=ORIENTED_EDGE('',*,*,#2155,.F.);
#3042=ORIENTED_EDGE('',*,*,#2204,.T.);
#3043=ORIENTED_EDGE('',*,*,#2205,.F.);
#3044=ORIENTED_EDGE('',*,*,#2206,.F.);
#3045=ORIENTED_EDGE('',*,*,#2207,.F.);
#3046=ORIENTED_EDGE('',*,*,#2208,.F.);
#3047=ORIENTED_EDGE('',*,*,#2209,.F.);
#3048=ORIENTED_EDGE('',*,*,#2210,.F.);
#3049=ORIENTED_EDGE('',*,*,#2203,.T.);
#3050=ORIENTED_EDGE('',*,*,#2211,.T.);
#3051=ORIENTED_EDGE('',*,*,#2209,.T.);
#3052=ORIENTED_EDGE('',*,*,#2212,.T.);
#3053=ORIENTED_EDGE('',*,*,#2213,.F.);
#3054=ORIENTED_EDGE('',*,*,#2214,.F.);
#3055=ORIENTED_EDGE('',*,*,#2215,.F.);
#3056=ORIENTED_EDGE('',*,*,#2149,.F.);
#3057=ORIENTED_EDGE('',*,*,#2216,.F.);
#3058=ORIENTED_EDGE('',*,*,#2217,.F.);
#3059=ORIENTED_EDGE('',*,*,#2218,.F.);
#3060=ORIENTED_EDGE('',*,*,#2199,.T.);
#3061=ORIENTED_EDGE('',*,*,#2152,.F.);
#3062=ORIENTED_EDGE('',*,*,#2207,.T.);
#3063=ORIENTED_EDGE('',*,*,#2219,.T.);
#3064=ORIENTED_EDGE('',*,*,#2216,.T.);
#3065=ORIENTED_EDGE('',*,*,#2217,.T.);
#3066=ORIENTED_EDGE('',*,*,#2220,.T.);
#3067=ORIENTED_EDGE('',*,*,#2214,.T.);
#3068=ORIENTED_EDGE('',*,*,#2221,.T.);
#3069=ORIENTED_EDGE('',*,*,#2222,.F.);
#3070=ORIENTED_EDGE('',*,*,#2223,.F.);
#3071=ORIENTED_EDGE('',*,*,#2224,.F.);
#3072=ORIENTED_EDGE('',*,*,#2197,.T.);
#3073=ORIENTED_EDGE('',*,*,#2200,.T.);
#3074=ORIENTED_EDGE('',*,*,#2218,.T.);
#3075=ORIENTED_EDGE('',*,*,#2225,.T.);
#3076=ORIENTED_EDGE('',*,*,#2223,.T.);
#3077=ORIENTED_EDGE('',*,*,#2226,.T.);
#3078=ORIENTED_EDGE('',*,*,#2198,.T.);
#3079=ORIENTED_EDGE('',*,*,#2227,.T.);
#3080=ORIENTED_EDGE('',*,*,#2213,.T.);
#3081=ORIENTED_EDGE('',*,*,#2228,.T.);
#3082=ORIENTED_EDGE('',*,*,#2224,.T.);
#3083=ORIENTED_EDGE('',*,*,#2229,.T.);
#3084=ORIENTED_EDGE('',*,*,#2208,.T.);
#3085=ORIENTED_EDGE('',*,*,#2230,.T.);
#3086=ORIENTED_EDGE('',*,*,#2222,.T.);
#3087=ORIENTED_EDGE('',*,*,#2231,.T.);
#3088=ORIENTED_EDGE('',*,*,#2210,.T.);
#3089=ORIENTED_EDGE('',*,*,#2232,.T.);
#3090=ORIENTED_EDGE('',*,*,#2191,.T.);
#3091=ORIENTED_EDGE('',*,*,#2233,.T.);
#3092=ORIENTED_EDGE('',*,*,#2205,.T.);
#3093=ORIENTED_EDGE('',*,*,#2234,.T.);
#3094=ORIENTED_EDGE('',*,*,#2192,.T.);
#3095=ORIENTED_EDGE('',*,*,#2235,.T.);
#3096=ORIENTED_EDGE('',*,*,#2201,.T.);
#3097=ORIENTED_EDGE('',*,*,#2236,.T.);
#3098=ORIENTED_EDGE('',*,*,#2215,.T.);
#3099=ORIENTED_EDGE('',*,*,#2237,.T.);
#3100=ORIENTED_EDGE('',*,*,#2206,.T.);
#3101=ORIENTED_EDGE('',*,*,#2238,.T.);
#3102=ORIENTED_EDGE('',*,*,#2202,.T.);
#3103=ORIENTED_EDGE('',*,*,#2239,.T.);
#3104=ORIENTED_EDGE('',*,*,#2211,.F.);
#3105=ORIENTED_EDGE('',*,*,#2238,.F.);
#3106=ORIENTED_EDGE('',*,*,#2235,.F.);
#3107=ORIENTED_EDGE('',*,*,#2232,.F.);
#3108=ORIENTED_EDGE('',*,*,#2219,.F.);
#3109=ORIENTED_EDGE('',*,*,#2239,.F.);
#3110=ORIENTED_EDGE('',*,*,#2237,.F.);
#3111=ORIENTED_EDGE('',*,*,#2220,.F.);
#3112=ORIENTED_EDGE('',*,*,#2221,.F.);
#3113=ORIENTED_EDGE('',*,*,#2229,.F.);
#3114=ORIENTED_EDGE('',*,*,#2227,.F.);
#3115=ORIENTED_EDGE('',*,*,#2225,.F.);
#3116=ORIENTED_EDGE('',*,*,#2177,.F.);
#3117=ORIENTED_EDGE('',*,*,#2193,.F.);
#3118=ORIENTED_EDGE('',*,*,#2234,.F.);
#3119=ORIENTED_EDGE('',*,*,#2204,.F.);
#3120=ORIENTED_EDGE('',*,*,#2158,.F.);
#3121=ORIENTED_EDGE('',*,*,#2161,.F.);
#3122=ORIENTED_EDGE('',*,*,#2195,.F.);
#3123=ORIENTED_EDGE('',*,*,#2226,.F.);
#3124=ORIENTED_EDGE('',*,*,#2230,.F.);
#3125=ORIENTED_EDGE('',*,*,#2233,.F.);
#3126=ORIENTED_EDGE('',*,*,#2228,.F.);
#3127=ORIENTED_EDGE('',*,*,#2236,.F.);
#3128=ORIENTED_EDGE('',*,*,#2212,.F.);
#3129=ORIENTED_EDGE('',*,*,#2231,.F.);
#3130=ORIENTED_EDGE('',*,*,#2240,.F.);
#3131=ORIENTED_EDGE('',*,*,#2241,.F.);
#3132=ORIENTED_EDGE('',*,*,#2242,.F.);
#3133=ORIENTED_EDGE('',*,*,#2107,.F.);
#3134=ORIENTED_EDGE('',*,*,#2243,.F.);
#3135=ORIENTED_EDGE('',*,*,#2244,.F.);
#3136=ORIENTED_EDGE('',*,*,#2245,.F.);
#3137=ORIENTED_EDGE('',*,*,#2188,.T.);
#3138=ORIENTED_EDGE('',*,*,#2246,.F.);
#3139=ORIENTED_EDGE('',*,*,#2247,.F.);
#3140=ORIENTED_EDGE('',*,*,#2248,.F.);
#3141=ORIENTED_EDGE('',*,*,#2249,.F.);
#3142=ORIENTED_EDGE('',*,*,#2250,.F.);
#3143=ORIENTED_EDGE('',*,*,#2251,.F.);
#3144=ORIENTED_EDGE('',*,*,#2241,.T.);
#3145=ORIENTED_EDGE('',*,*,#2252,.T.);
#3146=ORIENTED_EDGE('',*,*,#2250,.T.);
#3147=ORIENTED_EDGE('',*,*,#2253,.T.);
#3148=ORIENTED_EDGE('',*,*,#2113,.F.);
#3149=ORIENTED_EDGE('',*,*,#2254,.T.);
#3150=ORIENTED_EDGE('',*,*,#2255,.F.);
#3151=ORIENTED_EDGE('',*,*,#2256,.F.);
#3152=ORIENTED_EDGE('',*,*,#2257,.F.);
#3153=ORIENTED_EDGE('',*,*,#2110,.F.);
#3154=ORIENTED_EDGE('',*,*,#2257,.T.);
#3155=ORIENTED_EDGE('',*,*,#2258,.T.);
#3156=ORIENTED_EDGE('',*,*,#2243,.T.);
#3157=ORIENTED_EDGE('',*,*,#2259,.F.);
#3158=ORIENTED_EDGE('',*,*,#2260,.F.);
#3159=ORIENTED_EDGE('',*,*,#2261,.F.);
#3160=ORIENTED_EDGE('',*,*,#2260,.T.);
#3161=ORIENTED_EDGE('',*,*,#2262,.T.);
#3162=ORIENTED_EDGE('',*,*,#2180,.T.);
#3163=ORIENTED_EDGE('',*,*,#2263,.T.);
#3164=ORIENTED_EDGE('',*,*,#2255,.T.);
#3165=ORIENTED_EDGE('',*,*,#2264,.T.);
#3166=ORIENTED_EDGE('',*,*,#2181,.T.);
#3167=ORIENTED_EDGE('',*,*,#2265,.T.);
#3168=ORIENTED_EDGE('',*,*,#2261,.T.);
#3169=ORIENTED_EDGE('',*,*,#2266,.T.);
#3170=ORIENTED_EDGE('',*,*,#2251,.T.);
#3171=ORIENTED_EDGE('',*,*,#2267,.T.);
#3172=ORIENTED_EDGE('',*,*,#2248,.T.);
#3173=ORIENTED_EDGE('',*,*,#2268,.T.);
#3174=ORIENTED_EDGE('',*,*,#2259,.T.);
#3175=ORIENTED_EDGE('',*,*,#2269,.T.);
#3176=ORIENTED_EDGE('',*,*,#2186,.T.);
#3177=ORIENTED_EDGE('',*,*,#2189,.T.);
#3178=ORIENTED_EDGE('',*,*,#2245,.T.);
#3179=ORIENTED_EDGE('',*,*,#2270,.T.);
#3180=ORIENTED_EDGE('',*,*,#2249,.T.);
#3181=ORIENTED_EDGE('',*,*,#2271,.T.);
#3182=ORIENTED_EDGE('',*,*,#2187,.T.);
#3183=ORIENTED_EDGE('',*,*,#2272,.T.);
#3184=ORIENTED_EDGE('',*,*,#2256,.T.);
#3185=ORIENTED_EDGE('',*,*,#2273,.T.);
#3186=ORIENTED_EDGE('',*,*,#2247,.T.);
#3187=ORIENTED_EDGE('',*,*,#2274,.T.);
#3188=ORIENTED_EDGE('',*,*,#2246,.T.);
#3189=ORIENTED_EDGE('',*,*,#2275,.T.);
#3190=ORIENTED_EDGE('',*,*,#2240,.T.);
#3191=ORIENTED_EDGE('',*,*,#2276,.T.);
#3192=ORIENTED_EDGE('',*,*,#2244,.T.);
#3193=ORIENTED_EDGE('',*,*,#2277,.T.);
#3194=ORIENTED_EDGE('',*,*,#2242,.T.);
#3195=ORIENTED_EDGE('',*,*,#2278,.T.);
#3196=ORIENTED_EDGE('',*,*,#2252,.F.);
#3197=ORIENTED_EDGE('',*,*,#2275,.F.);
#3198=ORIENTED_EDGE('',*,*,#2269,.F.);
#3199=ORIENTED_EDGE('',*,*,#2267,.F.);
#3200=ORIENTED_EDGE('',*,*,#2258,.F.);
#3201=ORIENTED_EDGE('',*,*,#2274,.F.);
#3202=ORIENTED_EDGE('',*,*,#2276,.F.);
#3203=ORIENTED_EDGE('',*,*,#2277,.F.);
#3204=ORIENTED_EDGE('',*,*,#2141,.F.);
#3205=ORIENTED_EDGE('',*,*,#2182,.F.);
#3206=ORIENTED_EDGE('',*,*,#2264,.F.);
#3207=ORIENTED_EDGE('',*,*,#2254,.F.);
#3208=ORIENTED_EDGE('',*,*,#2116,.F.);
#3209=ORIENTED_EDGE('',*,*,#2120,.F.);
#3210=ORIENTED_EDGE('',*,*,#2184,.F.);
#3211=ORIENTED_EDGE('',*,*,#2271,.F.);
#3212=ORIENTED_EDGE('',*,*,#2266,.F.);
#3213=ORIENTED_EDGE('',*,*,#2263,.F.);
#3214=ORIENTED_EDGE('',*,*,#2262,.F.);
#3215=ORIENTED_EDGE('',*,*,#2268,.F.);
#3216=ORIENTED_EDGE('',*,*,#2273,.F.);
#3217=ORIENTED_EDGE('',*,*,#2265,.F.);
#3218=ORIENTED_EDGE('',*,*,#2270,.F.);
#3219=ORIENTED_EDGE('',*,*,#2278,.F.);
#3220=ORIENTED_EDGE('',*,*,#2253,.F.);
#3221=ORIENTED_EDGE('',*,*,#2272,.F.);
#3222=ORIENTED_EDGE('',*,*,#2279,.T.);
#3223=ORIENTED_EDGE('',*,*,#2280,.T.);
#3224=ORIENTED_EDGE('',*,*,#2281,.T.);
#3225=ORIENTED_EDGE('',*,*,#2282,.T.);
#3226=ORIENTED_EDGE('',*,*,#2283,.T.);
#3227=ORIENTED_EDGE('',*,*,#2284,.T.);
#3228=ORIENTED_EDGE('',*,*,#2281,.F.);
#3229=ORIENTED_EDGE('',*,*,#2285,.T.);
#3230=ORIENTED_EDGE('',*,*,#2286,.T.);
#3231=ORIENTED_EDGE('',*,*,#2287,.T.);
#3232=ORIENTED_EDGE('',*,*,#2283,.F.);
#3233=ORIENTED_EDGE('',*,*,#2288,.T.);
#3234=ORIENTED_EDGE('',*,*,#2289,.T.);
#3235=ORIENTED_EDGE('',*,*,#2290,.T.);
#3236=ORIENTED_EDGE('',*,*,#2286,.F.);
#3237=ORIENTED_EDGE('',*,*,#2291,.T.);
#3238=ORIENTED_EDGE('',*,*,#2292,.T.);
#3239=ORIENTED_EDGE('',*,*,#2293,.T.);
#3240=ORIENTED_EDGE('',*,*,#2289,.F.);
#3241=ORIENTED_EDGE('',*,*,#2294,.T.);
#3242=ORIENTED_EDGE('',*,*,#2295,.T.);
#3243=ORIENTED_EDGE('',*,*,#2296,.T.);
#3244=ORIENTED_EDGE('',*,*,#2292,.F.);
#3245=ORIENTED_EDGE('',*,*,#2297,.T.);
#3246=ORIENTED_EDGE('',*,*,#2298,.T.);
#3247=ORIENTED_EDGE('',*,*,#2299,.T.);
#3248=ORIENTED_EDGE('',*,*,#2295,.F.);
#3249=ORIENTED_EDGE('',*,*,#2300,.T.);
#3250=ORIENTED_EDGE('',*,*,#2301,.T.);
#3251=ORIENTED_EDGE('',*,*,#2302,.T.);
#3252=ORIENTED_EDGE('',*,*,#2298,.F.);
#3253=ORIENTED_EDGE('',*,*,#2303,.T.);
#3254=ORIENTED_EDGE('',*,*,#2304,.T.);
#3255=ORIENTED_EDGE('',*,*,#2305,.T.);
#3256=ORIENTED_EDGE('',*,*,#2301,.F.);
#3257=ORIENTED_EDGE('',*,*,#2306,.T.);
#3258=ORIENTED_EDGE('',*,*,#2307,.T.);
#3259=ORIENTED_EDGE('',*,*,#2308,.T.);
#3260=ORIENTED_EDGE('',*,*,#2304,.F.);
#3261=ORIENTED_EDGE('',*,*,#2309,.T.);
#3262=ORIENTED_EDGE('',*,*,#2310,.T.);
#3263=ORIENTED_EDGE('',*,*,#2311,.T.);
#3264=ORIENTED_EDGE('',*,*,#2307,.F.);
#3265=ORIENTED_EDGE('',*,*,#2312,.T.);
#3266=ORIENTED_EDGE('',*,*,#2313,.T.);
#3267=ORIENTED_EDGE('',*,*,#2314,.T.);
#3268=ORIENTED_EDGE('',*,*,#2310,.F.);
#3269=ORIENTED_EDGE('',*,*,#2315,.T.);
#3270=ORIENTED_EDGE('',*,*,#2316,.T.);
#3271=ORIENTED_EDGE('',*,*,#2317,.T.);
#3272=ORIENTED_EDGE('',*,*,#2313,.F.);
#3273=ORIENTED_EDGE('',*,*,#2318,.T.);
#3274=ORIENTED_EDGE('',*,*,#2319,.T.);
#3275=ORIENTED_EDGE('',*,*,#2320,.T.);
#3276=ORIENTED_EDGE('',*,*,#2316,.F.);
#3277=ORIENTED_EDGE('',*,*,#2321,.T.);
#3278=ORIENTED_EDGE('',*,*,#2322,.T.);
#3279=ORIENTED_EDGE('',*,*,#2323,.T.);
#3280=ORIENTED_EDGE('',*,*,#2319,.F.);
#3281=ORIENTED_EDGE('',*,*,#2324,.T.);
#3282=ORIENTED_EDGE('',*,*,#2325,.T.);
#3283=ORIENTED_EDGE('',*,*,#2326,.T.);
#3284=ORIENTED_EDGE('',*,*,#2322,.F.);
#3285=ORIENTED_EDGE('',*,*,#2327,.T.);
#3286=ORIENTED_EDGE('',*,*,#2328,.T.);
#3287=ORIENTED_EDGE('',*,*,#2329,.T.);
#3288=ORIENTED_EDGE('',*,*,#2325,.F.);
#3289=ORIENTED_EDGE('',*,*,#2330,.T.);
#3290=ORIENTED_EDGE('',*,*,#2331,.T.);
#3291=ORIENTED_EDGE('',*,*,#2332,.T.);
#3292=ORIENTED_EDGE('',*,*,#2328,.F.);
#3293=ORIENTED_EDGE('',*,*,#2333,.T.);
#3294=ORIENTED_EDGE('',*,*,#2334,.T.);
#3295=ORIENTED_EDGE('',*,*,#2335,.T.);
#3296=ORIENTED_EDGE('',*,*,#2331,.F.);
#3297=ORIENTED_EDGE('',*,*,#2336,.T.);
#3298=ORIENTED_EDGE('',*,*,#2337,.T.);
#3299=ORIENTED_EDGE('',*,*,#2338,.T.);
#3300=ORIENTED_EDGE('',*,*,#2334,.F.);
#3301=ORIENTED_EDGE('',*,*,#2339,.T.);
#3302=ORIENTED_EDGE('',*,*,#2340,.T.);
#3303=ORIENTED_EDGE('',*,*,#2341,.T.);
#3304=ORIENTED_EDGE('',*,*,#2337,.F.);
#3305=ORIENTED_EDGE('',*,*,#2342,.T.);
#3306=ORIENTED_EDGE('',*,*,#2343,.T.);
#3307=ORIENTED_EDGE('',*,*,#2344,.T.);
#3308=ORIENTED_EDGE('',*,*,#2340,.F.);
#3309=ORIENTED_EDGE('',*,*,#2345,.T.);
#3310=ORIENTED_EDGE('',*,*,#2346,.T.);
#3311=ORIENTED_EDGE('',*,*,#2347,.T.);
#3312=ORIENTED_EDGE('',*,*,#2343,.F.);
#3313=ORIENTED_EDGE('',*,*,#2348,.T.);
#3314=ORIENTED_EDGE('',*,*,#2349,.T.);
#3315=ORIENTED_EDGE('',*,*,#2350,.T.);
#3316=ORIENTED_EDGE('',*,*,#2346,.F.);
#3317=ORIENTED_EDGE('',*,*,#2351,.T.);
#3318=ORIENTED_EDGE('',*,*,#2352,.T.);
#3319=ORIENTED_EDGE('',*,*,#2353,.T.);
#3320=ORIENTED_EDGE('',*,*,#2349,.F.);
#3321=ORIENTED_EDGE('',*,*,#2354,.T.);
#3322=ORIENTED_EDGE('',*,*,#2355,.T.);
#3323=ORIENTED_EDGE('',*,*,#2356,.T.);
#3324=ORIENTED_EDGE('',*,*,#2352,.F.);
#3325=ORIENTED_EDGE('',*,*,#2357,.T.);
#3326=ORIENTED_EDGE('',*,*,#2358,.T.);
#3327=ORIENTED_EDGE('',*,*,#2359,.T.);
#3328=ORIENTED_EDGE('',*,*,#2355,.F.);
#3329=ORIENTED_EDGE('',*,*,#2360,.T.);
#3330=ORIENTED_EDGE('',*,*,#2361,.T.);
#3331=ORIENTED_EDGE('',*,*,#2362,.T.);
#3332=ORIENTED_EDGE('',*,*,#2358,.F.);
#3333=ORIENTED_EDGE('',*,*,#2363,.T.);
#3334=ORIENTED_EDGE('',*,*,#2364,.T.);
#3335=ORIENTED_EDGE('',*,*,#2365,.T.);
#3336=ORIENTED_EDGE('',*,*,#2361,.F.);
#3337=ORIENTED_EDGE('',*,*,#2366,.T.);
#3338=ORIENTED_EDGE('',*,*,#2367,.T.);
#3339=ORIENTED_EDGE('',*,*,#2368,.T.);
#3340=ORIENTED_EDGE('',*,*,#2364,.F.);
#3341=ORIENTED_EDGE('',*,*,#2369,.T.);
#3342=ORIENTED_EDGE('',*,*,#2370,.T.);
#3343=ORIENTED_EDGE('',*,*,#2371,.T.);
#3344=ORIENTED_EDGE('',*,*,#2367,.F.);
#3345=ORIENTED_EDGE('',*,*,#2372,.T.);
#3346=ORIENTED_EDGE('',*,*,#2373,.T.);
#3347=ORIENTED_EDGE('',*,*,#2374,.T.);
#3348=ORIENTED_EDGE('',*,*,#2370,.F.);
#3349=ORIENTED_EDGE('',*,*,#2375,.T.);
#3350=ORIENTED_EDGE('',*,*,#2376,.T.);
#3351=ORIENTED_EDGE('',*,*,#2377,.T.);
#3352=ORIENTED_EDGE('',*,*,#2373,.F.);
#3353=ORIENTED_EDGE('',*,*,#2378,.T.);
#3354=ORIENTED_EDGE('',*,*,#2379,.T.);
#3355=ORIENTED_EDGE('',*,*,#2380,.T.);
#3356=ORIENTED_EDGE('',*,*,#2376,.F.);
#3357=ORIENTED_EDGE('',*,*,#2381,.T.);
#3358=ORIENTED_EDGE('',*,*,#2382,.T.);
#3359=ORIENTED_EDGE('',*,*,#2383,.T.);
#3360=ORIENTED_EDGE('',*,*,#2379,.F.);
#3361=ORIENTED_EDGE('',*,*,#2384,.T.);
#3362=ORIENTED_EDGE('',*,*,#2279,.F.);
#3363=ORIENTED_EDGE('',*,*,#2385,.T.);
#3364=ORIENTED_EDGE('',*,*,#2382,.F.);
#3365=ORIENTED_EDGE('',*,*,#2386,.T.);
#3366=ORIENTED_EDGE('',*,*,#2338,.F.);
#3367=ORIENTED_EDGE('',*,*,#2387,.F.);
#3368=ORIENTED_EDGE('',*,*,#2388,.F.);
#3369=ORIENTED_EDGE('',*,*,#2389,.F.);
#3370=ORIENTED_EDGE('',*,*,#2341,.F.);
#3371=ORIENTED_EDGE('',*,*,#2390,.T.);
#3372=ORIENTED_EDGE('',*,*,#2391,.T.);
#3373=ORIENTED_EDGE('',*,*,#2387,.T.);
#3374=ORIENTED_EDGE('',*,*,#2344,.F.);
#3375=ORIENTED_EDGE('',*,*,#2392,.F.);
#3376=ORIENTED_EDGE('',*,*,#2393,.F.);
#3377=ORIENTED_EDGE('',*,*,#2390,.F.);
#3378=ORIENTED_EDGE('',*,*,#2347,.F.);
#3379=ORIENTED_EDGE('',*,*,#2394,.T.);
#3380=ORIENTED_EDGE('',*,*,#2395,.T.);
#3381=ORIENTED_EDGE('',*,*,#2392,.T.);
#3382=ORIENTED_EDGE('',*,*,#2350,.F.);
#3383=ORIENTED_EDGE('',*,*,#2396,.F.);
#3384=ORIENTED_EDGE('',*,*,#2397,.F.);
#3385=ORIENTED_EDGE('',*,*,#2394,.F.);
#3386=ORIENTED_EDGE('',*,*,#2353,.F.);
#3387=ORIENTED_EDGE('',*,*,#2398,.T.);
#3388=ORIENTED_EDGE('',*,*,#2399,.T.);
#3389=ORIENTED_EDGE('',*,*,#2396,.T.);
#3390=ORIENTED_EDGE('',*,*,#2356,.F.);
#3391=ORIENTED_EDGE('',*,*,#2400,.F.);
#3392=ORIENTED_EDGE('',*,*,#2401,.F.);
#3393=ORIENTED_EDGE('',*,*,#2398,.F.);
#3394=ORIENTED_EDGE('',*,*,#2359,.F.);
#3395=ORIENTED_EDGE('',*,*,#2402,.T.);
#3396=ORIENTED_EDGE('',*,*,#2403,.T.);
#3397=ORIENTED_EDGE('',*,*,#2400,.T.);
#3398=ORIENTED_EDGE('',*,*,#2362,.F.);
#3399=ORIENTED_EDGE('',*,*,#2404,.F.);
#3400=ORIENTED_EDGE('',*,*,#2405,.F.);
#3401=ORIENTED_EDGE('',*,*,#2402,.F.);
#3402=ORIENTED_EDGE('',*,*,#2365,.F.);
#3403=ORIENTED_EDGE('',*,*,#2406,.T.);
#3404=ORIENTED_EDGE('',*,*,#2407,.T.);
#3405=ORIENTED_EDGE('',*,*,#2404,.T.);
#3406=ORIENTED_EDGE('',*,*,#2368,.F.);
#3407=ORIENTED_EDGE('',*,*,#2408,.F.);
#3408=ORIENTED_EDGE('',*,*,#2409,.F.);
#3409=ORIENTED_EDGE('',*,*,#2406,.F.);
#3410=ORIENTED_EDGE('',*,*,#2371,.F.);
#3411=ORIENTED_EDGE('',*,*,#2410,.T.);
#3412=ORIENTED_EDGE('',*,*,#2411,.T.);
#3413=ORIENTED_EDGE('',*,*,#2408,.T.);
#3414=ORIENTED_EDGE('',*,*,#2374,.F.);
#3415=ORIENTED_EDGE('',*,*,#2412,.F.);
#3416=ORIENTED_EDGE('',*,*,#2413,.F.);
#3417=ORIENTED_EDGE('',*,*,#2410,.F.);
#3418=ORIENTED_EDGE('',*,*,#2377,.F.);
#3419=ORIENTED_EDGE('',*,*,#2414,.F.);
#3420=ORIENTED_EDGE('',*,*,#2415,.T.);
#3421=ORIENTED_EDGE('',*,*,#2412,.T.);
#3422=ORIENTED_EDGE('',*,*,#2380,.F.);
#3423=ORIENTED_EDGE('',*,*,#2416,.T.);
#3424=ORIENTED_EDGE('',*,*,#2417,.T.);
#3425=ORIENTED_EDGE('',*,*,#2414,.T.);
#3426=ORIENTED_EDGE('',*,*,#2383,.F.);
#3427=ORIENTED_EDGE('',*,*,#2418,.F.);
#3428=ORIENTED_EDGE('',*,*,#2419,.T.);
#3429=ORIENTED_EDGE('',*,*,#2416,.F.);
#3430=ORIENTED_EDGE('',*,*,#2385,.F.);
#3431=ORIENTED_EDGE('',*,*,#2420,.F.);
#3432=ORIENTED_EDGE('',*,*,#2421,.T.);
#3433=ORIENTED_EDGE('',*,*,#2418,.T.);
#3434=ORIENTED_EDGE('',*,*,#2282,.F.);
#3435=ORIENTED_EDGE('',*,*,#2422,.T.);
#3436=ORIENTED_EDGE('',*,*,#2423,.F.);
#3437=ORIENTED_EDGE('',*,*,#2420,.T.);
#3438=ORIENTED_EDGE('',*,*,#2280,.F.);
#3439=ORIENTED_EDGE('',*,*,#2386,.F.);
#3440=ORIENTED_EDGE('',*,*,#2384,.F.);
#3441=ORIENTED_EDGE('',*,*,#2381,.F.);
#3442=ORIENTED_EDGE('',*,*,#2378,.F.);
#3443=ORIENTED_EDGE('',*,*,#2375,.F.);
#3444=ORIENTED_EDGE('',*,*,#2372,.F.);
#3445=ORIENTED_EDGE('',*,*,#2369,.F.);
#3446=ORIENTED_EDGE('',*,*,#2366,.F.);
#3447=ORIENTED_EDGE('',*,*,#2363,.F.);
#3448=ORIENTED_EDGE('',*,*,#2360,.F.);
#3449=ORIENTED_EDGE('',*,*,#2357,.F.);
#3450=ORIENTED_EDGE('',*,*,#2354,.F.);
#3451=ORIENTED_EDGE('',*,*,#2351,.F.);
#3452=ORIENTED_EDGE('',*,*,#2348,.F.);
#3453=ORIENTED_EDGE('',*,*,#2345,.F.);
#3454=ORIENTED_EDGE('',*,*,#2342,.F.);
#3455=ORIENTED_EDGE('',*,*,#2339,.F.);
#3456=ORIENTED_EDGE('',*,*,#2336,.F.);
#3457=ORIENTED_EDGE('',*,*,#2333,.F.);
#3458=ORIENTED_EDGE('',*,*,#2330,.F.);
#3459=ORIENTED_EDGE('',*,*,#2327,.F.);
#3460=ORIENTED_EDGE('',*,*,#2324,.F.);
#3461=ORIENTED_EDGE('',*,*,#2321,.F.);
#3462=ORIENTED_EDGE('',*,*,#2318,.F.);
#3463=ORIENTED_EDGE('',*,*,#2315,.F.);
#3464=ORIENTED_EDGE('',*,*,#2312,.F.);
#3465=ORIENTED_EDGE('',*,*,#2309,.F.);
#3466=ORIENTED_EDGE('',*,*,#2306,.F.);
#3467=ORIENTED_EDGE('',*,*,#2303,.F.);
#3468=ORIENTED_EDGE('',*,*,#2300,.F.);
#3469=ORIENTED_EDGE('',*,*,#2297,.F.);
#3470=ORIENTED_EDGE('',*,*,#2294,.F.);
#3471=ORIENTED_EDGE('',*,*,#2291,.F.);
#3472=ORIENTED_EDGE('',*,*,#2288,.F.);
#3473=ORIENTED_EDGE('',*,*,#2285,.F.);
#3474=ORIENTED_EDGE('',*,*,#2284,.F.);
#3475=ORIENTED_EDGE('',*,*,#2424,.F.);
#3476=ORIENTED_EDGE('',*,*,#2425,.F.);
#3477=ORIENTED_EDGE('',*,*,#2422,.F.);
#3478=ORIENTED_EDGE('',*,*,#2293,.F.);
#3479=ORIENTED_EDGE('',*,*,#2426,.T.);
#3480=ORIENTED_EDGE('',*,*,#2427,.T.);
#3481=ORIENTED_EDGE('',*,*,#2428,.T.);
#3482=ORIENTED_EDGE('',*,*,#2290,.F.);
#3483=ORIENTED_EDGE('',*,*,#2428,.F.);
#3484=ORIENTED_EDGE('',*,*,#2429,.T.);
#3485=ORIENTED_EDGE('',*,*,#2430,.F.);
#3486=ORIENTED_EDGE('',*,*,#2287,.F.);
#3487=ORIENTED_EDGE('',*,*,#2430,.T.);
#3488=ORIENTED_EDGE('',*,*,#2431,.T.);
#3489=ORIENTED_EDGE('',*,*,#2424,.T.);
#3490=ORIENTED_EDGE('',*,*,#2425,.T.);
#3491=ORIENTED_EDGE('',*,*,#2431,.F.);
#3492=ORIENTED_EDGE('',*,*,#2429,.F.);
#3493=ORIENTED_EDGE('',*,*,#2427,.F.);
#3494=ORIENTED_EDGE('',*,*,#2432,.T.);
#3495=ORIENTED_EDGE('',*,*,#2433,.F.);
#3496=ORIENTED_EDGE('',*,*,#2434,.T.);
#3497=ORIENTED_EDGE('',*,*,#2435,.F.);
#3498=ORIENTED_EDGE('',*,*,#2436,.T.);
#3499=ORIENTED_EDGE('',*,*,#2437,.F.);
#3500=ORIENTED_EDGE('',*,*,#2438,.T.);
#3501=ORIENTED_EDGE('',*,*,#2439,.F.);
#3502=ORIENTED_EDGE('',*,*,#2440,.T.);
#3503=ORIENTED_EDGE('',*,*,#2441,.F.);
#3504=ORIENTED_EDGE('',*,*,#2442,.T.);
#3505=ORIENTED_EDGE('',*,*,#2443,.F.);
#3506=ORIENTED_EDGE('',*,*,#2444,.T.);
#3507=ORIENTED_EDGE('',*,*,#2445,.F.);
#3508=ORIENTED_EDGE('',*,*,#2388,.T.);
#3509=ORIENTED_EDGE('',*,*,#2391,.F.);
#3510=ORIENTED_EDGE('',*,*,#2393,.T.);
#3511=ORIENTED_EDGE('',*,*,#2395,.F.);
#3512=ORIENTED_EDGE('',*,*,#2397,.T.);
#3513=ORIENTED_EDGE('',*,*,#2399,.F.);
#3514=ORIENTED_EDGE('',*,*,#2401,.T.);
#3515=ORIENTED_EDGE('',*,*,#2403,.F.);
#3516=ORIENTED_EDGE('',*,*,#2405,.T.);
#3517=ORIENTED_EDGE('',*,*,#2407,.F.);
#3518=ORIENTED_EDGE('',*,*,#2409,.T.);
#3519=ORIENTED_EDGE('',*,*,#2411,.F.);
#3520=ORIENTED_EDGE('',*,*,#2413,.T.);
#3521=ORIENTED_EDGE('',*,*,#2415,.F.);
#3522=ORIENTED_EDGE('',*,*,#2417,.F.);
#3523=ORIENTED_EDGE('',*,*,#2419,.F.);
#3524=ORIENTED_EDGE('',*,*,#2421,.F.);
#3525=ORIENTED_EDGE('',*,*,#2423,.T.);
#3526=ORIENTED_EDGE('',*,*,#2299,.F.);
#3527=ORIENTED_EDGE('',*,*,#2446,.T.);
#3528=ORIENTED_EDGE('',*,*,#2433,.T.);
#3529=ORIENTED_EDGE('',*,*,#2447,.T.);
#3530=ORIENTED_EDGE('',*,*,#2302,.F.);
#3531=ORIENTED_EDGE('',*,*,#2448,.F.);
#3532=ORIENTED_EDGE('',*,*,#2434,.F.);
#3533=ORIENTED_EDGE('',*,*,#2446,.F.);
#3534=ORIENTED_EDGE('',*,*,#2311,.F.);
#3535=ORIENTED_EDGE('',*,*,#2449,.T.);
#3536=ORIENTED_EDGE('',*,*,#2437,.T.);
#3537=ORIENTED_EDGE('',*,*,#2450,.T.);
#3538=ORIENTED_EDGE('',*,*,#2314,.F.);
#3539=ORIENTED_EDGE('',*,*,#2451,.F.);
#3540=ORIENTED_EDGE('',*,*,#2438,.F.);
#3541=ORIENTED_EDGE('',*,*,#2449,.F.);
#3542=ORIENTED_EDGE('',*,*,#2317,.F.);
#3543=ORIENTED_EDGE('',*,*,#2452,.T.);
#3544=ORIENTED_EDGE('',*,*,#2439,.T.);
#3545=ORIENTED_EDGE('',*,*,#2451,.T.);
#3546=ORIENTED_EDGE('',*,*,#2329,.F.);
#3547=ORIENTED_EDGE('',*,*,#2453,.T.);
#3548=ORIENTED_EDGE('',*,*,#2443,.T.);
#3549=ORIENTED_EDGE('',*,*,#2454,.T.);
#3550=ORIENTED_EDGE('',*,*,#2332,.F.);
#3551=ORIENTED_EDGE('',*,*,#2455,.F.);
#3552=ORIENTED_EDGE('',*,*,#2444,.F.);
#3553=ORIENTED_EDGE('',*,*,#2453,.F.);
#3554=ORIENTED_EDGE('',*,*,#2335,.F.);
#3555=ORIENTED_EDGE('',*,*,#2389,.T.);
#3556=ORIENTED_EDGE('',*,*,#2445,.T.);
#3557=ORIENTED_EDGE('',*,*,#2455,.T.);
#3558=ORIENTED_EDGE('',*,*,#2323,.F.);
#3559=ORIENTED_EDGE('',*,*,#2456,.T.);
#3560=ORIENTED_EDGE('',*,*,#2441,.T.);
#3561=ORIENTED_EDGE('',*,*,#2457,.T.);
#3562=ORIENTED_EDGE('',*,*,#2320,.F.);
#3563=ORIENTED_EDGE('',*,*,#2457,.F.);
#3564=ORIENTED_EDGE('',*,*,#2440,.F.);
#3565=ORIENTED_EDGE('',*,*,#2452,.F.);
#3566=ORIENTED_EDGE('',*,*,#2305,.F.);
#3567=ORIENTED_EDGE('',*,*,#2458,.T.);
#3568=ORIENTED_EDGE('',*,*,#2435,.T.);
#3569=ORIENTED_EDGE('',*,*,#2448,.T.);
#3570=ORIENTED_EDGE('',*,*,#2326,.F.);
#3571=ORIENTED_EDGE('',*,*,#2454,.F.);
#3572=ORIENTED_EDGE('',*,*,#2442,.F.);
#3573=ORIENTED_EDGE('',*,*,#2456,.F.);
#3574=ORIENTED_EDGE('',*,*,#2296,.F.);
#3575=ORIENTED_EDGE('',*,*,#2447,.F.);
#3576=ORIENTED_EDGE('',*,*,#2432,.F.);
#3577=ORIENTED_EDGE('',*,*,#2426,.F.);
#3578=ORIENTED_EDGE('',*,*,#2308,.F.);
#3579=ORIENTED_EDGE('',*,*,#2450,.F.);
#3580=ORIENTED_EDGE('',*,*,#2436,.F.);
#3581=ORIENTED_EDGE('',*,*,#2458,.F.);
#3582=ORIENTED_EDGE('',*,*,#2459,.T.);
#3583=ORIENTED_EDGE('',*,*,#2460,.T.);
#3584=ORIENTED_EDGE('',*,*,#2461,.T.);
#3585=ORIENTED_EDGE('',*,*,#2460,.F.);
#3586=ORIENTED_EDGE('',*,*,#2462,.T.);
#3587=ORIENTED_EDGE('',*,*,#2459,.F.);
#3588=ORIENTED_EDGE('',*,*,#2463,.T.);
#3589=ORIENTED_EDGE('',*,*,#2464,.T.);
#3590=ORIENTED_EDGE('',*,*,#2463,.F.);
#3591=ORIENTED_EDGE('',*,*,#2462,.F.);
#3592=ORIENTED_EDGE('',*,*,#2461,.F.);
#3593=ORIENTED_EDGE('',*,*,#2464,.F.);
#3594=ORIENTED_EDGE('',*,*,#2465,.T.);
#3595=ORIENTED_EDGE('',*,*,#2466,.T.);
#3596=ORIENTED_EDGE('',*,*,#2467,.T.);
#3597=ORIENTED_EDGE('',*,*,#2466,.F.);
#3598=ORIENTED_EDGE('',*,*,#2465,.F.);
#3599=ORIENTED_EDGE('',*,*,#2468,.T.);
#3600=ORIENTED_EDGE('',*,*,#2469,.T.);
#3601=ORIENTED_EDGE('',*,*,#2468,.F.);
#3602=ORIENTED_EDGE('',*,*,#2467,.F.);
#3603=ORIENTED_EDGE('',*,*,#2469,.F.);
#3604=(
BOUNDED_SURFACE()
B_SPLINE_SURFACE(2,2,((#5710,#5711,#5712),(#5713,#5714,#5715),(#5716,#5717,
#5718)),.UNSPECIFIED.,.F.,.F.,.F.)
B_SPLINE_SURFACE_WITH_KNOTS((3,3),(3,3),(-1.5707963267949,0.),(-2.7755575615629E-15,
1.49379718613807),.UNSPECIFIED.)
GEOMETRIC_REPRESENTATION_ITEM()
RATIONAL_B_SPLINE_SURFACE(((1.,0.733799385705343,1.),(0.707106781186547,
0.51887452166277,0.707106781186547),(1.,0.733799385705343,1.)))
REPRESENTATION_ITEM('')
SURFACE()
);
#3605=(
BOUNDED_SURFACE()
B_SPLINE_SURFACE(2,2,((#5781,#5782,#5783),(#5784,#5785,#5786),(#5787,#5788,
#5789)),.UNSPECIFIED.,.F.,.F.,.F.)
B_SPLINE_SURFACE_WITH_KNOTS((3,3),(3,3),(-1.5707963267949,0.),(1.5707963267949,
3.14159265358979),.UNSPECIFIED.)
GEOMETRIC_REPRESENTATION_ITEM()
RATIONAL_B_SPLINE_SURFACE(((1.,0.707106781186548,1.),(0.707106781186545,
0.499999999999999,0.707106781186545),(1.,0.707106781186548,1.)))
REPRESENTATION_ITEM('')
SURFACE()
);
#3606=(
BOUNDED_SURFACE()
B_SPLINE_SURFACE(2,2,((#5813,#5814,#5815),(#5816,#5817,#5818),(#5819,#5820,
#5821)),.UNSPECIFIED.,.F.,.F.,.F.)
B_SPLINE_SURFACE_WITH_KNOTS((3,3),(3,3),(-1.5707963267949,0.),(1.5707963267949,
3.14159265358979),.UNSPECIFIED.)
GEOMETRIC_REPRESENTATION_ITEM()
RATIONAL_B_SPLINE_SURFACE(((1.,0.707106781186548,1.),(0.70710678118653,
0.499999999999988,0.70710678118653),(1.,0.707106781186548,1.)))
REPRESENTATION_ITEM('')
SURFACE()
);
#3607=(
BOUNDED_SURFACE()
B_SPLINE_SURFACE(2,2,((#5833,#5834,#5835),(#5836,#5837,#5838),(#5839,#5840,
#5841)),.UNSPECIFIED.,.F.,.F.,.F.)
B_SPLINE_SURFACE_WITH_KNOTS((3,3),(3,3),(-1.5707963267949,0.),(-3.14159265358979,
-1.5707963267949),.UNSPECIFIED.)
GEOMETRIC_REPRESENTATION_ITEM()
RATIONAL_B_SPLINE_SURFACE(((1.,0.707106781186548,1.),(0.707106781186535,
0.499999999999991,0.707106781186535),(1.,0.707106781186548,1.)))
REPRESENTATION_ITEM('')
SURFACE()
);
#3608=(
BOUNDED_SURFACE()
B_SPLINE_SURFACE(2,2,((#5865,#5866,#5867),(#5868,#5869,#5870),(#5871,#5872,
#5873)),.UNSPECIFIED.,.F.,.F.,.F.)
B_SPLINE_SURFACE_WITH_KNOTS((3,3),(3,3),(-1.5707963267949,0.),(-3.14159265358979,
-1.5707963267949),.UNSPECIFIED.)
GEOMETRIC_REPRESENTATION_ITEM()
RATIONAL_B_SPLINE_SURFACE(((1.,0.707106781186548,1.),(0.707106781186544,
0.499999999999998,0.707106781186544),(1.,0.707106781186548,1.)))
REPRESENTATION_ITEM('')
SURFACE()
);
#3609=(
BOUNDED_SURFACE()
B_SPLINE_SURFACE(2,2,((#5897,#5898,#5899),(#5900,#5901,#5902),(#5903,#5904,
#5905)),.UNSPECIFIED.,.F.,.F.,.F.)
B_SPLINE_SURFACE_WITH_KNOTS((3,3),(3,3),(-1.5707963267949,0.),(-3.14159265358979,
-1.5707963267949),.UNSPECIFIED.)
GEOMETRIC_REPRESENTATION_ITEM()
RATIONAL_B_SPLINE_SURFACE(((1.,0.707106781186548,1.),(0.707106781186549,
0.500000000000001,0.707106781186549),(1.,0.707106781186548,1.)))
REPRESENTATION_ITEM('')
SURFACE()
);
#3610=(
BOUNDED_SURFACE()
B_SPLINE_SURFACE(2,2,((#5917,#5918,#5919),(#5920,#5921,#5922),(#5923,#5924,
#5925)),.UNSPECIFIED.,.F.,.F.,.F.)
B_SPLINE_SURFACE_WITH_KNOTS((3,3),(3,3),(-1.5707963267949,0.),(-1.5707963267949,
0.),.UNSPECIFIED.)
GEOMETRIC_REPRESENTATION_ITEM()
RATIONAL_B_SPLINE_SURFACE(((1.,0.707106781186548,1.),(0.707106781186551,
0.500000000000002,0.707106781186551),(1.,0.707106781186548,1.)))
REPRESENTATION_ITEM('')
SURFACE()
);
#3611=(
BOUNDED_SURFACE()
B_SPLINE_SURFACE(2,2,((#5949,#5950,#5951),(#5952,#5953,#5954),(#5955,#5956,
#5957)),.UNSPECIFIED.,.F.,.F.,.F.)
B_SPLINE_SURFACE_WITH_KNOTS((3,3),(3,3),(-1.5707963267949,0.),(-1.5707963267949,
0.),.UNSPECIFIED.)
GEOMETRIC_REPRESENTATION_ITEM()
RATIONAL_B_SPLINE_SURFACE(((1.,0.707106781186548,1.),(0.707106781186544,
0.499999999999998,0.707106781186544),(1.,0.707106781186548,1.)))
REPRESENTATION_ITEM('')
SURFACE()
);
#3612=(
BOUNDED_SURFACE()
B_SPLINE_SURFACE(2,2,((#5969,#5970,#5971),(#5972,#5973,#5974),(#5975,#5976,
#5977)),.UNSPECIFIED.,.F.,.F.,.F.)
B_SPLINE_SURFACE_WITH_KNOTS((3,3),(3,3),(-1.5707963267949,0.),(0.,1.5707963267949),
 .UNSPECIFIED.)
GEOMETRIC_REPRESENTATION_ITEM()
RATIONAL_B_SPLINE_SURFACE(((1.,0.707106781186548,1.),(0.707106781186545,
0.499999999999999,0.707106781186545),(1.,0.707106781186548,1.)))
REPRESENTATION_ITEM('')
SURFACE()
);
#3613=(
BOUNDED_SURFACE()
B_SPLINE_SURFACE(2,2,((#6777,#6778,#6779),(#6780,#6781,#6782),(#6783,#6784,
#6785)),.UNSPECIFIED.,.F.,.F.,.F.)
B_SPLINE_SURFACE_WITH_KNOTS((3,3),(3,3),(-1.5707963267949,3.23815048849004E-15),
(1.5707963267949,3.14159265358979),.UNSPECIFIED.)
GEOMETRIC_REPRESENTATION_ITEM()
RATIONAL_B_SPLINE_SURFACE(((1.,0.707106781186548,1.),(0.707106781186536,
0.499999999999992,0.707106781186536),(1.,0.707106781186548,1.)))
REPRESENTATION_ITEM('')
SURFACE()
);
#3614=(
BOUNDED_SURFACE()
B_SPLINE_SURFACE(2,2,((#6809,#6810,#6811),(#6812,#6813,#6814),(#6815,#6816,
#6817)),.UNSPECIFIED.,.F.,.F.,.F.)
B_SPLINE_SURFACE_WITH_KNOTS((3,3),(3,3),(-1.5707963267949,1.38777878078145E-15),
(1.5707963267949,3.14159265358979),.UNSPECIFIED.)
GEOMETRIC_REPRESENTATION_ITEM()
RATIONAL_B_SPLINE_SURFACE(((1.,0.707106781186547,1.),(0.70710678118655,
0.500000000000002,0.70710678118655),(1.,0.707106781186547,1.)))
REPRESENTATION_ITEM('')
SURFACE()
);
#3615=(
BOUNDED_SURFACE()
B_SPLINE_SURFACE(2,2,((#6829,#6830,#6831),(#6832,#6833,#6834),(#6835,#6836,
#6837)),.UNSPECIFIED.,.F.,.F.,.F.)
B_SPLINE_SURFACE_WITH_KNOTS((3,3),(3,3),(-1.5707963267949,4.62592926927148E-16),
(-3.14159265358979,-1.5707963267949),.UNSPECIFIED.)
GEOMETRIC_REPRESENTATION_ITEM()
RATIONAL_B_SPLINE_SURFACE(((1.,0.707106781186548,1.),(0.707106781186554,
0.500000000000005,0.707106781186554),(1.,0.707106781186548,1.)))
REPRESENTATION_ITEM('')
SURFACE()
);
#3616=(
BOUNDED_SURFACE()
B_SPLINE_SURFACE(2,2,((#6861,#6862,#6863),(#6864,#6865,#6866),(#6867,#6868,
#6869)),.UNSPECIFIED.,.F.,.F.,.F.)
B_SPLINE_SURFACE_WITH_KNOTS((3,3),(3,3),(-1.5707963267949,4.62592926927148E-16),
(-3.14159265358979,-1.5707963267949),.UNSPECIFIED.)
GEOMETRIC_REPRESENTATION_ITEM()
RATIONAL_B_SPLINE_SURFACE(((1.,0.707106781186548,1.),(0.707106781186546,
0.499999999999999,0.707106781186546),(1.,0.707106781186548,1.)))
REPRESENTATION_ITEM('')
SURFACE()
);
#3617=(
BOUNDED_SURFACE()
B_SPLINE_SURFACE(2,2,((#6893,#6894,#6895),(#6896,#6897,#6898),(#6899,#6900,
#6901)),.UNSPECIFIED.,.F.,.F.,.F.)
B_SPLINE_SURFACE_WITH_KNOTS((3,3),(3,3),(-1.5707963267949,4.62592926927148E-16),
(-3.14159265358979,-1.5707963267949),.UNSPECIFIED.)
GEOMETRIC_REPRESENTATION_ITEM()
RATIONAL_B_SPLINE_SURFACE(((1.,0.707106781186548,1.),(0.707106781186546,
0.499999999999999,0.707106781186546),(1.,0.707106781186548,1.)))
REPRESENTATION_ITEM('')
SURFACE()
);
#3618=(
BOUNDED_SURFACE()
B_SPLINE_SURFACE(2,2,((#6913,#6914,#6915),(#6916,#6917,#6918),(#6919,#6920,
#6921)),.UNSPECIFIED.,.F.,.F.,.F.)
B_SPLINE_SURFACE_WITH_KNOTS((3,3),(3,3),(-1.5707963267949,4.62592926927148E-16),
(-1.5707963267949,-1.89911354915195E-63),.UNSPECIFIED.)
GEOMETRIC_REPRESENTATION_ITEM()
RATIONAL_B_SPLINE_SURFACE(((1.,0.707106781186548,1.),(0.707106781186549,
0.500000000000001,0.707106781186549),(1.,0.707106781186548,1.)))
REPRESENTATION_ITEM('')
SURFACE()
);
#3619=(
BOUNDED_SURFACE()
B_SPLINE_SURFACE(2,2,((#6945,#6946,#6947),(#6948,#6949,#6950),(#6951,#6952,
#6953)),.UNSPECIFIED.,.F.,.F.,.F.)
B_SPLINE_SURFACE_WITH_KNOTS((3,3),(3,3),(-1.5707963267949,4.62592926927148E-16),
(-1.5707963267949,-1.89911354915195E-63),.UNSPECIFIED.)
GEOMETRIC_REPRESENTATION_ITEM()
RATIONAL_B_SPLINE_SURFACE(((1.,0.707106781186548,1.),(0.707106781186546,
0.499999999999999,0.707106781186546),(1.,0.707106781186548,1.)))
REPRESENTATION_ITEM('')
SURFACE()
);
#3620=(
BOUNDED_SURFACE()
B_SPLINE_SURFACE(2,2,((#6965,#6966,#6967),(#6968,#6969,#6970),(#6971,#6972,
#6973)),.UNSPECIFIED.,.F.,.F.,.F.)
B_SPLINE_SURFACE_WITH_KNOTS((3,3),(3,3),(-1.5707963267949,2.09571930546725E-18),
(-4.16333634234433E-16,1.5707963267949),.UNSPECIFIED.)
GEOMETRIC_REPRESENTATION_ITEM()
RATIONAL_B_SPLINE_SURFACE(((1.,0.707106781186547,1.),(0.707106781186543,
0.499999999999997,0.707106781186543),(1.,0.707106781186547,1.)))
REPRESENTATION_ITEM('')
SURFACE()
);
#3621=(
BOUNDED_SURFACE()
B_SPLINE_SURFACE(2,2,((#6997,#6998,#6999),(#7000,#7001,#7002),(#7003,#7004,
#7005)),.UNSPECIFIED.,.F.,.F.,.F.)
B_SPLINE_SURFACE_WITH_KNOTS((3,3),(3,3),(-1.5707963267949,3.14874818397798E-18),
(-3.19189119579733E-15,1.49379718613807),.UNSPECIFIED.)
GEOMETRIC_REPRESENTATION_ITEM()
RATIONAL_B_SPLINE_SURFACE(((1.,0.733799385705342,1.),(0.707106781186545,
0.518874521662768,0.707106781186545),(1.,0.733799385705342,1.)))
REPRESENTATION_ITEM('')
SURFACE()
);
#3622=ADVANCED_FACE('',(#779),#3604,.F.);
#3623=ADVANCED_FACE('',(#780),#747,.T.);
#3624=ADVANCED_FACE('',(#781),#629,.T.);
#3625=ADVANCED_FACE('',(#782),#748,.T.);
#3626=ADVANCED_FACE('',(#783),#749,.T.);
#3627=ADVANCED_FACE('',(#784),#630,.T.);
#3628=ADVANCED_FACE('',(#785),#750,.T.);
#3629=ADVANCED_FACE('',(#786),#751,.T.);
#3630=ADVANCED_FACE('',(#787),#752,.T.);
#3631=ADVANCED_FACE('',(#788),#631,.T.);
#3632=ADVANCED_FACE('',(#789),#3605,.F.);
#3633=ADVANCED_FACE('',(#790),#632,.T.);
#3634=ADVANCED_FACE('',(#791),#753,.T.);
#3635=ADVANCED_FACE('',(#792),#633,.T.);
#3636=ADVANCED_FACE('',(#793),#3606,.F.);
#3637=ADVANCED_FACE('',(#794),#634,.T.);
#3638=ADVANCED_FACE('',(#795),#3607,.F.);
#3639=ADVANCED_FACE('',(#796),#635,.T.);
#3640=ADVANCED_FACE('',(#797),#754,.T.);
#3641=ADVANCED_FACE('',(#798),#636,.T.);
#3642=ADVANCED_FACE('',(#799),#3608,.F.);
#3643=ADVANCED_FACE('',(#800),#637,.T.);
#3644=ADVANCED_FACE('',(#801),#755,.T.);
#3645=ADVANCED_FACE('',(#802),#638,.T.);
#3646=ADVANCED_FACE('',(#803),#3609,.F.);
#3647=ADVANCED_FACE('',(#804),#639,.T.);
#3648=ADVANCED_FACE('',(#805),#3610,.F.);
#3649=ADVANCED_FACE('',(#806),#640,.T.);
#3650=ADVANCED_FACE('',(#807),#756,.T.);
#3651=ADVANCED_FACE('',(#808),#641,.T.);
#3652=ADVANCED_FACE('',(#809),#3611,.F.);
#3653=ADVANCED_FACE('',(#810),#642,.T.);
#3654=ADVANCED_FACE('',(#811),#3612,.F.);
#3655=ADVANCED_FACE('',(#812),#643,.T.);
#3656=ADVANCED_FACE('',(#813),#757,.T.);
#3657=ADVANCED_FACE('',(#814),#644,.T.);
#3658=ADVANCED_FACE('',(#815),#63,.F.);
#3659=ADVANCED_FACE('',(#816),#645,.T.);
#3660=ADVANCED_FACE('',(#817),#64,.F.);
#3661=ADVANCED_FACE('',(#818),#646,.F.);
#3662=ADVANCED_FACE('',(#819),#65,.F.);
#3663=ADVANCED_FACE('',(#820),#647,.T.);
#3664=ADVANCED_FACE('',(#821),#66,.F.);
#3665=ADVANCED_FACE('',(#822),#648,.T.);
#3666=ADVANCED_FACE('',(#823),#67,.F.);
#3667=ADVANCED_FACE('',(#824),#649,.F.);
#3668=ADVANCED_FACE('',(#825),#68,.F.);
#3669=ADVANCED_FACE('',(#826),#650,.T.);
#3670=ADVANCED_FACE('',(#827),#69,.F.);
#3671=ADVANCED_FACE('',(#828),#651,.T.);
#3672=ADVANCED_FACE('',(#829),#70,.F.);
#3673=ADVANCED_FACE('',(#830),#652,.F.);
#3674=ADVANCED_FACE('',(#831),#71,.F.);
#3675=ADVANCED_FACE('',(#832),#653,.T.);
#3676=ADVANCED_FACE('',(#833),#72,.F.);
#3677=ADVANCED_FACE('',(#834),#654,.F.);
#3678=ADVANCED_FACE('',(#835),#73,.T.);
#3679=ADVANCED_FACE('',(#836),#655,.F.);
#3680=ADVANCED_FACE('',(#837),#74,.F.);
#3681=ADVANCED_FACE('',(#838),#656,.T.);
#3682=ADVANCED_FACE('',(#839),#75,.F.);
#3683=ADVANCED_FACE('',(#840),#657,.F.);
#3684=ADVANCED_FACE('',(#841),#658,.T.);
#3685=ADVANCED_FACE('',(#842),#659,.F.);
#3686=ADVANCED_FACE('',(#843),#660,.T.);
#3687=ADVANCED_FACE('',(#844),#76,.F.);
#3688=ADVANCED_FACE('',(#845),#661,.T.);
#3689=ADVANCED_FACE('',(#846),#77,.F.);
#3690=ADVANCED_FACE('',(#847),#662,.T.);
#3691=ADVANCED_FACE('',(#848),#78,.F.);
#3692=ADVANCED_FACE('',(#849),#663,.F.);
#3693=ADVANCED_FACE('',(#850),#664,.F.);
#3694=ADVANCED_FACE('',(#851),#79,.F.);
#3695=ADVANCED_FACE('',(#852),#80,.F.);
#3696=ADVANCED_FACE('',(#853),#37,.T.);
#3697=ADVANCED_FACE('',(#854),#38,.T.);
#3698=ADVANCED_FACE('',(#855),#39,.T.);
#3699=ADVANCED_FACE('',(#856),#40,.T.);
#3700=ADVANCED_FACE('',(#857),#41,.T.);
#3701=ADVANCED_FACE('',(#858),#42,.T.);
#3702=ADVANCED_FACE('',(#859),#665,.T.);
#3703=ADVANCED_FACE('',(#860),#666,.T.);
#3704=ADVANCED_FACE('',(#861),#29,.F.);
#3705=ADVANCED_FACE('',(#862),#667,.T.);
#3706=ADVANCED_FACE('',(#863),#30,.F.);
#3707=ADVANCED_FACE('',(#864),#668,.T.);
#3708=ADVANCED_FACE('',(#865),#43,.T.);
#3709=ADVANCED_FACE('',(#866),#669,.T.);
#3710=ADVANCED_FACE('',(#867),#670,.T.);
#3711=ADVANCED_FACE('',(#868),#44,.T.);
#3712=ADVANCED_FACE('',(#869),#671,.T.);
#3713=ADVANCED_FACE('',(#870),#672,.T.);
#3714=ADVANCED_FACE('',(#871),#31,.F.);
#3715=ADVANCED_FACE('',(#872),#673,.T.);
#3716=ADVANCED_FACE('',(#873),#32,.F.);
#3717=ADVANCED_FACE('',(#874),#674,.T.);
#3718=ADVANCED_FACE('',(#875),#675,.T.);
#3719=ADVANCED_FACE('',(#876),#676,.T.);
#3720=ADVANCED_FACE('',(#877),#33,.F.);
#3721=ADVANCED_FACE('',(#878),#677,.T.);
#3722=ADVANCED_FACE('',(#879),#34,.F.);
#3723=ADVANCED_FACE('',(#880),#678,.T.);
#3724=ADVANCED_FACE('',(#881),#679,.T.);
#3725=ADVANCED_FACE('',(#882),#680,.T.);
#3726=ADVANCED_FACE('',(#883),#681,.T.);
#3727=ADVANCED_FACE('',(#884),#682,.T.);
#3728=ADVANCED_FACE('',(#885),#35,.F.);
#3729=ADVANCED_FACE('',(#886),#683,.T.);
#3730=ADVANCED_FACE('',(#887),#36,.F.);
#3731=ADVANCED_FACE('',(#888),#684,.T.);
#3732=ADVANCED_FACE('',(#889),#758,.F.);
#3733=ADVANCED_FACE('',(#890),#685,.F.);
#3734=ADVANCED_FACE('',(#891),#759,.F.);
#3735=ADVANCED_FACE('',(#892),#81,.T.);
#3736=ADVANCED_FACE('',(#893),#760,.F.);
#3737=ADVANCED_FACE('',(#894),#686,.F.);
#3738=ADVANCED_FACE('',(#895),#761,.F.);
#3739=ADVANCED_FACE('',(#896),#82,.T.);
#3740=ADVANCED_FACE('',(#897),#83,.T.);
#3741=ADVANCED_FACE('',(#898),#84,.T.);
#3742=ADVANCED_FACE('',(#899),#85,.T.);
#3743=ADVANCED_FACE('',(#900),#86,.T.);
#3744=ADVANCED_FACE('',(#901),#45,.T.);
#3745=ADVANCED_FACE('',(#902),#762,.F.);
#3746=ADVANCED_FACE('',(#903),#46,.T.);
#3747=ADVANCED_FACE('',(#904),#687,.T.);
#3748=ADVANCED_FACE('',(#905),#47,.T.);
#3749=ADVANCED_FACE('',(#906),#763,.F.);
#3750=ADVANCED_FACE('',(#907),#688,.F.);
#3751=ADVANCED_FACE('',(#908),#689,.T.);
#3752=ADVANCED_FACE('',(#909),#48,.T.);
#3753=ADVANCED_FACE('',(#910),#690,.F.);
#3754=ADVANCED_FACE('',(#911),#691,.T.);
#3755=ADVANCED_FACE('',(#912),#692,.T.);
#3756=ADVANCED_FACE('',(#913),#693,.T.);
#3757=ADVANCED_FACE('',(#914),#694,.T.);
#3758=ADVANCED_FACE('',(#915),#695,.F.);
#3759=ADVANCED_FACE('',(#916),#696,.T.);
#3760=ADVANCED_FACE('',(#917),#697,.T.);
#3761=ADVANCED_FACE('',(#918),#87,.F.);
#3762=ADVANCED_FACE('',(#919),#88,.T.);
#3763=ADVANCED_FACE('',(#920),#89,.T.);
#3764=ADVANCED_FACE('',(#921),#90,.T.);
#3765=ADVANCED_FACE('',(#922),#91,.T.);
#3766=ADVANCED_FACE('',(#923),#92,.T.);
#3767=ADVANCED_FACE('',(#924),#49,.T.);
#3768=ADVANCED_FACE('',(#925),#764,.F.);
#3769=ADVANCED_FACE('',(#926),#50,.T.);
#3770=ADVANCED_FACE('',(#927),#51,.T.);
#3771=ADVANCED_FACE('',(#928),#698,.T.);
#3772=ADVANCED_FACE('',(#929),#765,.F.);
#3773=ADVANCED_FACE('',(#930),#699,.F.);
#3774=ADVANCED_FACE('',(#931),#52,.T.);
#3775=ADVANCED_FACE('',(#932),#700,.T.);
#3776=ADVANCED_FACE('',(#933),#701,.F.);
#3777=ADVANCED_FACE('',(#934),#702,.T.);
#3778=ADVANCED_FACE('',(#935),#703,.T.);
#3779=ADVANCED_FACE('',(#936),#704,.F.);
#3780=ADVANCED_FACE('',(#937),#705,.T.);
#3781=ADVANCED_FACE('',(#938),#706,.T.);
#3782=ADVANCED_FACE('',(#939),#707,.T.);
#3783=ADVANCED_FACE('',(#940),#708,.T.);
#3784=ADVANCED_FACE('',(#941),#93,.T.);
#3785=ADVANCED_FACE('',(#942),#94,.T.);
#3786=ADVANCED_FACE('',(#943),#95,.T.);
#3787=ADVANCED_FACE('',(#944),#96,.T.);
#3788=ADVANCED_FACE('',(#945),#97,.F.);
#3789=ADVANCED_FACE('',(#946),#98,.T.);
#3790=ADVANCED_FACE('',(#947),#766,.T.);
#3791=ADVANCED_FACE('',(#948),#709,.T.);
#3792=ADVANCED_FACE('',(#949),#767,.T.);
#3793=ADVANCED_FACE('',(#950),#768,.T.);
#3794=ADVANCED_FACE('',(#951),#769,.T.);
#3795=ADVANCED_FACE('',(#952),#710,.T.);
#3796=ADVANCED_FACE('',(#953),#3613,.F.);
#3797=ADVANCED_FACE('',(#954),#711,.T.);
#3798=ADVANCED_FACE('',(#955),#770,.T.);
#3799=ADVANCED_FACE('',(#956),#712,.T.);
#3800=ADVANCED_FACE('',(#957),#3614,.F.);
#3801=ADVANCED_FACE('',(#958),#713,.T.);
#3802=ADVANCED_FACE('',(#959),#3615,.F.);
#3803=ADVANCED_FACE('',(#960),#714,.T.);
#3804=ADVANCED_FACE('',(#961),#771,.T.);
#3805=ADVANCED_FACE('',(#962),#715,.T.);
#3806=ADVANCED_FACE('',(#963),#3616,.F.);
#3807=ADVANCED_FACE('',(#964),#716,.T.);
#3808=ADVANCED_FACE('',(#965),#772,.T.);
#3809=ADVANCED_FACE('',(#966),#717,.T.);
#3810=ADVANCED_FACE('',(#967),#3617,.F.);
#3811=ADVANCED_FACE('',(#968),#718,.T.);
#3812=ADVANCED_FACE('',(#969),#3618,.F.);
#3813=ADVANCED_FACE('',(#970),#719,.T.);
#3814=ADVANCED_FACE('',(#971),#773,.T.);
#3815=ADVANCED_FACE('',(#972),#720,.T.);
#3816=ADVANCED_FACE('',(#973),#3619,.F.);
#3817=ADVANCED_FACE('',(#974),#721,.T.);
#3818=ADVANCED_FACE('',(#975),#3620,.F.);
#3819=ADVANCED_FACE('',(#976),#722,.T.);
#3820=ADVANCED_FACE('',(#977),#774,.T.);
#3821=ADVANCED_FACE('',(#978),#723,.T.);
#3822=ADVANCED_FACE('',(#979),#3621,.F.);
#3823=ADVANCED_FACE('',(#980),#775,.T.);
#3824=ADVANCED_FACE('',(#981),#724,.T.);
#3825=ADVANCED_FACE('',(#982),#776,.T.);
#3826=ADVANCED_FACE('',(#983),#99,.T.);
#3827=ADVANCED_FACE('',(#984),#725,.T.);
#3828=ADVANCED_FACE('',(#985),#100,.T.);
#3829=ADVANCED_FACE('',(#986),#726,.T.);
#3830=ADVANCED_FACE('',(#987),#101,.T.);
#3831=ADVANCED_FACE('',(#988),#727,.F.);
#3832=ADVANCED_FACE('',(#989),#102,.T.);
#3833=ADVANCED_FACE('',(#990),#728,.T.);
#3834=ADVANCED_FACE('',(#991),#103,.T.);
#3835=ADVANCED_FACE('',(#992),#729,.T.);
#3836=ADVANCED_FACE('',(#993),#104,.T.);
#3837=ADVANCED_FACE('',(#994),#730,.F.);
#3838=ADVANCED_FACE('',(#995),#105,.T.);
#3839=ADVANCED_FACE('',(#996),#731,.T.);
#3840=ADVANCED_FACE('',(#997),#732,.F.);
#3841=ADVANCED_FACE('',(#998),#106,.T.);
#3842=ADVANCED_FACE('',(#999),#733,.T.);
#3843=ADVANCED_FACE('',(#1000),#734,.F.);
#3844=ADVANCED_FACE('',(#1001),#107,.T.);
#3845=ADVANCED_FACE('',(#1002),#108,.T.);
#3846=ADVANCED_FACE('',(#1003),#735,.F.);
#3847=ADVANCED_FACE('',(#1004),#736,.T.);
#3848=ADVANCED_FACE('',(#1005),#737,.F.);
#3849=ADVANCED_FACE('',(#1006),#109,.T.);
#3850=ADVANCED_FACE('',(#1007),#738,.T.);
#3851=ADVANCED_FACE('',(#1008),#110,.T.);
#3852=ADVANCED_FACE('',(#1009),#739,.T.);
#3853=ADVANCED_FACE('',(#1010),#111,.T.);
#3854=ADVANCED_FACE('',(#1011),#740,.T.);
#3855=ADVANCED_FACE('',(#1012),#741,.T.);
#3856=ADVANCED_FACE('',(#1013),#112,.T.);
#3857=ADVANCED_FACE('',(#1014),#742,.F.);
#3858=ADVANCED_FACE('',(#1015),#743,.F.);
#3859=ADVANCED_FACE('',(#1016),#113,.T.);
#3860=ADVANCED_FACE('',(#1017),#744,.F.);
#3861=ADVANCED_FACE('',(#1018),#114,.T.);
#3862=ADVANCED_FACE('',(#1019),#115,.T.);
#3863=ADVANCED_FACE('',(#1020),#116,.T.);
#3864=ADVANCED_FACE('',(#1021),#777,.T.);
#3865=ADVANCED_FACE('',(#1022),#745,.T.);
#3866=ADVANCED_FACE('',(#1023),#117,.T.);
#3867=ADVANCED_FACE('',(#1024),#118,.T.);
#3868=ADVANCED_FACE('',(#1025),#778,.T.);
#3869=ADVANCED_FACE('',(#1026),#746,.T.);
#3870=ADVANCED_FACE('',(#1027),#119,.T.);
#3871=ADVANCED_FACE('',(#1028),#120,.T.);
#3872=CLOSED_SHELL('',(#3622,#3623,#3624,#3625,#3626,#3627,#3628,#3629,
#3630,#3631,#3632,#3633,#3634,#3635,#3636,#3637,#3638,#3639,#3640,#3641,
#3642,#3643,#3644,#3645,#3646,#3647,#3648,#3649,#3650,#3651,#3652,#3653,
#3654,#3655,#3656,#3657,#3658,#3659,#3660,#3661,#3662,#3663,#3664,#3665,
#3666,#3667,#3668,#3669,#3670,#3671,#3672,#3673,#3674,#3675,#3676,#3677,
#3678,#3679,#3680,#3681,#3682,#3683,#3684,#3685,#3686,#3687,#3688,#3689,
#3690,#3691,#3692,#3693,#3694,#3695));
#3873=CLOSED_SHELL('',(#3696,#3697,#3698,#3699,#3700,#3701,#3702,#3703,
#3704,#3705,#3706,#3707,#3708,#3709,#3710,#3711,#3712,#3713,#3714,#3715,
#3716,#3717,#3718,#3719,#3720,#3721,#3722,#3723,#3724,#3725,#3726,#3727,
#3728,#3729,#3730,#3731,#3732,#3733,#3734,#3735,#3736,#3737,#3738,#3739,
#3740,#3741,#3742,#3743,#3744,#3745,#3746,#3747,#3748,#3749,#3750,#3751,
#3752,#3753,#3754,#3755,#3756,#3757,#3758,#3759,#3760,#3761,#3762,#3763,
#3764,#3765,#3766,#3767,#3768,#3769,#3770,#3771,#3772,#3773,#3774,#3775,
#3776,#3777,#3778,#3779,#3780,#3781,#3782,#3783,#3784,#3785,#3786,#3787,
#3788,#3789));
#3874=CLOSED_SHELL('',(#3790,#3791,#3792,#3793,#3794,#3795,#3796,#3797,
#3798,#3799,#3800,#3801,#3802,#3803,#3804,#3805,#3806,#3807,#3808,#3809,
#3810,#3811,#3812,#3813,#3814,#3815,#3816,#3817,#3818,#3819,#3820,#3821,
#3822,#3823,#3824,#3825,#3826,#3827,#3828,#3829,#3830,#3831,#3832,#3833,
#3834,#3835,#3836,#3837,#3838,#3839,#3840,#3841,#3842,#3843,#3844,#3845,
#3846,#3847,#3848,#3849,#3850,#3851,#3852,#3853,#3854,#3855,#3856,#3857,
#3858,#3859,#3860,#3861,#3862,#3863));
#3875=CLOSED_SHELL('',(#3864,#3865,#3866,#3867));
#3876=CLOSED_SHELL('',(#3868,#3869,#3870,#3871));
#3877=DERIVED_UNIT_ELEMENT(#3879,1.);
#3878=DERIVED_UNIT_ELEMENT(#7203,-3.);
#3879=(
MASS_UNIT()
NAMED_UNIT(*)
SI_UNIT(.KILO.,.GRAM.)
);
#3880=DERIVED_UNIT((#3877,#3878));
#3881=MEASURE_REPRESENTATION_ITEM('density measure',
POSITIVE_RATIO_MEASURE(1060.),#3880);
#3882=PROPERTY_DEFINITION_REPRESENTATION(#3887,#3884);
#3883=PROPERTY_DEFINITION_REPRESENTATION(#3888,#3885);
#3884=REPRESENTATION('material name',(#3886),#7200);
#3885=REPRESENTATION('density',(#3881),#7200);
#3886=DESCRIPTIVE_REPRESENTATION_ITEM('Plastique ABS','Plastique ABS');
#3887=PROPERTY_DEFINITION('material property','material name',#7210);
#3888=PROPERTY_DEFINITION('material property','density of part',#7210);
#3889=AXIS2_PLACEMENT_3D('',#5709,#4411,#4412);
#3890=AXIS2_PLACEMENT_3D('',#5721,#4413,#4414);
#3891=AXIS2_PLACEMENT_3D('',#5723,#4415,#4416);
#3892=AXIS2_PLACEMENT_3D('',#5725,#4417,#4418);
#3893=AXIS2_PLACEMENT_3D('',#5726,#4419,#4420);
#3894=AXIS2_PLACEMENT_3D('',#5727,#4421,#4422);
#3895=AXIS2_PLACEMENT_3D('',#5730,#4423,#4424);
#3896=AXIS2_PLACEMENT_3D('',#5731,#4425,#4426);
#3897=AXIS2_PLACEMENT_3D('',#5732,#4427,#4428);
#3898=AXIS2_PLACEMENT_3D('',#5733,#4429,#4430);
#3899=AXIS2_PLACEMENT_3D('',#5736,#4431,#4432);
#3900=AXIS2_PLACEMENT_3D('',#5739,#4435,#4436);
#3901=AXIS2_PLACEMENT_3D('',#5742,#4437,#4438);
#3902=AXIS2_PLACEMENT_3D('',#5743,#4439,#4440);
#3903=AXIS2_PLACEMENT_3D('',#5744,#4441,#4442);
#3904=AXIS2_PLACEMENT_3D('',#5745,#4443,#4444);
#3905=AXIS2_PLACEMENT_3D('',#5748,#4445,#4446);
#3906=AXIS2_PLACEMENT_3D('',#5749,#4447,#4448);
#3907=AXIS2_PLACEMENT_3D('',#5750,#4449,#4450);
#3908=AXIS2_PLACEMENT_3D('',#5751,#4451,#4452);
#3909=AXIS2_PLACEMENT_3D('',#5754,#4453,#4454);
#3910=AXIS2_PLACEMENT_3D('',#5757,#4457,#4458);
#3911=AXIS2_PLACEMENT_3D('',#5760,#4459,#4460);
#3912=AXIS2_PLACEMENT_3D('',#5761,#4461,#4462);
#3913=AXIS2_PLACEMENT_3D('',#5762,#4463,#4464);
#3914=AXIS2_PLACEMENT_3D('',#5763,#4465,#4466);
#3915=AXIS2_PLACEMENT_3D('',#5766,#4467,#4468);
#3916=AXIS2_PLACEMENT_3D('',#5767,#4469,#4470);
#3917=AXIS2_PLACEMENT_3D('',#5768,#4471,#4472);
#3918=AXIS2_PLACEMENT_3D('',#5769,#4473,#4474);
#3919=AXIS2_PLACEMENT_3D('',#5772,#4475,#4476);
#3920=AXIS2_PLACEMENT_3D('',#5773,#4477,#4478);
#3921=AXIS2_PLACEMENT_3D('',#5774,#4479,#4480);
#3922=AXIS2_PLACEMENT_3D('',#5775,#4481,#4482);
#3923=AXIS2_PLACEMENT_3D('',#5778,#4483,#4484);
#3924=AXIS2_PLACEMENT_3D('',#5792,#4487,#4488);
#3925=AXIS2_PLACEMENT_3D('',#5793,#4489,#4490);
#3926=AXIS2_PLACEMENT_3D('',#5794,#4491,#4492);
#3927=AXIS2_PLACEMENT_3D('',#5795,#4493,#4494);
#3928=AXIS2_PLACEMENT_3D('',#5798,#4495,#4496);
#3929=AXIS2_PLACEMENT_3D('',#5801,#4499,#4500);
#3930=AXIS2_PLACEMENT_3D('',#5804,#4501,#4502);
#3931=AXIS2_PLACEMENT_3D('',#5805,#4503,#4504);
#3932=AXIS2_PLACEMENT_3D('',#5806,#4505,#4506);
#3933=AXIS2_PLACEMENT_3D('',#5807,#4507,#4508);
#3934=AXIS2_PLACEMENT_3D('',#5810,#4509,#4510);
#3935=AXIS2_PLACEMENT_3D('',#5824,#4513,#4514);
#3936=AXIS2_PLACEMENT_3D('',#5825,#4515,#4516);
#3937=AXIS2_PLACEMENT_3D('',#5826,#4517,#4518);
#3938=AXIS2_PLACEMENT_3D('',#5827,#4519,#4520);
#3939=AXIS2_PLACEMENT_3D('',#5830,#4521,#4522);
#3940=AXIS2_PLACEMENT_3D('',#5844,#4525,#4526);
#3941=AXIS2_PLACEMENT_3D('',#5845,#4527,#4528);
#3942=AXIS2_PLACEMENT_3D('',#5846,#4529,#4530);
#3943=AXIS2_PLACEMENT_3D('',#5847,#4531,#4532);
#3944=AXIS2_PLACEMENT_3D('',#5850,#4533,#4534);
#3945=AXIS2_PLACEMENT_3D('',#5853,#4537,#4538);
#3946=AXIS2_PLACEMENT_3D('',#5856,#4539,#4540);
#3947=AXIS2_PLACEMENT_3D('',#5857,#4541,#4542);
#3948=AXIS2_PLACEMENT_3D('',#5858,#4543,#4544);
#3949=AXIS2_PLACEMENT_3D('',#5859,#4545,#4546);
#3950=AXIS2_PLACEMENT_3D('',#5862,#4547,#4548);
#3951=AXIS2_PLACEMENT_3D('',#5876,#4551,#4552);
#3952=AXIS2_PLACEMENT_3D('',#5877,#4553,#4554);
#3953=AXIS2_PLACEMENT_3D('',#5878,#4555,#4556);
#3954=AXIS2_PLACEMENT_3D('',#5879,#4557,#4558);
#3955=AXIS2_PLACEMENT_3D('',#5882,#4559,#4560);
#3956=AXIS2_PLACEMENT_3D('',#5885,#4563,#4564);
#3957=AXIS2_PLACEMENT_3D('',#5888,#4565,#4566);
#3958=AXIS2_PLACEMENT_3D('',#5889,#4567,#4568);
#3959=AXIS2_PLACEMENT_3D('',#5890,#4569,#4570);
#3960=AXIS2_PLACEMENT_3D('',#5891,#4571,#4572);
#3961=AXIS2_PLACEMENT_3D('',#5894,#4573,#4574);
#3962=AXIS2_PLACEMENT_3D('',#5908,#4577,#4578);
#3963=AXIS2_PLACEMENT_3D('',#5909,#4579,#4580);
#3964=AXIS2_PLACEMENT_3D('',#5910,#4581,#4582);
#3965=AXIS2_PLACEMENT_3D('',#5911,#4583,#4584);
#3966=AXIS2_PLACEMENT_3D('',#5914,#4585,#4586);
#3967=AXIS2_PLACEMENT_3D('',#5928,#4589,#4590);
#3968=AXIS2_PLACEMENT_3D('',#5929,#4591,#4592);
#3969=AXIS2_PLACEMENT_3D('',#5930,#4593,#4594);
#3970=AXIS2_PLACEMENT_3D('',#5931,#4595,#4596);
#3971=AXIS2_PLACEMENT_3D('',#5934,#4597,#4598);
#3972=AXIS2_PLACEMENT_3D('',#5937,#4601,#4602);
#3973=AXIS2_PLACEMENT_3D('',#5940,#4603,#4604);
#3974=AXIS2_PLACEMENT_3D('',#5941,#4605,#4606);
#3975=AXIS2_PLACEMENT_3D('',#5942,#4607,#4608);
#3976=AXIS2_PLACEMENT_3D('',#5943,#4609,#4610);
#3977=AXIS2_PLACEMENT_3D('',#5946,#4611,#4612);
#3978=AXIS2_PLACEMENT_3D('',#5960,#4615,#4616);
#3979=AXIS2_PLACEMENT_3D('',#5961,#4617,#4618);
#3980=AXIS2_PLACEMENT_3D('',#5962,#4619,#4620);
#3981=AXIS2_PLACEMENT_3D('',#5963,#4621,#4622);
#3982=AXIS2_PLACEMENT_3D('',#5966,#4623,#4624);
#3983=AXIS2_PLACEMENT_3D('',#5980,#4627,#4628);
#3984=AXIS2_PLACEMENT_3D('',#5981,#4629,#4630);
#3985=AXIS2_PLACEMENT_3D('',#5982,#4631,#4632);
#3986=AXIS2_PLACEMENT_3D('',#5983,#4633,#4634);
#3987=AXIS2_PLACEMENT_3D('',#5986,#4635,#4636);
#3988=AXIS2_PLACEMENT_3D('',#5989,#4639,#4640);
#3989=AXIS2_PLACEMENT_3D('',#5992,#4641,#4642);
#3990=AXIS2_PLACEMENT_3D('',#5993,#4643,#4644);
#3991=AXIS2_PLACEMENT_3D('',#5994,#4645,#4646);
#3992=AXIS2_PLACEMENT_3D('',#5995,#4647,#4648);
#3993=AXIS2_PLACEMENT_3D('',#5998,#4651,#4652);
#3994=AXIS2_PLACEMENT_3D('',#6004,#4656,#4657);
#3995=AXIS2_PLACEMENT_3D('',#6007,#4659,#4660);
#3996=AXIS2_PLACEMENT_3D('',#6008,#4661,#4662);
#3997=AXIS2_PLACEMENT_3D('',#6012,#4665,#4666);
#3998=AXIS2_PLACEMENT_3D('',#6015,#4668,#4669);
#3999=AXIS2_PLACEMENT_3D('',#6016,#4670,#4671);
#4000=AXIS2_PLACEMENT_3D('',#6020,#4674,#4675);
#4001=AXIS2_PLACEMENT_3D('',#6023,#4677,#4678);
#4002=AXIS2_PLACEMENT_3D('',#6024,#4679,#4680);
#4003=AXIS2_PLACEMENT_3D('',#6028,#4683,#4684);
#4004=AXIS2_PLACEMENT_3D('',#6031,#4686,#4687);
#4005=AXIS2_PLACEMENT_3D('',#6032,#4688,#4689);
#4006=AXIS2_PLACEMENT_3D('',#6036,#4692,#4693);
#4007=AXIS2_PLACEMENT_3D('',#6039,#4695,#4696);
#4008=AXIS2_PLACEMENT_3D('',#6040,#4697,#4698);
#4009=AXIS2_PLACEMENT_3D('',#6044,#4701,#4702);
#4010=AXIS2_PLACEMENT_3D('',#6047,#4704,#4705);
#4011=AXIS2_PLACEMENT_3D('',#6048,#4706,#4707);
#4012=AXIS2_PLACEMENT_3D('',#6052,#4710,#4711);
#4013=AXIS2_PLACEMENT_3D('',#6055,#4713,#4714);
#4014=AXIS2_PLACEMENT_3D('',#6056,#4715,#4716);
#4015=AXIS2_PLACEMENT_3D('',#6060,#4719,#4720);
#4016=AXIS2_PLACEMENT_3D('',#6063,#4722,#4723);
#4017=AXIS2_PLACEMENT_3D('',#6064,#4724,#4725);
#4018=AXIS2_PLACEMENT_3D('',#6068,#4728,#4729);
#4019=AXIS2_PLACEMENT_3D('',#6071,#4731,#4732);
#4020=AXIS2_PLACEMENT_3D('',#6072,#4733,#4734);
#4021=AXIS2_PLACEMENT_3D('',#6073,#4735,#4736);
#4022=AXIS2_PLACEMENT_3D('',#6076,#4738,#4739);
#4023=AXIS2_PLACEMENT_3D('',#6077,#4740,#4741);
#4024=AXIS2_PLACEMENT_3D('',#6081,#4744,#4745);
#4025=AXIS2_PLACEMENT_3D('',#6085,#4747,#4748);
#4026=AXIS2_PLACEMENT_3D('',#6087,#4750,#4751);
#4027=AXIS2_PLACEMENT_3D('',#6091,#4754,#4755);
#4028=AXIS2_PLACEMENT_3D('',#6092,#4756,#4757);
#4029=AXIS2_PLACEMENT_3D('',#6093,#4758,#4759);
#4030=AXIS2_PLACEMENT_3D('',#6095,#4760,#4761);
#4031=AXIS2_PLACEMENT_3D('',#6097,#4762,#4763);
#4032=AXIS2_PLACEMENT_3D('',#6099,#4764,#4765);
#4033=AXIS2_PLACEMENT_3D('',#6103,#4767,#4768);
#4034=AXIS2_PLACEMENT_3D('',#6107,#4770,#4771);
#4035=AXIS2_PLACEMENT_3D('',#6111,#4773,#4774);
#4036=AXIS2_PLACEMENT_3D('',#6115,#4776,#4777);
#4037=AXIS2_PLACEMENT_3D('',#6118,#4779,#4780);
#4038=AXIS2_PLACEMENT_3D('',#6119,#4781,#4782);
#4039=AXIS2_PLACEMENT_3D('',#6121,#4784,#4785);
#4040=AXIS2_PLACEMENT_3D('',#6123,#4787,#4788);
#4041=AXIS2_PLACEMENT_3D('',#6125,#4790,#4791);
#4042=AXIS2_PLACEMENT_3D('',#6128,#4794,#4795);
#4043=AXIS2_PLACEMENT_3D('',#6130,#4797,#4798);
#4044=AXIS2_PLACEMENT_3D('',#6132,#4800,#4801);
#4045=AXIS2_PLACEMENT_3D('',#6134,#4803,#4804);
#4046=AXIS2_PLACEMENT_3D('',#6137,#4807,#4808);
#4047=AXIS2_PLACEMENT_3D('',#6138,#4809,#4810);
#4048=AXIS2_PLACEMENT_3D('',#6140,#4812,#4813);
#4049=AXIS2_PLACEMENT_3D('',#6142,#4815,#4816);
#4050=AXIS2_PLACEMENT_3D('',#6143,#4817,#4818);
#4051=AXIS2_PLACEMENT_3D('',#6144,#4819,#4820);
#4052=AXIS2_PLACEMENT_3D('',#6147,#4821,#4822);
#4053=AXIS2_PLACEMENT_3D('',#6149,#4823,#4824);
#4054=AXIS2_PLACEMENT_3D('',#6150,#4825,#4826);
#4055=AXIS2_PLACEMENT_3D('',#6151,#4827,#4828);
#4056=AXIS2_PLACEMENT_3D('',#6154,#4829,#4830);
#4057=AXIS2_PLACEMENT_3D('',#6156,#4831,#4832);
#4058=AXIS2_PLACEMENT_3D('',#6157,#4833,#4834);
#4059=AXIS2_PLACEMENT_3D('',#6158,#4835,#4836);
#4060=AXIS2_PLACEMENT_3D('',#6161,#4837,#4838);
#4061=AXIS2_PLACEMENT_3D('',#6163,#4839,#4840);
#4062=AXIS2_PLACEMENT_3D('',#6164,#4841,#4842);
#4063=AXIS2_PLACEMENT_3D('',#6165,#4843,#4844);
#4064=AXIS2_PLACEMENT_3D('',#6168,#4845,#4846);
#4065=AXIS2_PLACEMENT_3D('',#6170,#4847,#4848);
#4066=AXIS2_PLACEMENT_3D('',#6171,#4849,#4850);
#4067=AXIS2_PLACEMENT_3D('',#6172,#4851,#4852);
#4068=AXIS2_PLACEMENT_3D('',#6175,#4853,#4854);
#4069=AXIS2_PLACEMENT_3D('',#6177,#4855,#4856);
#4070=AXIS2_PLACEMENT_3D('',#6178,#4857,#4858);
#4071=AXIS2_PLACEMENT_3D('',#6179,#4859,#4860);
#4072=AXIS2_PLACEMENT_3D('',#6182,#4861,#4862);
#4073=AXIS2_PLACEMENT_3D('',#6184,#4863,#4864);
#4074=AXIS2_PLACEMENT_3D('',#6185,#4865,#4866);
#4075=AXIS2_PLACEMENT_3D('',#6186,#4867,#4868);
#4076=AXIS2_PLACEMENT_3D('',#6189,#4871,#4872);
#4077=AXIS2_PLACEMENT_3D('',#6192,#4873,#4874);
#4078=AXIS2_PLACEMENT_3D('',#6217,#4877,#4878);
#4079=AXIS2_PLACEMENT_3D('',#6226,#4879,#4880);
#4080=AXIS2_PLACEMENT_3D('',#6229,#4881,#4882);
#4081=AXIS2_PLACEMENT_3D('',#6254,#4885,#4886);
#4082=AXIS2_PLACEMENT_3D('',#6263,#4887,#4888);
#4083=AXIS2_PLACEMENT_3D('',#6266,#4891,#4892);
#4084=AXIS2_PLACEMENT_3D('',#6269,#4893,#4894);
#4085=AXIS2_PLACEMENT_3D('',#6271,#4895,#4896);
#4086=AXIS2_PLACEMENT_3D('',#6272,#4897,#4898);
#4087=AXIS2_PLACEMENT_3D('',#6273,#4899,#4900);
#4088=AXIS2_PLACEMENT_3D('',#6276,#4903,#4904);
#4089=AXIS2_PLACEMENT_3D('',#6279,#4907,#4908);
#4090=AXIS2_PLACEMENT_3D('',#6282,#4909,#4910);
#4091=AXIS2_PLACEMENT_3D('',#6284,#4911,#4912);
#4092=AXIS2_PLACEMENT_3D('',#6285,#4913,#4914);
#4093=AXIS2_PLACEMENT_3D('',#6286,#4915,#4916);
#4094=AXIS2_PLACEMENT_3D('',#6289,#4919,#4920);
#4095=AXIS2_PLACEMENT_3D('',#6292,#4921,#4922);
#4096=AXIS2_PLACEMENT_3D('',#6317,#4925,#4926);
#4097=AXIS2_PLACEMENT_3D('',#6326,#4927,#4928);
#4098=AXIS2_PLACEMENT_3D('',#6329,#4929,#4930);
#4099=AXIS2_PLACEMENT_3D('',#6354,#4933,#4934);
#4100=AXIS2_PLACEMENT_3D('',#6363,#4935,#4936);
#4101=AXIS2_PLACEMENT_3D('',#6366,#4939,#4940);
#4102=AXIS2_PLACEMENT_3D('',#6369,#4943,#4944);
#4103=AXIS2_PLACEMENT_3D('',#6372,#4945,#4946);
#4104=AXIS2_PLACEMENT_3D('',#6397,#4949,#4950);
#4105=AXIS2_PLACEMENT_3D('',#6406,#4951,#4952);
#4106=AXIS2_PLACEMENT_3D('',#6409,#4953,#4954);
#4107=AXIS2_PLACEMENT_3D('',#6434,#4957,#4958);
#4108=AXIS2_PLACEMENT_3D('',#6443,#4959,#4960);
#4109=AXIS2_PLACEMENT_3D('',#6446,#4963,#4964);
#4110=AXIS2_PLACEMENT_3D('',#6449,#4967,#4968);
#4111=AXIS2_PLACEMENT_3D('',#6452,#4971,#4972);
#4112=AXIS2_PLACEMENT_3D('',#6455,#4975,#4976);
#4113=AXIS2_PLACEMENT_3D('',#6458,#4977,#4978);
#4114=AXIS2_PLACEMENT_3D('',#6483,#4981,#4982);
#4115=AXIS2_PLACEMENT_3D('',#6492,#4983,#4984);
#4116=AXIS2_PLACEMENT_3D('',#6495,#4985,#4986);
#4117=AXIS2_PLACEMENT_3D('',#6520,#4989,#4990);
#4118=AXIS2_PLACEMENT_3D('',#6529,#4991,#4992);
#4119=AXIS2_PLACEMENT_3D('',#6532,#4995,#4996);
#4120=AXIS2_PLACEMENT_3D('',#6534,#4997,#4998);
#4121=AXIS2_PLACEMENT_3D('',#6536,#4999,#5000);
#4122=AXIS2_PLACEMENT_3D('',#6538,#5001,#5002);
#4123=AXIS2_PLACEMENT_3D('',#6539,#5003,#5004);
#4124=AXIS2_PLACEMENT_3D('',#6540,#5005,#5006);
#4125=AXIS2_PLACEMENT_3D('',#6542,#5007,#5008);
#4126=AXIS2_PLACEMENT_3D('',#6544,#5010,#5011);
#4127=AXIS2_PLACEMENT_3D('',#6546,#5012,#5013);
#4128=AXIS2_PLACEMENT_3D('',#6548,#5014,#5015);
#4129=AXIS2_PLACEMENT_3D('',#6549,#5016,#5017);
#4130=AXIS2_PLACEMENT_3D('',#6550,#5018,#5019);
#4131=AXIS2_PLACEMENT_3D('',#6552,#5020,#5021);
#4132=AXIS2_PLACEMENT_3D('',#6554,#5023,#5024);
#4133=AXIS2_PLACEMENT_3D('',#6556,#5025,#5026);
#4134=AXIS2_PLACEMENT_3D('',#6558,#5027,#5028);
#4135=AXIS2_PLACEMENT_3D('',#6560,#5029,#5030);
#4136=AXIS2_PLACEMENT_3D('',#6561,#5031,#5032);
#4137=AXIS2_PLACEMENT_3D('',#6562,#5033,#5034);
#4138=AXIS2_PLACEMENT_3D('',#6564,#5035,#5036);
#4139=AXIS2_PLACEMENT_3D('',#6566,#5038,#5039);
#4140=AXIS2_PLACEMENT_3D('',#6568,#5040,#5041);
#4141=AXIS2_PLACEMENT_3D('',#6570,#5042,#5043);
#4142=AXIS2_PLACEMENT_3D('',#6571,#5044,#5045);
#4143=AXIS2_PLACEMENT_3D('',#6572,#5046,#5047);
#4144=AXIS2_PLACEMENT_3D('',#6574,#5048,#5049);
#4145=AXIS2_PLACEMENT_3D('',#6576,#5051,#5052);
#4146=AXIS2_PLACEMENT_3D('',#6577,#5053,#5054);
#4147=AXIS2_PLACEMENT_3D('',#6578,#5055,#5056);
#4148=AXIS2_PLACEMENT_3D('',#6579,#5057,#5058);
#4149=AXIS2_PLACEMENT_3D('',#6580,#5059,#5060);
#4150=AXIS2_PLACEMENT_3D('',#6583,#5061,#5062);
#4151=AXIS2_PLACEMENT_3D('',#6585,#5063,#5064);
#4152=AXIS2_PLACEMENT_3D('',#6586,#5065,#5066);
#4153=AXIS2_PLACEMENT_3D('',#6587,#5067,#5068);
#4154=AXIS2_PLACEMENT_3D('',#6589,#5069,#5070);
#4155=AXIS2_PLACEMENT_3D('',#6591,#5071,#5072);
#4156=AXIS2_PLACEMENT_3D('',#6593,#5073,#5074);
#4157=AXIS2_PLACEMENT_3D('',#6594,#5075,#5076);
#4158=AXIS2_PLACEMENT_3D('',#6595,#5077,#5078);
#4159=AXIS2_PLACEMENT_3D('',#6598,#5079,#5080);
#4160=AXIS2_PLACEMENT_3D('',#6600,#5081,#5082);
#4161=AXIS2_PLACEMENT_3D('',#6601,#5083,#5084);
#4162=AXIS2_PLACEMENT_3D('',#6602,#5085,#5086);
#4163=AXIS2_PLACEMENT_3D('',#6605,#5089,#5090);
#4164=AXIS2_PLACEMENT_3D('',#6608,#5091,#5092);
#4165=AXIS2_PLACEMENT_3D('',#6610,#5093,#5094);
#4166=AXIS2_PLACEMENT_3D('',#6611,#5095,#5096);
#4167=AXIS2_PLACEMENT_3D('',#6612,#5097,#5098);
#4168=AXIS2_PLACEMENT_3D('',#6614,#5099,#5100);
#4169=AXIS2_PLACEMENT_3D('',#6616,#5101,#5102);
#4170=AXIS2_PLACEMENT_3D('',#6617,#5103,#5104);
#4171=AXIS2_PLACEMENT_3D('',#6618,#5105,#5106);
#4172=AXIS2_PLACEMENT_3D('',#6620,#5108,#5109);
#4173=AXIS2_PLACEMENT_3D('',#6623,#5112,#5113);
#4174=AXIS2_PLACEMENT_3D('',#6626,#5114,#5115);
#4175=AXIS2_PLACEMENT_3D('',#6628,#5116,#5117);
#4176=AXIS2_PLACEMENT_3D('',#6629,#5118,#5119);
#4177=AXIS2_PLACEMENT_3D('',#6630,#5120,#5121);
#4178=AXIS2_PLACEMENT_3D('',#6632,#5123,#5124);
#4179=AXIS2_PLACEMENT_3D('',#6635,#5127,#5128);
#4180=AXIS2_PLACEMENT_3D('',#6638,#5131,#5132);
#4181=AXIS2_PLACEMENT_3D('',#6641,#5135,#5136);
#4182=AXIS2_PLACEMENT_3D('',#6644,#5139,#5140);
#4183=AXIS2_PLACEMENT_3D('',#6647,#5143,#5144);
#4184=AXIS2_PLACEMENT_3D('',#6650,#5147,#5148);
#4185=AXIS2_PLACEMENT_3D('',#6653,#5151,#5152);
#4186=AXIS2_PLACEMENT_3D('',#6654,#5153,#5154);
#4187=AXIS2_PLACEMENT_3D('',#6655,#5155,#5156);
#4188=AXIS2_PLACEMENT_3D('',#6656,#5157,#5158);
#4189=AXIS2_PLACEMENT_3D('',#6657,#5159,#5160);
#4190=AXIS2_PLACEMENT_3D('',#6658,#5161,#5162);
#4191=AXIS2_PLACEMENT_3D('',#6659,#5163,#5164);
#4192=AXIS2_PLACEMENT_3D('',#6662,#5165,#5166);
#4193=AXIS2_PLACEMENT_3D('',#6664,#5167,#5168);
#4194=AXIS2_PLACEMENT_3D('',#6665,#5169,#5170);
#4195=AXIS2_PLACEMENT_3D('',#6666,#5171,#5172);
#4196=AXIS2_PLACEMENT_3D('',#6668,#5173,#5174);
#4197=AXIS2_PLACEMENT_3D('',#6670,#5175,#5176);
#4198=AXIS2_PLACEMENT_3D('',#6671,#5177,#5178);
#4199=AXIS2_PLACEMENT_3D('',#6672,#5179,#5180);
#4200=AXIS2_PLACEMENT_3D('',#6675,#5181,#5182);
#4201=AXIS2_PLACEMENT_3D('',#6677,#5183,#5184);
#4202=AXIS2_PLACEMENT_3D('',#6678,#5185,#5186);
#4203=AXIS2_PLACEMENT_3D('',#6679,#5187,#5188);
#4204=AXIS2_PLACEMENT_3D('',#6682,#5189,#5190);
#4205=AXIS2_PLACEMENT_3D('',#6684,#5191,#5192);
#4206=AXIS2_PLACEMENT_3D('',#6685,#5193,#5194);
#4207=AXIS2_PLACEMENT_3D('',#6686,#5195,#5196);
#4208=AXIS2_PLACEMENT_3D('',#6689,#5199,#5200);
#4209=AXIS2_PLACEMENT_3D('',#6691,#5201,#5202);
#4210=AXIS2_PLACEMENT_3D('',#6693,#5203,#5204);
#4211=AXIS2_PLACEMENT_3D('',#6695,#5205,#5206);
#4212=AXIS2_PLACEMENT_3D('',#6696,#5207,#5208);
#4213=AXIS2_PLACEMENT_3D('',#6697,#5209,#5210);
#4214=AXIS2_PLACEMENT_3D('',#6699,#5212,#5213);
#4215=AXIS2_PLACEMENT_3D('',#6702,#5214,#5215);
#4216=AXIS2_PLACEMENT_3D('',#6704,#5216,#5217);
#4217=AXIS2_PLACEMENT_3D('',#6705,#5218,#5219);
#4218=AXIS2_PLACEMENT_3D('',#6706,#5220,#5221);
#4219=AXIS2_PLACEMENT_3D('',#6709,#5224,#5225);
#4220=AXIS2_PLACEMENT_3D('',#6712,#5228,#5229);
#4221=AXIS2_PLACEMENT_3D('',#6715,#5232,#5233);
#4222=AXIS2_PLACEMENT_3D('',#6718,#5236,#5237);
#4223=AXIS2_PLACEMENT_3D('',#6720,#5239,#5240);
#4224=AXIS2_PLACEMENT_3D('',#6723,#5243,#5244);
#4225=AXIS2_PLACEMENT_3D('',#6726,#5247,#5248);
#4226=AXIS2_PLACEMENT_3D('',#6729,#5251,#5252);
#4227=AXIS2_PLACEMENT_3D('',#6732,#5255,#5256);
#4228=AXIS2_PLACEMENT_3D('',#6733,#5257,#5258);
#4229=AXIS2_PLACEMENT_3D('',#6734,#5259,#5260);
#4230=AXIS2_PLACEMENT_3D('',#6735,#5261,#5262);
#4231=AXIS2_PLACEMENT_3D('',#6736,#5263,#5264);
#4232=AXIS2_PLACEMENT_3D('',#6737,#5265,#5266);
#4233=AXIS2_PLACEMENT_3D('',#6738,#5267,#5268);
#4234=AXIS2_PLACEMENT_3D('',#6741,#5269,#5270);
#4235=AXIS2_PLACEMENT_3D('',#6743,#5271,#5272);
#4236=AXIS2_PLACEMENT_3D('',#6745,#5273,#5274);
#4237=AXIS2_PLACEMENT_3D('',#6746,#5275,#5276);
#4238=AXIS2_PLACEMENT_3D('',#6747,#5277,#5278);
#4239=AXIS2_PLACEMENT_3D('',#6750,#5279,#5280);
#4240=AXIS2_PLACEMENT_3D('',#6753,#5283,#5284);
#4241=AXIS2_PLACEMENT_3D('',#6756,#5285,#5286);
#4242=AXIS2_PLACEMENT_3D('',#6757,#5287,#5288);
#4243=AXIS2_PLACEMENT_3D('',#6758,#5289,#5290);
#4244=AXIS2_PLACEMENT_3D('',#6759,#5291,#5292);
#4245=AXIS2_PLACEMENT_3D('',#6762,#5293,#5294);
#4246=AXIS2_PLACEMENT_3D('',#6763,#5295,#5296);
#4247=AXIS2_PLACEMENT_3D('',#6764,#5297,#5298);
#4248=AXIS2_PLACEMENT_3D('',#6765,#5299,#5300);
#4249=AXIS2_PLACEMENT_3D('',#6768,#5301,#5302);
#4250=AXIS2_PLACEMENT_3D('',#6769,#5303,#5304);
#4251=AXIS2_PLACEMENT_3D('',#6770,#5305,#5306);
#4252=AXIS2_PLACEMENT_3D('',#6771,#5307,#5308);
#4253=AXIS2_PLACEMENT_3D('',#6774,#5309,#5310);
#4254=AXIS2_PLACEMENT_3D('',#6788,#5313,#5314);
#4255=AXIS2_PLACEMENT_3D('',#6789,#5315,#5316);
#4256=AXIS2_PLACEMENT_3D('',#6790,#5317,#5318);
#4257=AXIS2_PLACEMENT_3D('',#6791,#5319,#5320);
#4258=AXIS2_PLACEMENT_3D('',#6794,#5321,#5322);
#4259=AXIS2_PLACEMENT_3D('',#6797,#5325,#5326);
#4260=AXIS2_PLACEMENT_3D('',#6800,#5327,#5328);
#4261=AXIS2_PLACEMENT_3D('',#6801,#5329,#5330);
#4262=AXIS2_PLACEMENT_3D('',#6802,#5331,#5332);
#4263=AXIS2_PLACEMENT_3D('',#6803,#5333,#5334);
#4264=AXIS2_PLACEMENT_3D('',#6806,#5335,#5336);
#4265=AXIS2_PLACEMENT_3D('',#6820,#5339,#5340);
#4266=AXIS2_PLACEMENT_3D('',#6821,#5341,#5342);
#4267=AXIS2_PLACEMENT_3D('',#6822,#5343,#5344);
#4268=AXIS2_PLACEMENT_3D('',#6823,#5345,#5346);
#4269=AXIS2_PLACEMENT_3D('',#6826,#5347,#5348);
#4270=AXIS2_PLACEMENT_3D('',#6840,#5351,#5352);
#4271=AXIS2_PLACEMENT_3D('',#6841,#5353,#5354);
#4272=AXIS2_PLACEMENT_3D('',#6842,#5355,#5356);
#4273=AXIS2_PLACEMENT_3D('',#6843,#5357,#5358);
#4274=AXIS2_PLACEMENT_3D('',#6846,#5359,#5360);
#4275=AXIS2_PLACEMENT_3D('',#6849,#5363,#5364);
#4276=AXIS2_PLACEMENT_3D('',#6852,#5365,#5366);
#4277=AXIS2_PLACEMENT_3D('',#6853,#5367,#5368);
#4278=AXIS2_PLACEMENT_3D('',#6854,#5369,#5370);
#4279=AXIS2_PLACEMENT_3D('',#6855,#5371,#5372);
#4280=AXIS2_PLACEMENT_3D('',#6858,#5373,#5374);
#4281=AXIS2_PLACEMENT_3D('',#6872,#5377,#5378);
#4282=AXIS2_PLACEMENT_3D('',#6873,#5379,#5380);
#4283=AXIS2_PLACEMENT_3D('',#6874,#5381,#5382);
#4284=AXIS2_PLACEMENT_3D('',#6875,#5383,#5384);
#4285=AXIS2_PLACEMENT_3D('',#6878,#5385,#5386);
#4286=AXIS2_PLACEMENT_3D('',#6881,#5389,#5390);
#4287=AXIS2_PLACEMENT_3D('',#6884,#5391,#5392);
#4288=AXIS2_PLACEMENT_3D('',#6885,#5393,#5394);
#4289=AXIS2_PLACEMENT_3D('',#6886,#5395,#5396);
#4290=AXIS2_PLACEMENT_3D('',#6887,#5397,#5398);
#4291=AXIS2_PLACEMENT_3D('',#6890,#5399,#5400);
#4292=AXIS2_PLACEMENT_3D('',#6904,#5403,#5404);
#4293=AXIS2_PLACEMENT_3D('',#6905,#5405,#5406);
#4294=AXIS2_PLACEMENT_3D('',#6906,#5407,#5408);
#4295=AXIS2_PLACEMENT_3D('',#6907,#5409,#5410);
#4296=AXIS2_PLACEMENT_3D('',#6910,#5411,#5412);
#4297=AXIS2_PLACEMENT_3D('',#6924,#5415,#5416);
#4298=AXIS2_PLACEMENT_3D('',#6925,#5417,#5418);
#4299=AXIS2_PLACEMENT_3D('',#6926,#5419,#5420);
#4300=AXIS2_PLACEMENT_3D('',#6927,#5421,#5422);
#4301=AXIS2_PLACEMENT_3D('',#6930,#5423,#5424);
#4302=AXIS2_PLACEMENT_3D('',#6933,#5427,#5428);
#4303=AXIS2_PLACEMENT_3D('',#6936,#5429,#5430);
#4304=AXIS2_PLACEMENT_3D('',#6937,#5431,#5432);
#4305=AXIS2_PLACEMENT_3D('',#6938,#5433,#5434);
#4306=AXIS2_PLACEMENT_3D('',#6939,#5435,#5436);
#4307=AXIS2_PLACEMENT_3D('',#6942,#5437,#5438);
#4308=AXIS2_PLACEMENT_3D('',#6956,#5441,#5442);
#4309=AXIS2_PLACEMENT_3D('',#6957,#5443,#5444);
#4310=AXIS2_PLACEMENT_3D('',#6958,#5445,#5446);
#4311=AXIS2_PLACEMENT_3D('',#6959,#5447,#5448);
#4312=AXIS2_PLACEMENT_3D('',#6962,#5449,#5450);
#4313=AXIS2_PLACEMENT_3D('',#6976,#5453,#5454);
#4314=AXIS2_PLACEMENT_3D('',#6977,#5455,#5456);
#4315=AXIS2_PLACEMENT_3D('',#6978,#5457,#5458);
#4316=AXIS2_PLACEMENT_3D('',#6979,#5459,#5460);
#4317=AXIS2_PLACEMENT_3D('',#6982,#5461,#5462);
#4318=AXIS2_PLACEMENT_3D('',#6985,#5465,#5466);
#4319=AXIS2_PLACEMENT_3D('',#6988,#5467,#5468);
#4320=AXIS2_PLACEMENT_3D('',#6989,#5469,#5470);
#4321=AXIS2_PLACEMENT_3D('',#6990,#5471,#5472);
#4322=AXIS2_PLACEMENT_3D('',#6991,#5473,#5474);
#4323=AXIS2_PLACEMENT_3D('',#6994,#5475,#5476);
#4324=AXIS2_PLACEMENT_3D('',#7008,#5479,#5480);
#4325=AXIS2_PLACEMENT_3D('',#7009,#5481,#5482);
#4326=AXIS2_PLACEMENT_3D('',#7010,#5483,#5484);
#4327=AXIS2_PLACEMENT_3D('',#7011,#5485,#5486);
#4328=AXIS2_PLACEMENT_3D('',#7014,#5487,#5488);
#4329=AXIS2_PLACEMENT_3D('',#7015,#5489,#5490);
#4330=AXIS2_PLACEMENT_3D('',#7016,#5491,#5492);
#4331=AXIS2_PLACEMENT_3D('',#7017,#5493,#5494);
#4332=AXIS2_PLACEMENT_3D('',#7020,#5495,#5496);
#4333=AXIS2_PLACEMENT_3D('',#7023,#5499,#5500);
#4334=AXIS2_PLACEMENT_3D('',#7024,#5501,#5502);
#4335=AXIS2_PLACEMENT_3D('',#7025,#5503,#5504);
#4336=AXIS2_PLACEMENT_3D('',#7026,#5505,#5506);
#4337=AXIS2_PLACEMENT_3D('',#7032,#5510,#5511);
#4338=AXIS2_PLACEMENT_3D('',#7035,#5513,#5514);
#4339=AXIS2_PLACEMENT_3D('',#7036,#5515,#5516);
#4340=AXIS2_PLACEMENT_3D('',#7040,#5519,#5520);
#4341=AXIS2_PLACEMENT_3D('',#7043,#5522,#5523);
#4342=AXIS2_PLACEMENT_3D('',#7044,#5524,#5525);
#4343=AXIS2_PLACEMENT_3D('',#7048,#5528,#5529);
#4344=AXIS2_PLACEMENT_3D('',#7051,#5531,#5532);
#4345=AXIS2_PLACEMENT_3D('',#7052,#5533,#5534);
#4346=AXIS2_PLACEMENT_3D('',#7056,#5537,#5538);
#4347=AXIS2_PLACEMENT_3D('',#7059,#5540,#5541);
#4348=AXIS2_PLACEMENT_3D('',#7060,#5542,#5543);
#4349=AXIS2_PLACEMENT_3D('',#7064,#5546,#5547);
#4350=AXIS2_PLACEMENT_3D('',#7067,#5549,#5550);
#4351=AXIS2_PLACEMENT_3D('',#7068,#5551,#5552);
#4352=AXIS2_PLACEMENT_3D('',#7072,#5555,#5556);
#4353=AXIS2_PLACEMENT_3D('',#7075,#5558,#5559);
#4354=AXIS2_PLACEMENT_3D('',#7076,#5560,#5561);
#4355=AXIS2_PLACEMENT_3D('',#7080,#5564,#5565);
#4356=AXIS2_PLACEMENT_3D('',#7083,#5567,#5568);
#4357=AXIS2_PLACEMENT_3D('',#7084,#5569,#5570);
#4358=AXIS2_PLACEMENT_3D('',#7087,#5572,#5573);
#4359=AXIS2_PLACEMENT_3D('',#7088,#5574,#5575);
#4360=AXIS2_PLACEMENT_3D('',#7092,#5578,#5579);
#4361=AXIS2_PLACEMENT_3D('',#7095,#5581,#5582);
#4362=AXIS2_PLACEMENT_3D('',#7096,#5583,#5584);
#4363=AXIS2_PLACEMENT_3D('',#7099,#5586,#5587);
#4364=AXIS2_PLACEMENT_3D('',#7100,#5588,#5589);
#4365=AXIS2_PLACEMENT_3D('',#7101,#5590,#5591);
#4366=AXIS2_PLACEMENT_3D('',#7105,#5594,#5595);
#4367=AXIS2_PLACEMENT_3D('',#7109,#5597,#5598);
#4368=AXIS2_PLACEMENT_3D('',#7111,#5600,#5601);
#4369=AXIS2_PLACEMENT_3D('',#7113,#5602,#5603);
#4370=AXIS2_PLACEMENT_3D('',#7115,#5605,#5606);
#4371=AXIS2_PLACEMENT_3D('',#7116,#5607,#5608);
#4372=AXIS2_PLACEMENT_3D('',#7117,#5609,#5610);
#4373=AXIS2_PLACEMENT_3D('',#7121,#5612,#5613);
#4374=AXIS2_PLACEMENT_3D('',#7125,#5615,#5616);
#4375=AXIS2_PLACEMENT_3D('',#7129,#5618,#5619);
#4376=AXIS2_PLACEMENT_3D('',#7133,#5621,#5622);
#4377=AXIS2_PLACEMENT_3D('',#7137,#5624,#5625);
#4378=AXIS2_PLACEMENT_3D('',#7141,#5627,#5628);
#4379=AXIS2_PLACEMENT_3D('',#7144,#5630,#5631);
#4380=AXIS2_PLACEMENT_3D('',#7145,#5632,#5633);
#4381=AXIS2_PLACEMENT_3D('',#7148,#5636,#5637);
#4382=AXIS2_PLACEMENT_3D('',#7150,#5639,#5640);
#4383=AXIS2_PLACEMENT_3D('',#7153,#5643,#5644);
#4384=AXIS2_PLACEMENT_3D('',#7155,#5646,#5647);
#4385=AXIS2_PLACEMENT_3D('',#7157,#5649,#5650);
#4386=AXIS2_PLACEMENT_3D('',#7160,#5653,#5654);
#4387=AXIS2_PLACEMENT_3D('',#7162,#5656,#5657);
#4388=AXIS2_PLACEMENT_3D('',#7163,#5658,#5659);
#4389=AXIS2_PLACEMENT_3D('',#7166,#5662,#5663);
#4390=AXIS2_PLACEMENT_3D('',#7167,#5664,#5665);
#4391=AXIS2_PLACEMENT_3D('',#7169,#5667,#5668);
#4392=AXIS2_PLACEMENT_3D('',#7170,#5669,#5670);
#4393=AXIS2_PLACEMENT_3D('',#7171,#5671,#5672);
#4394=AXIS2_PLACEMENT_3D('',#7172,#5673,#5674);
#4395=AXIS2_PLACEMENT_3D('',#7175,#5675,#5676);
#4396=AXIS2_PLACEMENT_3D('',#7177,#5677,#5678);
#4397=AXIS2_PLACEMENT_3D('',#7178,#5679,#5680);
#4398=AXIS2_PLACEMENT_3D('',#7179,#5681,#5682);
#4399=AXIS2_PLACEMENT_3D('',#7180,#5683,#5684);
#4400=AXIS2_PLACEMENT_3D('',#7183,#5686,#5687);
#4401=AXIS2_PLACEMENT_3D('',#7184,#5688,#5689);
#4402=AXIS2_PLACEMENT_3D('',#7185,#5690,#5691);
#4403=AXIS2_PLACEMENT_3D('',#7186,#5692,#5693);
#4404=AXIS2_PLACEMENT_3D('',#7188,#5694,#5695);
#4405=AXIS2_PLACEMENT_3D('',#7190,#5696,#5697);
#4406=AXIS2_PLACEMENT_3D('',#7191,#5698,#5699);
#4407=AXIS2_PLACEMENT_3D('',#7192,#5700,#5701);
#4408=AXIS2_PLACEMENT_3D('',#7195,#5703,#5704);
#4409=AXIS2_PLACEMENT_3D('',#7196,#5705,#5706);
#4410=AXIS2_PLACEMENT_3D('',#7197,#5707,#5708);
#4411=DIRECTION('axis',(0.,0.,1.));
#4412=DIRECTION('refdir',(1.,0.,0.));
#4413=DIRECTION('center_axis',(0.,1.,0.));
#4414=DIRECTION('ref_axis',(1.,0.,0.));
#4415=DIRECTION('center_axis',(0.,0.,1.));
#4416=DIRECTION('ref_axis',(0.733799385705344,0.679366220486757,0.));
#4417=DIRECTION('center_axis',(0.997037030524286,-0.076923076923078,0.));
#4418=DIRECTION('ref_axis',(0.,0.,-1.));
#4419=DIRECTION('center_axis',(0.,0.,-1.));
#4420=DIRECTION('ref_axis',(0.733799385705344,0.679366220486757,0.));
#4421=DIRECTION('center_axis',(0.,0.,1.));
#4422=DIRECTION('ref_axis',(1.,0.,0.));
#4423=DIRECTION('center_axis',(0.,-1.,0.));
#4424=DIRECTION('ref_axis',(0.,0.,-1.));
#4425=DIRECTION('center_axis',(0.,0.,1.));
#4426=DIRECTION('ref_axis',(-0.733799385705343,-0.679366220486757,0.));
#4427=DIRECTION('center_axis',(0.,0.,-1.));
#4428=DIRECTION('ref_axis',(-0.733799385705344,-0.679366220486757,0.));
#4429=DIRECTION('center_axis',(0.,1.,0.));
#4430=DIRECTION('ref_axis',(0.707106781186547,0.,-0.707106781186547));
#4431=DIRECTION('center_axis',(0.,-1.,0.));
#4432=DIRECTION('ref_axis',(0.,0.,-1.));
#4433=DIRECTION('',(0.,-1.,0.));
#4434=DIRECTION('',(0.,1.,0.));
#4435=DIRECTION('center_axis',(0.,0.,1.));
#4436=DIRECTION('ref_axis',(1.,0.,0.));
#4437=DIRECTION('center_axis',(0.120689655172415,0.99269028761964,0.));
#4438=DIRECTION('ref_axis',(0.,0.,-1.));
#4439=DIRECTION('center_axis',(0.,0.,-1.));
#4440=DIRECTION('ref_axis',(0.0604554066248832,0.998170899099859,0.));
#4441=DIRECTION('center_axis',(0.,0.,1.));
#4442=DIRECTION('ref_axis',(0.0604554066248832,0.998170899099859,0.));
#4443=DIRECTION('center_axis',(0.,0.,-1.));
#4444=DIRECTION('ref_axis',(-1.,0.,0.));
#4445=DIRECTION('center_axis',(1.,0.,0.));
#4446=DIRECTION('ref_axis',(0.,0.,-1.));
#4447=DIRECTION('center_axis',(0.,0.,1.));
#4448=DIRECTION('ref_axis',(0.663064983552738,-0.748561839520428,0.));
#4449=DIRECTION('center_axis',(0.,0.,-1.));
#4450=DIRECTION('ref_axis',(0.663064983552738,-0.748561839520428,0.));
#4451=DIRECTION('center_axis',(-1.,0.,0.));
#4452=DIRECTION('ref_axis',(0.,0.707106781186547,-0.707106781186548));
#4453=DIRECTION('center_axis',(1.,0.,0.));
#4454=DIRECTION('ref_axis',(0.,0.,-1.));
#4455=DIRECTION('',(1.,0.,0.));
#4456=DIRECTION('',(-1.,0.,0.));
#4457=DIRECTION('center_axis',(0.,0.,-1.));
#4458=DIRECTION('ref_axis',(-1.,0.,0.));
#4459=DIRECTION('center_axis',(0.166666666666669,-0.986013297183269,0.));
#4460=DIRECTION('ref_axis',(0.,0.,-1.));
#4461=DIRECTION('center_axis',(0.,0.,1.));
#4462=DIRECTION('ref_axis',(-0.645497224367902,-0.763762615825974,0.));
#4463=DIRECTION('center_axis',(0.,0.,-1.));
#4464=DIRECTION('ref_axis',(-0.645497224367902,-0.763762615825974,0.));
#4465=DIRECTION('center_axis',(0.,0.,1.));
#4466=DIRECTION('ref_axis',(1.,0.,0.));
#4467=DIRECTION('center_axis',(0.166666666666669,0.986013297183269,0.));
#4468=DIRECTION('ref_axis',(0.,0.,-1.));
#4469=DIRECTION('center_axis',(0.,0.,-1.));
#4470=DIRECTION('ref_axis',(0.,1.,0.));
#4471=DIRECTION('center_axis',(0.,0.,1.));
#4472=DIRECTION('ref_axis',(0.,1.,0.));
#4473=DIRECTION('center_axis',(0.,0.,-1.));
#4474=DIRECTION('ref_axis',(-1.,0.,0.));
#4475=DIRECTION('center_axis',(1.,0.,0.));
#4476=DIRECTION('ref_axis',(0.,0.,-1.));
#4477=DIRECTION('center_axis',(0.,0.,1.));
#4478=DIRECTION('ref_axis',(0.645497224367902,-0.763762615825974,0.));
#4479=DIRECTION('center_axis',(0.,0.,-1.));
#4480=DIRECTION('ref_axis',(0.645497224367902,-0.763762615825974,0.));
#4481=DIRECTION('center_axis',(-1.,0.,0.));
#4482=DIRECTION('ref_axis',(0.,0.707106781186547,-0.707106781186548));
#4483=DIRECTION('center_axis',(1.,0.,0.));
#4484=DIRECTION('ref_axis',(0.,0.,-1.));
#4485=DIRECTION('',(1.,0.,0.));
#4486=DIRECTION('',(-1.,0.,0.));
#4487=DIRECTION('center_axis',(0.,1.,0.));
#4488=DIRECTION('ref_axis',(0.,0.,-1.));
#4489=DIRECTION('center_axis',(0.,0.,-1.));
#4490=DIRECTION('ref_axis',(-0.707106781186548,0.707106781186547,0.));
#4491=DIRECTION('center_axis',(0.,0.,1.));
#4492=DIRECTION('ref_axis',(-0.707106781186548,0.707106781186547,0.));
#4493=DIRECTION('center_axis',(0.,-1.,0.));
#4494=DIRECTION('ref_axis',(-0.707106781186547,0.,-0.707106781186547));
#4495=DIRECTION('center_axis',(0.,1.,0.));
#4496=DIRECTION('ref_axis',(0.,0.,-1.));
#4497=DIRECTION('',(0.,1.,0.));
#4498=DIRECTION('',(0.,-1.,0.));
#4499=DIRECTION('center_axis',(0.,0.,-1.));
#4500=DIRECTION('ref_axis',(-1.,0.,0.));
#4501=DIRECTION('center_axis',(1.,0.,0.));
#4502=DIRECTION('ref_axis',(0.,0.,-1.));
#4503=DIRECTION('center_axis',(0.,0.,1.));
#4504=DIRECTION('ref_axis',(0.707106781186548,-0.707106781186548,0.));
#4505=DIRECTION('center_axis',(0.,0.,-1.));
#4506=DIRECTION('ref_axis',(0.707106781186548,-0.707106781186548,0.));
#4507=DIRECTION('center_axis',(-1.,0.,0.));
#4508=DIRECTION('ref_axis',(0.,0.707106781186547,-0.707106781186547));
#4509=DIRECTION('center_axis',(1.,0.,0.));
#4510=DIRECTION('ref_axis',(0.,0.,-1.));
#4511=DIRECTION('',(1.,0.,0.));
#4512=DIRECTION('',(-1.,0.,0.));
#4513=DIRECTION('center_axis',(0.,1.,0.));
#4514=DIRECTION('ref_axis',(0.,0.,-1.));
#4515=DIRECTION('center_axis',(0.,0.,-1.));
#4516=DIRECTION('ref_axis',(-0.707106781186547,0.707106781186548,0.));
#4517=DIRECTION('center_axis',(0.,0.,1.));
#4518=DIRECTION('ref_axis',(-0.707106781186547,0.707106781186548,0.));
#4519=DIRECTION('center_axis',(0.,-1.,0.));
#4520=DIRECTION('ref_axis',(-0.70710678118655,0.,-0.707106781186545));
#4521=DIRECTION('center_axis',(0.,1.,0.));
#4522=DIRECTION('ref_axis',(0.,0.,-1.));
#4523=DIRECTION('',(0.,1.,0.));
#4524=DIRECTION('',(0.,-1.,0.));
#4525=DIRECTION('center_axis',(-1.,0.,0.));
#4526=DIRECTION('ref_axis',(0.,0.,-1.));
#4527=DIRECTION('center_axis',(0.,0.,-1.));
#4528=DIRECTION('ref_axis',(-0.707106781186547,-0.707106781186548,0.));
#4529=DIRECTION('center_axis',(0.,0.,1.));
#4530=DIRECTION('ref_axis',(-0.707106781186547,-0.707106781186548,0.));
#4531=DIRECTION('center_axis',(1.,0.,0.));
#4532=DIRECTION('ref_axis',(0.,-0.707106781186547,-0.707106781186547));
#4533=DIRECTION('center_axis',(-1.,0.,0.));
#4534=DIRECTION('ref_axis',(0.,0.,-1.));
#4535=DIRECTION('',(-1.,0.,0.));
#4536=DIRECTION('',(1.,0.,0.));
#4537=DIRECTION('center_axis',(0.,0.,-1.));
#4538=DIRECTION('ref_axis',(-1.,0.,0.));
#4539=DIRECTION('center_axis',(0.,1.,0.));
#4540=DIRECTION('ref_axis',(0.,0.,-1.));
#4541=DIRECTION('center_axis',(0.,0.,1.));
#4542=DIRECTION('ref_axis',(0.707106781186548,0.707106781186548,0.));
#4543=DIRECTION('center_axis',(0.,0.,-1.));
#4544=DIRECTION('ref_axis',(0.707106781186548,0.707106781186548,0.));
#4545=DIRECTION('center_axis',(0.,-1.,0.));
#4546=DIRECTION('ref_axis',(-0.707106781186547,0.,-0.707106781186547));
#4547=DIRECTION('center_axis',(0.,1.,0.));
#4548=DIRECTION('ref_axis',(0.,0.,-1.));
#4549=DIRECTION('',(0.,1.,0.));
#4550=DIRECTION('',(0.,-1.,0.));
#4551=DIRECTION('center_axis',(-1.,0.,0.));
#4552=DIRECTION('ref_axis',(0.,0.,-1.));
#4553=DIRECTION('center_axis',(0.,0.,-1.));
#4554=DIRECTION('ref_axis',(-0.707106781186548,-0.707106781186548,0.));
#4555=DIRECTION('center_axis',(0.,0.,1.));
#4556=DIRECTION('ref_axis',(-0.707106781186548,-0.707106781186548,0.));
#4557=DIRECTION('center_axis',(1.,0.,0.));
#4558=DIRECTION('ref_axis',(0.,-0.707106781186547,-0.707106781186547));
#4559=DIRECTION('center_axis',(-1.,0.,0.));
#4560=DIRECTION('ref_axis',(0.,0.,-1.));
#4561=DIRECTION('',(-1.,0.,0.));
#4562=DIRECTION('',(1.,0.,0.));
#4563=DIRECTION('center_axis',(0.,0.,-1.));
#4564=DIRECTION('ref_axis',(-1.,0.,0.));
#4565=DIRECTION('center_axis',(0.,1.,0.));
#4566=DIRECTION('ref_axis',(0.,0.,-1.));
#4567=DIRECTION('center_axis',(0.,0.,1.));
#4568=DIRECTION('ref_axis',(0.707106781186548,0.707106781186548,0.));
#4569=DIRECTION('center_axis',(0.,0.,-1.));
#4570=DIRECTION('ref_axis',(0.707106781186548,0.707106781186548,0.));
#4571=DIRECTION('center_axis',(8.41078048958452E-17,-1.,0.));
#4572=DIRECTION('ref_axis',(-0.707106781186547,0.,-0.707106781186547));
#4573=DIRECTION('center_axis',(0.,1.,0.));
#4574=DIRECTION('ref_axis',(0.,0.,-1.));
#4575=DIRECTION('',(-8.41078048958452E-17,1.,0.));
#4576=DIRECTION('',(8.41078048958452E-17,-1.,0.));
#4577=DIRECTION('center_axis',(-1.,0.,0.));
#4578=DIRECTION('ref_axis',(0.,0.,-1.));
#4579=DIRECTION('center_axis',(0.,0.,-1.));
#4580=DIRECTION('ref_axis',(-0.707106781186547,-0.707106781186548,0.));
#4581=DIRECTION('center_axis',(0.,0.,1.));
#4582=DIRECTION('ref_axis',(-0.707106781186547,-0.707106781186548,0.));
#4583=DIRECTION('center_axis',(1.,0.,0.));
#4584=DIRECTION('ref_axis',(0.,-0.707106781186547,-0.707106781186547));
#4585=DIRECTION('center_axis',(-1.,0.,0.));
#4586=DIRECTION('ref_axis',(0.,0.,-1.));
#4587=DIRECTION('',(-1.,0.,0.));
#4588=DIRECTION('',(1.,0.,0.));
#4589=DIRECTION('center_axis',(0.,-1.,0.));
#4590=DIRECTION('ref_axis',(0.,0.,-1.));
#4591=DIRECTION('center_axis',(0.,0.,-1.));
#4592=DIRECTION('ref_axis',(0.707106781186547,-0.707106781186547,0.));
#4593=DIRECTION('center_axis',(0.,0.,1.));
#4594=DIRECTION('ref_axis',(0.707106781186548,-0.707106781186548,0.));
#4595=DIRECTION('center_axis',(6.72862439166762E-16,1.,0.));
#4596=DIRECTION('ref_axis',(0.707106781186547,0.,-0.707106781186547));
#4597=DIRECTION('center_axis',(0.,-1.,0.));
#4598=DIRECTION('ref_axis',(0.,0.,-1.));
#4599=DIRECTION('',(-6.72862439166762E-16,-1.,0.));
#4600=DIRECTION('',(6.72862439166762E-16,1.,0.));
#4601=DIRECTION('center_axis',(0.,0.,-1.));
#4602=DIRECTION('ref_axis',(-1.,0.,0.));
#4603=DIRECTION('center_axis',(-1.,0.,0.));
#4604=DIRECTION('ref_axis',(0.,0.,-1.));
#4605=DIRECTION('center_axis',(0.,0.,1.));
#4606=DIRECTION('ref_axis',(-0.707106781186548,0.707106781186548,0.));
#4607=DIRECTION('center_axis',(0.,0.,-1.));
#4608=DIRECTION('ref_axis',(-0.707106781186548,0.707106781186548,0.));
#4609=DIRECTION('center_axis',(1.,0.,0.));
#4610=DIRECTION('ref_axis',(0.,-0.707106781186547,-0.707106781186547));
#4611=DIRECTION('center_axis',(-1.,0.,0.));
#4612=DIRECTION('ref_axis',(0.,0.,-1.));
#4613=DIRECTION('',(-1.,0.,0.));
#4614=DIRECTION('',(1.,0.,0.));
#4615=DIRECTION('center_axis',(0.,-1.,0.));
#4616=DIRECTION('ref_axis',(0.,0.,-1.));
#4617=DIRECTION('center_axis',(0.,0.,-1.));
#4618=DIRECTION('ref_axis',(0.707106781186548,-0.707106781186548,0.));
#4619=DIRECTION('center_axis',(0.,0.,1.));
#4620=DIRECTION('ref_axis',(0.707106781186548,-0.707106781186548,0.));
#4621=DIRECTION('center_axis',(-3.70074341541719E-16,1.,0.));
#4622=DIRECTION('ref_axis',(0.707106781186547,0.,-0.707106781186547));
#4623=DIRECTION('center_axis',(0.,-1.,0.));
#4624=DIRECTION('ref_axis',(0.,0.,-1.));
#4625=DIRECTION('',(3.70074341541719E-16,-1.,0.));
#4626=DIRECTION('',(-3.70074341541719E-16,1.,0.));
#4627=DIRECTION('center_axis',(1.,0.,0.));
#4628=DIRECTION('ref_axis',(0.,0.,-1.));
#4629=DIRECTION('center_axis',(0.,0.,-1.));
#4630=DIRECTION('ref_axis',(0.707106781186548,0.707106781186547,0.));
#4631=DIRECTION('center_axis',(0.,0.,1.));
#4632=DIRECTION('ref_axis',(0.707106781186548,0.707106781186547,0.));
#4633=DIRECTION('center_axis',(-1.,0.,0.));
#4634=DIRECTION('ref_axis',(0.,0.707106781186547,-0.707106781186547));
#4635=DIRECTION('center_axis',(1.,0.,0.));
#4636=DIRECTION('ref_axis',(0.,0.,-1.));
#4637=DIRECTION('',(1.,0.,0.));
#4638=DIRECTION('',(-1.,0.,0.));
#4639=DIRECTION('center_axis',(0.,0.,-1.));
#4640=DIRECTION('ref_axis',(-1.,0.,0.));
#4641=DIRECTION('center_axis',(-1.85037170770859E-15,-1.,0.));
#4642=DIRECTION('ref_axis',(0.,0.,-1.));
#4643=DIRECTION('center_axis',(0.,0.,1.));
#4644=DIRECTION('ref_axis',(-0.707106781186547,-0.707106781186548,0.));
#4645=DIRECTION('center_axis',(0.,0.,-1.));
#4646=DIRECTION('ref_axis',(-0.707106781186547,-0.707106781186548,0.));
#4647=DIRECTION('center_axis',(6.72862439166762E-16,1.,0.));
#4648=DIRECTION('ref_axis',(0.707106781186547,0.,-0.707106781186547));
#4649=DIRECTION('',(-6.72862439166762E-16,-1.,0.));
#4650=DIRECTION('',(6.72862439166762E-16,1.,0.));
#4651=DIRECTION('center_axis',(1.,0.,0.));
#4652=DIRECTION('ref_axis',(0.,1.,0.));
#4653=DIRECTION('',(0.,0.,-1.));
#4654=DIRECTION('',(0.,1.,-2.77555756156289E-16));
#4655=DIRECTION('',(0.,0.,1.));
#4656=DIRECTION('center_axis',(0.,0.,1.));
#4657=DIRECTION('ref_axis',(-0.707106781186548,-0.707106781186548,0.));
#4658=DIRECTION('',(0.,0.,1.));
#4659=DIRECTION('center_axis',(-6.842277657836E-48,-2.77555756156289E-16,
-1.));
#4660=DIRECTION('ref_axis',(-0.707106781186548,-0.707106781186548,0.));
#4661=DIRECTION('center_axis',(0.,1.,0.));
#4662=DIRECTION('ref_axis',(-1.,0.,0.));
#4663=DIRECTION('',(0.,0.,-1.));
#4664=DIRECTION('',(-1.,0.,6.842277657836E-48));
#4665=DIRECTION('center_axis',(0.,0.,1.));
#4666=DIRECTION('ref_axis',(0.707106781186548,0.707106781186548,0.));
#4667=DIRECTION('',(0.,0.,1.));
#4668=DIRECTION('center_axis',(6.842277657836E-48,2.77555756156289E-16,
1.));
#4669=DIRECTION('ref_axis',(0.707106781186548,0.707106781186548,0.));
#4670=DIRECTION('center_axis',(1.,8.41078048958452E-17,0.));
#4671=DIRECTION('ref_axis',(-8.41078048958452E-17,1.,0.));
#4672=DIRECTION('',(0.,0.,-1.));
#4673=DIRECTION('',(-8.41078048958452E-17,1.,-2.77555756156289E-16));
#4674=DIRECTION('center_axis',(0.,0.,1.));
#4675=DIRECTION('ref_axis',(-0.707106781186548,-0.707106781186548,0.));
#4676=DIRECTION('',(0.,0.,1.));
#4677=DIRECTION('center_axis',(-6.842277657836E-48,-2.77555756156289E-16,
-1.));
#4678=DIRECTION('ref_axis',(-0.707106781186548,-0.707106781186548,0.));
#4679=DIRECTION('center_axis',(0.,1.,0.));
#4680=DIRECTION('ref_axis',(-1.,0.,0.));
#4681=DIRECTION('',(0.,0.,-1.));
#4682=DIRECTION('',(-1.,0.,6.842277657836E-48));
#4683=DIRECTION('center_axis',(0.,0.,1.));
#4684=DIRECTION('ref_axis',(0.707106781186547,-0.707106781186548,0.));
#4685=DIRECTION('',(0.,0.,1.));
#4686=DIRECTION('center_axis',(-6.842277657836E-48,-2.77555756156289E-16,
-1.));
#4687=DIRECTION('ref_axis',(0.707106781186547,-0.707106781186548,0.));
#4688=DIRECTION('center_axis',(-1.,6.72862439166762E-16,0.));
#4689=DIRECTION('ref_axis',(-6.72862439166762E-16,-1.,0.));
#4690=DIRECTION('',(0.,0.,-1.));
#4691=DIRECTION('',(-6.72862439166762E-16,-1.,2.77555756156289E-16));
#4692=DIRECTION('center_axis',(0.,0.,1.));
#4693=DIRECTION('ref_axis',(-0.707106781186548,0.707106781186548,0.));
#4694=DIRECTION('',(0.,0.,1.));
#4695=DIRECTION('center_axis',(6.842277657836E-48,2.77555756156289E-16,
1.));
#4696=DIRECTION('ref_axis',(-0.707106781186548,0.707106781186548,0.));
#4697=DIRECTION('center_axis',(0.,1.,0.));
#4698=DIRECTION('ref_axis',(-1.,0.,0.));
#4699=DIRECTION('',(0.,0.,-1.));
#4700=DIRECTION('',(-1.,0.,6.842277657836E-48));
#4701=DIRECTION('center_axis',(0.,0.,1.));
#4702=DIRECTION('ref_axis',(0.707106781186548,-0.707106781186548,0.));
#4703=DIRECTION('',(0.,0.,1.));
#4704=DIRECTION('center_axis',(-6.842277657836E-48,-2.77555756156289E-16,
-1.));
#4705=DIRECTION('ref_axis',(0.707106781186548,-0.707106781186548,0.));
#4706=DIRECTION('center_axis',(-1.,-3.70074341541719E-16,0.));
#4707=DIRECTION('ref_axis',(3.70074341541719E-16,-1.,0.));
#4708=DIRECTION('',(0.,0.,-1.));
#4709=DIRECTION('',(3.70074341541719E-16,-1.,2.77555756156289E-16));
#4710=DIRECTION('center_axis',(0.,0.,-1.));
#4711=DIRECTION('ref_axis',(0.707106781186548,0.707106781186548,0.));
#4712=DIRECTION('',(0.,0.,1.));
#4713=DIRECTION('center_axis',(-6.842277657836E-48,-2.77555756156289E-16,
-1.));
#4714=DIRECTION('ref_axis',(0.707106781186548,0.707106781186548,0.));
#4715=DIRECTION('center_axis',(0.,-1.,0.));
#4716=DIRECTION('ref_axis',(1.,0.,0.));
#4717=DIRECTION('',(0.,0.,-1.));
#4718=DIRECTION('',(1.,0.,-6.842277657836E-48));
#4719=DIRECTION('center_axis',(0.,0.,1.));
#4720=DIRECTION('ref_axis',(-0.707106781186548,-0.707106781186547,0.));
#4721=DIRECTION('',(0.,0.,1.));
#4722=DIRECTION('center_axis',(6.842277657836E-48,2.77555756156289E-16,
1.));
#4723=DIRECTION('ref_axis',(-0.707106781186548,-0.707106781186547,0.));
#4724=DIRECTION('center_axis',(-1.,6.72862439166762E-16,0.));
#4725=DIRECTION('ref_axis',(-6.72862439166762E-16,-1.,0.));
#4726=DIRECTION('',(0.,0.,-1.));
#4727=DIRECTION('',(-6.72862439166762E-16,-1.,2.77555756156289E-16));
#4728=DIRECTION('center_axis',(0.,0.,1.));
#4729=DIRECTION('ref_axis',(0.707106781186548,0.707106781186547,0.));
#4730=DIRECTION('',(0.,0.,-1.));
#4731=DIRECTION('center_axis',(-6.842277657836E-48,-2.77555756156289E-16,
-1.));
#4732=DIRECTION('ref_axis',(0.707106781186548,0.707106781186547,0.));
#4733=DIRECTION('center_axis',(0.,0.,1.));
#4734=DIRECTION('ref_axis',(1.,0.,0.));
#4735=DIRECTION('center_axis',(0.,0.,1.));
#4736=DIRECTION('ref_axis',(1.,0.,0.));
#4737=DIRECTION('',(0.,0.,1.));
#4738=DIRECTION('center_axis',(6.842277657836E-48,2.77555756156289E-16,
1.));
#4739=DIRECTION('ref_axis',(1.,0.,0.));
#4740=DIRECTION('center_axis',(1.,0.,0.));
#4741=DIRECTION('ref_axis',(0.,-1.,2.77555756156289E-16));
#4742=DIRECTION('',(0.,0.,-1.));
#4743=DIRECTION('',(0.,-1.,2.77555756156289E-16));
#4744=DIRECTION('center_axis',(0.,0.,1.));
#4745=DIRECTION('ref_axis',(0.,1.,0.));
#4746=DIRECTION('',(0.,0.,1.));
#4747=DIRECTION('center_axis',(6.842277657836E-48,2.77555756156289E-16,
1.));
#4748=DIRECTION('ref_axis',(0.,1.,0.));
#4749=DIRECTION('',(0.,0.,-1.));
#4750=DIRECTION('center_axis',(0.,-1.,0.));
#4751=DIRECTION('ref_axis',(1.,0.,0.));
#4752=DIRECTION('',(0.,0.,-1.));
#4753=DIRECTION('',(1.,0.,-6.842277657836E-48));
#4754=DIRECTION('center_axis',(0.,0.,-1.));
#4755=DIRECTION('ref_axis',(1.,0.,0.));
#4756=DIRECTION('center_axis',(-6.842277657836E-48,-2.77555756156289E-16,
-1.));
#4757=DIRECTION('ref_axis',(1.,0.,0.));
#4758=DIRECTION('center_axis',(-6.842277657836E-48,-2.77555756156289E-16,
-1.));
#4759=DIRECTION('ref_axis',(-1.,0.,6.842277657836E-48));
#4760=DIRECTION('center_axis',(6.842277657836E-48,2.77555756156289E-16,
1.));
#4761=DIRECTION('ref_axis',(-0.645497224367902,-0.763762615825974,0.));
#4762=DIRECTION('center_axis',(-6.842277657836E-48,-2.77555756156289E-16,
-1.));
#4763=DIRECTION('ref_axis',(1.,0.,0.));
#4764=DIRECTION('center_axis',(6.842277657836E-48,2.77555756156289E-16,
1.));
#4765=DIRECTION('ref_axis',(0.645497224367902,-0.763762615825974,0.));
#4766=DIRECTION('',(1.,0.,-6.842277657836E-48));
#4767=DIRECTION('center_axis',(-6.842277657836E-48,-2.77555756156289E-16,
-1.));
#4768=DIRECTION('ref_axis',(-0.707106781186548,0.707106781186547,0.));
#4769=DIRECTION('',(0.,1.,-2.77555756156289E-16));
#4770=DIRECTION('center_axis',(6.842277657836E-48,2.77555756156289E-16,
1.));
#4771=DIRECTION('ref_axis',(0.707106781186547,-0.707106781186548,0.));
#4772=DIRECTION('',(1.,0.,-6.842277657836E-48));
#4773=DIRECTION('center_axis',(-6.842277657836E-48,-2.77555756156289E-16,
-1.));
#4774=DIRECTION('ref_axis',(-0.707106781186547,0.707106781186548,0.));
#4775=DIRECTION('',(0.,1.,-2.77555756156289E-16));
#4776=DIRECTION('center_axis',(-6.842277657836E-48,-2.77555756156289E-16,
-1.));
#4777=DIRECTION('ref_axis',(-0.707106781186547,-0.707106781186548,0.));
#4778=DIRECTION('',(-1.,0.,6.842277657836E-48));
#4779=DIRECTION('center_axis',(6.842277657836E-48,2.77555756156289E-16,
1.));
#4780=DIRECTION('ref_axis',(0.707106781186548,0.707106781186548,0.));
#4781=DIRECTION('center_axis',(0.,0.,1.));
#4782=DIRECTION('ref_axis',(-0.645497224367902,-0.763762615825974,0.));
#4783=DIRECTION('',(0.,0.,1.));
#4784=DIRECTION('center_axis',(0.,0.,-1.));
#4785=DIRECTION('ref_axis',(1.,0.,0.));
#4786=DIRECTION('',(0.,0.,-1.));
#4787=DIRECTION('center_axis',(0.,0.,-1.));
#4788=DIRECTION('ref_axis',(0.645497224367902,-0.763762615825974,0.));
#4789=DIRECTION('',(0.,0.,1.));
#4790=DIRECTION('center_axis',(0.,0.,1.));
#4791=DIRECTION('ref_axis',(-0.707106781186547,-0.707106781186548,0.));
#4792=DIRECTION('',(0.,0.,1.));
#4793=DIRECTION('',(0.,0.,-1.));
#4794=DIRECTION('center_axis',(1.,0.,0.));
#4795=DIRECTION('ref_axis',(0.,1.,0.));
#4796=DIRECTION('',(0.,0.,1.));
#4797=DIRECTION('center_axis',(0.,0.,1.));
#4798=DIRECTION('ref_axis',(-0.707106781186547,0.707106781186548,0.));
#4799=DIRECTION('',(0.,0.,-1.));
#4800=DIRECTION('center_axis',(0.,-1.,0.));
#4801=DIRECTION('ref_axis',(1.,0.,0.));
#4802=DIRECTION('',(0.,0.,1.));
#4803=DIRECTION('center_axis',(0.,0.,1.));
#4804=DIRECTION('ref_axis',(-0.707106781186548,0.707106781186547,0.));
#4805=DIRECTION('',(0.,0.,1.));
#4806=DIRECTION('',(0.,0.,-1.));
#4807=DIRECTION('center_axis',(0.,-1.,0.));
#4808=DIRECTION('ref_axis',(1.,0.,0.));
#4809=DIRECTION('center_axis',(0.,0.,1.));
#4810=DIRECTION('ref_axis',(0.707106781186548,0.707106781186548,0.));
#4811=DIRECTION('',(0.,0.,-1.));
#4812=DIRECTION('center_axis',(0.,0.,1.));
#4813=DIRECTION('ref_axis',(0.707106781186547,-0.707106781186548,0.));
#4814=DIRECTION('',(0.,0.,-1.));
#4815=DIRECTION('center_axis',(0.,1.,0.));
#4816=DIRECTION('ref_axis',(-1.,0.,0.));
#4817=DIRECTION('center_axis',(1.,0.,0.));
#4818=DIRECTION('ref_axis',(0.,1.,0.));
#4819=DIRECTION('center_axis',(0.408248290463863,-0.816496580927726,0.408248290463863));
#4820=DIRECTION('ref_axis',(-0.577350269189625,-0.577350269189626,-0.577350269189626));
#4821=DIRECTION('center_axis',(0.,0.,-1.));
#4822=DIRECTION('ref_axis',(-1.,0.,0.));
#4823=DIRECTION('center_axis',(0.,-1.,0.));
#4824=DIRECTION('ref_axis',(0.,0.,-1.));
#4825=DIRECTION('center_axis',(-1.,0.,0.));
#4826=DIRECTION('ref_axis',(0.,-1.,0.));
#4827=DIRECTION('center_axis',(-0.408248290463863,-0.408248290463863,-0.816496580927726));
#4828=DIRECTION('ref_axis',(-0.577350269189626,-0.577350269189625,0.577350269189626));
#4829=DIRECTION('center_axis',(0.,0.,1.));
#4830=DIRECTION('ref_axis',(0.,-1.,0.));
#4831=DIRECTION('center_axis',(-1.,0.,0.));
#4832=DIRECTION('ref_axis',(0.,0.,1.));
#4833=DIRECTION('center_axis',(0.,-1.,0.));
#4834=DIRECTION('ref_axis',(-1.,0.,0.));
#4835=DIRECTION('center_axis',(-0.408248290463863,-0.816496580927726,0.408248290463863));
#4836=DIRECTION('ref_axis',(0.577350269189626,-0.577350269189626,-0.577350269189626));
#4837=DIRECTION('center_axis',(1.,0.,0.));
#4838=DIRECTION('ref_axis',(0.,0.,-1.));
#4839=DIRECTION('center_axis',(0.,-1.,0.));
#4840=DIRECTION('ref_axis',(1.,0.,0.));
#4841=DIRECTION('center_axis',(0.,0.,-1.));
#4842=DIRECTION('ref_axis',(0.,-1.,0.));
#4843=DIRECTION('center_axis',(-0.408248290463863,-0.816496580927726,-0.408248290463863));
#4844=DIRECTION('ref_axis',(-0.577350269189625,0.577350269189626,-0.577350269189626));
#4845=DIRECTION('center_axis',(0.,0.,-1.));
#4846=DIRECTION('ref_axis',(0.,1.,0.));
#4847=DIRECTION('center_axis',(-1.,0.,0.));
#4848=DIRECTION('ref_axis',(0.,0.,-1.));
#4849=DIRECTION('center_axis',(0.,1.,0.));
#4850=DIRECTION('ref_axis',(-1.,0.,0.));
#4851=DIRECTION('center_axis',(-0.816496580927726,-0.408248290463863,-0.408248290463863));
#4852=DIRECTION('ref_axis',(-0.577350269189626,0.577350269189626,0.577350269189626));
#4853=DIRECTION('center_axis',(0.,1.,0.));
#4854=DIRECTION('ref_axis',(0.,0.,1.));
#4855=DIRECTION('center_axis',(-1.,0.,0.));
#4856=DIRECTION('ref_axis',(0.,1.,0.));
#4857=DIRECTION('center_axis',(0.,-5.55111512312578E-16,1.));
#4858=DIRECTION('ref_axis',(-1.,0.,0.));
#4859=DIRECTION('center_axis',(-0.408248290463863,-0.816496580927726,-0.408248290463863));
#4860=DIRECTION('ref_axis',(0.577350269189626,-0.577350269189626,0.577350269189626));
#4861=DIRECTION('center_axis',(0.,-1.,0.));
#4862=DIRECTION('ref_axis',(0.,0.,1.));
#4863=DIRECTION('center_axis',(1.,0.,0.));
#4864=DIRECTION('ref_axis',(0.,-1.,0.));
#4865=DIRECTION('center_axis',(0.,-5.55111512312578E-16,1.));
#4866=DIRECTION('ref_axis',(1.,0.,0.));
#4867=DIRECTION('center_axis',(-1.,5.33761069531325E-17,2.20922758654685E-32));
#4868=DIRECTION('ref_axis',(0.,-0.707106781186548,0.707106781186547));
#4869=DIRECTION('',(1.,-5.33761069531325E-17,-2.20922758654685E-32));
#4870=DIRECTION('',(-1.,5.33761069531325E-17,2.20922758654685E-32));
#4871=DIRECTION('center_axis',(0.,0.,-1.));
#4872=DIRECTION('ref_axis',(0.707106781186547,-0.707106781186548,0.));
#4873=DIRECTION('center_axis',(0.,0.,1.));
#4874=DIRECTION('ref_axis',(0.,-1.,0.));
#4875=DIRECTION('',(0.,0.,1.));
#4876=DIRECTION('',(0.,0.,-1.));
#4877=DIRECTION('center_axis',(-2.82567197629406E-16,0.,1.));
#4878=DIRECTION('ref_axis',(0.,-1.,0.));
#4879=DIRECTION('center_axis',(0.,0.,-1.));
#4880=DIRECTION('ref_axis',(0.63737743920011,-0.770551750370285,0.));
#4881=DIRECTION('center_axis',(0.,0.,1.));
#4882=DIRECTION('ref_axis',(0.,-1.,0.));
#4883=DIRECTION('',(0.,0.,1.));
#4884=DIRECTION('',(0.,0.,-1.));
#4885=DIRECTION('center_axis',(0.,0.,1.));
#4886=DIRECTION('ref_axis',(0.,-1.,0.));
#4887=DIRECTION('center_axis',(0.,0.,-1.));
#4888=DIRECTION('ref_axis',(0.707106781186547,-0.707106781186548,0.));
#4889=DIRECTION('',(0.,0.,-1.));
#4890=DIRECTION('',(0.,0.,1.));
#4891=DIRECTION('center_axis',(-0.816496580927726,0.408248290463863,-0.408248290463862));
#4892=DIRECTION('ref_axis',(0.577350269189626,0.577350269189626,-0.577350269189626));
#4893=DIRECTION('center_axis',(0.,0.,-1.));
#4894=DIRECTION('ref_axis',(1.,0.,0.));
#4895=DIRECTION('center_axis',(0.,1.,0.));
#4896=DIRECTION('ref_axis',(0.,0.,-1.));
#4897=DIRECTION('center_axis',(1.,0.,0.));
#4898=DIRECTION('ref_axis',(0.,1.,0.));
#4899=DIRECTION('center_axis',(0.,1.,5.36362903793574E-16));
#4900=DIRECTION('ref_axis',(0.707106781186547,0.,-0.707106781186548));
#4901=DIRECTION('',(0.,-1.,-5.36362903793574E-16));
#4902=DIRECTION('',(0.,1.,5.36362903793574E-16));
#4903=DIRECTION('center_axis',(-1.,0.,2.73691106313441E-48));
#4904=DIRECTION('ref_axis',(0.,0.707106781186548,-0.707106781186547));
#4905=DIRECTION('',(1.,0.,-2.73691106313441E-48));
#4906=DIRECTION('',(-1.,0.,2.73691106313441E-48));
#4907=DIRECTION('center_axis',(-0.816496580927726,0.408248290463863,0.408248290463863));
#4908=DIRECTION('ref_axis',(0.577350269189625,0.577350269189626,0.577350269189626));
#4909=DIRECTION('center_axis',(1.,0.,0.));
#4910=DIRECTION('ref_axis',(0.,0.,1.));
#4911=DIRECTION('center_axis',(0.,1.,0.));
#4912=DIRECTION('ref_axis',(1.,0.,0.));
#4913=DIRECTION('center_axis',(0.,0.,1.));
#4914=DIRECTION('ref_axis',(0.,1.,0.));
#4915=DIRECTION('center_axis',(0.,-1.,-4.13898223878839E-16));
#4916=DIRECTION('ref_axis',(0.707106781186547,0.,0.707106781186548));
#4917=DIRECTION('',(0.,1.,4.13898223878839E-16));
#4918=DIRECTION('',(0.,-1.,-4.13898223878839E-16));
#4919=DIRECTION('center_axis',(0.,0.,-1.));
#4920=DIRECTION('ref_axis',(0.707106781186547,0.707106781186548,0.));
#4921=DIRECTION('center_axis',(0.,0.,1.));
#4922=DIRECTION('ref_axis',(1.,0.,0.));
#4923=DIRECTION('',(0.,0.,1.));
#4924=DIRECTION('',(0.,0.,-1.));
#4925=DIRECTION('center_axis',(5.65134395259378E-16,0.,1.));
#4926=DIRECTION('ref_axis',(0.982264602843364,0.18750000000258,-5.55111512312578E-16));
#4927=DIRECTION('center_axis',(0.,0.,-1.));
#4928=DIRECTION('ref_axis',(0.637377439198086,0.770551750371959,0.));
#4929=DIRECTION('center_axis',(0.,0.,1.));
#4930=DIRECTION('ref_axis',(0.982264602843364,0.187500000002581,0.));
#4931=DIRECTION('',(0.,0.,1.));
#4932=DIRECTION('',(0.,0.,-1.));
#4933=DIRECTION('center_axis',(0.,0.,1.));
#4934=DIRECTION('ref_axis',(1.,0.,0.));
#4935=DIRECTION('center_axis',(0.,0.,-1.));
#4936=DIRECTION('ref_axis',(0.707106781186547,0.707106781186548,0.));
#4937=DIRECTION('',(0.,0.,-1.));
#4938=DIRECTION('',(0.,0.,1.));
#4939=DIRECTION('center_axis',(1.,0.,2.73691106313441E-48));
#4940=DIRECTION('ref_axis',(0.,0.707106781186548,0.707106781186547));
#4941=DIRECTION('',(-1.,0.,-2.73691106313441E-48));
#4942=DIRECTION('',(1.,0.,2.73691106313441E-48));
#4943=DIRECTION('center_axis',(0.,0.,-1.));
#4944=DIRECTION('ref_axis',(-0.707106781186547,0.707106781186548,0.));
#4945=DIRECTION('center_axis',(0.,0.,1.));
#4946=DIRECTION('ref_axis',(0.,1.,0.));
#4947=DIRECTION('',(0.,0.,1.));
#4948=DIRECTION('',(0.,0.,-1.));
#4949=DIRECTION('center_axis',(-2.82567197629689E-16,0.,1.));
#4950=DIRECTION('ref_axis',(0.,1.,0.));
#4951=DIRECTION('center_axis',(0.,0.,-1.));
#4952=DIRECTION('ref_axis',(-0.637377439198086,0.770551750371959,0.));
#4953=DIRECTION('center_axis',(0.,0.,1.));
#4954=DIRECTION('ref_axis',(0.,1.,0.));
#4955=DIRECTION('',(0.,0.,1.));
#4956=DIRECTION('',(0.,0.,-1.));
#4957=DIRECTION('center_axis',(1.11022302462516E-15,0.,1.));
#4958=DIRECTION('ref_axis',(0.,1.,0.));
#4959=DIRECTION('center_axis',(0.,0.,-1.));
#4960=DIRECTION('ref_axis',(-0.707106781186547,0.707106781186548,0.));
#4961=DIRECTION('',(0.,0.,-1.));
#4962=DIRECTION('',(0.,0.,1.));
#4963=DIRECTION('center_axis',(0.,1.,4.13898223878839E-16));
#4964=DIRECTION('ref_axis',(-0.707106781186547,0.,0.707106781186548));
#4965=DIRECTION('',(0.,-1.,-4.13898223878839E-16));
#4966=DIRECTION('',(0.,1.,4.13898223878839E-16));
#4967=DIRECTION('center_axis',(0.,-1.,-5.36362903793574E-16));
#4968=DIRECTION('ref_axis',(-0.707106781186547,0.,-0.707106781186548));
#4969=DIRECTION('',(0.,1.,5.36362903793574E-16));
#4970=DIRECTION('',(0.,-1.,-5.36362903793574E-16));
#4971=DIRECTION('center_axis',(1.,-5.33761069531325E-17,-2.86289637185785E-32));
#4972=DIRECTION('ref_axis',(0.,-0.707106781186548,-0.707106781186547));
#4973=DIRECTION('',(-1.,5.33761069531325E-17,2.86289637185785E-32));
#4974=DIRECTION('',(1.,-5.33761069531325E-17,-2.86289637185785E-32));
#4975=DIRECTION('center_axis',(0.,0.,-1.));
#4976=DIRECTION('ref_axis',(-0.707106781186547,-0.707106781186548,0.));
#4977=DIRECTION('center_axis',(0.,0.,1.));
#4978=DIRECTION('ref_axis',(-1.,0.,0.));
#4979=DIRECTION('',(0.,0.,1.));
#4980=DIRECTION('',(0.,0.,-1.));
#4981=DIRECTION('center_axis',(0.,0.,1.));
#4982=DIRECTION('ref_axis',(-0.982264602844349,-0.187499999997421,0.));
#4983=DIRECTION('center_axis',(0.,0.,-1.));
#4984=DIRECTION('ref_axis',(-0.637377439200109,-0.770551750370286,0.));
#4985=DIRECTION('center_axis',(0.,0.,1.));
#4986=DIRECTION('ref_axis',(-0.982264602844349,-0.187499999997421,0.));
#4987=DIRECTION('',(0.,0.,1.));
#4988=DIRECTION('',(0.,0.,-1.));
#4989=DIRECTION('center_axis',(1.11022302462516E-15,0.,1.));
#4990=DIRECTION('ref_axis',(-1.,0.,1.11022302462516E-15));
#4991=DIRECTION('center_axis',(0.,0.,-1.));
#4992=DIRECTION('ref_axis',(-0.707106781186547,-0.707106781186548,0.));
#4993=DIRECTION('',(0.,0.,-1.));
#4994=DIRECTION('',(0.,0.,1.));
#4995=DIRECTION('center_axis',(1.,0.,0.));
#4996=DIRECTION('ref_axis',(0.,0.,-1.));
#4997=DIRECTION('center_axis',(0.,0.,-1.));
#4998=DIRECTION('ref_axis',(0.,-1.,0.));
#4999=DIRECTION('center_axis',(-1.,0.,0.));
#5000=DIRECTION('ref_axis',(0.,0.,-1.));
#5001=DIRECTION('center_axis',(0.,1.,0.));
#5002=DIRECTION('ref_axis',(-1.,0.,0.));
#5003=DIRECTION('center_axis',(1.,0.,0.));
#5004=DIRECTION('ref_axis',(0.,0.707106781186547,-0.707106781186547));
#5005=DIRECTION('center_axis',(0.,0.,-1.));
#5006=DIRECTION('ref_axis',(-0.707106781186547,-0.707106781186547,0.));
#5007=DIRECTION('center_axis',(0.,0.,1.));
#5008=DIRECTION('ref_axis',(-1.,0.,0.));
#5009=DIRECTION('',(0.,0.,-1.));
#5010=DIRECTION('center_axis',(-1.,0.,0.));
#5011=DIRECTION('ref_axis',(0.,0.,1.));
#5012=DIRECTION('center_axis',(1.,0.,0.));
#5013=DIRECTION('ref_axis',(0.,0.707106781186548,0.707106781186547));
#5014=DIRECTION('center_axis',(0.,1.,0.));
#5015=DIRECTION('ref_axis',(0.,0.,-1.));
#5016=DIRECTION('center_axis',(-1.,0.,0.));
#5017=DIRECTION('ref_axis',(0.,1.,0.));
#5018=DIRECTION('center_axis',(1.,0.,0.));
#5019=DIRECTION('ref_axis',(0.,-1.,-4.13898223878839E-16));
#5020=DIRECTION('center_axis',(1.,0.,0.));
#5021=DIRECTION('ref_axis',(0.,-0.707106781186548,0.707106781186547));
#5022=DIRECTION('',(0.,-1.,0.));
#5023=DIRECTION('center_axis',(-1.,0.,0.));
#5024=DIRECTION('ref_axis',(0.,0.,1.));
#5025=DIRECTION('center_axis',(0.,0.,-1.));
#5026=DIRECTION('ref_axis',(0.,1.,0.));
#5027=DIRECTION('center_axis',(1.,0.,0.));
#5028=DIRECTION('ref_axis',(0.,0.,-1.));
#5029=DIRECTION('center_axis',(0.,-1.,0.));
#5030=DIRECTION('ref_axis',(1.,0.,0.));
#5031=DIRECTION('center_axis',(-1.,0.,0.));
#5032=DIRECTION('ref_axis',(0.,-0.707106781186546,-0.707106781186549));
#5033=DIRECTION('center_axis',(0.,0.,-1.));
#5034=DIRECTION('ref_axis',(0.707106781186547,0.707106781186547,0.));
#5035=DIRECTION('center_axis',(0.,0.,1.));
#5036=DIRECTION('ref_axis',(1.,0.,0.));
#5037=DIRECTION('',(0.,0.,-1.));
#5038=DIRECTION('center_axis',(1.,0.,0.));
#5039=DIRECTION('ref_axis',(0.,0.,-1.));
#5040=DIRECTION('center_axis',(-1.,0.,0.));
#5041=DIRECTION('ref_axis',(0.,-0.707106781186547,0.707106781186548));
#5042=DIRECTION('center_axis',(0.,-1.,0.));
#5043=DIRECTION('ref_axis',(0.,0.,-1.));
#5044=DIRECTION('center_axis',(1.,0.,0.));
#5045=DIRECTION('ref_axis',(0.,-1.,0.));
#5046=DIRECTION('center_axis',(-1.,0.,0.));
#5047=DIRECTION('ref_axis',(0.,1.,4.13898223878839E-16));
#5048=DIRECTION('center_axis',(-1.,0.,0.));
#5049=DIRECTION('ref_axis',(0.,0.707106781186548,0.707106781186547));
#5050=DIRECTION('',(0.,1.,0.));
#5051=DIRECTION('center_axis',(-5.33761069531325E-17,-1.,0.));
#5052=DIRECTION('ref_axis',(-1.,5.33761069531325E-17,2.20922758654685E-32));
#5053=DIRECTION('center_axis',(-2.73691106313441E-48,-4.13898223878839E-16,
1.));
#5054=DIRECTION('ref_axis',(1.,0.,2.73691106313441E-48));
#5055=DIRECTION('center_axis',(-2.73691106313441E-48,5.36362903793574E-16,
-1.));
#5056=DIRECTION('ref_axis',(-1.,0.,2.73691106313441E-48));
#5057=DIRECTION('center_axis',(0.,1.,0.));
#5058=DIRECTION('ref_axis',(1.,0.,2.73691106313441E-48));
#5059=DIRECTION('center_axis',(-0.816496580927727,-0.408248290463863,0.408248290463863));
#5060=DIRECTION('ref_axis',(-0.577350269189626,0.577350269189626,-0.577350269189626));
#5061=DIRECTION('center_axis',(0.,0.,-1.));
#5062=DIRECTION('ref_axis',(0.,1.,0.));
#5063=DIRECTION('center_axis',(-1.,0.,0.));
#5064=DIRECTION('ref_axis',(0.,0.,-1.));
#5065=DIRECTION('center_axis',(0.,1.,0.));
#5066=DIRECTION('ref_axis',(-1.,0.,0.));
#5067=DIRECTION('center_axis',(1.,0.,0.));
#5068=DIRECTION('ref_axis',(0.,0.,-1.));
#5069=DIRECTION('center_axis',(-1.,0.,0.));
#5070=DIRECTION('ref_axis',(0.,0.707106781186548,-0.707106781186547));
#5071=DIRECTION('center_axis',(0.,1.,0.));
#5072=DIRECTION('ref_axis',(0.,0.,1.));
#5073=DIRECTION('center_axis',(1.,0.,0.));
#5074=DIRECTION('ref_axis',(0.,1.,0.));
#5075=DIRECTION('center_axis',(0.,0.,-1.));
#5076=DIRECTION('ref_axis',(1.,0.,0.));
#5077=DIRECTION('center_axis',(-0.816496580927726,0.408248290463864,0.408248290463862));
#5078=DIRECTION('ref_axis',(-0.577350269189626,-0.577350269189626,-0.577350269189625));
#5079=DIRECTION('center_axis',(0.,-1.8503717077086E-15,-1.));
#5080=DIRECTION('ref_axis',(-1.,0.,0.));
#5081=DIRECTION('center_axis',(1.85037170770859E-15,-1.,0.));
#5082=DIRECTION('ref_axis',(0.,0.,-1.));
#5083=DIRECTION('center_axis',(-1.,0.,0.));
#5084=DIRECTION('ref_axis',(0.,-1.,0.));
#5085=DIRECTION('center_axis',(0.,1.,5.36362903793574E-16));
#5086=DIRECTION('ref_axis',(-0.707106781186548,0.,-0.707106781186547));
#5087=DIRECTION('',(0.,-1.,-5.36362903793574E-16));
#5088=DIRECTION('',(0.,1.,5.36362903793574E-16));
#5089=DIRECTION('center_axis',(-0.816496580927726,-0.408248290463862,-0.408248290463863));
#5090=DIRECTION('ref_axis',(-0.577350269189627,0.577350269189625,0.577350269189626));
#5091=DIRECTION('center_axis',(0.,1.,0.));
#5092=DIRECTION('ref_axis',(0.,0.,1.));
#5093=DIRECTION('center_axis',(-1.,0.,0.));
#5094=DIRECTION('ref_axis',(0.,1.,0.));
#5095=DIRECTION('center_axis',(0.,0.,1.));
#5096=DIRECTION('ref_axis',(-1.,0.,0.));
#5097=DIRECTION('center_axis',(-1.,0.,0.));
#5098=DIRECTION('ref_axis',(0.,0.,1.));
#5099=DIRECTION('center_axis',(0.,0.,1.));
#5100=DIRECTION('ref_axis',(0.,-1.,0.));
#5101=DIRECTION('center_axis',(1.,0.,0.));
#5102=DIRECTION('ref_axis',(0.,0.,1.));
#5103=DIRECTION('center_axis',(0.,1.,0.));
#5104=DIRECTION('ref_axis',(1.,0.,0.));
#5105=DIRECTION('center_axis',(0.,0.,1.));
#5106=DIRECTION('ref_axis',(0.707106781186547,-0.707106781186547,0.));
#5107=DIRECTION('',(0.,0.,1.));
#5108=DIRECTION('center_axis',(1.,1.40891246779847E-16,0.));
#5109=DIRECTION('ref_axis',(0.,0.707106781186548,0.707106781186547));
#5110=DIRECTION('',(-1.,-1.40891246779847E-16,0.));
#5111=DIRECTION('',(1.,1.40891246779847E-16,0.));
#5112=DIRECTION('center_axis',(-0.816496580927726,0.408248290463862,-0.408248290463863));
#5113=DIRECTION('ref_axis',(-0.577350269189626,-0.577350269189626,0.577350269189626));
#5114=DIRECTION('center_axis',(0.,0.,1.));
#5115=DIRECTION('ref_axis',(0.,-1.,0.));
#5116=DIRECTION('center_axis',(-1.,0.,0.));
#5117=DIRECTION('ref_axis',(0.,0.,1.));
#5118=DIRECTION('center_axis',(0.,-1.,1.85037170770859E-15));
#5119=DIRECTION('ref_axis',(-1.,0.,0.));
#5120=DIRECTION('center_axis',(0.,-1.,0.));
#5121=DIRECTION('ref_axis',(0.707106781186548,0.,-0.707106781186547));
#5122=DIRECTION('',(0.,-1.,0.));
#5123=DIRECTION('center_axis',(-1.,-7.04456233899234E-17,0.));
#5124=DIRECTION('ref_axis',(0.,-0.707106781186548,0.707106781186547));
#5125=DIRECTION('',(1.,7.04456233899234E-17,0.));
#5126=DIRECTION('',(-1.,-7.04456233899234E-17,0.));
#5127=DIRECTION('center_axis',(0.,1.,0.));
#5128=DIRECTION('ref_axis',(-0.707106781186548,0.,0.707106781186547));
#5129=DIRECTION('',(0.,-1.,0.));
#5130=DIRECTION('',(0.,1.,0.));
#5131=DIRECTION('center_axis',(0.,0.,-1.));
#5132=DIRECTION('ref_axis',(-0.707106781186549,-0.707106781186546,0.));
#5133=DIRECTION('',(0.,0.,1.));
#5134=DIRECTION('',(0.,0.,-1.));
#5135=DIRECTION('center_axis',(-1.,-7.04456233899234E-17,-3.77844191209678E-32));
#5136=DIRECTION('ref_axis',(0.,-0.707106781186548,-0.707106781186547));
#5137=DIRECTION('',(1.,7.04456233899234E-17,3.77844191209678E-32));
#5138=DIRECTION('',(-1.,-7.04456233899234E-17,-3.77844191209678E-32));
#5139=DIRECTION('center_axis',(0.,1.,5.36362903793574E-16));
#5140=DIRECTION('ref_axis',(0.707106781186547,0.,0.707106781186547));
#5141=DIRECTION('',(0.,-1.,-5.36362903793574E-16));
#5142=DIRECTION('',(0.,1.,5.36362903793574E-16));
#5143=DIRECTION('center_axis',(0.,0.,-1.));
#5144=DIRECTION('ref_axis',(-0.707106781186547,0.707106781186547,0.));
#5145=DIRECTION('',(0.,0.,1.));
#5146=DIRECTION('',(0.,0.,-1.));
#5147=DIRECTION('center_axis',(1.,1.40891246779847E-16,7.55688382419357E-32));
#5148=DIRECTION('ref_axis',(0.,0.707106781186548,-0.707106781186547));
#5149=DIRECTION('',(-1.,-1.40891246779847E-16,-7.55688382419357E-32));
#5150=DIRECTION('',(1.,1.40891246779847E-16,7.55688382419357E-32));
#5151=DIRECTION('center_axis',(2.73691106313441E-48,-5.36362903793574E-16,
1.));
#5152=DIRECTION('ref_axis',(1.,0.,-2.73691106313441E-48));
#5153=DIRECTION('center_axis',(-1.40891246779847E-16,1.,0.));
#5154=DIRECTION('ref_axis',(1.,1.40891246779847E-16,0.));
#5155=DIRECTION('center_axis',(0.,0.,1.));
#5156=DIRECTION('ref_axis',(1.,0.,0.));
#5157=DIRECTION('center_axis',(-1.,0.,0.));
#5158=DIRECTION('ref_axis',(0.,1.,4.13898223878839E-16));
#5159=DIRECTION('center_axis',(7.04456233899234E-17,-1.,0.));
#5160=DIRECTION('ref_axis',(-1.,-7.04456233899234E-17,0.));
#5161=DIRECTION('center_axis',(-1.,0.,0.));
#5162=DIRECTION('ref_axis',(0.,1.,0.));
#5163=DIRECTION('center_axis',(-0.816496580927727,-0.408248290463863,0.408248290463863));
#5164=DIRECTION('ref_axis',(0.577350269189626,-0.577350269189626,0.577350269189626));
#5165=DIRECTION('center_axis',(0.,0.,1.));
#5166=DIRECTION('ref_axis',(1.,0.,0.));
#5167=DIRECTION('center_axis',(0.,-1.,0.));
#5168=DIRECTION('ref_axis',(0.,0.,1.));
#5169=DIRECTION('center_axis',(1.,0.,0.));
#5170=DIRECTION('ref_axis',(0.,-1.,0.));
#5171=DIRECTION('center_axis',(1.,0.,0.));
#5172=DIRECTION('ref_axis',(0.,0.,-1.));
#5173=DIRECTION('center_axis',(0.,0.,1.));
#5174=DIRECTION('ref_axis',(0.,1.,0.));
#5175=DIRECTION('center_axis',(-1.,0.,0.));
#5176=DIRECTION('ref_axis',(0.,0.,1.));
#5177=DIRECTION('center_axis',(0.,-1.,0.));
#5178=DIRECTION('ref_axis',(-1.,0.,0.));
#5179=DIRECTION('center_axis',(-0.816496580927727,-0.408248290463863,-0.408248290463863));
#5180=DIRECTION('ref_axis',(0.577350269189626,-0.577350269189626,-0.577350269189626));
#5181=DIRECTION('center_axis',(0.,0.,-1.));
#5182=DIRECTION('ref_axis',(0.,-1.,0.));
#5183=DIRECTION('center_axis',(1.,0.,0.));
#5184=DIRECTION('ref_axis',(0.,0.,-1.));
#5185=DIRECTION('center_axis',(0.,-1.,0.));
#5186=DIRECTION('ref_axis',(1.,0.,0.));
#5187=DIRECTION('center_axis',(-0.816496580927727,0.408248290463863,0.408248290463862));
#5188=DIRECTION('ref_axis',(0.577350269189625,0.577350269189626,0.577350269189626));
#5189=DIRECTION('center_axis',(1.,1.85037170770859E-15,0.));
#5190=DIRECTION('ref_axis',(0.,0.,1.));
#5191=DIRECTION('center_axis',(0.,1.,0.));
#5192=DIRECTION('ref_axis',(1.,0.,0.));
#5193=DIRECTION('center_axis',(0.,0.,1.));
#5194=DIRECTION('ref_axis',(0.,1.,0.));
#5195=DIRECTION('center_axis',(3.1720657846433E-16,-1.,0.));
#5196=DIRECTION('ref_axis',(0.707106781186547,0.,0.707106781186549));
#5197=DIRECTION('',(-3.1720657846433E-16,1.,0.));
#5198=DIRECTION('',(3.1720657846433E-16,-1.,0.));
#5199=DIRECTION('center_axis',(-1.,0.,0.));
#5200=DIRECTION('ref_axis',(0.,0.,1.));
#5201=DIRECTION('center_axis',(1.,0.,0.));
#5202=DIRECTION('ref_axis',(0.,-0.707106781186547,-0.707106781186548));
#5203=DIRECTION('center_axis',(0.,-1.,0.));
#5204=DIRECTION('ref_axis',(0.,0.,1.));
#5205=DIRECTION('center_axis',(-1.,0.,0.));
#5206=DIRECTION('ref_axis',(0.,-1.,0.));
#5207=DIRECTION('center_axis',(0.,0.,-1.));
#5208=DIRECTION('ref_axis',(-1.,0.,0.));
#5209=DIRECTION('center_axis',(0.,0.,1.));
#5210=DIRECTION('ref_axis',(-0.707106781186547,0.707106781186547,0.));
#5211=DIRECTION('',(0.,0.,1.));
#5212=DIRECTION('center_axis',(-0.816496580927726,0.408248290463862,-0.408248290463864));
#5213=DIRECTION('ref_axis',(0.577350269189627,0.577350269189625,-0.577350269189625));
#5214=DIRECTION('center_axis',(0.,1.,0.));
#5215=DIRECTION('ref_axis',(0.,0.,-1.));
#5216=DIRECTION('center_axis',(1.,0.,0.));
#5217=DIRECTION('ref_axis',(0.,1.,0.));
#5218=DIRECTION('center_axis',(0.,-1.85037170770859E-15,-1.));
#5219=DIRECTION('ref_axis',(1.,0.,0.));
#5220=DIRECTION('center_axis',(1.,1.40891246779847E-16,7.55688382419357E-32));
#5221=DIRECTION('ref_axis',(0.,0.707106781186548,-0.707106781186547));
#5222=DIRECTION('',(-1.,-1.40891246779847E-16,-7.55688382419357E-32));
#5223=DIRECTION('',(1.,1.40891246779847E-16,7.55688382419357E-32));
#5224=DIRECTION('center_axis',(0.,-1.,-5.36362903793574E-16));
#5225=DIRECTION('ref_axis',(-0.707106781186547,0.,0.707106781186547));
#5226=DIRECTION('',(0.,1.,5.36362903793574E-16));
#5227=DIRECTION('',(0.,-1.,-5.36362903793574E-16));
#5228=DIRECTION('center_axis',(0.,0.,-1.));
#5229=DIRECTION('ref_axis',(0.707106781186547,0.707106781186547,0.));
#5230=DIRECTION('',(0.,0.,1.));
#5231=DIRECTION('',(0.,0.,-1.));
#5232=DIRECTION('center_axis',(3.1720657846433E-16,-1.,-5.36362903793574E-16));
#5233=DIRECTION('ref_axis',(0.707106781186548,0.,-0.707106781186547));
#5234=DIRECTION('',(-3.1720657846433E-16,1.,5.36362903793574E-16));
#5235=DIRECTION('',(3.1720657846433E-16,-1.,-5.36362903793574E-16));
#5236=DIRECTION('center_axis',(0.,1.,0.));
#5237=DIRECTION('ref_axis',(-0.707106781186548,0.,-0.707106781186547));
#5238=DIRECTION('',(0.,1.,0.));
#5239=DIRECTION('center_axis',(1.,1.40891246779847E-16,0.));
#5240=DIRECTION('ref_axis',(0.,0.707106781186548,0.707106781186547));
#5241=DIRECTION('',(-1.,-1.40891246779847E-16,0.));
#5242=DIRECTION('',(1.,1.40891246779847E-16,0.));
#5243=DIRECTION('center_axis',(-1.,-7.04456233899234E-17,-3.77844191209678E-32));
#5244=DIRECTION('ref_axis',(0.,-0.707106781186548,-0.707106781186547));
#5245=DIRECTION('',(1.,7.04456233899234E-17,3.77844191209678E-32));
#5246=DIRECTION('',(-1.,-7.04456233899234E-17,-3.77844191209678E-32));
#5247=DIRECTION('center_axis',(0.,0.,-1.));
#5248=DIRECTION('ref_axis',(0.707106781186547,-0.707106781186547,0.));
#5249=DIRECTION('',(0.,0.,1.));
#5250=DIRECTION('',(0.,0.,-1.));
#5251=DIRECTION('center_axis',(-1.,-7.04456233899234E-17,0.));
#5252=DIRECTION('ref_axis',(0.,-0.707106781186548,0.707106781186547));
#5253=DIRECTION('',(1.,7.04456233899234E-17,0.));
#5254=DIRECTION('',(-1.,-7.04456233899234E-17,0.));
#5255=DIRECTION('center_axis',(1.,3.1720657846433E-16,0.));
#5256=DIRECTION('ref_axis',(3.1720657846433E-16,-1.,0.));
#5257=DIRECTION('center_axis',(7.04456233899234E-17,-1.,0.));
#5258=DIRECTION('ref_axis',(-1.,-7.04456233899234E-17,0.));
#5259=DIRECTION('center_axis',(1.,0.,0.));
#5260=DIRECTION('ref_axis',(0.,-1.,-4.13898223878839E-16));
#5261=DIRECTION('center_axis',(-1.40891246779847E-16,1.,0.));
#5262=DIRECTION('ref_axis',(1.,1.40891246779847E-16,0.));
#5263=DIRECTION('center_axis',(2.73691106313441E-48,-5.36362903793574E-16,
1.));
#5264=DIRECTION('ref_axis',(1.,0.,-2.73691106313441E-48));
#5265=DIRECTION('center_axis',(0.,0.,1.));
#5266=DIRECTION('ref_axis',(1.,0.,0.));
#5267=DIRECTION('center_axis',(-6.842277657836E-48,2.77555756156289E-16,
1.));
#5268=DIRECTION('ref_axis',(1.,0.,0.));
#5269=DIRECTION('center_axis',(0.120689655172416,-0.99269028761964,2.29605752841062E-16));
#5270=DIRECTION('ref_axis',(0.99269028761964,0.120689655172416,0.));
#5271=DIRECTION('center_axis',(-6.842277657836E-48,2.77555756156289E-16,
1.));
#5272=DIRECTION('ref_axis',(-0.663064983552738,-0.748561839520428,2.07767647397835E-16));
#5273=DIRECTION('center_axis',(-1.,0.,0.));
#5274=DIRECTION('ref_axis',(0.,0.,1.));
#5275=DIRECTION('center_axis',(6.842277657836E-48,-2.77555756156289E-16,
-1.));
#5276=DIRECTION('ref_axis',(-0.663064983552738,-0.748561839520428,2.16840434497101E-16));
#5277=DIRECTION('center_axis',(1.,0.,6.842277657836E-48));
#5278=DIRECTION('ref_axis',(0.,0.707106781186548,0.707106781186547));
#5279=DIRECTION('center_axis',(-1.,0.,0.));
#5280=DIRECTION('ref_axis',(0.,4.62592926927148E-16,1.));
#5281=DIRECTION('',(-1.,0.,-6.842277657836E-48));
#5282=DIRECTION('',(1.,0.,6.842277657836E-48));
#5283=DIRECTION('center_axis',(-6.842277657836E-48,2.77555756156289E-16,
1.));
#5284=DIRECTION('ref_axis',(1.,0.,0.));
#5285=DIRECTION('center_axis',(-0.166666666666668,-0.986013297183269,2.2806138856655E-16));
#5286=DIRECTION('ref_axis',(0.,2.31296463463575E-16,1.));
#5287=DIRECTION('center_axis',(6.842277657836E-48,-2.77555756156289E-16,
-1.));
#5288=DIRECTION('ref_axis',(0.645497224367902,-0.763762615825974,2.16840434497101E-16));
#5289=DIRECTION('center_axis',(-6.842277657836E-48,2.77555756156289E-16,
1.));
#5290=DIRECTION('ref_axis',(0.645497224367902,-0.763762615825974,2.11986710359483E-16));
#5291=DIRECTION('center_axis',(6.842277657836E-48,-2.77555756156289E-16,
-1.));
#5292=DIRECTION('ref_axis',(-1.,0.,0.));
#5293=DIRECTION('center_axis',(-0.166666666666669,0.986013297183269,-3.42092082849824E-16));
#5294=DIRECTION('ref_axis',(0.,3.46944695195362E-16,1.));
#5295=DIRECTION('center_axis',(-6.842277657836E-48,2.77555756156289E-16,
1.));
#5296=DIRECTION('ref_axis',(1.5789871518083E-48,1.,-2.66880534765663E-16));
#5297=DIRECTION('center_axis',(6.842277657836E-48,-2.77555756156289E-16,
-1.));
#5298=DIRECTION('ref_axis',(1.5789871518083E-48,1.,-2.77555756156289E-16));
#5299=DIRECTION('center_axis',(-6.842277657836E-48,2.77555756156289E-16,
1.));
#5300=DIRECTION('ref_axis',(1.,0.,0.));
#5301=DIRECTION('center_axis',(-1.,0.,0.));
#5302=DIRECTION('ref_axis',(0.,0.,1.));
#5303=DIRECTION('center_axis',(6.842277657836E-48,-2.77555756156289E-16,
-1.));
#5304=DIRECTION('ref_axis',(-0.645497224367902,-0.763762615825974,2.16840434497101E-16));
#5305=DIRECTION('center_axis',(-6.842277657836E-48,2.77555756156289E-16,
1.));
#5306=DIRECTION('ref_axis',(-0.645497224367902,-0.763762615825974,2.11986710359483E-16));
#5307=DIRECTION('center_axis',(1.,0.,6.842277657836E-48));
#5308=DIRECTION('ref_axis',(0.,0.707106781186548,0.707106781186547));
#5309=DIRECTION('center_axis',(-1.,0.,0.));
#5310=DIRECTION('ref_axis',(0.,4.62592926927148E-16,1.));
#5311=DIRECTION('',(-1.,0.,-6.842277657836E-48));
#5312=DIRECTION('',(1.,0.,6.842277657836E-48));
#5313=DIRECTION('center_axis',(-4.62592926927148E-16,1.,-9.251858538543E-16));
#5314=DIRECTION('ref_axis',(0.,9.251858538543E-16,1.));
#5315=DIRECTION('center_axis',(-6.842277657836E-48,2.77555756156289E-16,
1.));
#5316=DIRECTION('ref_axis',(0.707106781186548,0.707106781186547,-2.08166817117217E-16));
#5317=DIRECTION('center_axis',(6.842277657836E-48,-2.77555756156289E-16,
-1.));
#5318=DIRECTION('ref_axis',(0.707106781186548,0.707106781186547,-1.96261557335472E-16));
#5319=DIRECTION('center_axis',(0.,-1.,2.77555756156289E-16));
#5320=DIRECTION('ref_axis',(0.707106781186547,0.,0.707106781186547));
#5321=DIRECTION('center_axis',(0.,1.,0.));
#5322=DIRECTION('ref_axis',(0.,0.,1.));
#5323=DIRECTION('',(0.,1.,-2.77555756156289E-16));
#5324=DIRECTION('',(0.,-1.,2.77555756156289E-16));
#5325=DIRECTION('center_axis',(-6.842277657836E-48,2.77555756156289E-16,
1.));
#5326=DIRECTION('ref_axis',(1.,0.,0.));
#5327=DIRECTION('center_axis',(-1.,0.,0.));
#5328=DIRECTION('ref_axis',(0.,0.,1.));
#5329=DIRECTION('center_axis',(6.842277657836E-48,-2.77555756156289E-16,
-1.));
#5330=DIRECTION('ref_axis',(-0.707106781186548,-0.707106781186548,2.16840434497101E-16));
#5331=DIRECTION('center_axis',(-6.842277657836E-48,2.77555756156289E-16,
1.));
#5332=DIRECTION('ref_axis',(-0.707106781186548,-0.707106781186548,1.96261557335472E-16));
#5333=DIRECTION('center_axis',(1.,0.,6.842277657836E-48));
#5334=DIRECTION('ref_axis',(0.,0.707106781186547,0.707106781186547));
#5335=DIRECTION('center_axis',(-1.,0.,0.));
#5336=DIRECTION('ref_axis',(0.,0.,1.));
#5337=DIRECTION('',(-1.,0.,-6.842277657836E-48));
#5338=DIRECTION('',(1.,0.,6.842277657836E-48));
#5339=DIRECTION('center_axis',(0.,1.,0.));
#5340=DIRECTION('ref_axis',(0.,0.,1.));
#5341=DIRECTION('center_axis',(-6.842277657836E-48,2.77555756156289E-16,
1.));
#5342=DIRECTION('ref_axis',(0.707106781186547,0.707106781186548,-2.08166817117217E-16));
#5343=DIRECTION('center_axis',(6.842277657836E-48,-2.77555756156289E-16,
-1.));
#5344=DIRECTION('ref_axis',(0.707106781186547,0.707106781186548,-1.96261557335472E-16));
#5345=DIRECTION('center_axis',(0.,-1.,2.77555756156289E-16));
#5346=DIRECTION('ref_axis',(0.70710678118655,0.,0.707106781186545));
#5347=DIRECTION('center_axis',(0.,1.,0.));
#5348=DIRECTION('ref_axis',(0.,0.,1.));
#5349=DIRECTION('',(0.,1.,-2.77555756156289E-16));
#5350=DIRECTION('',(0.,-1.,2.77555756156289E-16));
#5351=DIRECTION('center_axis',(1.,0.,0.));
#5352=DIRECTION('ref_axis',(0.,0.,1.));
#5353=DIRECTION('center_axis',(-6.842277657836E-48,2.77555756156289E-16,
1.));
#5354=DIRECTION('ref_axis',(0.707106781186547,-0.707106781186548,2.08166817117217E-16));
#5355=DIRECTION('center_axis',(6.842277657836E-48,-2.77555756156289E-16,
-1.));
#5356=DIRECTION('ref_axis',(0.707106781186548,-0.707106781186548,1.96261557335472E-16));
#5357=DIRECTION('center_axis',(-1.,0.,-6.842277657836E-48));
#5358=DIRECTION('ref_axis',(0.,-0.707106781186547,0.707106781186547));
#5359=DIRECTION('center_axis',(1.,0.,0.));
#5360=DIRECTION('ref_axis',(0.,0.,1.));
#5361=DIRECTION('',(1.,0.,6.842277657836E-48));
#5362=DIRECTION('',(-1.,0.,-6.842277657836E-48));
#5363=DIRECTION('center_axis',(-6.842277657836E-48,2.77555756156289E-16,
1.));
#5364=DIRECTION('ref_axis',(1.,0.,0.));
#5365=DIRECTION('center_axis',(0.,1.,0.));
#5366=DIRECTION('ref_axis',(0.,0.,1.));
#5367=DIRECTION('center_axis',(6.842277657836E-48,-2.77555756156289E-16,
-1.));
#5368=DIRECTION('ref_axis',(-0.707106781186548,0.707106781186548,-2.16840434497101E-16));
#5369=DIRECTION('center_axis',(-6.842277657836E-48,2.77555756156289E-16,
1.));
#5370=DIRECTION('ref_axis',(-0.707106781186548,0.707106781186547,-1.96261557335472E-16));
#5371=DIRECTION('center_axis',(0.,-1.,2.77555756156289E-16));
#5372=DIRECTION('ref_axis',(0.707106781186547,0.,0.707106781186547));
#5373=DIRECTION('center_axis',(0.,1.,0.));
#5374=DIRECTION('ref_axis',(0.,0.,1.));
#5375=DIRECTION('',(0.,1.,-2.77555756156289E-16));
#5376=DIRECTION('',(0.,-1.,2.77555756156289E-16));
#5377=DIRECTION('center_axis',(1.,0.,0.));
#5378=DIRECTION('ref_axis',(0.,0.,1.));
#5379=DIRECTION('center_axis',(-6.842277657836E-48,2.77555756156289E-16,
1.));
#5380=DIRECTION('ref_axis',(0.707106781186547,-0.707106781186548,2.08166817117217E-16));
#5381=DIRECTION('center_axis',(6.842277657836E-48,-2.77555756156289E-16,
-1.));
#5382=DIRECTION('ref_axis',(0.707106781186548,-0.707106781186548,1.96261557335472E-16));
#5383=DIRECTION('center_axis',(-1.,0.,-6.842277657836E-48));
#5384=DIRECTION('ref_axis',(0.,-0.707106781186547,0.707106781186547));
#5385=DIRECTION('center_axis',(1.,0.,0.));
#5386=DIRECTION('ref_axis',(0.,0.,1.));
#5387=DIRECTION('',(1.,0.,6.842277657836E-48));
#5388=DIRECTION('',(-1.,0.,-6.842277657836E-48));
#5389=DIRECTION('center_axis',(-6.842277657836E-48,2.77555756156289E-16,
1.));
#5390=DIRECTION('ref_axis',(1.,0.,0.));
#5391=DIRECTION('center_axis',(0.,1.,0.));
#5392=DIRECTION('ref_axis',(0.,0.,1.));
#5393=DIRECTION('center_axis',(6.842277657836E-48,-2.77555756156289E-16,
-1.));
#5394=DIRECTION('ref_axis',(-0.707106781186548,0.707106781186548,-2.16840434497101E-16));
#5395=DIRECTION('center_axis',(-6.842277657836E-48,2.77555756156289E-16,
1.));
#5396=DIRECTION('ref_axis',(-0.707106781186548,0.707106781186547,-1.96261557335472E-16));
#5397=DIRECTION('center_axis',(-8.41078048958452E-17,-1.,2.77555756156289E-16));
#5398=DIRECTION('ref_axis',(0.707106781186546,0.,0.707106781186549));
#5399=DIRECTION('center_axis',(0.,1.,0.));
#5400=DIRECTION('ref_axis',(0.,0.,1.));
#5401=DIRECTION('',(8.41078048958452E-17,1.,-2.77555756156289E-16));
#5402=DIRECTION('',(-8.41078048958452E-17,-1.,2.77555756156289E-16));
#5403=DIRECTION('center_axis',(1.,0.,0.));
#5404=DIRECTION('ref_axis',(0.,0.,1.));
#5405=DIRECTION('center_axis',(-6.842277657836E-48,2.77555756156289E-16,
1.));
#5406=DIRECTION('ref_axis',(0.707106781186547,-0.707106781186548,2.08166817117217E-16));
#5407=DIRECTION('center_axis',(6.842277657836E-48,-2.77555756156289E-16,
-1.));
#5408=DIRECTION('ref_axis',(0.707106781186547,-0.707106781186548,1.96261557335472E-16));
#5409=DIRECTION('center_axis',(-1.,0.,-6.842277657836E-48));
#5410=DIRECTION('ref_axis',(0.,-0.707106781186545,0.70710678118655));
#5411=DIRECTION('center_axis',(1.,0.,0.));
#5412=DIRECTION('ref_axis',(0.,0.,1.));
#5413=DIRECTION('',(1.,0.,6.842277657836E-48));
#5414=DIRECTION('',(-1.,0.,-6.842277657836E-48));
#5415=DIRECTION('center_axis',(0.,-1.,0.));
#5416=DIRECTION('ref_axis',(0.,0.,1.));
#5417=DIRECTION('center_axis',(-6.842277657836E-48,2.77555756156289E-16,
1.));
#5418=DIRECTION('ref_axis',(-0.707106781186547,-0.707106781186548,2.08166817117217E-16));
#5419=DIRECTION('center_axis',(6.842277657836E-48,-2.77555756156289E-16,
-1.));
#5420=DIRECTION('ref_axis',(-0.707106781186547,-0.707106781186548,1.96261557335472E-16));
#5421=DIRECTION('center_axis',(-6.72862439166762E-16,1.,-2.77555756156289E-16));
#5422=DIRECTION('ref_axis',(-0.707106781186547,0.,0.707106781186547));
#5423=DIRECTION('center_axis',(0.,-1.,0.));
#5424=DIRECTION('ref_axis',(0.,0.,1.));
#5425=DIRECTION('',(6.72862439166762E-16,-1.,2.77555756156289E-16));
#5426=DIRECTION('',(-6.72862439166762E-16,1.,-2.77555756156289E-16));
#5427=DIRECTION('center_axis',(-6.842277657836E-48,2.77555756156289E-16,
1.));
#5428=DIRECTION('ref_axis',(1.,0.,0.));
#5429=DIRECTION('center_axis',(1.,0.,0.));
#5430=DIRECTION('ref_axis',(0.,0.,1.));
#5431=DIRECTION('center_axis',(6.842277657836E-48,-2.77555756156289E-16,
-1.));
#5432=DIRECTION('ref_axis',(0.707106781186548,0.707106781186548,-2.16840434497101E-16));
#5433=DIRECTION('center_axis',(-6.842277657836E-48,2.77555756156289E-16,
1.));
#5434=DIRECTION('ref_axis',(0.707106781186548,0.707106781186547,-1.96261557335472E-16));
#5435=DIRECTION('center_axis',(-1.,0.,-6.842277657836E-48));
#5436=DIRECTION('ref_axis',(0.,-0.707106781186545,0.70710678118655));
#5437=DIRECTION('center_axis',(1.,0.,0.));
#5438=DIRECTION('ref_axis',(0.,0.,1.));
#5439=DIRECTION('',(1.,0.,6.842277657836E-48));
#5440=DIRECTION('',(-1.,0.,-6.842277657836E-48));
#5441=DIRECTION('center_axis',(0.,-1.,0.));
#5442=DIRECTION('ref_axis',(0.,0.,1.));
#5443=DIRECTION('center_axis',(-6.842277657836E-48,2.77555756156289E-16,
1.));
#5444=DIRECTION('ref_axis',(-0.707106781186547,-0.707106781186548,2.08166817117217E-16));
#5445=DIRECTION('center_axis',(6.842277657836E-48,-2.77555756156289E-16,
-1.));
#5446=DIRECTION('ref_axis',(-0.707106781186548,-0.707106781186548,1.96261557335472E-16));
#5447=DIRECTION('center_axis',(3.70074341541719E-16,1.,-2.77555756156289E-16));
#5448=DIRECTION('ref_axis',(-0.707106781186547,0.,0.707106781186547));
#5449=DIRECTION('center_axis',(0.,-1.,0.));
#5450=DIRECTION('ref_axis',(0.,0.,1.));
#5451=DIRECTION('',(-3.70074341541719E-16,-1.,2.77555756156289E-16));
#5452=DIRECTION('',(3.70074341541719E-16,1.,-2.77555756156289E-16));
#5453=DIRECTION('center_axis',(-1.,0.,0.));
#5454=DIRECTION('ref_axis',(0.,0.,1.));
#5455=DIRECTION('center_axis',(-6.842277657836E-48,2.77555756156289E-16,
1.));
#5456=DIRECTION('ref_axis',(-0.707106781186548,0.707106781186547,-2.08166817117217E-16));
#5457=DIRECTION('center_axis',(6.842277657836E-48,-2.77555756156289E-16,
-1.));
#5458=DIRECTION('ref_axis',(-0.707106781186548,0.707106781186547,-1.96261557335472E-16));
#5459=DIRECTION('center_axis',(1.,0.,6.842277657836E-48));
#5460=DIRECTION('ref_axis',(0.,0.707106781186547,0.707106781186547));
#5461=DIRECTION('center_axis',(-1.,0.,0.));
#5462=DIRECTION('ref_axis',(0.,0.,1.));
#5463=DIRECTION('',(-1.,0.,-6.842277657836E-48));
#5464=DIRECTION('',(1.,0.,6.842277657836E-48));
#5465=DIRECTION('center_axis',(-6.842277657836E-48,2.77555756156289E-16,
1.));
#5466=DIRECTION('ref_axis',(1.,0.,0.));
#5467=DIRECTION('center_axis',(1.8503717077086E-15,-1.,0.));
#5468=DIRECTION('ref_axis',(0.,0.,1.));
#5469=DIRECTION('center_axis',(6.842277657836E-48,-2.77555756156289E-16,
-1.));
#5470=DIRECTION('ref_axis',(0.707106781186548,-0.707106781186547,2.16840434497101E-16));
#5471=DIRECTION('center_axis',(-6.842277657836E-48,2.77555756156289E-16,
1.));
#5472=DIRECTION('ref_axis',(0.707106781186548,-0.707106781186547,1.96261557335472E-16));
#5473=DIRECTION('center_axis',(-6.72862439166762E-16,1.,-2.77555756156289E-16));
#5474=DIRECTION('ref_axis',(-0.707106781186547,0.,0.707106781186547));
#5475=DIRECTION('center_axis',(0.,-1.,0.));
#5476=DIRECTION('ref_axis',(0.,0.,1.));
#5477=DIRECTION('',(6.72862439166762E-16,-1.,2.77555756156289E-16));
#5478=DIRECTION('',(-6.72862439166762E-16,1.,-2.77555756156289E-16));
#5479=DIRECTION('center_axis',(-0.997037030524286,-0.0769230769230763,0.));
#5480=DIRECTION('ref_axis',(0.,0.,1.));
#5481=DIRECTION('center_axis',(-6.842277657836E-48,2.77555756156289E-16,
1.));
#5482=DIRECTION('ref_axis',(-0.733799385705343,0.679366220486758,-2.08166817117217E-16));
#5483=DIRECTION('center_axis',(6.842277657836E-48,-2.77555756156289E-16,
-1.));
#5484=DIRECTION('ref_axis',(-0.733799385705343,0.679366220486758,-1.88562005034242E-16));
#5485=DIRECTION('center_axis',(6.842277657836E-48,-2.77555756156289E-16,
-1.));
#5486=DIRECTION('ref_axis',(-1.,0.,0.));
#5487=DIRECTION('center_axis',(-9.25185853854297E-16,-1.,0.));
#5488=DIRECTION('ref_axis',(0.,0.,1.));
#5489=DIRECTION('center_axis',(6.842277657836E-48,-2.77555756156289E-16,
-1.));
#5490=DIRECTION('ref_axis',(0.733799385705342,-0.679366220486758,1.73472347597681E-16));
#5491=DIRECTION('center_axis',(-6.842277657836E-48,2.77555756156289E-16,
1.));
#5492=DIRECTION('ref_axis',(0.733799385705342,-0.679366220486758,1.88562005034242E-16));
#5493=DIRECTION('center_axis',(9.25185874533813E-16,1.,-2.77555756156289E-16));
#5494=DIRECTION('ref_axis',(-0.707106781186547,0.,0.707106781186548));
#5495=DIRECTION('center_axis',(-5.04395437015379E-16,-1.,0.));
#5496=DIRECTION('ref_axis',(0.,0.,1.));
#5497=DIRECTION('',(-9.25185874533813E-16,-1.,2.77555756156289E-16));
#5498=DIRECTION('',(9.25185874533813E-16,1.,-2.77555756156289E-16));
#5499=DIRECTION('center_axis',(6.842277657836E-48,-2.77555756156289E-16,
-1.));
#5500=DIRECTION('ref_axis',(-1.,0.,0.));
#5501=DIRECTION('center_axis',(-6.842277657836E-48,2.77555756156289E-16,
1.));
#5502=DIRECTION('ref_axis',(-0.0604554066248835,0.998170899099859,-2.80859991348626E-16));
#5503=DIRECTION('center_axis',(6.842277657836E-48,-2.77555756156289E-16,
-1.));
#5504=DIRECTION('ref_axis',(-0.0604554066248835,0.998170899099859,-2.77048078672864E-16));
#5505=DIRECTION('center_axis',(1.,-8.41078048958452E-17,0.));
#5506=DIRECTION('ref_axis',(8.41078048958452E-17,1.,0.));
#5507=DIRECTION('',(0.,0.,1.));
#5508=DIRECTION('',(-8.41078048958452E-17,-1.,0.));
#5509=DIRECTION('',(0.,0.,-1.));
#5510=DIRECTION('center_axis',(0.,0.,1.));
#5511=DIRECTION('ref_axis',(0.707106781186548,-0.707106781186548,0.));
#5512=DIRECTION('',(0.,0.,-1.));
#5513=DIRECTION('center_axis',(0.,0.,1.));
#5514=DIRECTION('ref_axis',(0.707106781186548,-0.707106781186548,0.));
#5515=DIRECTION('center_axis',(0.,-1.,0.));
#5516=DIRECTION('ref_axis',(1.,0.,0.));
#5517=DIRECTION('',(0.,0.,1.));
#5518=DIRECTION('',(-1.,0.,0.));
#5519=DIRECTION('center_axis',(0.,0.,1.));
#5520=DIRECTION('ref_axis',(-0.707106781186547,-0.707106781186548,0.));
#5521=DIRECTION('',(0.,0.,-1.));
#5522=DIRECTION('center_axis',(0.,0.,1.));
#5523=DIRECTION('ref_axis',(-0.707106781186547,-0.707106781186548,0.));
#5524=DIRECTION('center_axis',(-1.,-6.72862439166762E-16,0.));
#5525=DIRECTION('ref_axis',(6.72862439166762E-16,-1.,0.));
#5526=DIRECTION('',(0.,0.,1.));
#5527=DIRECTION('',(-6.72862439166762E-16,1.,0.));
#5528=DIRECTION('center_axis',(0.,0.,1.));
#5529=DIRECTION('ref_axis',(0.707106781186548,0.707106781186548,0.));
#5530=DIRECTION('',(0.,0.,-1.));
#5531=DIRECTION('center_axis',(0.,0.,-1.));
#5532=DIRECTION('ref_axis',(0.707106781186548,0.707106781186548,0.));
#5533=DIRECTION('center_axis',(0.,-1.,0.));
#5534=DIRECTION('ref_axis',(1.,0.,0.));
#5535=DIRECTION('',(0.,0.,1.));
#5536=DIRECTION('',(-1.,0.,0.));
#5537=DIRECTION('center_axis',(0.,0.,1.));
#5538=DIRECTION('ref_axis',(-0.707106781186548,-0.707106781186548,0.));
#5539=DIRECTION('',(0.,0.,-1.));
#5540=DIRECTION('center_axis',(0.,0.,1.));
#5541=DIRECTION('ref_axis',(-0.707106781186548,-0.707106781186548,0.));
#5542=DIRECTION('center_axis',(-1.,3.70074341541719E-16,0.));
#5543=DIRECTION('ref_axis',(-3.70074341541719E-16,-1.,0.));
#5544=DIRECTION('',(0.,0.,1.));
#5545=DIRECTION('',(3.70074341541719E-16,1.,0.));
#5546=DIRECTION('center_axis',(0.,0.,-1.));
#5547=DIRECTION('ref_axis',(-0.707106781186548,0.707106781186548,0.));
#5548=DIRECTION('',(0.,0.,-1.));
#5549=DIRECTION('center_axis',(0.,0.,1.));
#5550=DIRECTION('ref_axis',(-0.707106781186548,0.707106781186548,0.));
#5551=DIRECTION('center_axis',(0.,1.,0.));
#5552=DIRECTION('ref_axis',(-1.,0.,0.));
#5553=DIRECTION('',(0.,0.,1.));
#5554=DIRECTION('',(1.,0.,0.));
#5555=DIRECTION('center_axis',(0.,0.,1.));
#5556=DIRECTION('ref_axis',(0.707106781186548,-0.707106781186547,0.));
#5557=DIRECTION('',(0.,0.,-1.));
#5558=DIRECTION('center_axis',(0.,0.,-1.));
#5559=DIRECTION('ref_axis',(0.707106781186548,-0.707106781186547,0.));
#5560=DIRECTION('center_axis',(-1.,-6.72862439166762E-16,0.));
#5561=DIRECTION('ref_axis',(6.72862439166762E-16,-1.,0.));
#5562=DIRECTION('',(0.,0.,1.));
#5563=DIRECTION('',(-6.72862439166762E-16,1.,0.));
#5564=DIRECTION('center_axis',(0.,0.,1.));
#5565=DIRECTION('ref_axis',(-0.707106781186548,0.707106781186547,0.));
#5566=DIRECTION('',(0.,0.,1.));
#5567=DIRECTION('center_axis',(0.,0.,1.));
#5568=DIRECTION('ref_axis',(-0.707106781186548,0.707106781186547,0.));
#5569=DIRECTION('center_axis',(0.,0.,-1.));
#5570=DIRECTION('ref_axis',(-1.,1.04083408558608E-15,0.));
#5571=DIRECTION('',(0.,0.,-1.));
#5572=DIRECTION('center_axis',(0.,0.,-1.));
#5573=DIRECTION('ref_axis',(-1.,1.04083408558608E-15,0.));
#5574=DIRECTION('center_axis',(-1.,9.25185874533813E-16,0.));
#5575=DIRECTION('ref_axis',(-9.25185874533813E-16,-1.,0.));
#5576=DIRECTION('',(0.,0.,1.));
#5577=DIRECTION('',(-9.25185874533813E-16,-1.,0.));
#5578=DIRECTION('center_axis',(0.,0.,1.));
#5579=DIRECTION('ref_axis',(1.,0.,0.));
#5580=DIRECTION('',(0.,0.,1.));
#5581=DIRECTION('center_axis',(0.,0.,1.));
#5582=DIRECTION('ref_axis',(1.,0.,0.));
#5583=DIRECTION('center_axis',(0.,0.,-1.));
#5584=DIRECTION('ref_axis',(0.,1.,0.));
#5585=DIRECTION('',(0.,0.,-1.));
#5586=DIRECTION('center_axis',(0.,0.,-1.));
#5587=DIRECTION('ref_axis',(0.,1.,0.));
#5588=DIRECTION('center_axis',(-6.842277657836E-48,2.77555756156289E-16,
1.));
#5589=DIRECTION('ref_axis',(1.,0.,6.842277657836E-48));
#5590=DIRECTION('center_axis',(0.,1.,0.));
#5591=DIRECTION('ref_axis',(-1.,0.,0.));
#5592=DIRECTION('',(0.,0.,1.));
#5593=DIRECTION('',(1.,0.,0.));
#5594=DIRECTION('center_axis',(0.,0.,1.));
#5595=DIRECTION('ref_axis',(-0.645497224367902,-0.763762615825974,0.));
#5596=DIRECTION('',(0.,0.,-1.));
#5597=DIRECTION('center_axis',(0.,0.,-1.));
#5598=DIRECTION('ref_axis',(-0.645497224367902,-0.763762615825974,0.));
#5599=DIRECTION('',(0.,0.,1.));
#5600=DIRECTION('center_axis',(0.,0.,1.));
#5601=DIRECTION('ref_axis',(1.,0.,0.));
#5602=DIRECTION('center_axis',(0.,0.,1.));
#5603=DIRECTION('ref_axis',(1.,0.,0.));
#5604=DIRECTION('',(0.,0.,-1.));
#5605=DIRECTION('center_axis',(0.,0.,-1.));
#5606=DIRECTION('ref_axis',(0.645497224367902,-0.763762615825974,0.));
#5607=DIRECTION('center_axis',(0.,0.,-1.));
#5608=DIRECTION('ref_axis',(0.645497224367902,-0.763762615825974,0.));
#5609=DIRECTION('center_axis',(0.,0.,-1.));
#5610=DIRECTION('ref_axis',(-1.,0.,0.));
#5611=DIRECTION('',(1.,0.,0.));
#5612=DIRECTION('center_axis',(0.,0.,1.));
#5613=DIRECTION('ref_axis',(0.707106781186548,0.707106781186547,0.));
#5614=DIRECTION('',(0.,-1.,0.));
#5615=DIRECTION('center_axis',(0.,0.,-1.));
#5616=DIRECTION('ref_axis',(-0.707106781186548,-0.707106781186547,0.));
#5617=DIRECTION('',(1.,0.,0.));
#5618=DIRECTION('center_axis',(0.,0.,1.));
#5619=DIRECTION('ref_axis',(0.707106781186547,0.707106781186548,0.));
#5620=DIRECTION('',(0.,-1.,0.));
#5621=DIRECTION('center_axis',(0.,0.,1.));
#5622=DIRECTION('ref_axis',(0.707106781186546,-0.707106781186549,0.));
#5623=DIRECTION('',(-1.,0.,0.));
#5624=DIRECTION('center_axis',(0.,0.,-1.));
#5625=DIRECTION('ref_axis',(-0.707106781186548,0.707106781186548,0.));
#5626=DIRECTION('',(0.,-1.,0.));
#5627=DIRECTION('center_axis',(0.,0.,1.));
#5628=DIRECTION('ref_axis',(0.707106781186548,-0.707106781186548,0.));
#5629=DIRECTION('',(-1.,0.,0.));
#5630=DIRECTION('center_axis',(0.,0.,-1.));
#5631=DIRECTION('ref_axis',(-0.707106781186548,0.707106781186548,0.));
#5632=DIRECTION('center_axis',(0.,0.,1.));
#5633=DIRECTION('ref_axis',(0.707106781186548,0.707106781186547,0.));
#5634=DIRECTION('',(0.,0.,-1.));
#5635=DIRECTION('',(0.,0.,1.));
#5636=DIRECTION('center_axis',(1.,0.,0.));
#5637=DIRECTION('ref_axis',(0.,1.,0.));
#5638=DIRECTION('',(0.,0.,1.));
#5639=DIRECTION('center_axis',(0.,0.,1.));
#5640=DIRECTION('ref_axis',(0.707106781186547,0.707106781186548,0.));
#5641=DIRECTION('',(0.,0.,-1.));
#5642=DIRECTION('',(0.,0.,1.));
#5643=DIRECTION('center_axis',(1.,0.,0.));
#5644=DIRECTION('ref_axis',(0.,1.,0.));
#5645=DIRECTION('',(0.,0.,1.));
#5646=DIRECTION('center_axis',(0.,0.,1.));
#5647=DIRECTION('ref_axis',(0.707106781186546,-0.707106781186549,0.));
#5648=DIRECTION('',(0.,0.,-1.));
#5649=DIRECTION('center_axis',(0.,0.,1.));
#5650=DIRECTION('ref_axis',(0.707106781186548,-0.707106781186548,0.));
#5651=DIRECTION('',(0.,0.,-1.));
#5652=DIRECTION('',(0.,0.,1.));
#5653=DIRECTION('center_axis',(0.,-1.,0.));
#5654=DIRECTION('ref_axis',(1.,0.,0.));
#5655=DIRECTION('',(0.,0.,1.));
#5656=DIRECTION('center_axis',(0.,0.,1.));
#5657=DIRECTION('ref_axis',(-0.707106781186548,0.707106781186548,0.));
#5658=DIRECTION('center_axis',(0.,0.,1.));
#5659=DIRECTION('ref_axis',(-0.707106781186548,0.707106781186548,0.));
#5660=DIRECTION('',(0.,0.,-1.));
#5661=DIRECTION('',(0.,0.,1.));
#5662=DIRECTION('center_axis',(0.,-1.,0.));
#5663=DIRECTION('ref_axis',(1.,0.,0.));
#5664=DIRECTION('center_axis',(0.,0.,1.));
#5665=DIRECTION('ref_axis',(-0.707106781186548,-0.707106781186547,0.));
#5666=DIRECTION('',(0.,0.,-1.));
#5667=DIRECTION('center_axis',(1.,0.,0.));
#5668=DIRECTION('ref_axis',(0.,1.,0.));
#5669=DIRECTION('center_axis',(0.,1.,0.));
#5670=DIRECTION('ref_axis',(-1.,0.,0.));
#5671=DIRECTION('center_axis',(0.,1.,0.));
#5672=DIRECTION('ref_axis',(-1.,0.,0.));
#5673=DIRECTION('center_axis',(6.842277657836E-48,-2.77555756156289E-16,
-1.));
#5674=DIRECTION('ref_axis',(-1.,0.,0.));
#5675=DIRECTION('center_axis',(-6.842277657836E-48,2.77555756156289E-16,
1.));
#5676=DIRECTION('ref_axis',(1.,-1.06752213906265E-16,0.));
#5677=DIRECTION('center_axis',(-1.22464679914735E-16,-1.,2.77555756156289E-16));
#5678=DIRECTION('ref_axis',(1.,-1.22464679914735E-16,0.));
#5679=DIRECTION('center_axis',(6.842277657836E-48,-2.77555756156289E-16,
-1.));
#5680=DIRECTION('ref_axis',(1.,-1.06752213906265E-16,2.96296914521113E-32));
#5681=DIRECTION('center_axis',(-6.842277657836E-48,2.77555756156289E-16,
1.));
#5682=DIRECTION('ref_axis',(1.,-1.06752213906265E-16,0.));
#5683=DIRECTION('center_axis',(0.,0.,1.));
#5684=DIRECTION('ref_axis',(1.,0.,0.));
#5685=DIRECTION('',(0.,0.,-1.));
#5686=DIRECTION('center_axis',(0.,0.,1.));
#5687=DIRECTION('ref_axis',(1.,0.,0.));
#5688=DIRECTION('center_axis',(-6.842277657836E-48,2.77555756156289E-16,
1.));
#5689=DIRECTION('ref_axis',(1.,0.,6.842277657836E-48));
#5690=DIRECTION('center_axis',(0.,0.,-1.));
#5691=DIRECTION('ref_axis',(-1.,0.,0.));
#5692=DIRECTION('center_axis',(0.,0.,1.));
#5693=DIRECTION('ref_axis',(1.,0.,0.));
#5694=DIRECTION('center_axis',(0.,0.,-1.));
#5695=DIRECTION('ref_axis',(1.,0.,0.));
#5696=DIRECTION('center_axis',(1.22464679914735E-16,-1.,0.));
#5697=DIRECTION('ref_axis',(-1.,-1.22464679914735E-16,0.));
#5698=DIRECTION('center_axis',(0.,0.,1.));
#5699=DIRECTION('ref_axis',(1.,0.,0.));
#5700=DIRECTION('center_axis',(0.,0.,-1.));
#5701=DIRECTION('ref_axis',(1.,0.,0.));
#5702=DIRECTION('',(0.,0.,1.));
#5703=DIRECTION('center_axis',(-6.842277657836E-48,-2.77555756156289E-16,
-1.));
#5704=DIRECTION('ref_axis',(1.,0.,0.));
#5705=DIRECTION('center_axis',(0.,0.,-1.));
#5706=DIRECTION('ref_axis',(-1.,0.,0.));
#5707=DIRECTION('center_axis',(6.842277657836E-48,2.77555756156289E-16,
1.));
#5708=DIRECTION('ref_axis',(1.,0.,-6.842277657836E-48));
#5709=CARTESIAN_POINT('',(0.,0.,0.));
#5710=CARTESIAN_POINT('Ctrl Pts',(3.,-3.15,-5.05));
#5711=CARTESIAN_POINT('Ctrl Pts',(3.,-2.96483598004549,-5.05));
#5712=CARTESIAN_POINT('Ctrl Pts',(2.81538461538462,-2.95059259389514,-5.05));
#5713=CARTESIAN_POINT('Ctrl Pts',(3.3,-3.15,-5.05));
#5714=CARTESIAN_POINT('Ctrl Pts',(3.3,-2.68708995011372,-5.05));
#5715=CARTESIAN_POINT('Ctrl Pts',(2.83846153846154,-2.65148148473785,-5.05));
#5716=CARTESIAN_POINT('Ctrl Pts',(3.3,-3.15,-4.75));
#5717=CARTESIAN_POINT('Ctrl Pts',(3.3,-2.68708995011372,-4.75));
#5718=CARTESIAN_POINT('Ctrl Pts',(2.83846153846154,-2.65148148473785,-4.75));
#5719=CARTESIAN_POINT('',(3.3,-3.15,-4.75));
#5720=CARTESIAN_POINT('',(3.,-3.15,-5.05));
#5721=CARTESIAN_POINT('Origin',(3.,-3.15,-4.75));
#5722=CARTESIAN_POINT('',(2.81538461538462,-2.95059259389514,-5.05));
#5723=CARTESIAN_POINT('Origin',(2.8,-3.15,-5.05));
#5724=CARTESIAN_POINT('',(2.83846153846154,-2.65148148473786,-4.75));
#5725=CARTESIAN_POINT('Origin',(2.81538461538462,-2.95059259389514,-4.75));
#5726=CARTESIAN_POINT('Origin',(2.8,-3.15,-4.75));
#5727=CARTESIAN_POINT('Origin',(2.9,-1.85385186031843,-4.75));
#5728=CARTESIAN_POINT('',(1.8,-1.85385186031843,-5.05));
#5729=CARTESIAN_POINT('',(2.1,-1.85385186031843,-4.75));
#5730=CARTESIAN_POINT('Origin',(1.8,-1.85385186031843,-4.75));
#5731=CARTESIAN_POINT('Origin',(2.9,-1.85385186031843,-4.75));
#5732=CARTESIAN_POINT('Origin',(2.9,-1.85385186031843,-5.05));
#5733=CARTESIAN_POINT('Origin',(1.8,-2.425,-4.75));
#5734=CARTESIAN_POINT('',(1.8,0.,-5.05));
#5735=CARTESIAN_POINT('',(2.1,0.,-4.75));
#5736=CARTESIAN_POINT('Origin',(1.8,0.,-4.75));
#5737=CARTESIAN_POINT('',(2.1,-2.425,-4.75));
#5738=CARTESIAN_POINT('',(1.8,-2.425,-5.05));
#5739=CARTESIAN_POINT('Origin',(2.77555756156289E-15,-1.45716771982052E-15,
-4.75));
#5740=CARTESIAN_POINT('',(-1.78684251771535,0.217241379310346,-5.05));
#5741=CARTESIAN_POINT('',(-2.08464960400124,0.253448275862071,-4.75));
#5742=CARTESIAN_POINT('Origin',(-1.78684251771535,0.217241379310346,-4.75));
#5743=CARTESIAN_POINT('Origin',(2.77555756156289E-15,-1.45716771982052E-15,
-4.75));
#5744=CARTESIAN_POINT('Origin',(2.77555756156289E-15,-1.45716771982052E-15,
-5.05));
#5745=CARTESIAN_POINT('Origin',(-2.87880183409695,0.350000000000003,-4.75));
#5746=CARTESIAN_POINT('',(-2.87880183409695,-0.749999999999997,-5.05));
#5747=CARTESIAN_POINT('',(-2.87880183409695,-0.449999999999997,-4.75));
#5748=CARTESIAN_POINT('Origin',(-2.87880183409695,-0.749999999999997,-4.75));
#5749=CARTESIAN_POINT('Origin',(-2.87880183409695,0.350000000000003,-4.75));
#5750=CARTESIAN_POINT('Origin',(-2.87880183409695,0.350000000000003,-5.05));
#5751=CARTESIAN_POINT('Origin',(-5.4,-0.749999999999997,-4.75));
#5752=CARTESIAN_POINT('',(-3.42937207591514,-0.749999999999997,-5.05));
#5753=CARTESIAN_POINT('',(-3.42937207591514,-0.449999999999997,-4.75));
#5754=CARTESIAN_POINT('Origin',(-3.42937207591514,-0.749999999999997,-4.75));
#5755=CARTESIAN_POINT('',(-5.4,-0.449999999999997,-4.75));
#5756=CARTESIAN_POINT('',(-5.4,-0.749999999999997,-5.05));
#5757=CARTESIAN_POINT('Origin',(-3.42937207591514,0.350000000000003,-4.75));
#5758=CARTESIAN_POINT('',(-4.51398670281673,0.166666666666668,-5.05));
#5759=CARTESIAN_POINT('',(-4.21818271366175,0.216666666666668,-4.75));
#5760=CARTESIAN_POINT('Origin',(-4.51398670281673,0.166666666666668,-4.75));
#5761=CARTESIAN_POINT('Origin',(-3.42937207591514,0.350000000000003,-4.75));
#5762=CARTESIAN_POINT('Origin',(-3.42937207591514,0.350000000000003,-5.05));
#5763=CARTESIAN_POINT('Origin',(-5.5,-8.13162120183851E-16,-4.75));
#5764=CARTESIAN_POINT('',(-6.48601329718327,0.166666666666668,-5.05));
#5765=CARTESIAN_POINT('',(-6.78181728633825,0.216666666666668,-4.75));
#5766=CARTESIAN_POINT('Origin',(-6.48601329718327,0.166666666666668,-4.75));
#5767=CARTESIAN_POINT('Origin',(-5.5,-8.13162120183851E-16,-4.75));
#5768=CARTESIAN_POINT('Origin',(-5.5,-8.13162120183851E-16,-5.05));
#5769=CARTESIAN_POINT('Origin',(-7.57062792408487,0.350000000000003,-4.75));
#5770=CARTESIAN_POINT('',(-7.57062792408487,-0.749999999999997,-5.05));
#5771=CARTESIAN_POINT('',(-7.57062792408487,-0.449999999999997,-4.75));
#5772=CARTESIAN_POINT('Origin',(-7.57062792408487,-0.749999999999997,-4.75));
#5773=CARTESIAN_POINT('Origin',(-7.57062792408487,0.350000000000003,-4.75));
#5774=CARTESIAN_POINT('Origin',(-7.57062792408487,0.350000000000003,-5.05));
#5775=CARTESIAN_POINT('Origin',(-5.4,-0.749999999999997,-4.75));
#5776=CARTESIAN_POINT('',(-7.8,-0.749999999999997,-5.05));
#5777=CARTESIAN_POINT('',(-7.8,-0.449999999999997,-4.75));
#5778=CARTESIAN_POINT('Origin',(-7.8,-0.749999999999997,-4.75));
#5779=CARTESIAN_POINT('',(-5.4,-0.449999999999997,-4.75));
#5780=CARTESIAN_POINT('',(-5.4,-0.749999999999997,-5.05));
#5781=CARTESIAN_POINT('Ctrl Pts',(-7.8,-0.749999999999997,-5.05));
#5782=CARTESIAN_POINT('Ctrl Pts',(-8.,-0.749999999999997,-5.05));
#5783=CARTESIAN_POINT('Ctrl Pts',(-8.,-0.949999999999997,-5.05));
#5784=CARTESIAN_POINT('Ctrl Pts',(-7.8,-0.449999999999997,-5.05));
#5785=CARTESIAN_POINT('Ctrl Pts',(-8.3,-0.449999999999997,-5.05));
#5786=CARTESIAN_POINT('Ctrl Pts',(-8.3,-0.949999999999997,-5.05));
#5787=CARTESIAN_POINT('Ctrl Pts',(-7.8,-0.449999999999997,-4.75));
#5788=CARTESIAN_POINT('Ctrl Pts',(-8.3,-0.449999999999997,-4.75));
#5789=CARTESIAN_POINT('Ctrl Pts',(-8.3,-0.949999999999997,-4.75));
#5790=CARTESIAN_POINT('',(-8.,-0.949999999999997,-5.05));
#5791=CARTESIAN_POINT('',(-8.3,-0.949999999999997,-4.75));
#5792=CARTESIAN_POINT('Origin',(-8.,-0.949999999999997,-4.75));
#5793=CARTESIAN_POINT('Origin',(-7.8,-0.949999999999997,-4.75));
#5794=CARTESIAN_POINT('Origin',(-7.8,-0.949999999999997,-5.05));
#5795=CARTESIAN_POINT('Origin',(-8.,-3.55,-4.75));
#5796=CARTESIAN_POINT('',(-8.,-1.45000000000001,-5.05));
#5797=CARTESIAN_POINT('',(-8.3,-1.45000000000001,-4.75));
#5798=CARTESIAN_POINT('Origin',(-8.,-1.45000000000001,-4.75));
#5799=CARTESIAN_POINT('',(-8.3,-3.55,-4.75));
#5800=CARTESIAN_POINT('',(-8.,-3.55,-5.05));
#5801=CARTESIAN_POINT('Origin',(-9.1,-1.45000000000001,-4.75));
#5802=CARTESIAN_POINT('',(-9.1,-2.55000000000001,-5.05));
#5803=CARTESIAN_POINT('',(-9.1,-2.25000000000001,-4.75));
#5804=CARTESIAN_POINT('Origin',(-9.1,-2.55000000000001,-4.75));
#5805=CARTESIAN_POINT('Origin',(-9.1,-1.45000000000001,-4.75));
#5806=CARTESIAN_POINT('Origin',(-9.1,-1.45000000000001,-5.05));
#5807=CARTESIAN_POINT('Origin',(-6.725,-2.55000000000001,-4.75));
#5808=CARTESIAN_POINT('',(-10.45,-2.55000000000001,-5.05));
#5809=CARTESIAN_POINT('',(-10.45,-2.25000000000001,-4.75));
#5810=CARTESIAN_POINT('Origin',(-10.45,-2.55000000000001,-4.75));
#5811=CARTESIAN_POINT('',(-6.725,-2.25000000000001,-4.75));
#5812=CARTESIAN_POINT('',(-6.725,-2.55000000000001,-5.05));
#5813=CARTESIAN_POINT('Ctrl Pts',(-10.45,-2.55000000000001,-5.05));
#5814=CARTESIAN_POINT('Ctrl Pts',(-10.65,-2.55000000000001,-5.05));
#5815=CARTESIAN_POINT('Ctrl Pts',(-10.65,-2.75000000000001,-5.05));
#5816=CARTESIAN_POINT('Ctrl Pts',(-10.45,-2.25000000000001,-5.05));
#5817=CARTESIAN_POINT('Ctrl Pts',(-10.95,-2.25000000000001,-5.05));
#5818=CARTESIAN_POINT('Ctrl Pts',(-10.95,-2.75000000000001,-5.05));
#5819=CARTESIAN_POINT('Ctrl Pts',(-10.45,-2.25000000000001,-4.75));
#5820=CARTESIAN_POINT('Ctrl Pts',(-10.95,-2.25000000000001,-4.75));
#5821=CARTESIAN_POINT('Ctrl Pts',(-10.95,-2.75000000000001,-4.75));
#5822=CARTESIAN_POINT('',(-10.65,-2.75000000000001,-5.05));
#5823=CARTESIAN_POINT('',(-10.95,-2.75000000000001,-4.75));
#5824=CARTESIAN_POINT('Origin',(-10.65,-2.75000000000001,-4.75));
#5825=CARTESIAN_POINT('Origin',(-10.45,-2.75000000000001,-4.75));
#5826=CARTESIAN_POINT('Origin',(-10.45,-2.75000000000001,-5.05));
#5827=CARTESIAN_POINT('Origin',(-10.65,-5.05,-4.75));
#5828=CARTESIAN_POINT('',(-10.65,-4.75000000000001,-5.05));
#5829=CARTESIAN_POINT('',(-10.95,-4.75000000000001,-4.75));
#5830=CARTESIAN_POINT('Origin',(-10.65,-4.75000000000001,-4.75));
#5831=CARTESIAN_POINT('',(-10.95,-5.05,-4.75));
#5832=CARTESIAN_POINT('',(-10.65,-5.05,-5.05));
#5833=CARTESIAN_POINT('Ctrl Pts',(-10.65,-4.75000000000001,-5.05));
#5834=CARTESIAN_POINT('Ctrl Pts',(-10.65,-4.95000000000001,-5.05));
#5835=CARTESIAN_POINT('Ctrl Pts',(-10.45,-4.95000000000001,-5.05));
#5836=CARTESIAN_POINT('Ctrl Pts',(-10.95,-4.75000000000001,-5.05));
#5837=CARTESIAN_POINT('Ctrl Pts',(-10.95,-5.25000000000001,-5.05));
#5838=CARTESIAN_POINT('Ctrl Pts',(-10.45,-5.25000000000001,-5.05));
#5839=CARTESIAN_POINT('Ctrl Pts',(-10.95,-4.75000000000001,-4.75));
#5840=CARTESIAN_POINT('Ctrl Pts',(-10.95,-5.25000000000001,-4.75));
#5841=CARTESIAN_POINT('Ctrl Pts',(-10.45,-5.25000000000001,-4.75));
#5842=CARTESIAN_POINT('',(-10.45,-4.95000000000001,-5.05));
#5843=CARTESIAN_POINT('',(-10.45,-5.25000000000001,-4.75));
#5844=CARTESIAN_POINT('Origin',(-10.45,-4.95000000000001,-4.75));
#5845=CARTESIAN_POINT('Origin',(-10.45,-4.75000000000001,-4.75));
#5846=CARTESIAN_POINT('Origin',(-10.45,-4.75000000000001,-5.05));
#5847=CARTESIAN_POINT('Origin',(-5.39999990724027,-4.95000000000001,-4.75));
#5848=CARTESIAN_POINT('',(-9.1,-4.95000000000001,-5.05));
#5849=CARTESIAN_POINT('',(-9.1,-5.25000000000001,-4.75));
#5850=CARTESIAN_POINT('Origin',(-9.1,-4.95000000000001,-4.75));
#5851=CARTESIAN_POINT('',(-5.39999990724027,-5.25000000000001,-4.75));
#5852=CARTESIAN_POINT('',(-5.39999990724027,-4.95000000000001,-5.05));
#5853=CARTESIAN_POINT('Origin',(-9.1,-6.05000000000001,-4.75));
#5854=CARTESIAN_POINT('',(-8.,-6.05000000000001,-5.05));
#5855=CARTESIAN_POINT('',(-8.3,-6.05000000000001,-4.75));
#5856=CARTESIAN_POINT('Origin',(-8.,-6.05000000000001,-4.75));
#5857=CARTESIAN_POINT('Origin',(-9.1,-6.05000000000001,-4.75));
#5858=CARTESIAN_POINT('Origin',(-9.1,-6.05000000000001,-5.05));
#5859=CARTESIAN_POINT('Origin',(-8.,-5.95,-4.75));
#5860=CARTESIAN_POINT('',(-8.,-6.55,-5.05));
#5861=CARTESIAN_POINT('',(-8.3,-6.55,-4.75));
#5862=CARTESIAN_POINT('Origin',(-8.,-6.55,-4.75));
#5863=CARTESIAN_POINT('',(-8.3,-5.95,-4.75));
#5864=CARTESIAN_POINT('',(-8.,-5.95,-5.05));
#5865=CARTESIAN_POINT('Ctrl Pts',(-8.,-6.55,-5.05));
#5866=CARTESIAN_POINT('Ctrl Pts',(-8.,-6.75,-5.05));
#5867=CARTESIAN_POINT('Ctrl Pts',(-7.8,-6.75,-5.05));
#5868=CARTESIAN_POINT('Ctrl Pts',(-8.3,-6.55,-5.05));
#5869=CARTESIAN_POINT('Ctrl Pts',(-8.3,-7.05,-5.05));
#5870=CARTESIAN_POINT('Ctrl Pts',(-7.8,-7.05,-5.05));
#5871=CARTESIAN_POINT('Ctrl Pts',(-8.3,-6.55,-4.75));
#5872=CARTESIAN_POINT('Ctrl Pts',(-8.3,-7.05,-4.75));
#5873=CARTESIAN_POINT('Ctrl Pts',(-7.8,-7.05,-4.75));
#5874=CARTESIAN_POINT('',(-7.8,-6.75,-5.05));
#5875=CARTESIAN_POINT('',(-7.8,-7.05,-4.75));
#5876=CARTESIAN_POINT('Origin',(-7.8,-6.75,-4.75));
#5877=CARTESIAN_POINT('Origin',(-7.8,-6.55,-4.75));
#5878=CARTESIAN_POINT('Origin',(-7.8,-6.55,-5.05));
#5879=CARTESIAN_POINT('Origin',(-2.9,-6.75,-4.75));
#5880=CARTESIAN_POINT('',(-4.1,-6.75,-5.05));
#5881=CARTESIAN_POINT('',(-4.1,-7.05,-4.75));
#5882=CARTESIAN_POINT('Origin',(-4.1,-6.75,-4.75));
#5883=CARTESIAN_POINT('',(-2.9,-7.05,-4.75));
#5884=CARTESIAN_POINT('',(-2.9,-6.75,-5.05));
#5885=CARTESIAN_POINT('Origin',(-4.1,-7.85,-4.75));
#5886=CARTESIAN_POINT('',(-3.,-7.85,-5.05));
#5887=CARTESIAN_POINT('',(-3.3,-7.85,-4.75));
#5888=CARTESIAN_POINT('Origin',(-3.,-7.85,-4.75));
#5889=CARTESIAN_POINT('Origin',(-4.1,-7.85,-4.75));
#5890=CARTESIAN_POINT('Origin',(-4.1,-7.85,-5.05));
#5891=CARTESIAN_POINT('Origin',(-3.,-7.05,-4.75));
#5892=CARTESIAN_POINT('',(-3.,-8.75,-5.05));
#5893=CARTESIAN_POINT('',(-3.3,-8.75,-4.75));
#5894=CARTESIAN_POINT('Origin',(-3.,-8.75,-4.75));
#5895=CARTESIAN_POINT('',(-3.3,-7.05,-4.75));
#5896=CARTESIAN_POINT('',(-3.,-7.05,-5.05));
#5897=CARTESIAN_POINT('Ctrl Pts',(-3.,-8.75,-5.05));
#5898=CARTESIAN_POINT('Ctrl Pts',(-3.,-8.95,-5.05));
#5899=CARTESIAN_POINT('Ctrl Pts',(-2.8,-8.95,-5.05));
#5900=CARTESIAN_POINT('Ctrl Pts',(-3.3,-8.75,-5.05));
#5901=CARTESIAN_POINT('Ctrl Pts',(-3.3,-9.25,-5.05));
#5902=CARTESIAN_POINT('Ctrl Pts',(-2.8,-9.25,-5.05));
#5903=CARTESIAN_POINT('Ctrl Pts',(-3.3,-8.75,-4.75));
#5904=CARTESIAN_POINT('Ctrl Pts',(-3.3,-9.25,-4.75));
#5905=CARTESIAN_POINT('Ctrl Pts',(-2.8,-9.25,-4.75));
#5906=CARTESIAN_POINT('',(-2.8,-8.95,-5.05));
#5907=CARTESIAN_POINT('',(-2.8,-9.25,-4.75));
#5908=CARTESIAN_POINT('Origin',(-2.8,-8.95,-4.75));
#5909=CARTESIAN_POINT('Origin',(-2.8,-8.75,-4.75));
#5910=CARTESIAN_POINT('Origin',(-2.8,-8.75,-5.05));
#5911=CARTESIAN_POINT('Origin',(0.399999999999998,-8.95,-4.75));
#5912=CARTESIAN_POINT('',(2.8,-8.95,-5.05));
#5913=CARTESIAN_POINT('',(2.8,-9.25,-4.75));
#5914=CARTESIAN_POINT('Origin',(2.8,-8.95,-4.75));
#5915=CARTESIAN_POINT('',(0.399999999999998,-9.25,-4.75));
#5916=CARTESIAN_POINT('',(0.399999999999998,-8.95,-5.05));
#5917=CARTESIAN_POINT('Ctrl Pts',(2.8,-8.95,-5.05));
#5918=CARTESIAN_POINT('Ctrl Pts',(3.,-8.95,-5.05));
#5919=CARTESIAN_POINT('Ctrl Pts',(3.,-8.75,-5.05));
#5920=CARTESIAN_POINT('Ctrl Pts',(2.8,-9.25,-5.05));
#5921=CARTESIAN_POINT('Ctrl Pts',(3.3,-9.25,-5.05));
#5922=CARTESIAN_POINT('Ctrl Pts',(3.3,-8.75,-5.05));
#5923=CARTESIAN_POINT('Ctrl Pts',(2.8,-9.25,-4.75));
#5924=CARTESIAN_POINT('Ctrl Pts',(3.3,-9.25,-4.75));
#5925=CARTESIAN_POINT('Ctrl Pts',(3.3,-8.75,-4.75));
#5926=CARTESIAN_POINT('',(3.,-8.75,-5.05));
#5927=CARTESIAN_POINT('',(3.3,-8.75,-4.75));
#5928=CARTESIAN_POINT('Origin',(3.,-8.75,-4.75));
#5929=CARTESIAN_POINT('Origin',(2.8,-8.75,-4.75));
#5930=CARTESIAN_POINT('Origin',(2.8,-8.75,-5.05));
#5931=CARTESIAN_POINT('Origin',(3.,-6.15000000000003,-4.75));
#5932=CARTESIAN_POINT('',(3.,-8.25000000000005,-5.05));
#5933=CARTESIAN_POINT('',(3.3,-8.25000000000005,-4.75));
#5934=CARTESIAN_POINT('Origin',(3.,-8.25000000000005,-4.75));
#5935=CARTESIAN_POINT('',(3.3,-6.15000000000003,-4.75));
#5936=CARTESIAN_POINT('',(3.,-6.15000000000003,-5.05));
#5937=CARTESIAN_POINT('Origin',(4.1,-8.25000000000005,-4.75));
#5938=CARTESIAN_POINT('',(4.1,-7.15000000000005,-5.05));
#5939=CARTESIAN_POINT('',(4.1,-7.45000000000005,-4.75));
#5940=CARTESIAN_POINT('Origin',(4.1,-7.15000000000005,-4.75));
#5941=CARTESIAN_POINT('Origin',(4.1,-8.25000000000005,-4.75));
#5942=CARTESIAN_POINT('Origin',(4.1,-8.25000000000005,-5.05));
#5943=CARTESIAN_POINT('Origin',(1.725,-7.15000000000005,-4.75));
#5944=CARTESIAN_POINT('',(5.45,-7.15000000000005,-5.05));
#5945=CARTESIAN_POINT('',(5.45,-7.45000000000005,-4.75));
#5946=CARTESIAN_POINT('Origin',(5.45,-7.15000000000005,-4.75));
#5947=CARTESIAN_POINT('',(1.725,-7.45000000000005,-4.75));
#5948=CARTESIAN_POINT('',(1.725,-7.15000000000005,-5.05));
#5949=CARTESIAN_POINT('Ctrl Pts',(5.45,-7.15000000000005,-5.05));
#5950=CARTESIAN_POINT('Ctrl Pts',(5.65,-7.15000000000005,-5.05));
#5951=CARTESIAN_POINT('Ctrl Pts',(5.65,-6.95000000000005,-5.05));
#5952=CARTESIAN_POINT('Ctrl Pts',(5.45,-7.45000000000005,-5.05));
#5953=CARTESIAN_POINT('Ctrl Pts',(5.95,-7.45000000000005,-5.05));
#5954=CARTESIAN_POINT('Ctrl Pts',(5.95,-6.95000000000005,-5.05));
#5955=CARTESIAN_POINT('Ctrl Pts',(5.45,-7.45000000000005,-4.75));
#5956=CARTESIAN_POINT('Ctrl Pts',(5.95,-7.45000000000005,-4.75));
#5957=CARTESIAN_POINT('Ctrl Pts',(5.95,-6.95000000000005,-4.75));
#5958=CARTESIAN_POINT('',(5.65,-6.95000000000005,-5.05));
#5959=CARTESIAN_POINT('',(5.95,-6.95000000000005,-4.75));
#5960=CARTESIAN_POINT('Origin',(5.65,-6.95000000000005,-4.75));
#5961=CARTESIAN_POINT('Origin',(5.45,-6.95000000000005,-4.75));
#5962=CARTESIAN_POINT('Origin',(5.45,-6.95000000000005,-5.05));
#5963=CARTESIAN_POINT('Origin',(5.65,-4.65000000000002,-4.75));
#5964=CARTESIAN_POINT('',(5.65,-4.95000000000005,-5.05));
#5965=CARTESIAN_POINT('',(5.95,-4.95000000000005,-4.75));
#5966=CARTESIAN_POINT('Origin',(5.65,-4.95000000000005,-4.75));
#5967=CARTESIAN_POINT('',(5.95,-4.65000000000002,-4.75));
#5968=CARTESIAN_POINT('',(5.65,-4.65000000000002,-5.05));
#5969=CARTESIAN_POINT('Ctrl Pts',(5.65,-4.95000000000005,-5.05));
#5970=CARTESIAN_POINT('Ctrl Pts',(5.65,-4.75000000000005,-5.05));
#5971=CARTESIAN_POINT('Ctrl Pts',(5.45,-4.75000000000005,-5.05));
#5972=CARTESIAN_POINT('Ctrl Pts',(5.95,-4.95000000000005,-5.05));
#5973=CARTESIAN_POINT('Ctrl Pts',(5.95,-4.45000000000005,-5.05));
#5974=CARTESIAN_POINT('Ctrl Pts',(5.45,-4.45000000000005,-5.05));
#5975=CARTESIAN_POINT('Ctrl Pts',(5.95,-4.95000000000005,-4.75));
#5976=CARTESIAN_POINT('Ctrl Pts',(5.95,-4.45000000000005,-4.75));
#5977=CARTESIAN_POINT('Ctrl Pts',(5.45,-4.45000000000005,-4.75));
#5978=CARTESIAN_POINT('',(5.45,-4.75000000000005,-5.05));
#5979=CARTESIAN_POINT('',(5.45,-4.45000000000005,-4.75));
#5980=CARTESIAN_POINT('Origin',(5.45,-4.75000000000005,-4.75));
#5981=CARTESIAN_POINT('Origin',(5.45,-4.95000000000005,-4.75));
#5982=CARTESIAN_POINT('Origin',(5.45,-4.95000000000005,-5.05));
#5983=CARTESIAN_POINT('Origin',(0.399999963119627,-4.75000000000005,-4.75));
#5984=CARTESIAN_POINT('',(4.1,-4.75000000000005,-5.05));
#5985=CARTESIAN_POINT('',(4.1,-4.45000000000005,-4.75));
#5986=CARTESIAN_POINT('Origin',(4.1,-4.75000000000005,-4.75));
#5987=CARTESIAN_POINT('',(0.399999963119627,-4.45000000000005,-4.75));
#5988=CARTESIAN_POINT('',(0.399999963119627,-4.75000000000005,-5.05));
#5989=CARTESIAN_POINT('Origin',(4.1,-3.65000000000005,-4.75));
#5990=CARTESIAN_POINT('',(3.,-3.65000000000005,-5.05));
#5991=CARTESIAN_POINT('',(3.3,-3.65000000000005,-4.75));
#5992=CARTESIAN_POINT('Origin',(3.,-3.65000000000005,-4.75));
#5993=CARTESIAN_POINT('Origin',(4.1,-3.65000000000005,-4.75));
#5994=CARTESIAN_POINT('Origin',(4.1,-3.65000000000005,-5.05));
#5995=CARTESIAN_POINT('Origin',(3.,-3.75,-4.75));
#5996=CARTESIAN_POINT('',(3.3,-3.75,-4.75));
#5997=CARTESIAN_POINT('',(3.,-3.75,-5.05));
#5998=CARTESIAN_POINT('Origin',(-8.3,-7.05,-4.55));
#5999=CARTESIAN_POINT('',(-8.3,-6.55,-1.1));
#6000=CARTESIAN_POINT('',(-8.3,-6.55,-4.55));
#6001=CARTESIAN_POINT('',(-8.3,-6.05000000000001,-1.1));
#6002=CARTESIAN_POINT('',(-8.3,-5.95,-1.1));
#6003=CARTESIAN_POINT('',(-8.3,-6.05000000000001,-4.55));
#6004=CARTESIAN_POINT('Origin',(-7.8,-6.55,-4.55));
#6005=CARTESIAN_POINT('',(-7.8,-7.05,-1.1));
#6006=CARTESIAN_POINT('',(-7.8,-7.05,-4.55));
#6007=CARTESIAN_POINT('Origin',(-7.8,-6.55,-1.1));
#6008=CARTESIAN_POINT('Origin',(-3.3,-7.05,-4.55));
#6009=CARTESIAN_POINT('',(-4.1,-7.05,-1.1));
#6010=CARTESIAN_POINT('',(-4.1,-7.05,-4.55));
#6011=CARTESIAN_POINT('',(-2.9,-7.05,-1.1));
#6012=CARTESIAN_POINT('Origin',(-4.1,-7.85,-4.55));
#6013=CARTESIAN_POINT('',(-3.3,-7.85,-1.1));
#6014=CARTESIAN_POINT('',(-3.3,-7.85,-4.55));
#6015=CARTESIAN_POINT('Origin',(-4.1,-7.85,-1.1));
#6016=CARTESIAN_POINT('Origin',(-3.3,-9.25,-4.55));
#6017=CARTESIAN_POINT('',(-3.3,-8.75,-1.1));
#6018=CARTESIAN_POINT('',(-3.3,-8.75,-4.55));
#6019=CARTESIAN_POINT('',(-3.3,-7.05,-1.1));
#6020=CARTESIAN_POINT('Origin',(-2.8,-8.75,-4.55));
#6021=CARTESIAN_POINT('',(-2.8,-9.25,-1.1));
#6022=CARTESIAN_POINT('',(-2.8,-9.25,-4.55));
#6023=CARTESIAN_POINT('Origin',(-2.8,-8.75,-1.1));
#6024=CARTESIAN_POINT('Origin',(3.3,-9.25,-4.55));
#6025=CARTESIAN_POINT('',(2.8,-9.25,-1.1));
#6026=CARTESIAN_POINT('',(2.8,-9.25,-4.55));
#6027=CARTESIAN_POINT('',(0.399999999999999,-9.25,-1.1));
#6028=CARTESIAN_POINT('Origin',(2.8,-8.75,-4.55));
#6029=CARTESIAN_POINT('',(3.3,-8.75,-1.1));
#6030=CARTESIAN_POINT('',(3.3,-8.75,-4.55));
#6031=CARTESIAN_POINT('Origin',(2.8,-8.75,-1.1));
#6032=CARTESIAN_POINT('Origin',(3.3,-7.45000000000005,-4.55));
#6033=CARTESIAN_POINT('',(3.3,-8.25000000000005,-1.1));
#6034=CARTESIAN_POINT('',(3.3,-8.25000000000005,-4.55));
#6035=CARTESIAN_POINT('',(3.3,-6.15000000000002,-1.1));
#6036=CARTESIAN_POINT('Origin',(4.1,-8.25000000000005,-4.55));
#6037=CARTESIAN_POINT('',(4.1,-7.45000000000005,-1.1));
#6038=CARTESIAN_POINT('',(4.1,-7.45000000000005,-4.55));
#6039=CARTESIAN_POINT('Origin',(4.1,-8.25000000000005,-1.1));
#6040=CARTESIAN_POINT('Origin',(5.95,-7.45000000000005,-4.55));
#6041=CARTESIAN_POINT('',(5.45,-7.45000000000005,-1.1));
#6042=CARTESIAN_POINT('',(5.45,-7.45000000000005,-4.55));
#6043=CARTESIAN_POINT('',(1.725,-7.45000000000005,-1.1));
#6044=CARTESIAN_POINT('Origin',(5.45,-6.95000000000005,-4.55));
#6045=CARTESIAN_POINT('',(5.95,-6.95000000000005,-1.1));
#6046=CARTESIAN_POINT('',(5.95,-6.95000000000005,-4.55));
#6047=CARTESIAN_POINT('Origin',(5.45,-6.95000000000005,-1.1));
#6048=CARTESIAN_POINT('Origin',(5.95,-4.45000000000005,-4.55));
#6049=CARTESIAN_POINT('',(5.95,-4.95000000000005,-1.1));
#6050=CARTESIAN_POINT('',(5.95,-4.95000000000005,-4.55));
#6051=CARTESIAN_POINT('',(5.95,-4.65000000000002,-1.1));
#6052=CARTESIAN_POINT('Origin',(5.45,-4.95000000000005,-4.55));
#6053=CARTESIAN_POINT('',(5.45,-4.45000000000005,-1.1));
#6054=CARTESIAN_POINT('',(5.45,-4.45000000000005,-4.55));
#6055=CARTESIAN_POINT('Origin',(5.45,-4.95000000000005,-1.1));
#6056=CARTESIAN_POINT('Origin',(3.29999992623925,-4.45000000000005,-4.55));
#6057=CARTESIAN_POINT('',(4.1,-4.45000000000005,-1.1));
#6058=CARTESIAN_POINT('',(4.1,-4.45000000000005,-4.55));
#6059=CARTESIAN_POINT('',(0.399999963119627,-4.45000000000005,-1.1));
#6060=CARTESIAN_POINT('Origin',(4.1,-3.65000000000005,-4.55));
#6061=CARTESIAN_POINT('',(3.3,-3.65000000000005,-1.1));
#6062=CARTESIAN_POINT('',(3.3,-3.65000000000005,-4.55));
#6063=CARTESIAN_POINT('Origin',(4.1,-3.65000000000005,-1.1));
#6064=CARTESIAN_POINT('Origin',(3.3,-2.65,-4.55));
#6065=CARTESIAN_POINT('',(3.3,-3.15,-1.1));
#6066=CARTESIAN_POINT('',(3.3,-3.15,-4.55));
#6067=CARTESIAN_POINT('',(3.3,-3.75,-1.1));
#6068=CARTESIAN_POINT('Origin',(2.8,-3.15,-4.55));
#6069=CARTESIAN_POINT('',(2.83846153846154,-2.65148148473786,-1.1));
#6070=CARTESIAN_POINT('',(2.83846153846154,-2.65148148473786,-4.55));
#6071=CARTESIAN_POINT('Origin',(2.8,-3.15,-1.1));
#6072=CARTESIAN_POINT('Origin',(-2.5,-4.85,-5.05));
#6073=CARTESIAN_POINT('Origin',(2.9,-1.85385186031843,-4.55));
#6074=CARTESIAN_POINT('',(2.1,-1.85385186031843,-1.1));
#6075=CARTESIAN_POINT('',(2.1,-1.85385186031843,-4.55));
#6076=CARTESIAN_POINT('Origin',(2.9,-1.85385186031843,-1.1));
#6077=CARTESIAN_POINT('Origin',(2.1,0.,-1.1));
#6078=CARTESIAN_POINT('',(2.1,0.,-1.1));
#6079=CARTESIAN_POINT('',(2.1,0.,-1.1));
#6080=CARTESIAN_POINT('',(2.1,-0.299999981559813,-1.1));
#6081=CARTESIAN_POINT('Origin',(-2.87880183409695,0.350000000000003,-1.1));
#6082=CARTESIAN_POINT('',(-2.87880183409695,-0.449999999999997,-1.1));
#6083=CARTESIAN_POINT('',(-2.87880183409695,-0.449999999999997,-1.1));
#6084=CARTESIAN_POINT('',(-2.08464960400124,0.253448275862071,-1.1));
#6085=CARTESIAN_POINT('Origin',(-2.87880183409695,0.350000000000003,-1.1));
#6086=CARTESIAN_POINT('',(-2.08464960400124,0.253448275862071,-1.1));
#6087=CARTESIAN_POINT('Origin',(-8.3,-0.449999999999997,-4.55));
#6088=CARTESIAN_POINT('',(-3.42937207591514,-0.449999999999997,-1.1));
#6089=CARTESIAN_POINT('',(-3.42937207591514,-0.449999999999997,-1.1));
#6090=CARTESIAN_POINT('',(-5.4,-0.449999999999997,-1.1));
#6091=CARTESIAN_POINT('Origin',(2.77555756156289E-15,-1.45716771982052E-15,
-1.1));
#6092=CARTESIAN_POINT('Origin',(2.77555756156289E-15,-1.45716771982052E-15,
-1.1));
#6093=CARTESIAN_POINT('Origin',(-2.5,-4.85,-1.1));
#6094=CARTESIAN_POINT('',(-4.21818271366175,0.216666666666668,-1.1));
#6095=CARTESIAN_POINT('Origin',(-3.42937207591514,0.350000000000003,-1.1));
#6096=CARTESIAN_POINT('',(-6.78181728633825,0.216666666666668,-1.1));
#6097=CARTESIAN_POINT('Origin',(-5.5,-8.13162120183851E-16,-1.1));
#6098=CARTESIAN_POINT('',(-7.57062792408487,-0.449999999999997,-1.1));
#6099=CARTESIAN_POINT('Origin',(-7.57062792408487,0.350000000000003,-1.1));
#6100=CARTESIAN_POINT('',(-7.8,-0.449999999999997,-1.1));
#6101=CARTESIAN_POINT('',(-5.4,-0.449999999999997,-1.1));
#6102=CARTESIAN_POINT('',(-8.3,-0.949999999999997,-1.1));
#6103=CARTESIAN_POINT('Origin',(-7.8,-0.949999999999997,-1.1));
#6104=CARTESIAN_POINT('',(-8.3,-1.45000000000001,-1.1));
#6105=CARTESIAN_POINT('',(-8.3,-3.55,-1.1));
#6106=CARTESIAN_POINT('',(-9.1,-2.25000000000001,-1.1));
#6107=CARTESIAN_POINT('Origin',(-9.1,-1.45000000000001,-1.1));
#6108=CARTESIAN_POINT('',(-10.45,-2.25000000000001,-1.1));
#6109=CARTESIAN_POINT('',(-6.725,-2.25000000000001,-1.1));
#6110=CARTESIAN_POINT('',(-10.95,-2.75000000000001,-1.1));
#6111=CARTESIAN_POINT('Origin',(-10.45,-2.75000000000001,-1.1));
#6112=CARTESIAN_POINT('',(-10.95,-4.75000000000001,-1.1));
#6113=CARTESIAN_POINT('',(-10.95,-5.05,-1.1));
#6114=CARTESIAN_POINT('',(-10.45,-5.25000000000001,-1.1));
#6115=CARTESIAN_POINT('Origin',(-10.45,-4.75000000000001,-1.1));
#6116=CARTESIAN_POINT('',(-9.1,-5.25000000000001,-1.1));
#6117=CARTESIAN_POINT('',(-5.39999990724027,-5.25000000000001,-1.1));
#6118=CARTESIAN_POINT('Origin',(-9.1,-6.05000000000001,-1.1));
#6119=CARTESIAN_POINT('Origin',(-3.42937207591514,0.350000000000003,-1.1));
#6120=CARTESIAN_POINT('',(-4.21818271366175,0.216666666666668,-1.1));
#6121=CARTESIAN_POINT('Origin',(-5.5,-8.13162120183851E-16,-1.1));
#6122=CARTESIAN_POINT('',(-6.78181728633825,0.216666666666668,-1.1));
#6123=CARTESIAN_POINT('Origin',(-7.57062792408487,0.350000000000003,-1.1));
#6124=CARTESIAN_POINT('',(-7.57062792408487,-0.449999999999997,-1.1));
#6125=CARTESIAN_POINT('Origin',(-10.45,-4.75000000000001,-4.55));
#6126=CARTESIAN_POINT('',(-10.45,-5.25000000000001,-4.55));
#6127=CARTESIAN_POINT('',(-10.95,-4.75000000000001,-4.55));
#6128=CARTESIAN_POINT('Origin',(-10.95,-5.25000000000001,-4.55));
#6129=CARTESIAN_POINT('',(-10.95,-2.75000000000001,-4.55));
#6130=CARTESIAN_POINT('Origin',(-10.45,-2.75000000000001,-4.55));
#6131=CARTESIAN_POINT('',(-10.45,-2.25000000000001,-4.55));
#6132=CARTESIAN_POINT('Origin',(-10.95,-2.25000000000001,-4.55));
#6133=CARTESIAN_POINT('',(-9.1,-2.25000000000001,-4.55));
#6134=CARTESIAN_POINT('Origin',(-7.8,-0.949999999999997,-4.55));
#6135=CARTESIAN_POINT('',(-8.3,-0.949999999999997,-4.55));
#6136=CARTESIAN_POINT('',(-7.8,-0.449999999999997,-4.55));
#6137=CARTESIAN_POINT('Origin',(-8.3,-0.449999999999997,-4.55));
#6138=CARTESIAN_POINT('Origin',(-9.1,-6.05000000000001,-4.55));
#6139=CARTESIAN_POINT('',(-9.1,-5.25000000000001,-4.55));
#6140=CARTESIAN_POINT('Origin',(-9.1,-1.45000000000001,-4.55));
#6141=CARTESIAN_POINT('',(-8.3,-1.45000000000001,-4.55));
#6142=CARTESIAN_POINT('Origin',(-8.29999981448054,-5.25000000000001,-4.55));
#6143=CARTESIAN_POINT('Origin',(-8.3,-2.25000000000001,-4.55));
#6144=CARTESIAN_POINT('Origin',(-2.1,2.79,-3.04000000000001));
#6145=CARTESIAN_POINT('',(-2.6,2.79,-3.04000000000001));
#6146=CARTESIAN_POINT('',(-2.1,2.29,-3.04000000000001));
#6147=CARTESIAN_POINT('Origin',(-2.1,2.79,-3.04000000000001));
#6148=CARTESIAN_POINT('',(-2.1,2.79,-3.54000000000001));
#6149=CARTESIAN_POINT('Origin',(-2.1,2.79,-3.04000000000001));
#6150=CARTESIAN_POINT('Origin',(-2.1,2.79,-3.04000000000001));
#6151=CARTESIAN_POINT('Origin',(-2.1,2.79,1.44));
#6152=CARTESIAN_POINT('',(-2.1,2.29,1.44));
#6153=CARTESIAN_POINT('',(-2.6,2.79,1.44));
#6154=CARTESIAN_POINT('Origin',(-2.1,2.79,1.44));
#6155=CARTESIAN_POINT('',(-2.1,2.79,1.94));
#6156=CARTESIAN_POINT('Origin',(-2.1,2.79,1.44));
#6157=CARTESIAN_POINT('Origin',(-2.1,2.79,1.44));
#6158=CARTESIAN_POINT('Origin',(2.1,2.79,-3.04000000000001));
#6159=CARTESIAN_POINT('',(2.1,2.79,-3.54000000000001));
#6160=CARTESIAN_POINT('',(2.1,2.29,-3.04000000000001));
#6161=CARTESIAN_POINT('Origin',(2.1,2.79,-3.04000000000001));
#6162=CARTESIAN_POINT('',(2.6,2.79,-3.04000000000001));
#6163=CARTESIAN_POINT('Origin',(2.1,2.79,-3.04000000000001));
#6164=CARTESIAN_POINT('Origin',(2.1,2.79,-3.04000000000001));
#6165=CARTESIAN_POINT('Origin',(-2.1,6.59,-3.04));
#6166=CARTESIAN_POINT('',(-2.1,7.09,-3.04));
#6167=CARTESIAN_POINT('',(-2.6,6.59,-3.04));
#6168=CARTESIAN_POINT('Origin',(-2.1,6.59,-3.04));
#6169=CARTESIAN_POINT('',(-2.1,6.59,-3.54));
#6170=CARTESIAN_POINT('Origin',(-2.1,6.59,-3.04));
#6171=CARTESIAN_POINT('Origin',(-2.1,6.59,-3.04));
#6172=CARTESIAN_POINT('Origin',(-2.1,6.59,1.44));
#6173=CARTESIAN_POINT('',(-2.1,6.59,1.94));
#6174=CARTESIAN_POINT('',(-2.6,6.59,1.44));
#6175=CARTESIAN_POINT('Origin',(-2.1,6.59,1.44));
#6176=CARTESIAN_POINT('',(-2.1,7.09,1.44));
#6177=CARTESIAN_POINT('Origin',(-2.1,6.59,1.44));
#6178=CARTESIAN_POINT('Origin',(-2.1,6.59,1.44));
#6179=CARTESIAN_POINT('Origin',(2.1,2.79,1.44));
#6180=CARTESIAN_POINT('',(2.1,2.79,1.94));
#6181=CARTESIAN_POINT('',(2.6,2.79,1.44));
#6182=CARTESIAN_POINT('Origin',(2.1,2.79,1.44));
#6183=CARTESIAN_POINT('',(2.1,2.29,1.44));
#6184=CARTESIAN_POINT('Origin',(2.1,2.79,1.44));
#6185=CARTESIAN_POINT('Origin',(2.1,2.79,1.44));
#6186=CARTESIAN_POINT('Origin',(1.3,2.79,1.44));
#6187=CARTESIAN_POINT('',(1.3,2.29,1.44));
#6188=CARTESIAN_POINT('',(1.3,2.79,1.94));
#6189=CARTESIAN_POINT('Origin',(2.1,2.79,1.94));
#6190=CARTESIAN_POINT('',(2.1,2.29,1.09686269665735));
#6191=CARTESIAN_POINT('',(2.6,2.79,1.09686269665735));
#6192=CARTESIAN_POINT('Origin',(2.1,2.79,1.09686269665735));
#6193=CARTESIAN_POINT('',(2.6,2.79,1.94));
#6194=CARTESIAN_POINT('',(2.1,2.29,1.94));
#6195=CARTESIAN_POINT('Ctrl Pts',(2.1,2.29,1.09686269665735));
#6196=CARTESIAN_POINT('Ctrl Pts',(2.1,2.29,0.964473248859968));
#6197=CARTESIAN_POINT('Ctrl Pts',(2.11418831772452,2.29,0.832407812055739));
#6198=CARTESIAN_POINT('Ctrl Pts',(2.11418831772452,2.29,0.7));
#6199=CARTESIAN_POINT('Ctrl Pts',(2.23089969389958,2.29,1.09686269665735));
#6200=CARTESIAN_POINT('Ctrl Pts',(2.22399131218927,2.29022304219638,0.973967924545053));
#6201=CARTESIAN_POINT('Ctrl Pts',(2.22936997944303,2.29,0.838883993878753));
#6202=CARTESIAN_POINT('Ctrl Pts',(2.22936997944303,2.29,0.7));
#6203=CARTESIAN_POINT('Ctrl Pts',(2.49184775322092,2.39815224677908,1.09686269665735));
#6204=CARTESIAN_POINT('Ctrl Pts',(2.47174409229213,2.38614686196366,0.992790765484589));
#6205=CARTESIAN_POINT('Ctrl Pts',(2.45931173038269,2.37276613924198,0.851769559655861));
#6206=CARTESIAN_POINT('Ctrl Pts',(2.45931173038269,2.37276613924198,0.699999999999999));
#6207=CARTESIAN_POINT('Ctrl Pts',(2.6,2.65910030610042,1.09686269665735));
#6208=CARTESIAN_POINT('Ctrl Pts',(2.58901100752838,2.62487513405747,1.00074963345006));
#6209=CARTESIAN_POINT('Ctrl Pts',(2.58372405757477,2.5831111307984,0.858813022348151));
#6210=CARTESIAN_POINT('Ctrl Pts',(2.58372405757477,2.5831111307984,0.7));
#6211=CARTESIAN_POINT('Ctrl Pts',(2.6,2.79,1.09686269665735));
#6212=CARTESIAN_POINT('Ctrl Pts',(2.6,2.74895278651399,1.00067348849164));
#6213=CARTESIAN_POINT('Ctrl Pts',(2.6053206191467,2.69625000000129,0.859992772900178));
#6214=CARTESIAN_POINT('Ctrl Pts',(2.6053206191467,2.69625000000129,0.7));
#6215=CARTESIAN_POINT('',(2.11418831772452,2.29,0.7));
#6216=CARTESIAN_POINT('',(2.6053206191467,2.69625000000129,0.7));
#6217=CARTESIAN_POINT('Origin',(2.11418831772452,2.79,0.7));
#6218=CARTESIAN_POINT('Ctrl Pts',(2.6053206191467,2.69625000000129,0.7));
#6219=CARTESIAN_POINT('Ctrl Pts',(2.6053206191467,2.69625000000129,0.859992772900178));
#6220=CARTESIAN_POINT('Ctrl Pts',(2.6,2.74895278651399,1.00067348849164));
#6221=CARTESIAN_POINT('Ctrl Pts',(2.6,2.79,1.09686269665735));
#6222=CARTESIAN_POINT('Ctrl Pts',(2.1,2.29,1.09686269665735));
#6223=CARTESIAN_POINT('Ctrl Pts',(2.1,2.29,0.964473248859968));
#6224=CARTESIAN_POINT('Ctrl Pts',(2.11418831772452,2.29,0.832407812055739));
#6225=CARTESIAN_POINT('Ctrl Pts',(2.11418831772452,2.29,0.7));
#6226=CARTESIAN_POINT('Origin',(2.11418831772452,2.79,1.47));
#6227=CARTESIAN_POINT('',(2.11418831772452,2.29,-2.30000000000001));
#6228=CARTESIAN_POINT('',(2.6053206191467,2.69625000000129,-2.30000000000001));
#6229=CARTESIAN_POINT('Origin',(2.11418831772452,2.79,-2.30000000000001));
#6230=CARTESIAN_POINT('',(2.6053206191467,2.69625000000129,1.47));
#6231=CARTESIAN_POINT('',(2.11418831772452,2.29,1.47));
#6232=CARTESIAN_POINT('Ctrl Pts',(2.11418831772452,2.29,-2.30000000000001));
#6233=CARTESIAN_POINT('Ctrl Pts',(2.11418831772452,2.29,-2.43239104919376));
#6234=CARTESIAN_POINT('Ctrl Pts',(2.1,2.29,-2.5644716474636));
#6235=CARTESIAN_POINT('Ctrl Pts',(2.1,2.29,-2.69686269665735));
#6236=CARTESIAN_POINT('Ctrl Pts',(2.22936997944303,2.29,-2.30000000000001));
#6237=CARTESIAN_POINT('Ctrl Pts',(2.22936997944303,2.29,-2.43886641113054));
#6238=CARTESIAN_POINT('Ctrl Pts',(2.22399122862478,2.29022304489432,-2.57396643799726));
#6239=CARTESIAN_POINT('Ctrl Pts',(2.23089969389958,2.29,-2.69686269665735));
#6240=CARTESIAN_POINT('Ctrl Pts',(2.45929733850261,2.37278353817659,-2.30000000000001));
#6241=CARTESIAN_POINT('Ctrl Pts',(2.45929733850261,2.37278353817659,-2.45175034559181));
#6242=CARTESIAN_POINT('Ctrl Pts',(2.47171784705102,2.38617271881045,-2.59278950661981));
#6243=CARTESIAN_POINT('Ctrl Pts',(2.49182175115576,2.39817824884424,-2.69686269665735));
#6244=CARTESIAN_POINT('Ctrl Pts',(2.58372405757477,2.5831111307984,-2.30000000000001));
#6245=CARTESIAN_POINT('Ctrl Pts',(2.58372405757477,2.5831111307984,-2.45879291657997));
#6246=CARTESIAN_POINT('Ctrl Pts',(2.5890108746044,2.62487472006627,-2.60074847085657));
#6247=CARTESIAN_POINT('Ctrl Pts',(2.6,2.65910030610042,-2.69686269665735));
#6248=CARTESIAN_POINT('Ctrl Pts',(2.6053206191467,2.69625000000129,-2.30000000000001));
#6249=CARTESIAN_POINT('Ctrl Pts',(2.6053206191467,2.69625000000129,-2.45997251777529));
#6250=CARTESIAN_POINT('Ctrl Pts',(2.6,2.74895229000268,-2.60067232497709));
#6251=CARTESIAN_POINT('Ctrl Pts',(2.6,2.79,-2.69686269665735));
#6252=CARTESIAN_POINT('',(2.1,2.29,-2.69686269665735));
#6253=CARTESIAN_POINT('',(2.6,2.79,-2.69686269665735));
#6254=CARTESIAN_POINT('Origin',(2.1,2.79,-2.69686269665735));
#6255=CARTESIAN_POINT('Ctrl Pts',(2.6,2.79,-2.69686269665735));
#6256=CARTESIAN_POINT('Ctrl Pts',(2.6,2.74895229000268,-2.60067232497709));
#6257=CARTESIAN_POINT('Ctrl Pts',(2.6053206191467,2.69625000000129,-2.45997251777529));
#6258=CARTESIAN_POINT('Ctrl Pts',(2.6053206191467,2.69625000000129,-2.30000000000001));
#6259=CARTESIAN_POINT('Ctrl Pts',(2.11418831772452,2.29,-2.30000000000001));
#6260=CARTESIAN_POINT('Ctrl Pts',(2.11418831772452,2.29,-2.43239104919376));
#6261=CARTESIAN_POINT('Ctrl Pts',(2.1,2.29,-2.5644716474636));
#6262=CARTESIAN_POINT('Ctrl Pts',(2.1,2.29,-2.69686269665735));
#6263=CARTESIAN_POINT('Origin',(2.1,2.79,1.94));
#6264=CARTESIAN_POINT('',(2.1,2.29,1.94));
#6265=CARTESIAN_POINT('',(2.6,2.79,1.94));
#6266=CARTESIAN_POINT('Origin',(2.1,6.59,-3.04));
#6267=CARTESIAN_POINT('',(2.6,6.59,-3.04));
#6268=CARTESIAN_POINT('',(2.1,7.09,-3.04));
#6269=CARTESIAN_POINT('Origin',(2.1,6.59,-3.04));
#6270=CARTESIAN_POINT('',(2.1,6.59,-3.54));
#6271=CARTESIAN_POINT('Origin',(2.1,6.59,-3.04));
#6272=CARTESIAN_POINT('Origin',(2.1,6.59,-3.04));
#6273=CARTESIAN_POINT('Origin',(2.1,5.89,-3.04));
#6274=CARTESIAN_POINT('',(2.6,5.89,-3.04));
#6275=CARTESIAN_POINT('',(2.1,5.89,-3.54));
#6276=CARTESIAN_POINT('Origin',(-1.3,6.59,-3.04));
#6277=CARTESIAN_POINT('',(-1.3,7.09,-3.04));
#6278=CARTESIAN_POINT('',(-1.3,6.59,-3.54));
#6279=CARTESIAN_POINT('Origin',(2.1,6.59,1.44));
#6280=CARTESIAN_POINT('',(2.1,6.59,1.94));
#6281=CARTESIAN_POINT('',(2.1,7.09,1.44));
#6282=CARTESIAN_POINT('Origin',(2.1,6.59,1.44));
#6283=CARTESIAN_POINT('',(2.6,6.59,1.44));
#6284=CARTESIAN_POINT('Origin',(2.1,6.59,1.44));
#6285=CARTESIAN_POINT('Origin',(2.1,6.59,1.44));
#6286=CARTESIAN_POINT('Origin',(2.1,5.89,1.44));
#6287=CARTESIAN_POINT('',(2.6,5.89,1.44));
#6288=CARTESIAN_POINT('',(2.1,5.89,1.94));
#6289=CARTESIAN_POINT('Origin',(2.1,6.59,1.94));
#6290=CARTESIAN_POINT('',(2.6,6.59,1.09686269666203));
#6291=CARTESIAN_POINT('',(2.1,7.09,1.09686269666203));
#6292=CARTESIAN_POINT('Origin',(2.1,6.59,1.09686269666203));
#6293=CARTESIAN_POINT('',(2.1,7.09,1.94));
#6294=CARTESIAN_POINT('',(2.6,6.59,1.94));
#6295=CARTESIAN_POINT('Ctrl Pts',(2.6,6.59,1.09686269666203));
#6296=CARTESIAN_POINT('Ctrl Pts',(2.6,6.6310472134866,1.00067348849603));
#6297=CARTESIAN_POINT('Ctrl Pts',(2.60532061914699,6.68375000000129,0.859992772903091));
#6298=CARTESIAN_POINT('Ctrl Pts',(2.60532061914699,6.68375000000129,0.700000000000001));
#6299=CARTESIAN_POINT('Ctrl Pts',(2.6,6.72089969389957,1.09686269666203));
#6300=CARTESIAN_POINT('Ctrl Pts',(2.58901100752822,6.75512486594302,1.00074963345446));
#6301=CARTESIAN_POINT('Ctrl Pts',(2.58372405757456,6.79688886920363,0.858813022350976));
#6302=CARTESIAN_POINT('Ctrl Pts',(2.58372405757456,6.79688886920363,0.700000000000001));
#6303=CARTESIAN_POINT('Ctrl Pts',(2.49178839808405,6.98178839808405,1.09686269666203));
#6304=CARTESIAN_POINT('Ctrl Pts',(2.47168473715498,6.99379378289964,0.992790765488706));
#6305=CARTESIAN_POINT('Ctrl Pts',(2.45927887791424,7.0071941440616,0.851769559658321));
#6306=CARTESIAN_POINT('Ctrl Pts',(2.45927887791424,7.0071941440616,0.700000000000001));
#6307=CARTESIAN_POINT('Ctrl Pts',(2.23089969389958,7.09,1.09686269666203));
#6308=CARTESIAN_POINT('Ctrl Pts',(2.22399131218917,7.08977695780361,0.973967924548502));
#6309=CARTESIAN_POINT('Ctrl Pts',(2.22936997944338,7.09,0.838883993880623));
#6310=CARTESIAN_POINT('Ctrl Pts',(2.22936997944338,7.09,0.700000000000001));
#6311=CARTESIAN_POINT('Ctrl Pts',(2.1,7.09,1.09686269666203));
#6312=CARTESIAN_POINT('Ctrl Pts',(2.1,7.09,0.964473248863082));
#6313=CARTESIAN_POINT('Ctrl Pts',(2.11418831772531,7.09,0.832407812057312));
#6314=CARTESIAN_POINT('Ctrl Pts',(2.11418831772531,7.09,0.700000000000001));
#6315=CARTESIAN_POINT('',(2.60532061914699,6.68375000000129,0.7));
#6316=CARTESIAN_POINT('',(2.11418831772531,7.09,0.700000000000001));
#6317=CARTESIAN_POINT('Origin',(2.11418831772531,6.59,0.700000000000001));
#6318=CARTESIAN_POINT('Ctrl Pts',(2.11418831772531,7.09,0.700000000000001));
#6319=CARTESIAN_POINT('Ctrl Pts',(2.11418831772531,7.09,0.832407812057312));
#6320=CARTESIAN_POINT('Ctrl Pts',(2.1,7.09,0.964473248863082));
#6321=CARTESIAN_POINT('Ctrl Pts',(2.1,7.09,1.09686269666203));
#6322=CARTESIAN_POINT('Ctrl Pts',(2.6,6.59,1.09686269666203));
#6323=CARTESIAN_POINT('Ctrl Pts',(2.6,6.6310472134866,1.00067348849603));
#6324=CARTESIAN_POINT('Ctrl Pts',(2.60532061914699,6.68375000000129,0.859992772903091));
#6325=CARTESIAN_POINT('Ctrl Pts',(2.60532061914699,6.68375000000129,0.700000000000001));
#6326=CARTESIAN_POINT('Origin',(2.11418831772531,6.59,1.47));
#6327=CARTESIAN_POINT('',(2.60532061914699,6.68375000000129,-2.3));
#6328=CARTESIAN_POINT('',(2.11418831772531,7.09,-2.3));
#6329=CARTESIAN_POINT('Origin',(2.11418831772531,6.59,-2.3));
#6330=CARTESIAN_POINT('',(2.11418831772531,7.09,1.47));
#6331=CARTESIAN_POINT('',(2.60532061914699,6.68375000000129,1.47));
#6332=CARTESIAN_POINT('Ctrl Pts',(2.60532061914699,6.68375000000129,-2.3));
#6333=CARTESIAN_POINT('Ctrl Pts',(2.60532061914699,6.68375000000129,-2.45997251777819));
#6334=CARTESIAN_POINT('Ctrl Pts',(2.6,6.63104770999791,-2.60067232498148));
#6335=CARTESIAN_POINT('Ctrl Pts',(2.6,6.59,-2.69686269666203));
#6336=CARTESIAN_POINT('Ctrl Pts',(2.58372405757456,6.79688886920363,-2.3));
#6337=CARTESIAN_POINT('Ctrl Pts',(2.58372405757456,6.79688886920363,-2.45879291658279));
#6338=CARTESIAN_POINT('Ctrl Pts',(2.58901087460424,6.75512527993422,-2.60074847086097));
#6339=CARTESIAN_POINT('Ctrl Pts',(2.6,6.72089969389957,-2.69686269666203));
#6340=CARTESIAN_POINT('Ctrl Pts',(2.45926831520405,7.00718137436765,-2.3));
#6341=CARTESIAN_POINT('Ctrl Pts',(2.45926831520405,7.00718137436765,-2.45175034559427));
#6342=CARTESIAN_POINT('Ctrl Pts',(2.47166541014307,6.99377484428205,-2.59278950662393));
#6343=CARTESIAN_POINT('Ctrl Pts',(2.4917693142481,6.98176931424809,-2.69686269666203));
#6344=CARTESIAN_POINT('Ctrl Pts',(2.22936997944338,7.09,-2.3));
#6345=CARTESIAN_POINT('Ctrl Pts',(2.22936997944338,7.09,-2.43886641113241));
#6346=CARTESIAN_POINT('Ctrl Pts',(2.22399122862468,7.08977695510567,-2.5739664380007));
#6347=CARTESIAN_POINT('Ctrl Pts',(2.23089969389958,7.09,-2.69686269666203));
#6348=CARTESIAN_POINT('Ctrl Pts',(2.11418831772531,7.09,-2.3));
#6349=CARTESIAN_POINT('Ctrl Pts',(2.11418831772531,7.09,-2.43239104919533));
#6350=CARTESIAN_POINT('Ctrl Pts',(2.1,7.09,-2.56447164746671));
#6351=CARTESIAN_POINT('Ctrl Pts',(2.1,7.09,-2.69686269666203));
#6352=CARTESIAN_POINT('',(2.6,6.59,-2.69686269666203));
#6353=CARTESIAN_POINT('',(2.1,7.09,-2.69686269666203));
#6354=CARTESIAN_POINT('Origin',(2.1,6.59,-2.69686269666203));
#6355=CARTESIAN_POINT('Ctrl Pts',(2.1,7.09,-2.69686269666203));
#6356=CARTESIAN_POINT('Ctrl Pts',(2.1,7.09,-2.56447164746671));
#6357=CARTESIAN_POINT('Ctrl Pts',(2.11418831772531,7.09,-2.43239104919533));
#6358=CARTESIAN_POINT('Ctrl Pts',(2.11418831772531,7.09,-2.3));
#6359=CARTESIAN_POINT('Ctrl Pts',(2.60532061914699,6.68375000000129,-2.3));
#6360=CARTESIAN_POINT('Ctrl Pts',(2.60532061914699,6.68375000000129,-2.45997251777819));
#6361=CARTESIAN_POINT('Ctrl Pts',(2.6,6.63104770999791,-2.60067232498148));
#6362=CARTESIAN_POINT('Ctrl Pts',(2.6,6.59,-2.69686269666203));
#6363=CARTESIAN_POINT('Origin',(2.1,6.59,1.94));
#6364=CARTESIAN_POINT('',(2.6,6.59,1.94));
#6365=CARTESIAN_POINT('',(2.1,7.09,1.94));
#6366=CARTESIAN_POINT('Origin',(-1.3,6.59,1.44));
#6367=CARTESIAN_POINT('',(-1.3,7.09,1.44));
#6368=CARTESIAN_POINT('',(-1.3,6.59,1.94));
#6369=CARTESIAN_POINT('Origin',(-2.1,6.59,1.94));
#6370=CARTESIAN_POINT('',(-2.1,7.09,1.09686269666203));
#6371=CARTESIAN_POINT('',(-2.6,6.59,1.09686269666203));
#6372=CARTESIAN_POINT('Origin',(-2.1,6.59,1.09686269666203));
#6373=CARTESIAN_POINT('',(-2.6,6.59,1.94));
#6374=CARTESIAN_POINT('',(-2.1,7.09,1.94));
#6375=CARTESIAN_POINT('Ctrl Pts',(-2.1,7.09,1.09686269666203));
#6376=CARTESIAN_POINT('Ctrl Pts',(-2.1,7.09,0.964473248863077));
#6377=CARTESIAN_POINT('Ctrl Pts',(-2.11418831772531,7.09,0.832407812057311));
#6378=CARTESIAN_POINT('Ctrl Pts',(-2.11418831772531,7.09,0.700000000000001));
#6379=CARTESIAN_POINT('Ctrl Pts',(-2.23089969389957,7.09,1.09686269666203));
#6380=CARTESIAN_POINT('Ctrl Pts',(-2.22399131218917,7.08977695780361,0.973967924548498));
#6381=CARTESIAN_POINT('Ctrl Pts',(-2.22936997944338,7.09,0.838883993880621));
#6382=CARTESIAN_POINT('Ctrl Pts',(-2.22936997944338,7.09,0.700000000000001));
#6383=CARTESIAN_POINT('Ctrl Pts',(-2.49178839808406,6.98178839808405,1.09686269666203));
#6384=CARTESIAN_POINT('Ctrl Pts',(-2.47168473715498,6.99379378289964,0.992790765488702));
#6385=CARTESIAN_POINT('Ctrl Pts',(-2.45927887791424,7.0071941440616,0.851769559658319));
#6386=CARTESIAN_POINT('Ctrl Pts',(-2.45927887791424,7.0071941440616,0.700000000000001));
#6387=CARTESIAN_POINT('Ctrl Pts',(-2.6,6.72089969389957,1.09686269666203));
#6388=CARTESIAN_POINT('Ctrl Pts',(-2.58901100752822,6.75512486594302,1.00074963345446));
#6389=CARTESIAN_POINT('Ctrl Pts',(-2.58372405757456,6.79688886920363,0.858813022350973));
#6390=CARTESIAN_POINT('Ctrl Pts',(-2.58372405757456,6.79688886920363,0.700000000000001));
#6391=CARTESIAN_POINT('Ctrl Pts',(-2.6,6.59,1.09686269666203));
#6392=CARTESIAN_POINT('Ctrl Pts',(-2.6,6.6310472134866,1.00067348849603));
#6393=CARTESIAN_POINT('Ctrl Pts',(-2.60532061914699,6.68375000000129,0.859992772903088));
#6394=CARTESIAN_POINT('Ctrl Pts',(-2.60532061914699,6.68375000000129,0.700000000000001));
#6395=CARTESIAN_POINT('',(-2.11418831772531,7.09,0.700000000000001));
#6396=CARTESIAN_POINT('',(-2.60532061914699,6.68375000000129,0.7));
#6397=CARTESIAN_POINT('Origin',(-2.11418831772531,6.59,0.700000000000001));
#6398=CARTESIAN_POINT('Ctrl Pts',(-2.60532061914699,6.68375000000129,0.700000000000001));
#6399=CARTESIAN_POINT('Ctrl Pts',(-2.60532061914699,6.68375000000129,0.859992772903088));
#6400=CARTESIAN_POINT('Ctrl Pts',(-2.6,6.6310472134866,1.00067348849603));
#6401=CARTESIAN_POINT('Ctrl Pts',(-2.6,6.59,1.09686269666203));
#6402=CARTESIAN_POINT('Ctrl Pts',(-2.1,7.09,1.09686269666203));
#6403=CARTESIAN_POINT('Ctrl Pts',(-2.1,7.09,0.964473248863077));
#6404=CARTESIAN_POINT('Ctrl Pts',(-2.11418831772531,7.09,0.832407812057311));
#6405=CARTESIAN_POINT('Ctrl Pts',(-2.11418831772531,7.09,0.700000000000001));
#6406=CARTESIAN_POINT('Origin',(-2.11418831772531,6.59,1.47));
#6407=CARTESIAN_POINT('',(-2.11418831772531,7.09,-2.3));
#6408=CARTESIAN_POINT('',(-2.60532061914699,6.68375000000129,-2.3));
#6409=CARTESIAN_POINT('Origin',(-2.11418831772531,6.59,-2.3));
#6410=CARTESIAN_POINT('',(-2.60532061914699,6.68375000000129,1.47));
#6411=CARTESIAN_POINT('',(-2.11418831772531,7.09,1.47));
#6412=CARTESIAN_POINT('Ctrl Pts',(-2.11418831772531,7.09,-2.3));
#6413=CARTESIAN_POINT('Ctrl Pts',(-2.11418831772531,7.09,-2.43239104919533));
#6414=CARTESIAN_POINT('Ctrl Pts',(-2.1,7.09,-2.56447164746671));
#6415=CARTESIAN_POINT('Ctrl Pts',(-2.1,7.09,-2.69686269666203));
#6416=CARTESIAN_POINT('Ctrl Pts',(-2.22936997944338,7.09,-2.3));
#6417=CARTESIAN_POINT('Ctrl Pts',(-2.22936997944338,7.09,-2.43886641113241));
#6418=CARTESIAN_POINT('Ctrl Pts',(-2.22399122862468,7.08977695510567,-2.5739664380007));
#6419=CARTESIAN_POINT('Ctrl Pts',(-2.23089969389958,7.09,-2.69686269666203));
#6420=CARTESIAN_POINT('Ctrl Pts',(-2.45926831520405,7.00718137436765,-2.3));
#6421=CARTESIAN_POINT('Ctrl Pts',(-2.45926831520405,7.00718137436765,-2.45175034559427));
#6422=CARTESIAN_POINT('Ctrl Pts',(-2.47166541014307,6.99377484428205,-2.59278950662393));
#6423=CARTESIAN_POINT('Ctrl Pts',(-2.4917693142481,6.98176931424809,-2.69686269666203));
#6424=CARTESIAN_POINT('Ctrl Pts',(-2.58372405757456,6.79688886920363,-2.3));
#6425=CARTESIAN_POINT('Ctrl Pts',(-2.58372405757456,6.79688886920363,-2.45879291658279));
#6426=CARTESIAN_POINT('Ctrl Pts',(-2.58901087460424,6.75512527993422,-2.60074847086096));
#6427=CARTESIAN_POINT('Ctrl Pts',(-2.6,6.72089969389957,-2.69686269666203));
#6428=CARTESIAN_POINT('Ctrl Pts',(-2.60532061914699,6.68375000000129,-2.3));
#6429=CARTESIAN_POINT('Ctrl Pts',(-2.60532061914699,6.68375000000129,-2.45997251777819));
#6430=CARTESIAN_POINT('Ctrl Pts',(-2.6,6.63104770999791,-2.60067232498148));
#6431=CARTESIAN_POINT('Ctrl Pts',(-2.6,6.59,-2.69686269666203));
#6432=CARTESIAN_POINT('',(-2.1,7.09,-2.69686269666203));
#6433=CARTESIAN_POINT('',(-2.6,6.59,-2.69686269666203));
#6434=CARTESIAN_POINT('Origin',(-2.1,6.59,-2.69686269666203));
#6435=CARTESIAN_POINT('Ctrl Pts',(-2.6,6.59,-2.69686269666203));
#6436=CARTESIAN_POINT('Ctrl Pts',(-2.6,6.63104770999791,-2.60067232498148));
#6437=CARTESIAN_POINT('Ctrl Pts',(-2.60532061914699,6.68375000000129,-2.45997251777819));
#6438=CARTESIAN_POINT('Ctrl Pts',(-2.60532061914699,6.68375000000129,-2.3));
#6439=CARTESIAN_POINT('Ctrl Pts',(-2.11418831772531,7.09,-2.3));
#6440=CARTESIAN_POINT('Ctrl Pts',(-2.11418831772531,7.09,-2.43239104919533));
#6441=CARTESIAN_POINT('Ctrl Pts',(-2.1,7.09,-2.56447164746671));
#6442=CARTESIAN_POINT('Ctrl Pts',(-2.1,7.09,-2.69686269666203));
#6443=CARTESIAN_POINT('Origin',(-2.1,6.59,1.94));
#6444=CARTESIAN_POINT('',(-2.1,7.09,1.94));
#6445=CARTESIAN_POINT('',(-2.6,6.59,1.94));
#6446=CARTESIAN_POINT('Origin',(-2.1,3.49,1.44));
#6447=CARTESIAN_POINT('',(-2.6,3.49,1.44));
#6448=CARTESIAN_POINT('',(-2.1,3.49,1.94));
#6449=CARTESIAN_POINT('Origin',(-2.1,3.49,-3.04));
#6450=CARTESIAN_POINT('',(-2.6,3.49,-3.04));
#6451=CARTESIAN_POINT('',(-2.1,3.49,-3.54));
#6452=CARTESIAN_POINT('Origin',(1.3,2.79,-3.04000000000001));
#6453=CARTESIAN_POINT('',(1.3,2.29,-3.04000000000001));
#6454=CARTESIAN_POINT('',(1.3,2.79,-3.54000000000001));
#6455=CARTESIAN_POINT('Origin',(-2.1,2.79,1.94));
#6456=CARTESIAN_POINT('',(-2.6,2.79,1.09686269665735));
#6457=CARTESIAN_POINT('',(-2.1,2.29,1.09686269665735));
#6458=CARTESIAN_POINT('Origin',(-2.1,2.79,1.09686269665735));
#6459=CARTESIAN_POINT('',(-2.1,2.29,1.94));
#6460=CARTESIAN_POINT('',(-2.6,2.79,1.94));
#6461=CARTESIAN_POINT('Ctrl Pts',(-2.6,2.79,1.09686269665735));
#6462=CARTESIAN_POINT('Ctrl Pts',(-2.6,2.74895278651399,1.00067348849164));
#6463=CARTESIAN_POINT('Ctrl Pts',(-2.6053206191467,2.69625000000129,0.859992772900179));
#6464=CARTESIAN_POINT('Ctrl Pts',(-2.6053206191467,2.69625000000129,0.7));
#6465=CARTESIAN_POINT('Ctrl Pts',(-2.6,2.65910030610042,1.09686269665735));
#6466=CARTESIAN_POINT('Ctrl Pts',(-2.58901100752838,2.62487513405747,1.00074963345006));
#6467=CARTESIAN_POINT('Ctrl Pts',(-2.58372405757477,2.5831111307984,0.858813022348152));
#6468=CARTESIAN_POINT('Ctrl Pts',(-2.58372405757477,2.5831111307984,0.7));
#6469=CARTESIAN_POINT('Ctrl Pts',(-2.49184775322092,2.39815224677908,1.09686269665735));
#6470=CARTESIAN_POINT('Ctrl Pts',(-2.47174409229213,2.38614686196366,0.992790765484589));
#6471=CARTESIAN_POINT('Ctrl Pts',(-2.45931173038269,2.37276613924198,0.851769559655862));
#6472=CARTESIAN_POINT('Ctrl Pts',(-2.45931173038269,2.37276613924198,0.7));
#6473=CARTESIAN_POINT('Ctrl Pts',(-2.23089969389957,2.29,1.09686269665735));
#6474=CARTESIAN_POINT('Ctrl Pts',(-2.22399131218927,2.29022304219638,0.973967924545051));
#6475=CARTESIAN_POINT('Ctrl Pts',(-2.22936997944303,2.29,0.838883993878754));
#6476=CARTESIAN_POINT('Ctrl Pts',(-2.22936997944303,2.29,0.7));
#6477=CARTESIAN_POINT('Ctrl Pts',(-2.1,2.29,1.09686269665735));
#6478=CARTESIAN_POINT('Ctrl Pts',(-2.1,2.29,0.964473248859966));
#6479=CARTESIAN_POINT('Ctrl Pts',(-2.11418831772452,2.29,0.832407812055739));
#6480=CARTESIAN_POINT('Ctrl Pts',(-2.11418831772452,2.29,0.7));
#6481=CARTESIAN_POINT('',(-2.6053206191467,2.69625000000129,0.7));
#6482=CARTESIAN_POINT('',(-2.11418831772452,2.29,0.7));
#6483=CARTESIAN_POINT('Origin',(-2.11418831772452,2.79,0.7));
#6484=CARTESIAN_POINT('Ctrl Pts',(-2.11418831772452,2.29,0.7));
#6485=CARTESIAN_POINT('Ctrl Pts',(-2.11418831772452,2.29,0.832407812055739));
#6486=CARTESIAN_POINT('Ctrl Pts',(-2.1,2.29,0.964473248859966));
#6487=CARTESIAN_POINT('Ctrl Pts',(-2.1,2.29,1.09686269665735));
#6488=CARTESIAN_POINT('Ctrl Pts',(-2.6,2.79,1.09686269665735));
#6489=CARTESIAN_POINT('Ctrl Pts',(-2.6,2.74895278651399,1.00067348849164));
#6490=CARTESIAN_POINT('Ctrl Pts',(-2.6053206191467,2.69625000000129,0.859992772900179));
#6491=CARTESIAN_POINT('Ctrl Pts',(-2.6053206191467,2.69625000000129,0.7));
#6492=CARTESIAN_POINT('Origin',(-2.11418831772452,2.79,1.47));
#6493=CARTESIAN_POINT('',(-2.6053206191467,2.69625000000129,-2.3));
#6494=CARTESIAN_POINT('',(-2.11418831772452,2.29,-2.3));
#6495=CARTESIAN_POINT('Origin',(-2.11418831772452,2.79,-2.3));
#6496=CARTESIAN_POINT('',(-2.11418831772452,2.29,1.47));
#6497=CARTESIAN_POINT('',(-2.6053206191467,2.69625000000129,1.47));
#6498=CARTESIAN_POINT('Ctrl Pts',(-2.6053206191467,2.69625000000129,-2.3));
#6499=CARTESIAN_POINT('Ctrl Pts',(-2.6053206191467,2.69625000000129,-2.45997251777529));
#6500=CARTESIAN_POINT('Ctrl Pts',(-2.6,2.74895229000268,-2.60067232497709));
#6501=CARTESIAN_POINT('Ctrl Pts',(-2.6,2.79,-2.69686269665736));
#6502=CARTESIAN_POINT('Ctrl Pts',(-2.58372405757477,2.5831111307984,-2.3));
#6503=CARTESIAN_POINT('Ctrl Pts',(-2.58372405757477,2.5831111307984,-2.45879291657998));
#6504=CARTESIAN_POINT('Ctrl Pts',(-2.5890108746044,2.62487472006627,-2.60074847085657));
#6505=CARTESIAN_POINT('Ctrl Pts',(-2.6,2.65910030610042,-2.69686269665736));
#6506=CARTESIAN_POINT('Ctrl Pts',(-2.45929733850261,2.37278353817659,-2.3));
#6507=CARTESIAN_POINT('Ctrl Pts',(-2.45929733850261,2.37278353817659,-2.45175034559182));
#6508=CARTESIAN_POINT('Ctrl Pts',(-2.47171784705102,2.38617271881045,-2.59278950661981));
#6509=CARTESIAN_POINT('Ctrl Pts',(-2.49182175115576,2.39817824884424,-2.69686269665735));
#6510=CARTESIAN_POINT('Ctrl Pts',(-2.22936997944303,2.29,-2.3));
#6511=CARTESIAN_POINT('Ctrl Pts',(-2.22936997944303,2.29,-2.43886641113054));
#6512=CARTESIAN_POINT('Ctrl Pts',(-2.22399122862478,2.29022304489432,-2.57396643799726));
#6513=CARTESIAN_POINT('Ctrl Pts',(-2.23089969389958,2.29,-2.69686269665736));
#6514=CARTESIAN_POINT('Ctrl Pts',(-2.11418831772452,2.29,-2.3));
#6515=CARTESIAN_POINT('Ctrl Pts',(-2.11418831772452,2.29,-2.43239104919376));
#6516=CARTESIAN_POINT('Ctrl Pts',(-2.1,2.29,-2.5644716474636));
#6517=CARTESIAN_POINT('Ctrl Pts',(-2.1,2.29,-2.69686269665736));
#6518=CARTESIAN_POINT('',(-2.6,2.79,-2.69686269665736));
#6519=CARTESIAN_POINT('',(-2.1,2.29,-2.69686269665736));
#6520=CARTESIAN_POINT('Origin',(-2.1,2.79,-2.69686269665736));
#6521=CARTESIAN_POINT('Ctrl Pts',(-2.1,2.29,-2.69686269665736));
#6522=CARTESIAN_POINT('Ctrl Pts',(-2.1,2.29,-2.5644716474636));
#6523=CARTESIAN_POINT('Ctrl Pts',(-2.11418831772452,2.29,-2.43239104919376));
#6524=CARTESIAN_POINT('Ctrl Pts',(-2.11418831772452,2.29,-2.3));
#6525=CARTESIAN_POINT('Ctrl Pts',(-2.6053206191467,2.69625000000129,-2.3));
#6526=CARTESIAN_POINT('Ctrl Pts',(-2.6053206191467,2.69625000000129,-2.45997251777529));
#6527=CARTESIAN_POINT('Ctrl Pts',(-2.6,2.74895229000268,-2.60067232497709));
#6528=CARTESIAN_POINT('Ctrl Pts',(-2.6,2.79,-2.69686269665736));
#6529=CARTESIAN_POINT('Origin',(-2.1,2.79,1.94));
#6530=CARTESIAN_POINT('',(-2.6,2.79,1.94));
#6531=CARTESIAN_POINT('',(-2.1,2.29,1.94));
#6532=CARTESIAN_POINT('Origin',(2.9,6.14000000000206,-2.3));
#6533=CARTESIAN_POINT('',(2.9,6.44000000000206,-2.3));
#6534=CARTESIAN_POINT('Origin',(2.9,6.74000000000206,-2.3));
#6535=CARTESIAN_POINT('',(2.9,6.14000000000206,-2.6));
#6536=CARTESIAN_POINT('Origin',(2.9,6.14000000000206,-2.3));
#6537=CARTESIAN_POINT('',(2.6,6.14000000000206,-2.9));
#6538=CARTESIAN_POINT('Origin',(2.9,6.14000000000206,-2.9));
#6539=CARTESIAN_POINT('Origin',(2.6,6.14000000000206,-2.3));
#6540=CARTESIAN_POINT('Origin',(2.9,6.74000000000206,1.47));
#6541=CARTESIAN_POINT('',(2.9,6.44000000000206,0.7));
#6542=CARTESIAN_POINT('Origin',(2.9,6.74000000000206,0.7));
#6543=CARTESIAN_POINT('',(2.9,6.44000000000206,1.47));
#6544=CARTESIAN_POINT('Origin',(2.9,6.14000000000206,0.7));
#6545=CARTESIAN_POINT('',(2.6,6.14000000000206,1.3));
#6546=CARTESIAN_POINT('Origin',(2.6,6.14000000000206,0.7));
#6547=CARTESIAN_POINT('',(2.9,6.14000000000206,1.));
#6548=CARTESIAN_POINT('Origin',(2.9,6.14000000000206,1.3));
#6549=CARTESIAN_POINT('Origin',(2.9,6.14000000000206,0.7));
#6550=CARTESIAN_POINT('Origin',(2.6,7.09,1.94));
#6551=CARTESIAN_POINT('',(2.6,3.24000000000206,1.3));
#6552=CARTESIAN_POINT('Origin',(2.6,3.24000000000206,0.7));
#6553=CARTESIAN_POINT('',(2.6,5.89000000000103,1.3));
#6554=CARTESIAN_POINT('Origin',(-2.9,3.24000000000206,-2.3));
#6555=CARTESIAN_POINT('',(-2.9,2.94000000000206,-2.30000000000001));
#6556=CARTESIAN_POINT('Origin',(-2.9,2.64000000000206,-2.3));
#6557=CARTESIAN_POINT('',(-2.9,3.24000000000206,-2.6));
#6558=CARTESIAN_POINT('Origin',(-2.9,3.24000000000206,-2.30000000000001));
#6559=CARTESIAN_POINT('',(-2.6,3.24000000000206,-2.90000000000001));
#6560=CARTESIAN_POINT('Origin',(-2.9,3.24000000000206,-2.90000000000001));
#6561=CARTESIAN_POINT('Origin',(-2.6,3.24000000000206,-2.3));
#6562=CARTESIAN_POINT('Origin',(-2.9,2.64000000000206,1.47));
#6563=CARTESIAN_POINT('',(-2.9,2.94000000000206,0.7));
#6564=CARTESIAN_POINT('Origin',(-2.9,2.64000000000206,0.7));
#6565=CARTESIAN_POINT('',(-2.9,2.94000000000206,1.47));
#6566=CARTESIAN_POINT('Origin',(-2.9,3.24000000000206,0.7));
#6567=CARTESIAN_POINT('',(-2.6,3.24000000000206,1.3));
#6568=CARTESIAN_POINT('Origin',(-2.6,3.24000000000206,0.7));
#6569=CARTESIAN_POINT('',(-2.9,3.24000000000206,1.));
#6570=CARTESIAN_POINT('Origin',(-2.9,3.24000000000206,1.3));
#6571=CARTESIAN_POINT('Origin',(-2.9,3.24000000000206,0.7));
#6572=CARTESIAN_POINT('Origin',(-2.6,2.29,1.94));
#6573=CARTESIAN_POINT('',(-2.6,6.14000000000206,1.3));
#6574=CARTESIAN_POINT('Origin',(-2.6,6.14000000000206,0.7));
#6575=CARTESIAN_POINT('',(-2.6,3.49000000000103,1.3));
#6576=CARTESIAN_POINT('Origin',(2.6,2.29,1.94));
#6577=CARTESIAN_POINT('Origin',(5.55111512312578E-16,4.69,1.94));
#6578=CARTESIAN_POINT('Origin',(5.55111512312578E-16,4.69,-3.54));
#6579=CARTESIAN_POINT('Origin',(-2.6,7.09,1.94));
#6580=CARTESIAN_POINT('Origin',(-3.64,6.14000000000206,-2.3));
#6581=CARTESIAN_POINT('',(-3.64,6.44000000000206,-2.3));
#6582=CARTESIAN_POINT('',(-3.94,6.14000000000206,-2.3));
#6583=CARTESIAN_POINT('Origin',(-3.64,6.14000000000206,-2.3));
#6584=CARTESIAN_POINT('',(-3.64,6.14000000000206,-2.6));
#6585=CARTESIAN_POINT('Origin',(-3.64,6.14000000000206,-2.3));
#6586=CARTESIAN_POINT('Origin',(-3.64,6.14000000000206,-2.3));
#6587=CARTESIAN_POINT('Origin',(-2.9,6.14000000000206,-2.3));
#6588=CARTESIAN_POINT('',(-2.6,6.14000000000206,-2.9));
#6589=CARTESIAN_POINT('Origin',(-2.6,6.14000000000206,-2.3));
#6590=CARTESIAN_POINT('',(-2.9,6.14000000000206,-2.6));
#6591=CARTESIAN_POINT('Origin',(-2.9,6.14000000000206,-2.9));
#6592=CARTESIAN_POINT('',(-2.9,6.44000000000206,-2.3));
#6593=CARTESIAN_POINT('Origin',(-2.9,6.14000000000206,-2.3));
#6594=CARTESIAN_POINT('Origin',(-2.9,6.74000000000206,-2.3));
#6595=CARTESIAN_POINT('Origin',(-3.64,3.24000000000206,-2.30000000000001));
#6596=CARTESIAN_POINT('',(-3.94,3.24000000000206,-2.30000000000001));
#6597=CARTESIAN_POINT('',(-3.64,2.94000000000206,-2.30000000000001));
#6598=CARTESIAN_POINT('Origin',(-3.64,3.24000000000206,-2.30000000000001));
#6599=CARTESIAN_POINT('',(-3.64,3.24000000000206,-2.6));
#6600=CARTESIAN_POINT('Origin',(-3.64,3.24000000000206,-2.30000000000001));
#6601=CARTESIAN_POINT('Origin',(-3.64,3.24000000000206,-2.30000000000001));
#6602=CARTESIAN_POINT('Origin',(-3.64,3.81500000000206,-2.30000000000001));
#6603=CARTESIAN_POINT('',(-3.64,3.81500000000206,-2.6));
#6604=CARTESIAN_POINT('',(-3.94,3.81500000000206,-2.30000000000001));
#6605=CARTESIAN_POINT('Origin',(-3.64,6.14000000000206,0.7));
#6606=CARTESIAN_POINT('',(-3.64,6.14000000000206,1.));
#6607=CARTESIAN_POINT('',(-3.94,6.14000000000206,0.7));
#6608=CARTESIAN_POINT('Origin',(-3.64,6.14000000000206,0.7));
#6609=CARTESIAN_POINT('',(-3.64,6.44000000000206,0.7));
#6610=CARTESIAN_POINT('Origin',(-3.64,6.14000000000206,0.7));
#6611=CARTESIAN_POINT('Origin',(-3.64,6.14000000000206,0.7));
#6612=CARTESIAN_POINT('Origin',(-2.9,6.14000000000206,0.7));
#6613=CARTESIAN_POINT('',(-2.9,6.44000000000206,0.7));
#6614=CARTESIAN_POINT('Origin',(-2.9,6.74000000000206,0.7));
#6615=CARTESIAN_POINT('',(-2.9,6.14000000000206,1.));
#6616=CARTESIAN_POINT('Origin',(-2.9,6.14000000000206,0.7));
#6617=CARTESIAN_POINT('Origin',(-2.9,6.14000000000206,1.3));
#6618=CARTESIAN_POINT('Origin',(-2.9,6.74000000000206,1.47));
#6619=CARTESIAN_POINT('',(-2.9,6.44000000000206,1.47));
#6620=CARTESIAN_POINT('Origin',(-3.605,6.14000000000206,0.7));
#6621=CARTESIAN_POINT('',(-3.605,6.44000000000206,0.7));
#6622=CARTESIAN_POINT('',(-3.605,6.14000000000206,1.));
#6623=CARTESIAN_POINT('Origin',(-3.64,3.24000000000206,0.7));
#6624=CARTESIAN_POINT('',(-3.64,2.94000000000206,0.7));
#6625=CARTESIAN_POINT('',(-3.94,3.24000000000206,0.7));
#6626=CARTESIAN_POINT('Origin',(-3.64,3.24000000000206,0.7));
#6627=CARTESIAN_POINT('',(-3.64,3.24000000000206,1.));
#6628=CARTESIAN_POINT('Origin',(-3.64,3.24000000000206,0.7));
#6629=CARTESIAN_POINT('Origin',(-3.64,3.24000000000206,0.7));
#6630=CARTESIAN_POINT('Origin',(-2.9,3.49000000000103,1.3));
#6631=CARTESIAN_POINT('',(-2.9,3.49000000000103,1.));
#6632=CARTESIAN_POINT('Origin',(-2.935,3.24000000000206,0.7));
#6633=CARTESIAN_POINT('',(-2.935,2.94000000000206,0.7));
#6634=CARTESIAN_POINT('',(-2.935,3.24000000000206,1.));
#6635=CARTESIAN_POINT('Origin',(-3.64,3.81500000000206,0.7));
#6636=CARTESIAN_POINT('',(-3.94,3.81500000000206,0.7));
#6637=CARTESIAN_POINT('',(-3.64,3.81500000000206,1.));
#6638=CARTESIAN_POINT('Origin',(-3.64,3.24000000000206,1.));
#6639=CARTESIAN_POINT('',(-3.64,2.94000000000206,1.));
#6640=CARTESIAN_POINT('',(-3.94,3.24000000000206,1.));
#6641=CARTESIAN_POINT('Origin',(-1.30000000000006,3.24000000000206,-2.30000000000001));
#6642=CARTESIAN_POINT('',(-1.30000000000006,3.24000000000206,-2.6));
#6643=CARTESIAN_POINT('',(-1.30000000000006,2.94000000000206,-2.30000000000001));
#6644=CARTESIAN_POINT('Origin',(-2.9,3.49000000000103,-2.90000000000001));
#6645=CARTESIAN_POINT('',(-2.6,3.49000000000103,-2.90000000000001));
#6646=CARTESIAN_POINT('',(-2.9,3.49000000000103,-2.6));
#6647=CARTESIAN_POINT('Origin',(-3.64,6.14000000000206,1.));
#6648=CARTESIAN_POINT('',(-3.94,6.14000000000206,1.));
#6649=CARTESIAN_POINT('',(-3.64,6.44000000000206,1.));
#6650=CARTESIAN_POINT('Origin',(-1.97000000000006,6.14000000000206,-2.3));
#6651=CARTESIAN_POINT('',(-1.97000000000006,6.14000000000206,-2.6));
#6652=CARTESIAN_POINT('',(-1.97000000000006,6.44000000000206,-2.3));
#6653=CARTESIAN_POINT('Origin',(-1.29340982368831E-13,4.69000000000206,
-2.6));
#6654=CARTESIAN_POINT('Origin',(-3.94,6.44000000000206,1.));
#6655=CARTESIAN_POINT('Origin',(-3.27,4.69000000000206,1.));
#6656=CARTESIAN_POINT('Origin',(-2.6,2.29,1.94));
#6657=CARTESIAN_POINT('Origin',(-2.6,2.94000000000206,1.));
#6658=CARTESIAN_POINT('Origin',(-3.94,2.94000000000206,1.));
#6659=CARTESIAN_POINT('Origin',(3.63999999999974,3.24000000000206,0.7));
#6660=CARTESIAN_POINT('',(3.93999999999974,3.24000000000206,0.7));
#6661=CARTESIAN_POINT('',(3.63999999999974,2.94000000000206,0.7));
#6662=CARTESIAN_POINT('Origin',(3.63999999999974,3.24000000000206,0.7));
#6663=CARTESIAN_POINT('',(3.63999999999974,3.24000000000206,1.));
#6664=CARTESIAN_POINT('Origin',(3.63999999999974,3.24000000000206,0.7));
#6665=CARTESIAN_POINT('Origin',(3.63999999999974,3.24000000000206,0.7));
#6666=CARTESIAN_POINT('Origin',(2.9,3.24000000000206,0.7));
#6667=CARTESIAN_POINT('',(2.9,2.94000000000206,0.7));
#6668=CARTESIAN_POINT('Origin',(2.9,2.64000000000206,0.7));
#6669=CARTESIAN_POINT('',(2.9,3.24000000000206,1.));
#6670=CARTESIAN_POINT('Origin',(2.9,3.24000000000206,0.7));
#6671=CARTESIAN_POINT('Origin',(2.9,3.24000000000206,1.3));
#6672=CARTESIAN_POINT('Origin',(3.63999999999974,3.24000000000206,-2.30000000000001));
#6673=CARTESIAN_POINT('',(3.63999999999974,2.94000000000206,-2.30000000000001));
#6674=CARTESIAN_POINT('',(3.93999999999974,3.24000000000206,-2.30000000000001));
#6675=CARTESIAN_POINT('Origin',(3.63999999999974,3.24000000000206,-2.30000000000001));
#6676=CARTESIAN_POINT('',(3.63999999999974,3.24000000000206,-2.6));
#6677=CARTESIAN_POINT('Origin',(3.63999999999974,3.24000000000206,-2.30000000000001));
#6678=CARTESIAN_POINT('Origin',(3.63999999999974,3.24000000000206,-2.30000000000001));
#6679=CARTESIAN_POINT('Origin',(3.63999999999974,6.14000000000206,0.7));
#6680=CARTESIAN_POINT('',(3.63999999999974,6.14000000000206,1.));
#6681=CARTESIAN_POINT('',(3.63999999999974,6.44000000000206,0.7));
#6682=CARTESIAN_POINT('Origin',(3.63999999999974,6.14000000000206,0.7));
#6683=CARTESIAN_POINT('',(3.93999999999974,6.14000000000206,0.7));
#6684=CARTESIAN_POINT('Origin',(3.63999999999974,6.14000000000206,0.7));
#6685=CARTESIAN_POINT('Origin',(3.63999999999974,6.14000000000206,0.7));
#6686=CARTESIAN_POINT('Origin',(3.63999999999974,5.56500000000206,0.7));
#6687=CARTESIAN_POINT('',(3.93999999999974,5.56500000000206,0.7));
#6688=CARTESIAN_POINT('',(3.63999999999974,5.56500000000206,1.));
#6689=CARTESIAN_POINT('Origin',(2.9,3.24000000000206,-2.30000000000001));
#6690=CARTESIAN_POINT('',(2.6,3.24000000000206,-2.90000000000001));
#6691=CARTESIAN_POINT('Origin',(2.6,3.24000000000206,-2.30000000000001));
#6692=CARTESIAN_POINT('',(2.9,3.24000000000206,-2.6));
#6693=CARTESIAN_POINT('Origin',(2.9,3.24000000000206,-2.90000000000001));
#6694=CARTESIAN_POINT('',(2.9,2.94000000000206,-2.30000000000001));
#6695=CARTESIAN_POINT('Origin',(2.9,3.24000000000206,-2.30000000000001));
#6696=CARTESIAN_POINT('Origin',(2.9,2.64000000000206,-2.30000000000001));
#6697=CARTESIAN_POINT('Origin',(2.9,2.64000000000206,1.47));
#6698=CARTESIAN_POINT('',(2.9,2.94000000000206,1.47));
#6699=CARTESIAN_POINT('Origin',(3.63999999999974,6.14000000000206,-2.3));
#6700=CARTESIAN_POINT('',(3.63999999999974,6.14000000000206,-2.6));
#6701=CARTESIAN_POINT('',(3.93999999999974,6.14000000000206,-2.3));
#6702=CARTESIAN_POINT('Origin',(3.63999999999974,6.14000000000206,-2.3));
#6703=CARTESIAN_POINT('',(3.63999999999974,6.44000000000206,-2.3));
#6704=CARTESIAN_POINT('Origin',(3.63999999999974,6.14000000000206,-2.3));
#6705=CARTESIAN_POINT('Origin',(3.63999999999974,6.14000000000206,-2.3));
#6706=CARTESIAN_POINT('Origin',(1.29999999999994,6.14000000000206,-2.3));
#6707=CARTESIAN_POINT('',(1.29999999999994,6.14000000000206,-2.6));
#6708=CARTESIAN_POINT('',(1.29999999999994,6.44000000000206,-2.3));
#6709=CARTESIAN_POINT('Origin',(2.9,5.89000000000103,-2.9));
#6710=CARTESIAN_POINT('',(2.6,5.89000000000103,-2.9));
#6711=CARTESIAN_POINT('',(2.9,5.89000000000103,-2.6));
#6712=CARTESIAN_POINT('Origin',(3.63999999999974,6.14000000000206,1.));
#6713=CARTESIAN_POINT('',(3.63999999999974,6.44000000000206,1.));
#6714=CARTESIAN_POINT('',(3.93999999999974,6.14000000000206,1.));
#6715=CARTESIAN_POINT('Origin',(3.63999999999974,5.56500000000206,-2.3));
#6716=CARTESIAN_POINT('',(3.63999999999974,5.56500000000206,-2.6));
#6717=CARTESIAN_POINT('',(3.93999999999974,5.56500000000206,-2.3));
#6718=CARTESIAN_POINT('Origin',(2.9,5.89000000000103,1.3));
#6719=CARTESIAN_POINT('',(2.9,5.89000000000103,1.));
#6720=CARTESIAN_POINT('Origin',(2.93499999999994,6.14000000000206,0.7));
#6721=CARTESIAN_POINT('',(2.93499999999994,6.44000000000206,0.7));
#6722=CARTESIAN_POINT('',(2.93499999999994,6.14000000000206,1.));
#6723=CARTESIAN_POINT('Origin',(1.96999999999981,3.24000000000206,-2.30000000000001));
#6724=CARTESIAN_POINT('',(1.96999999999981,3.24000000000206,-2.6));
#6725=CARTESIAN_POINT('',(1.96999999999981,2.94000000000206,-2.30000000000001));
#6726=CARTESIAN_POINT('Origin',(3.63999999999974,3.24000000000206,1.));
#6727=CARTESIAN_POINT('',(3.93999999999974,3.24000000000206,1.));
#6728=CARTESIAN_POINT('',(3.63999999999974,2.94000000000206,1.));
#6729=CARTESIAN_POINT('Origin',(3.60499999999981,3.24000000000206,0.7));
#6730=CARTESIAN_POINT('',(3.60499999999981,2.94000000000206,0.7));
#6731=CARTESIAN_POINT('',(3.60499999999981,3.24000000000206,1.));
#6732=CARTESIAN_POINT('Origin',(3.93999999999974,6.44000000000206,1.));
#6733=CARTESIAN_POINT('Origin',(3.93999999999974,2.94000000000206,1.));
#6734=CARTESIAN_POINT('Origin',(2.6,7.09,1.94));
#6735=CARTESIAN_POINT('Origin',(2.6,6.44000000000206,1.));
#6736=CARTESIAN_POINT('Origin',(-1.29340982368831E-13,4.69000000000206,
-2.6));
#6737=CARTESIAN_POINT('Origin',(3.26999999999987,4.69000000000206,1.));
#6738=CARTESIAN_POINT('Origin',(2.87880183409696,0.350000000000003,3.15));
#6739=CARTESIAN_POINT('',(2.08464960400125,0.253448275862071,3.15));
#6740=CARTESIAN_POINT('',(1.78684251771535,0.217241379310346,3.45));
#6741=CARTESIAN_POINT('Origin',(1.78684251771535,0.217241379310346,3.15));
#6742=CARTESIAN_POINT('',(2.87880183409696,-0.749999999999997,3.45));
#6743=CARTESIAN_POINT('Origin',(2.87880183409696,0.350000000000003,3.45));
#6744=CARTESIAN_POINT('',(2.87880183409696,-0.449999999999997,3.15));
#6745=CARTESIAN_POINT('Origin',(2.87880183409696,-0.749999999999997,3.15));
#6746=CARTESIAN_POINT('Origin',(2.87880183409696,0.350000000000003,3.15));
#6747=CARTESIAN_POINT('Origin',(5.4,-0.749999999999997,3.15));
#6748=CARTESIAN_POINT('',(3.42937207591514,-0.749999999999997,3.45));
#6749=CARTESIAN_POINT('',(3.42937207591514,-0.449999999999997,3.15));
#6750=CARTESIAN_POINT('Origin',(3.42937207591514,-0.749999999999997,3.15));
#6751=CARTESIAN_POINT('',(5.4,-0.449999999999997,3.15));
#6752=CARTESIAN_POINT('',(5.4,-0.749999999999997,3.45));
#6753=CARTESIAN_POINT('Origin',(3.42937207591514,0.350000000000003,3.15));
#6754=CARTESIAN_POINT('',(4.51398670281673,0.166666666666668,3.45));
#6755=CARTESIAN_POINT('',(4.21818271366175,0.216666666666669,3.15));
#6756=CARTESIAN_POINT('Origin',(4.51398670281673,0.166666666666668,3.15));
#6757=CARTESIAN_POINT('Origin',(3.42937207591514,0.350000000000003,3.15));
#6758=CARTESIAN_POINT('Origin',(3.42937207591514,0.350000000000003,3.45));
#6759=CARTESIAN_POINT('Origin',(5.5,-5.78043636090606E-16,3.15));
#6760=CARTESIAN_POINT('',(6.48601329718327,0.166666666666668,3.45));
#6761=CARTESIAN_POINT('',(6.78181728633825,0.216666666666668,3.15));
#6762=CARTESIAN_POINT('Origin',(6.48601329718327,0.166666666666668,3.15));
#6763=CARTESIAN_POINT('Origin',(5.5,-5.78043636090606E-16,3.15));
#6764=CARTESIAN_POINT('Origin',(5.5,-4.94776909243719E-16,3.45));
#6765=CARTESIAN_POINT('Origin',(7.57062792408487,0.350000000000003,3.15));
#6766=CARTESIAN_POINT('',(7.57062792408487,-0.749999999999997,3.45));
#6767=CARTESIAN_POINT('',(7.57062792408487,-0.449999999999997,3.15));
#6768=CARTESIAN_POINT('Origin',(7.57062792408487,-0.749999999999997,3.15));
#6769=CARTESIAN_POINT('Origin',(7.57062792408487,0.350000000000003,3.15));
#6770=CARTESIAN_POINT('Origin',(7.57062792408487,0.350000000000003,3.45));
#6771=CARTESIAN_POINT('Origin',(5.4,-0.749999999999997,3.15));
#6772=CARTESIAN_POINT('',(7.8,-0.749999999999997,3.45));
#6773=CARTESIAN_POINT('',(7.8,-0.449999999999997,3.15));
#6774=CARTESIAN_POINT('Origin',(7.8,-0.749999999999997,3.15));
#6775=CARTESIAN_POINT('',(5.4,-0.449999999999997,3.15));
#6776=CARTESIAN_POINT('',(5.4,-0.749999999999997,3.45));
#6777=CARTESIAN_POINT('Ctrl Pts',(7.8,-0.749999999999997,3.45));
#6778=CARTESIAN_POINT('Ctrl Pts',(8.,-0.749999999999997,3.45));
#6779=CARTESIAN_POINT('Ctrl Pts',(8.,-0.949999999999997,3.45));
#6780=CARTESIAN_POINT('Ctrl Pts',(7.8,-0.449999999999995,3.45));
#6781=CARTESIAN_POINT('Ctrl Pts',(8.3,-0.449999999999996,3.45));
#6782=CARTESIAN_POINT('Ctrl Pts',(8.3,-0.949999999999997,3.45));
#6783=CARTESIAN_POINT('Ctrl Pts',(7.8,-0.449999999999997,3.15));
#6784=CARTESIAN_POINT('Ctrl Pts',(8.3,-0.449999999999997,3.15));
#6785=CARTESIAN_POINT('Ctrl Pts',(8.3,-0.949999999999997,3.15));
#6786=CARTESIAN_POINT('',(8.,-0.949999999999997,3.45));
#6787=CARTESIAN_POINT('',(8.3,-0.949999999999997,3.15));
#6788=CARTESIAN_POINT('Origin',(8.,-0.949999999999997,3.15));
#6789=CARTESIAN_POINT('Origin',(7.8,-0.949999999999997,3.15));
#6790=CARTESIAN_POINT('Origin',(7.8,-0.949999999999997,3.45));
#6791=CARTESIAN_POINT('Origin',(8.,-3.55,3.15));
#6792=CARTESIAN_POINT('',(8.,-1.45000000000001,3.45));
#6793=CARTESIAN_POINT('',(8.3,-1.45000000000001,3.15));
#6794=CARTESIAN_POINT('Origin',(8.,-1.45000000000001,3.15));
#6795=CARTESIAN_POINT('',(8.3,-3.55,3.15));
#6796=CARTESIAN_POINT('',(8.,-3.55,3.45));
#6797=CARTESIAN_POINT('Origin',(9.1,-1.45000000000001,3.15));
#6798=CARTESIAN_POINT('',(9.1,-2.55000000000001,3.45));
#6799=CARTESIAN_POINT('',(9.1,-2.25000000000001,3.15));
#6800=CARTESIAN_POINT('Origin',(9.1,-2.55000000000001,3.15));
#6801=CARTESIAN_POINT('Origin',(9.1,-1.45000000000001,3.15));
#6802=CARTESIAN_POINT('Origin',(9.1,-1.45000000000001,3.45));
#6803=CARTESIAN_POINT('Origin',(6.725,-2.55000000000001,3.15));
#6804=CARTESIAN_POINT('',(10.45,-2.55000000000001,3.45));
#6805=CARTESIAN_POINT('',(10.45,-2.25000000000001,3.15));
#6806=CARTESIAN_POINT('Origin',(10.45,-2.55000000000001,3.15));
#6807=CARTESIAN_POINT('',(6.725,-2.25000000000001,3.15));
#6808=CARTESIAN_POINT('',(6.725,-2.55000000000001,3.45));
#6809=CARTESIAN_POINT('Ctrl Pts',(10.45,-2.55000000000001,3.45));
#6810=CARTESIAN_POINT('Ctrl Pts',(10.65,-2.55000000000001,3.45));
#6811=CARTESIAN_POINT('Ctrl Pts',(10.65,-2.75000000000001,3.45));
#6812=CARTESIAN_POINT('Ctrl Pts',(10.45,-2.25000000000001,3.45));
#6813=CARTESIAN_POINT('Ctrl Pts',(10.95,-2.25000000000001,3.45));
#6814=CARTESIAN_POINT('Ctrl Pts',(10.95,-2.75000000000001,3.45));
#6815=CARTESIAN_POINT('Ctrl Pts',(10.45,-2.25000000000001,3.15));
#6816=CARTESIAN_POINT('Ctrl Pts',(10.95,-2.25000000000001,3.15));
#6817=CARTESIAN_POINT('Ctrl Pts',(10.95,-2.75000000000001,3.15));
#6818=CARTESIAN_POINT('',(10.65,-2.75000000000001,3.45));
#6819=CARTESIAN_POINT('',(10.95,-2.75000000000001,3.15));
#6820=CARTESIAN_POINT('Origin',(10.65,-2.75000000000001,3.15));
#6821=CARTESIAN_POINT('Origin',(10.45,-2.75000000000001,3.15));
#6822=CARTESIAN_POINT('Origin',(10.45,-2.75000000000001,3.45));
#6823=CARTESIAN_POINT('Origin',(10.65,-5.05,3.15));
#6824=CARTESIAN_POINT('',(10.65,-4.75000000000001,3.45));
#6825=CARTESIAN_POINT('',(10.95,-4.75000000000001,3.15));
#6826=CARTESIAN_POINT('Origin',(10.65,-4.75000000000001,3.15));
#6827=CARTESIAN_POINT('',(10.95,-5.05,3.15));
#6828=CARTESIAN_POINT('',(10.65,-5.05,3.45));
#6829=CARTESIAN_POINT('Ctrl Pts',(10.65,-4.75000000000001,3.45));
#6830=CARTESIAN_POINT('Ctrl Pts',(10.65,-4.95000000000001,3.45));
#6831=CARTESIAN_POINT('Ctrl Pts',(10.45,-4.95000000000001,3.45));
#6832=CARTESIAN_POINT('Ctrl Pts',(10.95,-4.75000000000001,3.45));
#6833=CARTESIAN_POINT('Ctrl Pts',(10.95,-5.25000000000001,3.45));
#6834=CARTESIAN_POINT('Ctrl Pts',(10.45,-5.25000000000001,3.45));
#6835=CARTESIAN_POINT('Ctrl Pts',(10.95,-4.75000000000001,3.15));
#6836=CARTESIAN_POINT('Ctrl Pts',(10.95,-5.25000000000001,3.15));
#6837=CARTESIAN_POINT('Ctrl Pts',(10.45,-5.25000000000001,3.15));
#6838=CARTESIAN_POINT('',(10.45,-4.95000000000001,3.45));
#6839=CARTESIAN_POINT('',(10.45,-5.25000000000001,3.15));
#6840=CARTESIAN_POINT('Origin',(10.45,-4.95000000000001,3.15));
#6841=CARTESIAN_POINT('Origin',(10.45,-4.75000000000001,3.15));
#6842=CARTESIAN_POINT('Origin',(10.45,-4.75000000000001,3.45));
#6843=CARTESIAN_POINT('Origin',(5.39999990724027,-4.95000000000001,3.15));
#6844=CARTESIAN_POINT('',(9.1,-4.95000000000001,3.45));
#6845=CARTESIAN_POINT('',(9.1,-5.25000000000001,3.15));
#6846=CARTESIAN_POINT('Origin',(9.1,-4.95000000000001,3.15));
#6847=CARTESIAN_POINT('',(5.39999990724027,-5.25000000000001,3.15));
#6848=CARTESIAN_POINT('',(5.39999990724027,-4.95000000000001,3.45));
#6849=CARTESIAN_POINT('Origin',(9.1,-6.05000000000001,3.15));
#6850=CARTESIAN_POINT('',(8.,-6.05000000000001,3.45));
#6851=CARTESIAN_POINT('',(8.3,-6.05000000000001,3.15));
#6852=CARTESIAN_POINT('Origin',(8.,-6.05000000000001,3.15));
#6853=CARTESIAN_POINT('Origin',(9.1,-6.05000000000001,3.15));
#6854=CARTESIAN_POINT('Origin',(9.1,-6.05000000000001,3.45));
#6855=CARTESIAN_POINT('Origin',(8.,-5.95,3.15));
#6856=CARTESIAN_POINT('',(8.,-6.55,3.45));
#6857=CARTESIAN_POINT('',(8.3,-6.55,3.15));
#6858=CARTESIAN_POINT('Origin',(8.,-6.55,3.15));
#6859=CARTESIAN_POINT('',(8.3,-5.95,3.15));
#6860=CARTESIAN_POINT('',(8.,-5.95,3.45));
#6861=CARTESIAN_POINT('Ctrl Pts',(8.,-6.55,3.45));
#6862=CARTESIAN_POINT('Ctrl Pts',(8.,-6.75,3.45));
#6863=CARTESIAN_POINT('Ctrl Pts',(7.8,-6.75,3.45));
#6864=CARTESIAN_POINT('Ctrl Pts',(8.3,-6.55,3.45));
#6865=CARTESIAN_POINT('Ctrl Pts',(8.3,-7.05,3.45));
#6866=CARTESIAN_POINT('Ctrl Pts',(7.8,-7.05,3.45));
#6867=CARTESIAN_POINT('Ctrl Pts',(8.3,-6.55,3.15));
#6868=CARTESIAN_POINT('Ctrl Pts',(8.3,-7.05,3.15));
#6869=CARTESIAN_POINT('Ctrl Pts',(7.8,-7.05,3.15));
#6870=CARTESIAN_POINT('',(7.8,-6.75,3.45));
#6871=CARTESIAN_POINT('',(7.8,-7.05,3.15));
#6872=CARTESIAN_POINT('Origin',(7.8,-6.75,3.15));
#6873=CARTESIAN_POINT('Origin',(7.8,-6.55,3.15));
#6874=CARTESIAN_POINT('Origin',(7.8,-6.55,3.45));
#6875=CARTESIAN_POINT('Origin',(2.9,-6.75,3.15));
#6876=CARTESIAN_POINT('',(4.1,-6.75,3.45));
#6877=CARTESIAN_POINT('',(4.1,-7.05,3.15));
#6878=CARTESIAN_POINT('Origin',(4.1,-6.75,3.15));
#6879=CARTESIAN_POINT('',(2.9,-7.05,3.15));
#6880=CARTESIAN_POINT('',(2.9,-6.75,3.45));
#6881=CARTESIAN_POINT('Origin',(4.1,-7.85,3.15));
#6882=CARTESIAN_POINT('',(3.,-7.85,3.45));
#6883=CARTESIAN_POINT('',(3.3,-7.85,3.15));
#6884=CARTESIAN_POINT('Origin',(3.,-7.85,3.15));
#6885=CARTESIAN_POINT('Origin',(4.1,-7.85,3.15));
#6886=CARTESIAN_POINT('Origin',(4.1,-7.85,3.45));
#6887=CARTESIAN_POINT('Origin',(3.,-7.05,3.15));
#6888=CARTESIAN_POINT('',(3.,-8.75,3.45));
#6889=CARTESIAN_POINT('',(3.3,-8.75,3.15));
#6890=CARTESIAN_POINT('Origin',(3.,-8.75,3.15));
#6891=CARTESIAN_POINT('',(3.3,-7.05,3.15));
#6892=CARTESIAN_POINT('',(3.,-7.05,3.45));
#6893=CARTESIAN_POINT('Ctrl Pts',(3.,-8.75,3.45));
#6894=CARTESIAN_POINT('Ctrl Pts',(3.,-8.95,3.45));
#6895=CARTESIAN_POINT('Ctrl Pts',(2.8,-8.95,3.45));
#6896=CARTESIAN_POINT('Ctrl Pts',(3.3,-8.75,3.45));
#6897=CARTESIAN_POINT('Ctrl Pts',(3.3,-9.25,3.45));
#6898=CARTESIAN_POINT('Ctrl Pts',(2.8,-9.25,3.45));
#6899=CARTESIAN_POINT('Ctrl Pts',(3.3,-8.75,3.15));
#6900=CARTESIAN_POINT('Ctrl Pts',(3.3,-9.25,3.15));
#6901=CARTESIAN_POINT('Ctrl Pts',(2.8,-9.25,3.15));
#6902=CARTESIAN_POINT('',(2.8,-8.95,3.45));
#6903=CARTESIAN_POINT('',(2.8,-9.25,3.15));
#6904=CARTESIAN_POINT('Origin',(2.8,-8.95,3.15));
#6905=CARTESIAN_POINT('Origin',(2.8,-8.75,3.15));
#6906=CARTESIAN_POINT('Origin',(2.8,-8.75,3.45));
#6907=CARTESIAN_POINT('Origin',(-0.399999999999999,-8.95,3.15));
#6908=CARTESIAN_POINT('',(-2.8,-8.95,3.45));
#6909=CARTESIAN_POINT('',(-2.8,-9.25,3.15));
#6910=CARTESIAN_POINT('Origin',(-2.8,-8.95,3.15));
#6911=CARTESIAN_POINT('',(-0.399999999999999,-9.25,3.15));
#6912=CARTESIAN_POINT('',(-0.399999999999999,-8.95,3.45));
#6913=CARTESIAN_POINT('Ctrl Pts',(-2.8,-8.95,3.45));
#6914=CARTESIAN_POINT('Ctrl Pts',(-3.,-8.95,3.45));
#6915=CARTESIAN_POINT('Ctrl Pts',(-3.,-8.75,3.45));
#6916=CARTESIAN_POINT('Ctrl Pts',(-2.8,-9.25,3.45));
#6917=CARTESIAN_POINT('Ctrl Pts',(-3.3,-9.25,3.45));
#6918=CARTESIAN_POINT('Ctrl Pts',(-3.3,-8.75,3.45));
#6919=CARTESIAN_POINT('Ctrl Pts',(-2.8,-9.25,3.15));
#6920=CARTESIAN_POINT('Ctrl Pts',(-3.3,-9.25,3.15));
#6921=CARTESIAN_POINT('Ctrl Pts',(-3.3,-8.75,3.15));
#6922=CARTESIAN_POINT('',(-3.,-8.75,3.45));
#6923=CARTESIAN_POINT('',(-3.3,-8.75,3.15));
#6924=CARTESIAN_POINT('Origin',(-3.,-8.75,3.15));
#6925=CARTESIAN_POINT('Origin',(-2.8,-8.75,3.15));
#6926=CARTESIAN_POINT('Origin',(-2.8,-8.75,3.45));
#6927=CARTESIAN_POINT('Origin',(-3.,-6.15000000000002,3.15));
#6928=CARTESIAN_POINT('',(-3.,-8.25000000000005,3.45));
#6929=CARTESIAN_POINT('',(-3.3,-8.25000000000005,3.15));
#6930=CARTESIAN_POINT('Origin',(-3.,-8.25000000000005,3.15));
#6931=CARTESIAN_POINT('',(-3.3,-6.15000000000002,3.15));
#6932=CARTESIAN_POINT('',(-3.,-6.15000000000002,3.45));
#6933=CARTESIAN_POINT('Origin',(-4.1,-8.25000000000005,3.15));
#6934=CARTESIAN_POINT('',(-4.1,-7.15000000000005,3.45));
#6935=CARTESIAN_POINT('',(-4.1,-7.45000000000005,3.15));
#6936=CARTESIAN_POINT('Origin',(-4.1,-7.15000000000005,3.15));
#6937=CARTESIAN_POINT('Origin',(-4.1,-8.25000000000005,3.15));
#6938=CARTESIAN_POINT('Origin',(-4.1,-8.25000000000005,3.45));
#6939=CARTESIAN_POINT('Origin',(-1.725,-7.15000000000005,3.15));
#6940=CARTESIAN_POINT('',(-5.45,-7.15000000000005,3.45));
#6941=CARTESIAN_POINT('',(-5.45,-7.45000000000005,3.15));
#6942=CARTESIAN_POINT('Origin',(-5.45,-7.15000000000005,3.15));
#6943=CARTESIAN_POINT('',(-1.725,-7.45000000000005,3.15));
#6944=CARTESIAN_POINT('',(-1.725,-7.15000000000005,3.45));
#6945=CARTESIAN_POINT('Ctrl Pts',(-5.45,-7.15000000000005,3.45));
#6946=CARTESIAN_POINT('Ctrl Pts',(-5.65,-7.15000000000005,3.45));
#6947=CARTESIAN_POINT('Ctrl Pts',(-5.65,-6.95000000000005,3.45));
#6948=CARTESIAN_POINT('Ctrl Pts',(-5.45,-7.45000000000005,3.45));
#6949=CARTESIAN_POINT('Ctrl Pts',(-5.95,-7.45000000000005,3.45));
#6950=CARTESIAN_POINT('Ctrl Pts',(-5.95,-6.95000000000005,3.45));
#6951=CARTESIAN_POINT('Ctrl Pts',(-5.45,-7.45000000000005,3.15));
#6952=CARTESIAN_POINT('Ctrl Pts',(-5.95,-7.45000000000005,3.15));
#6953=CARTESIAN_POINT('Ctrl Pts',(-5.95,-6.95000000000005,3.15));
#6954=CARTESIAN_POINT('',(-5.65,-6.95000000000005,3.45));
#6955=CARTESIAN_POINT('',(-5.95,-6.95000000000005,3.15));
#6956=CARTESIAN_POINT('Origin',(-5.65,-6.95000000000005,3.15));
#6957=CARTESIAN_POINT('Origin',(-5.45,-6.95000000000005,3.15));
#6958=CARTESIAN_POINT('Origin',(-5.45,-6.95000000000005,3.45));
#6959=CARTESIAN_POINT('Origin',(-5.65,-4.65000000000002,3.15));
#6960=CARTESIAN_POINT('',(-5.65,-4.95000000000005,3.45));
#6961=CARTESIAN_POINT('',(-5.95,-4.95000000000005,3.15));
#6962=CARTESIAN_POINT('Origin',(-5.65,-4.95000000000005,3.15));
#6963=CARTESIAN_POINT('',(-5.95,-4.65000000000002,3.15));
#6964=CARTESIAN_POINT('',(-5.65,-4.65000000000002,3.45));
#6965=CARTESIAN_POINT('Ctrl Pts',(-5.65,-4.95000000000005,3.45));
#6966=CARTESIAN_POINT('Ctrl Pts',(-5.65,-4.75000000000005,3.45));
#6967=CARTESIAN_POINT('Ctrl Pts',(-5.45,-4.75000000000005,3.45));
#6968=CARTESIAN_POINT('Ctrl Pts',(-5.95,-4.95000000000005,3.45));
#6969=CARTESIAN_POINT('Ctrl Pts',(-5.95,-4.45000000000005,3.45));
#6970=CARTESIAN_POINT('Ctrl Pts',(-5.45,-4.45000000000005,3.45));
#6971=CARTESIAN_POINT('Ctrl Pts',(-5.95,-4.95000000000005,3.15));
#6972=CARTESIAN_POINT('Ctrl Pts',(-5.95,-4.45000000000005,3.15));
#6973=CARTESIAN_POINT('Ctrl Pts',(-5.45,-4.45000000000005,3.15));
#6974=CARTESIAN_POINT('',(-5.45,-4.75000000000005,3.45));
#6975=CARTESIAN_POINT('',(-5.45,-4.45000000000005,3.15));
#6976=CARTESIAN_POINT('Origin',(-5.45,-4.75000000000005,3.15));
#6977=CARTESIAN_POINT('Origin',(-5.45,-4.95000000000005,3.15));
#6978=CARTESIAN_POINT('Origin',(-5.45,-4.95000000000005,3.45));
#6979=CARTESIAN_POINT('Origin',(-0.399999963119627,-4.75000000000005,3.15));
#6980=CARTESIAN_POINT('',(-4.1,-4.75000000000005,3.45));
#6981=CARTESIAN_POINT('',(-4.1,-4.45000000000005,3.15));
#6982=CARTESIAN_POINT('Origin',(-4.1,-4.75000000000005,3.15));
#6983=CARTESIAN_POINT('',(-0.399999963119627,-4.45000000000005,3.15));
#6984=CARTESIAN_POINT('',(-0.399999963119627,-4.75000000000005,3.45));
#6985=CARTESIAN_POINT('Origin',(-4.1,-3.65000000000005,3.15));
#6986=CARTESIAN_POINT('',(-3.,-3.65000000000005,3.45));
#6987=CARTESIAN_POINT('',(-3.3,-3.65000000000005,3.15));
#6988=CARTESIAN_POINT('Origin',(-3.,-3.65000000000005,3.15));
#6989=CARTESIAN_POINT('Origin',(-4.1,-3.65000000000005,3.15));
#6990=CARTESIAN_POINT('Origin',(-4.1,-3.65000000000005,3.45));
#6991=CARTESIAN_POINT('Origin',(-3.,-3.75,3.15));
#6992=CARTESIAN_POINT('',(-3.,-3.15,3.45));
#6993=CARTESIAN_POINT('',(-3.3,-3.15,3.15));
#6994=CARTESIAN_POINT('Origin',(-3.,-3.15,3.15));
#6995=CARTESIAN_POINT('',(-3.3,-3.75,3.15));
#6996=CARTESIAN_POINT('',(-3.,-3.75,3.45));
#6997=CARTESIAN_POINT('Ctrl Pts',(-3.,-3.15,3.45));
#6998=CARTESIAN_POINT('Ctrl Pts',(-3.,-2.96483598004549,3.45));
#6999=CARTESIAN_POINT('Ctrl Pts',(-2.81538461538462,-2.95059259389514,3.45));
#7000=CARTESIAN_POINT('Ctrl Pts',(-3.3,-3.15,3.45));
#7001=CARTESIAN_POINT('Ctrl Pts',(-3.3,-2.68708995011372,3.45));
#7002=CARTESIAN_POINT('Ctrl Pts',(-2.83846153846154,-2.65148148473786,3.45));
#7003=CARTESIAN_POINT('Ctrl Pts',(-3.3,-3.15,3.15));
#7004=CARTESIAN_POINT('Ctrl Pts',(-3.3,-2.68708995011372,3.15));
#7005=CARTESIAN_POINT('Ctrl Pts',(-2.83846153846154,-2.65148148473786,3.15));
#7006=CARTESIAN_POINT('',(-2.81538461538462,-2.95059259389514,3.45));
#7007=CARTESIAN_POINT('',(-2.83846153846154,-2.65148148473786,3.15));
#7008=CARTESIAN_POINT('Origin',(-2.81538461538462,-2.95059259389514,3.15));
#7009=CARTESIAN_POINT('Origin',(-2.8,-3.15,3.15));
#7010=CARTESIAN_POINT('Origin',(-2.8,-3.15,3.45));
#7011=CARTESIAN_POINT('Origin',(-2.9,-1.85385186031843,3.15));
#7012=CARTESIAN_POINT('',(-1.8,-1.85385186031843,3.45));
#7013=CARTESIAN_POINT('',(-2.1,-1.85385186031843,3.15));
#7014=CARTESIAN_POINT('Origin',(-1.8,-1.85385186031843,3.15));
#7015=CARTESIAN_POINT('Origin',(-2.9,-1.85385186031843,3.15));
#7016=CARTESIAN_POINT('Origin',(-2.9,-1.85385186031843,3.45));
#7017=CARTESIAN_POINT('Origin',(-1.8,-2.425,3.15));
#7018=CARTESIAN_POINT('',(-1.8,-1.38777878078145E-15,3.45));
#7019=CARTESIAN_POINT('',(-2.1,-1.23646014967683E-15,3.15));
#7020=CARTESIAN_POINT('Origin',(-1.8,-1.38777878078145E-15,3.15));
#7021=CARTESIAN_POINT('',(-2.1,-2.425,3.15));
#7022=CARTESIAN_POINT('',(-1.8,-2.425,3.45));
#7023=CARTESIAN_POINT('Origin',(2.77555756156289E-15,-1.45716771982052E-15,
3.15));
#7024=CARTESIAN_POINT('Origin',(2.77555756156289E-15,-1.45716771982052E-15,
3.15));
#7025=CARTESIAN_POINT('Origin',(2.77555756156289E-15,-1.37390099297363E-15,
3.45));
#7026=CARTESIAN_POINT('Origin',(3.3,-9.25,0.));
#7027=CARTESIAN_POINT('',(3.3,-8.75,-0.5));
#7028=CARTESIAN_POINT('',(3.3,-8.75,0.));
#7029=CARTESIAN_POINT('',(3.3,-7.85,-0.5));
#7030=CARTESIAN_POINT('',(3.3,-2.65,-0.5));
#7031=CARTESIAN_POINT('',(3.3,-7.85,0.));
#7032=CARTESIAN_POINT('Origin',(2.8,-8.75,0.));
#7033=CARTESIAN_POINT('',(2.8,-9.25,-0.5));
#7034=CARTESIAN_POINT('',(2.8,-9.25,0.));
#7035=CARTESIAN_POINT('Origin',(2.8,-8.75,-0.5));
#7036=CARTESIAN_POINT('Origin',(-3.3,-9.25,0.));
#7037=CARTESIAN_POINT('',(-2.8,-9.25,-0.5));
#7038=CARTESIAN_POINT('',(-2.8,-9.25,0.));
#7039=CARTESIAN_POINT('',(3.3,-9.25,-0.5));
#7040=CARTESIAN_POINT('Origin',(-2.8,-8.75,0.));
#7041=CARTESIAN_POINT('',(-3.3,-8.75,-0.5));
#7042=CARTESIAN_POINT('',(-3.3,-8.75,0.));
#7043=CARTESIAN_POINT('Origin',(-2.8,-8.75,-0.5));
#7044=CARTESIAN_POINT('Origin',(-3.3,-7.45000000000005,0.));
#7045=CARTESIAN_POINT('',(-3.3,-8.25000000000005,-0.5));
#7046=CARTESIAN_POINT('',(-3.3,-8.25000000000005,0.));
#7047=CARTESIAN_POINT('',(-3.3,-9.25,-0.5));
#7048=CARTESIAN_POINT('Origin',(-4.1,-8.25000000000005,0.));
#7049=CARTESIAN_POINT('',(-4.1,-7.45000000000005,-0.5));
#7050=CARTESIAN_POINT('',(-4.1,-7.45000000000005,0.));
#7051=CARTESIAN_POINT('Origin',(-4.1,-8.25000000000005,-0.5));
#7052=CARTESIAN_POINT('Origin',(-5.95,-7.45000000000005,0.));
#7053=CARTESIAN_POINT('',(-5.45,-7.45000000000005,-0.5));
#7054=CARTESIAN_POINT('',(-5.45,-7.45000000000005,0.));
#7055=CARTESIAN_POINT('',(-5.95,-7.45000000000005,-0.5));
#7056=CARTESIAN_POINT('Origin',(-5.45,-6.95000000000005,0.));
#7057=CARTESIAN_POINT('',(-5.95,-6.95000000000005,-0.5));
#7058=CARTESIAN_POINT('',(-5.95,-6.95000000000005,0.));
#7059=CARTESIAN_POINT('Origin',(-5.45,-6.95000000000005,-0.5));
#7060=CARTESIAN_POINT('Origin',(-5.95,-4.45000000000005,0.));
#7061=CARTESIAN_POINT('',(-5.95,-4.95000000000005,-0.5));
#7062=CARTESIAN_POINT('',(-5.95,-4.95000000000005,0.));
#7063=CARTESIAN_POINT('',(-5.95,-7.45000000000005,-0.5));
#7064=CARTESIAN_POINT('Origin',(-5.45,-4.95000000000005,0.));
#7065=CARTESIAN_POINT('',(-5.45,-4.45000000000005,-0.5));
#7066=CARTESIAN_POINT('',(-5.45,-4.45000000000005,0.));
#7067=CARTESIAN_POINT('Origin',(-5.45,-4.95000000000005,-0.5));
#7068=CARTESIAN_POINT('Origin',(-3.29999992623925,-4.45000000000005,0.));
#7069=CARTESIAN_POINT('',(-4.1,-4.45000000000005,-0.5));
#7070=CARTESIAN_POINT('',(-4.1,-4.45000000000005,0.));
#7071=CARTESIAN_POINT('',(-5.95,-4.45000000000005,-0.5));
#7072=CARTESIAN_POINT('Origin',(-4.1,-3.65000000000005,0.));
#7073=CARTESIAN_POINT('',(-3.3,-3.65000000000005,-0.5));
#7074=CARTESIAN_POINT('',(-3.3,-3.65000000000005,0.));
#7075=CARTESIAN_POINT('Origin',(-4.1,-3.65000000000005,-0.5));
#7076=CARTESIAN_POINT('Origin',(-3.3,-2.65,0.));
#7077=CARTESIAN_POINT('',(-3.3,-3.15,-0.5));
#7078=CARTESIAN_POINT('',(-3.3,-3.15,0.));
#7079=CARTESIAN_POINT('',(-3.3,-9.25,-0.5));
#7080=CARTESIAN_POINT('Origin',(-2.8,-3.15,0.));
#7081=CARTESIAN_POINT('',(-2.83846153846154,-2.65148148473786,-0.5));
#7082=CARTESIAN_POINT('',(-2.83846153846154,-2.65148148473786,0.));
#7083=CARTESIAN_POINT('Origin',(-2.8,-3.15,-0.5));
#7084=CARTESIAN_POINT('Origin',(-2.9,-1.85385186031843,0.));
#7085=CARTESIAN_POINT('',(-2.1,-1.85385186031843,-0.5));
#7086=CARTESIAN_POINT('',(-2.1,-1.85385186031843,0.));
#7087=CARTESIAN_POINT('Origin',(-2.9,-1.85385186031843,-0.5));
#7088=CARTESIAN_POINT('Origin',(-2.1,-1.23646014967683E-15,0.));
#7089=CARTESIAN_POINT('',(-2.1,-1.23646014967683E-15,-0.5));
#7090=CARTESIAN_POINT('',(-2.1,-1.23646014967683E-15,0.));
#7091=CARTESIAN_POINT('',(-2.1,-1.94999994467944,-0.5));
#7092=CARTESIAN_POINT('Origin',(2.77555756156289E-15,-1.45716771982052E-15,
0.));
#7093=CARTESIAN_POINT('',(2.08464960400125,0.253448275862071,-0.5));
#7094=CARTESIAN_POINT('',(2.08464960400125,0.253448275862071,0.));
#7095=CARTESIAN_POINT('Origin',(2.77555756156289E-15,-1.45716771982052E-15,
-0.5));
#7096=CARTESIAN_POINT('Origin',(2.87880183409696,0.350000000000003,0.));
#7097=CARTESIAN_POINT('',(2.87880183409696,-0.449999999999997,-0.5));
#7098=CARTESIAN_POINT('',(2.87880183409696,-0.449999999999997,0.));
#7099=CARTESIAN_POINT('Origin',(2.87880183409696,0.350000000000003,-0.5));
#7100=CARTESIAN_POINT('Origin',(2.5,-4.85,3.45));
#7101=CARTESIAN_POINT('Origin',(8.3,-0.449999999999997,0.));
#7102=CARTESIAN_POINT('',(3.42937207591514,-0.449999999999997,-0.5));
#7103=CARTESIAN_POINT('',(3.42937207591514,-0.449999999999997,-0.5));
#7104=CARTESIAN_POINT('',(1.7,-0.449999999999997,-0.5));
#7105=CARTESIAN_POINT('Origin',(7.57062792408487,0.350000000000003,-0.5));
#7106=CARTESIAN_POINT('',(7.57062792408487,-0.449999999999997,-0.5));
#7107=CARTESIAN_POINT('',(7.57062792408487,-0.449999999999997,-0.5));
#7108=CARTESIAN_POINT('',(6.78181728633825,0.216666666666668,-0.5));
#7109=CARTESIAN_POINT('Origin',(7.57062792408487,0.350000000000003,-0.5));
#7110=CARTESIAN_POINT('',(6.78181728633825,0.216666666666668,-0.5));
#7111=CARTESIAN_POINT('Origin',(5.5,-5.78043636090606E-16,-0.5));
#7112=CARTESIAN_POINT('',(4.21818271366175,0.216666666666668,-0.5));
#7113=CARTESIAN_POINT('Origin',(5.5,-5.78043636090606E-16,-0.5));
#7114=CARTESIAN_POINT('',(4.21818271366175,0.216666666666669,-0.5));
#7115=CARTESIAN_POINT('Origin',(3.42937207591514,0.350000000000003,-0.5));
#7116=CARTESIAN_POINT('Origin',(3.42937207591514,0.350000000000003,-0.5));
#7117=CARTESIAN_POINT('Origin',(2.5,-4.85,-0.5));
#7118=CARTESIAN_POINT('',(7.8,-0.449999999999997,-0.5));
#7119=CARTESIAN_POINT('',(1.7,-0.449999999999997,-0.5));
#7120=CARTESIAN_POINT('',(8.3,-0.949999999999997,-0.5));
#7121=CARTESIAN_POINT('Origin',(7.8,-0.949999999999997,-0.5));
#7122=CARTESIAN_POINT('',(8.3,-1.45000000000001,-0.5));
#7123=CARTESIAN_POINT('',(8.3,-0.449999999999997,-0.5));
#7124=CARTESIAN_POINT('',(9.1,-2.25000000000001,-0.5));
#7125=CARTESIAN_POINT('Origin',(9.1,-1.45000000000001,-0.5));
#7126=CARTESIAN_POINT('',(10.45,-2.25000000000001,-0.5));
#7127=CARTESIAN_POINT('',(10.95,-2.25000000000001,-0.5));
#7128=CARTESIAN_POINT('',(10.95,-2.75000000000001,-0.5));
#7129=CARTESIAN_POINT('Origin',(10.45,-2.75000000000001,-0.5));
#7130=CARTESIAN_POINT('',(10.95,-4.75000000000001,-0.5));
#7131=CARTESIAN_POINT('',(10.95,-2.25000000000001,-0.5));
#7132=CARTESIAN_POINT('',(10.45,-5.25000000000001,-0.5));
#7133=CARTESIAN_POINT('Origin',(10.45,-4.75000000000001,-0.5));
#7134=CARTESIAN_POINT('',(9.1,-5.25000000000001,-0.5));
#7135=CARTESIAN_POINT('',(10.95,-5.25000000000001,-0.5));
#7136=CARTESIAN_POINT('',(8.3,-6.05000000000001,-0.5));
#7137=CARTESIAN_POINT('Origin',(9.1,-6.05000000000001,-0.5));
#7138=CARTESIAN_POINT('',(8.3,-6.55,-0.5));
#7139=CARTESIAN_POINT('',(8.3,-0.449999999999997,-0.5));
#7140=CARTESIAN_POINT('',(7.8,-7.05,-0.5));
#7141=CARTESIAN_POINT('Origin',(7.8,-6.55,-0.5));
#7142=CARTESIAN_POINT('',(4.1,-7.05,-0.5));
#7143=CARTESIAN_POINT('',(8.3,-7.05,-0.5));
#7144=CARTESIAN_POINT('Origin',(4.1,-7.85,-0.5));
#7145=CARTESIAN_POINT('Origin',(7.8,-0.949999999999997,0.));
#7146=CARTESIAN_POINT('',(8.3,-0.949999999999997,0.));
#7147=CARTESIAN_POINT('',(7.8,-0.449999999999997,0.));
#7148=CARTESIAN_POINT('Origin',(8.3,-2.25000000000001,0.));
#7149=CARTESIAN_POINT('',(8.3,-1.45000000000001,0.));
#7150=CARTESIAN_POINT('Origin',(10.45,-2.75000000000001,0.));
#7151=CARTESIAN_POINT('',(10.95,-2.75000000000001,0.));
#7152=CARTESIAN_POINT('',(10.45,-2.25000000000001,0.));
#7153=CARTESIAN_POINT('Origin',(10.95,-5.25000000000001,0.));
#7154=CARTESIAN_POINT('',(10.95,-4.75000000000001,0.));
#7155=CARTESIAN_POINT('Origin',(10.45,-4.75000000000001,0.));
#7156=CARTESIAN_POINT('',(10.45,-5.25000000000001,0.));
#7157=CARTESIAN_POINT('Origin',(7.8,-6.55,0.));
#7158=CARTESIAN_POINT('',(7.8,-7.05,0.));
#7159=CARTESIAN_POINT('',(8.3,-6.55,0.));
#7160=CARTESIAN_POINT('Origin',(3.3,-7.05,0.));
#7161=CARTESIAN_POINT('',(4.1,-7.05,0.));
#7162=CARTESIAN_POINT('Origin',(4.1,-7.85,0.));
#7163=CARTESIAN_POINT('Origin',(9.1,-6.05000000000001,0.));
#7164=CARTESIAN_POINT('',(8.3,-6.05000000000001,0.));
#7165=CARTESIAN_POINT('',(9.1,-5.25000000000001,0.));
#7166=CARTESIAN_POINT('Origin',(8.29999981448054,-5.25000000000001,0.));
#7167=CARTESIAN_POINT('Origin',(9.1,-1.45000000000001,0.));
#7168=CARTESIAN_POINT('',(9.1,-2.25000000000001,0.));
#7169=CARTESIAN_POINT('Origin',(8.3,-7.05,0.));
#7170=CARTESIAN_POINT('Origin',(8.3,-0.449999999999997,0.));
#7171=CARTESIAN_POINT('Origin',(10.95,-2.25000000000001,0.));
#7172=CARTESIAN_POINT('Origin',(-5.5,-8.13162120183851E-16,2.95));
#7173=CARTESIAN_POINT('',(-6.8,-8.33588325994863E-16,2.95));
#7174=CARTESIAN_POINT('',(-4.2,-9.72366204073007E-16,2.95));
#7175=CARTESIAN_POINT('Origin',(-5.5,-8.13162120183851E-16,2.95));
#7176=CARTESIAN_POINT('',(-4.7,-7.72355986037495E-16,3.45));
#7177=CARTESIAN_POINT('Origin',(-4.7,-9.1113386411564E-16,2.95));
#7178=CARTESIAN_POINT('Origin',(-5.5,-6.74384242105707E-16,3.45));
#7179=CARTESIAN_POINT('Origin',(-5.5,-8.13162120183851E-16,2.95));
#7180=CARTESIAN_POINT('Origin',(-5.5,-8.13162120183851E-16,-0.5));
#7181=CARTESIAN_POINT('',(-6.8,-9.72366204073007E-16,-0.5));
#7182=CARTESIAN_POINT('',(-6.8,-9.72366204073007E-16,-0.5));
#7183=CARTESIAN_POINT('Origin',(-5.5,-8.13162120183851E-16,-0.5));
#7184=CARTESIAN_POINT('Origin',(-5.5,-8.32667268468867E-16,3.45));
#7185=CARTESIAN_POINT('Origin',(-5.5,-8.32667268468867E-16,-0.5));
#7186=CARTESIAN_POINT('Origin',(5.5,-5.78043636090606E-16,-4.55));
#7187=CARTESIAN_POINT('',(4.2,-4.1883955220145E-16,-4.55));
#7188=CARTESIAN_POINT('Origin',(5.5,-5.78043636090606E-16,-4.55));
#7189=CARTESIAN_POINT('',(4.7,-6.76015380022394E-16,-5.05));
#7190=CARTESIAN_POINT('Origin',(4.7,-6.76015380022394E-16,-4.55));
#7191=CARTESIAN_POINT('Origin',(5.5,-5.78043636090606E-16,-5.05));
#7192=CARTESIAN_POINT('Origin',(5.5,-5.78043636090606E-16,-1.1));
#7193=CARTESIAN_POINT('',(4.2,-4.1883955220145E-16,-1.1));
#7194=CARTESIAN_POINT('',(4.2,-4.1883955220145E-16,-1.1));
#7195=CARTESIAN_POINT('Origin',(5.5,-5.78043636090606E-16,-1.1));
#7196=CARTESIAN_POINT('Origin',(5.5,-5.55111512312578E-16,-5.05));
#7197=CARTESIAN_POINT('Origin',(5.5,-5.55111512312578E-16,-1.1));
#7198=UNCERTAINTY_MEASURE_WITH_UNIT(LENGTH_MEASURE(0.01),#7202,
'DISTANCE_ACCURACY_VALUE',
'Maximum model space distance between geometric entities at asserted c
onnectivities');
#7199=UNCERTAINTY_MEASURE_WITH_UNIT(LENGTH_MEASURE(0.01),#7202,
'DISTANCE_ACCURACY_VALUE',
'Maximum model space distance between geometric entities at asserted c
onnectivities');
#7200=(
GEOMETRIC_REPRESENTATION_CONTEXT(3)
GLOBAL_UNCERTAINTY_ASSIGNED_CONTEXT((#7198))
GLOBAL_UNIT_ASSIGNED_CONTEXT((#7202,#7204,#7205))
REPRESENTATION_CONTEXT('','3D')
);
#7201=(
GEOMETRIC_REPRESENTATION_CONTEXT(3)
GLOBAL_UNCERTAINTY_ASSIGNED_CONTEXT((#7199))
GLOBAL_UNIT_ASSIGNED_CONTEXT((#7202,#7204,#7205))
REPRESENTATION_CONTEXT('','3D')
);
#7202=(
LENGTH_UNIT()
NAMED_UNIT(*)
SI_UNIT(.MILLI.,.METRE.)
);
#7203=(
LENGTH_UNIT()
NAMED_UNIT(*)
SI_UNIT($,.METRE.)
);
#7204=(
NAMED_UNIT(*)
PLANE_ANGLE_UNIT()
SI_UNIT($,.RADIAN.)
);
#7205=(
NAMED_UNIT(*)
SI_UNIT($,.STERADIAN.)
SOLID_ANGLE_UNIT()
);
#7206=SHAPE_DEFINITION_REPRESENTATION(#7207,#7208);
#7207=PRODUCT_DEFINITION_SHAPE('',$,#7210);
#7208=SHAPE_REPRESENTATION('',(#3889),#7200);
#7209=PRODUCT_DEFINITION_CONTEXT('part definition',#7214,'design');
#7210=PRODUCT_DEFINITION('PG1350','PG1350-socket v40',#7211,#7209);
#7211=PRODUCT_DEFINITION_FORMATION('',$,#7216);
#7212=PRODUCT_RELATED_PRODUCT_CATEGORY('PG1350-socket v40',
'PG1350-socket v40',(#7216));
#7213=APPLICATION_PROTOCOL_DEFINITION('international standard',
'automotive_design',2009,#7214);
#7214=APPLICATION_CONTEXT(
'Core Data for Automotive Mechanical Design Process');
#7215=PRODUCT_CONTEXT('part definition',#7214,'mechanical');
#7216=PRODUCT('PG1350','PG1350-socket v40','STEP AP214',(#7215));
#7217=PRESENTATION_STYLE_ASSIGNMENT((#7220));
#7218=PRESENTATION_STYLE_ASSIGNMENT((#7221));
#7219=PRESENTATION_STYLE_ASSIGNMENT((#7222));
#7220=SURFACE_STYLE_USAGE(.BOTH.,#7223);
#7221=SURFACE_STYLE_USAGE(.BOTH.,#7224);
#7222=SURFACE_STYLE_USAGE(.BOTH.,#7225);
#7223=SURFACE_SIDE_STYLE('',(#7226));
#7224=SURFACE_SIDE_STYLE('',(#7227));
#7225=SURFACE_SIDE_STYLE('',(#7228));
#7226=SURFACE_STYLE_FILL_AREA(#7229);
#7227=SURFACE_STYLE_FILL_AREA(#7230);
#7228=SURFACE_STYLE_FILL_AREA(#7231);
#7229=FILL_AREA_STYLE('ABS (blanc)',(#7232));
#7230=FILL_AREA_STYLE('Opaque(26,26,26) (1)',(#7233));
#7231=FILL_AREA_STYLE('Opaque(26,26,26) (1) (1)',(#7234));
#7232=FILL_AREA_STYLE_COLOUR('ABS (blanc)',#7235);
#7233=FILL_AREA_STYLE_COLOUR('Opaque(26,26,26) (1)',#7236);
#7234=FILL_AREA_STYLE_COLOUR('Opaque(26,26,26) (1) (1)',#7237);
#7235=COLOUR_RGB('ABS (blanc)',0.964705882352941,0.964705882352941,0.952941176470588);
#7236=COLOUR_RGB('Opaque(26,26,26) (1)',0.890196078431372,0.650980392156863,
0.356862745098039);
#7237=COLOUR_RGB('Opaque(26,26,26) (1) (1)',0.545098039215686,0.850980392156863,
0.352941176470588);
ENDSEC;
END-ISO-10303-21;
