ISO-10303-21;
HEADER;
/* Generated by software containing ST-Developer
 * from STEP Tools, Inc. (www.steptools.com) 
 */

FILE_DESCRIPTION(
/* description */ ('STEP AP214'),
/* implementation_level */ '2;1');

FILE_NAME(
/* name */ 'PG1350-socket-2.step',
/* time_stamp */ '2026-02-18T02:10:51+01:00',
/* author */ (''),
/* organization */ (''),
/* preprocessor_version */ 'ST-DEVELOPER v20.1',
/* originating_system */ 'Autodesk Translation Framework v14.24.0.0',
/* authorisation */ '');

FILE_SCHEMA (('AUTOMOTIVE_DESIGN { 1 0 10303 214 3 1 1 }'));
ENDSEC;

DATA;
#10=MECHANICAL_DESIGN_GEOMETRIC_PRESENTATION_REPRESENTATION('',(#53,#54,
#55,#56,#57),#7201);
#11=SHAPE_REPRESENTATION_RELATIONSHIP('SRR','None',#7208,#12);
#12=ADVANCED_BREP_SHAPE_REPRESENTATION('',(#58,#59,#60,#61,#62),#7200);
#13=B_SPLINE_SURFACE_WITH_KNOTS('',3,3,((#6849,#6850,#6851,#6852),(#6853,
#6854,#6855,#6856),(#6857,#6858,#6859,#6860),(#6861,#6862,#6863,#6864),
(#6865,#6866,#6867,#6868)),.UNSPECIFIED.,.F.,.F.,.F.,(4,1,4),(4,4),(0.,
0.5,1.),(0.707711561829067,0.747428396168281),.UNSPECIFIED.);
#14=B_SPLINE_SURFACE_WITH_KNOTS('',3,3,((#6878,#6879,#6880,#6881),(#6882,
#6883,#6884,#6885),(#6886,#6887,#6888,#6889),(#6890,#6891,#6892,#6893),
(#6894,#6895,#6896,#6897)),.UNSPECIFIED.,.F.,.F.,.F.,(4,1,4),(4,4),(0.,
0.5,1.),(0.707711561829744,0.747428396169429),.UNSPECIFIED.);
#15=B_SPLINE_SURFACE_WITH_KNOTS('',3,3,((#6907,#6908,#6909,#6910),(#6911,
#6912,#6913,#6914),(#6915,#6916,#6917,#6918),(#6919,#6920,#6921,#6922),
(#6923,#6924,#6925,#6926)),.UNSPECIFIED.,.F.,.F.,.F.,(4,1,4),(4,4),(0.,
0.5,1.),(0.707711561829745,0.74742839616943),.UNSPECIFIED.);
#16=B_SPLINE_SURFACE_WITH_KNOTS('',3,3,((#6934,#6935,#6936,#6937),(#6938,
#6939,#6940,#6941),(#6942,#6943,#6944,#6945),(#6946,#6947,#6948,#6949),
(#6950,#6951,#6952,#6953)),.UNSPECIFIED.,.F.,.F.,.F.,(4,1,4),(4,4),(0.,
0.5,1.),(0.707711561829067,0.747428396168281),.UNSPECIFIED.);
#17=B_SPLINE_SURFACE_WITH_KNOTS('',3,3,((#6981,#6982,#6983,#6984),(#6985,
#6986,#6987,#6988),(#6989,#6990,#6991,#6992),(#6993,#6994,#6995,#6996),
(#6997,#6998,#6999,#7000)),.UNSPECIFIED.,.F.,.F.,.F.,(4,1,4),(4,4),(0.,
0.5,1.),(4.75078499664197E-19,0.0397173147581265),.UNSPECIFIED.);
#18=B_SPLINE_SURFACE_WITH_KNOTS('',3,3,((#7020,#7021,#7022,#7023),(#7024,
#7025,#7026,#7027),(#7028,#7029,#7030,#7031),(#7032,#7033,#7034,#7035),
(#7036,#7037,#7038,#7039)),.UNSPECIFIED.,.F.,.F.,.F.,(4,1,4),(4,4),(0.,
0.5,1.),(0.,0.0397173147585975),.UNSPECIFIED.);
#19=B_SPLINE_SURFACE_WITH_KNOTS('',3,3,((#7048,#7049,#7050,#7051),(#7052,
#7053,#7054,#7055),(#7056,#7057,#7058,#7059),(#7060,#7061,#7062,#7063),
(#7064,#7065,#7066,#7067)),.UNSPECIFIED.,.F.,.F.,.F.,(4,1,4),(4,4),(0.,
0.5,1.),(0.,0.0397173147585975),.UNSPECIFIED.);
#20=B_SPLINE_SURFACE_WITH_KNOTS('',3,3,((#7081,#7082,#7083,#7084),(#7085,
#7086,#7087,#7088),(#7089,#7090,#7091,#7092),(#7093,#7094,#7095,#7096),
(#7097,#7098,#7099,#7100)),.UNSPECIFIED.,.F.,.F.,.F.,(4,1,4),(4,4),(0.,
0.5,1.),(2.37539249832102E-19,0.0397173147581266),.UNSPECIFIED.);
#21=SPHERICAL_SURFACE('',#4252,0.3);
#22=SPHERICAL_SURFACE('',#4255,0.3);
#23=SPHERICAL_SURFACE('',#4270,0.3);
#24=SPHERICAL_SURFACE('',#4279,0.3);
#25=SPHERICAL_SURFACE('',#4315,0.5);
#26=SPHERICAL_SURFACE('',#4322,0.5);
#27=SPHERICAL_SURFACE('',#4323,0.5);
#28=SPHERICAL_SURFACE('',#4324,0.5);
#29=SPHERICAL_SURFACE('',#4325,0.5);
#30=SPHERICAL_SURFACE('',#4329,0.5);
#31=SPHERICAL_SURFACE('',#4333,0.5);
#32=SPHERICAL_SURFACE('',#4339,0.5);
#33=SPHERICAL_SURFACE('',#4362,0.3);
#34=SPHERICAL_SURFACE('',#4369,0.3);
#35=SPHERICAL_SURFACE('',#4378,0.3);
#36=SPHERICAL_SURFACE('',#4385,0.3);
#37=B_SPLINE_CURVE_WITH_KNOTS('',3,(#6616,#6617,#6618,#6619),
 .UNSPECIFIED.,.F.,.F.,(4,4),(0.707711561829067,0.747428396168281),
 .UNSPECIFIED.);
#38=B_SPLINE_CURVE_WITH_KNOTS('',3,(#6626,#6627,#6628,#6629),
 .UNSPECIFIED.,.F.,.F.,(4,4),(-0.747428396168281,-0.707711561829067),
 .UNSPECIFIED.);
#39=B_SPLINE_CURVE_WITH_KNOTS('',3,(#6631,#6632,#6633,#6634),
 .UNSPECIFIED.,.F.,.F.,(4,4),(-0.0397173147581266,-2.37539249832102E-19),
 .UNSPECIFIED.);
#40=B_SPLINE_CURVE_WITH_KNOTS('',3,(#6641,#6642,#6643,#6644),
 .UNSPECIFIED.,.F.,.F.,(4,4),(4.75078499664197E-19,0.0397173147581265),
 .UNSPECIFIED.);
#41=B_SPLINE_CURVE_WITH_KNOTS('',3,(#6714,#6715,#6716,#6717),
 .UNSPECIFIED.,.F.,.F.,(4,4),(-0.747428396168281,-0.707711561829067),
 .UNSPECIFIED.);
#42=B_SPLINE_CURVE_WITH_KNOTS('',3,(#6765,#6766,#6767,#6768),
 .UNSPECIFIED.,.F.,.F.,(4,4),(-0.747428396169429,-0.707711561829744),
 .UNSPECIFIED.);
#43=B_SPLINE_CURVE_WITH_KNOTS('',3,(#6776,#6777,#6778,#6779),
 .UNSPECIFIED.,.F.,.F.,(4,4),(0.707711561829744,0.747428396169429),
 .UNSPECIFIED.);
#44=B_SPLINE_CURVE_WITH_KNOTS('',3,(#6787,#6788,#6789,#6790),
 .UNSPECIFIED.,.F.,.F.,(4,4),(-0.74742839616943,-0.707711561829745),
 .UNSPECIFIED.);
#45=B_SPLINE_CURVE_WITH_KNOTS('',3,(#6794,#6795,#6796,#6797),
 .UNSPECIFIED.,.F.,.F.,(4,4),(-0.0397173147585975,0.),.UNSPECIFIED.);
#46=B_SPLINE_CURVE_WITH_KNOTS('',3,(#6804,#6805,#6806,#6807),
 .UNSPECIFIED.,.F.,.F.,(4,4),(0.,0.0397173147585975),.UNSPECIFIED.);
#47=B_SPLINE_CURVE_WITH_KNOTS('',3,(#6826,#6827,#6828,#6829),
 .UNSPECIFIED.,.F.,.F.,(4,4),(0.707711561829067,0.747428396168281),
 .UNSPECIFIED.);
#48=B_SPLINE_CURVE_WITH_KNOTS('',3,(#6840,#6841,#6842,#6843),
 .UNSPECIFIED.,.F.,.F.,(4,4),(0.707711561829745,0.74742839616943),
 .UNSPECIFIED.);
#49=B_SPLINE_CURVE_WITH_KNOTS('',3,(#7003,#7004,#7005,#7006),
 .UNSPECIFIED.,.F.,.F.,(4,4),(-0.0397173147581265,-4.75078499664197E-19),
 .UNSPECIFIED.);
#50=B_SPLINE_CURVE_WITH_KNOTS('',3,(#7042,#7043,#7044,#7045),
 .UNSPECIFIED.,.F.,.F.,(4,4),(0.,0.0397173147585975),.UNSPECIFIED.);
#51=B_SPLINE_CURVE_WITH_KNOTS('',3,(#7070,#7071,#7072,#7073),
 .UNSPECIFIED.,.F.,.F.,(4,4),(-0.0397173147585975,0.),.UNSPECIFIED.);
#52=B_SPLINE_CURVE_WITH_KNOTS('',3,(#7103,#7104,#7105,#7106),
 .UNSPECIFIED.,.F.,.F.,(4,4),(2.37539249832102E-19,0.0397173147581266),
 .UNSPECIFIED.);
#53=STYLED_ITEM('',(#7218),#58);
#54=STYLED_ITEM('',(#7218),#59);
#55=STYLED_ITEM('',(#7219),#60);
#56=STYLED_ITEM('',(#7218),#61);
#57=STYLED_ITEM('',(#7218),#62);
#58=MANIFOLD_SOLID_BREP('pour-decoupe',#3872);
#59=MANIFOLD_SOLID_BREP('pour-decoupe (1)',#3873);
#60=MANIFOLD_SOLID_BREP('Corps25',#3874);
#61=MANIFOLD_SOLID_BREP('Corps30',#3875);
#62=MANIFOLD_SOLID_BREP('Corps31',#3876);
#63=PLANE('',#3993);
#64=PLANE('',#3996);
#65=PLANE('',#3999);
#66=PLANE('',#4002);
#67=PLANE('',#4005);
#68=PLANE('',#4008);
#69=PLANE('',#4011);
#70=PLANE('',#4016);
#71=PLANE('',#4021);
#72=PLANE('',#4022);
#73=PLANE('',#4029);
#74=PLANE('',#4038);
#75=PLANE('',#4040);
#76=PLANE('',#4043);
#77=PLANE('',#4046);
#78=PLANE('',#4048);
#79=PLANE('',#4049);
#80=PLANE('',#4050);
#81=PLANE('',#4156);
#82=PLANE('',#4159);
#83=PLANE('',#4162);
#84=PLANE('',#4165);
#85=PLANE('',#4168);
#86=PLANE('',#4171);
#87=PLANE('',#4174);
#88=PLANE('',#4177);
#89=PLANE('',#4182);
#90=PLANE('',#4183);
#91=PLANE('',#4186);
#92=PLANE('',#4189);
#93=PLANE('',#4202);
#94=PLANE('',#4204);
#95=PLANE('',#4206);
#96=PLANE('',#4208);
#97=PLANE('',#4210);
#98=PLANE('',#4211);
#99=PLANE('',#4212);
#100=PLANE('',#4216);
#101=PLANE('',#4223);
#102=PLANE('',#4230);
#103=PLANE('',#4234);
#104=PLANE('',#4235);
#105=PLANE('',#4236);
#106=PLANE('',#4256);
#107=PLANE('',#4257);
#108=PLANE('',#4280);
#109=PLANE('',#4281);
#110=PLANE('',#4282);
#111=PLANE('',#4285);
#112=PLANE('',#4361);
#113=PLANE('',#4376);
#114=PLANE('',#4377);
#115=PLANE('',#4392);
#116=PLANE('',#4393);
#117=PLANE('',#4401);
#118=PLANE('',#4402);
#119=PLANE('',#4409);
#120=PLANE('',#4410);
#121=(
BOUNDED_SURFACE()
B_SPLINE_SURFACE(2,2,((#5749,#5750,#5751),(#5752,#5753,#5754),(#5755,#5756,
#5757)),.UNSPECIFIED.,.F.,.F.,.F.)
B_SPLINE_SURFACE_WITH_KNOTS((3,3),(3,3),(-1.5707963267949,0.),(1.5707963267949,
3.14159265358979),.UNSPECIFIED.)
GEOMETRIC_REPRESENTATION_ITEM()
RATIONAL_B_SPLINE_SURFACE(((1.,0.707106781186547,1.),(0.707106781186542,
0.499999999999996,0.707106781186542),(1.,0.707106781186547,1.)))
REPRESENTATION_ITEM('')
SURFACE()
);
#122=(
BOUNDED_SURFACE()
B_SPLINE_SURFACE(2,2,((#5781,#5782,#5783),(#5784,#5785,#5786),(#5787,#5788,
#5789)),.UNSPECIFIED.,.F.,.F.,.F.)
B_SPLINE_SURFACE_WITH_KNOTS((3,3),(3,3),(-1.5707963267949,0.),(1.5707963267949,
3.14159265358979),.UNSPECIFIED.)
GEOMETRIC_REPRESENTATION_ITEM()
RATIONAL_B_SPLINE_SURFACE(((1.,0.707106781186548,1.),(0.707106781186553,
0.500000000000004,0.707106781186553),(1.,0.707106781186548,1.)))
REPRESENTATION_ITEM('')
SURFACE()
);
#123=(
BOUNDED_SURFACE()
B_SPLINE_SURFACE(2,2,((#5801,#5802,#5803),(#5804,#5805,#5806),(#5807,#5808,
#5809)),.UNSPECIFIED.,.F.,.F.,.F.)
B_SPLINE_SURFACE_WITH_KNOTS((3,3),(3,3),(-1.5707963267949,0.),(-3.14159265358979,
-1.5707963267949),.UNSPECIFIED.)
GEOMETRIC_REPRESENTATION_ITEM()
RATIONAL_B_SPLINE_SURFACE(((1.,0.707106781186548,1.),(0.707106781186532,
0.499999999999989,0.707106781186532),(1.,0.707106781186548,1.)))
REPRESENTATION_ITEM('')
SURFACE()
);
#124=(
BOUNDED_SURFACE()
B_SPLINE_SURFACE(2,2,((#5833,#5834,#5835),(#5836,#5837,#5838),(#5839,#5840,
#5841)),.UNSPECIFIED.,.F.,.F.,.F.)
B_SPLINE_SURFACE_WITH_KNOTS((3,3),(3,3),(-1.5707963267949,0.),(-3.14159265358979,
-1.5707963267949),.UNSPECIFIED.)
GEOMETRIC_REPRESENTATION_ITEM()
RATIONAL_B_SPLINE_SURFACE(((1.,0.707106781186548,1.),(0.707106781186547,
0.5,0.707106781186547),(1.,0.707106781186548,1.)))
REPRESENTATION_ITEM('')
SURFACE()
);
#125=(
BOUNDED_SURFACE()
B_SPLINE_SURFACE(2,2,((#5865,#5866,#5867),(#5868,#5869,#5870),(#5871,#5872,
#5873)),.UNSPECIFIED.,.F.,.F.,.F.)
B_SPLINE_SURFACE_WITH_KNOTS((3,3),(3,3),(-1.5707963267949,0.),(-3.14159265358979,
-1.5707963267949),.UNSPECIFIED.)
GEOMETRIC_REPRESENTATION_ITEM()
RATIONAL_B_SPLINE_SURFACE(((1.,0.707106781186548,1.),(0.707106781186547,
0.5,0.707106781186547),(1.,0.707106781186548,1.)))
REPRESENTATION_ITEM('')
SURFACE()
);
#126=(
BOUNDED_SURFACE()
B_SPLINE_SURFACE(2,2,((#5885,#5886,#5887),(#5888,#5889,#5890),(#5891,#5892,
#5893)),.UNSPECIFIED.,.F.,.F.,.F.)
B_SPLINE_SURFACE_WITH_KNOTS((3,3),(3,3),(-1.5707963267949,0.),(-1.5707963267949,
0.),.UNSPECIFIED.)
GEOMETRIC_REPRESENTATION_ITEM()
RATIONAL_B_SPLINE_SURFACE(((1.,0.707106781186548,1.),(0.707106781186548,
0.5,0.707106781186548),(1.,0.707106781186548,1.)))
REPRESENTATION_ITEM('')
SURFACE()
);
#127=(
BOUNDED_SURFACE()
B_SPLINE_SURFACE(2,2,((#5917,#5918,#5919),(#5920,#5921,#5922),(#5923,#5924,
#5925)),.UNSPECIFIED.,.F.,.F.,.F.)
B_SPLINE_SURFACE_WITH_KNOTS((3,3),(3,3),(-1.5707963267949,0.),(-1.5707963267949,
0.),.UNSPECIFIED.)
GEOMETRIC_REPRESENTATION_ITEM()
RATIONAL_B_SPLINE_SURFACE(((1.,0.707106781186548,1.),(0.707106781186547,
0.5,0.707106781186547),(1.,0.707106781186548,1.)))
REPRESENTATION_ITEM('')
SURFACE()
);
#128=(
BOUNDED_SURFACE()
B_SPLINE_SURFACE(2,2,((#5937,#5938,#5939),(#5940,#5941,#5942),(#5943,#5944,
#5945)),.UNSPECIFIED.,.F.,.F.,.F.)
B_SPLINE_SURFACE_WITH_KNOTS((3,3),(3,3),(-1.5707963267949,0.),(0.,1.5707963267949),
 .UNSPECIFIED.)
GEOMETRIC_REPRESENTATION_ITEM()
RATIONAL_B_SPLINE_SURFACE(((1.,0.707106781186548,1.),(0.707106781186544,
0.499999999999997,0.707106781186544),(1.,0.707106781186548,1.)))
REPRESENTATION_ITEM('')
SURFACE()
);
#129=(
BOUNDED_SURFACE()
B_SPLINE_SURFACE(2,2,((#5969,#5970,#5971),(#5972,#5973,#5974),(#5975,#5976,
#5977)),.UNSPECIFIED.,.F.,.F.,.F.)
B_SPLINE_SURFACE_WITH_KNOTS((3,3),(3,3),(-1.5707963267949,0.),(-2.77555756156289E-15,
1.49379718613807),.UNSPECIFIED.)
GEOMETRIC_REPRESENTATION_ITEM()
RATIONAL_B_SPLINE_SURFACE(((1.,0.733799385705342,1.),(0.707106781186545,
0.518874521662768,0.707106781186545),(1.,0.733799385705342,1.)))
REPRESENTATION_ITEM('')
SURFACE()
);
#130=(
BOUNDED_SURFACE()
B_SPLINE_SURFACE(2,2,((#6153,#6154,#6155),(#6156,#6157,#6158),(#6159,#6160,
#6161)),.UNSPECIFIED.,.F.,.F.,.F.)
B_SPLINE_SURFACE_WITH_KNOTS((3,3),(3,3),(-1.5707963267949,0.),(-2.7755575615629E-15,
1.49379718613807),.UNSPECIFIED.)
GEOMETRIC_REPRESENTATION_ITEM()
RATIONAL_B_SPLINE_SURFACE(((1.,0.733799385705343,1.),(0.707106781186545,
0.518874521662769,0.707106781186545),(1.,0.733799385705343,1.)))
REPRESENTATION_ITEM('')
SURFACE()
);
#131=(
BOUNDED_SURFACE()
B_SPLINE_SURFACE(2,2,((#6185,#6186,#6187),(#6188,#6189,#6190),(#6191,#6192,
#6193)),.UNSPECIFIED.,.F.,.F.,.F.)
B_SPLINE_SURFACE_WITH_KNOTS((3,3),(3,3),(-1.5707963267949,0.),(0.,1.5707963267949),
 .UNSPECIFIED.)
GEOMETRIC_REPRESENTATION_ITEM()
RATIONAL_B_SPLINE_SURFACE(((1.,0.707106781186548,1.),(0.707106781186543,
0.499999999999997,0.707106781186543),(1.,0.707106781186548,1.)))
REPRESENTATION_ITEM('')
SURFACE()
);
#132=(
BOUNDED_SURFACE()
B_SPLINE_SURFACE(2,2,((#6205,#6206,#6207),(#6208,#6209,#6210),(#6211,#6212,
#6213)),.UNSPECIFIED.,.F.,.F.,.F.)
B_SPLINE_SURFACE_WITH_KNOTS((3,3),(3,3),(-1.5707963267949,0.),(-1.5707963267949,
0.),.UNSPECIFIED.)
GEOMETRIC_REPRESENTATION_ITEM()
RATIONAL_B_SPLINE_SURFACE(((1.,0.707106781186548,1.),(0.707106781186546,
0.499999999999999,0.707106781186546),(1.,0.707106781186548,1.)))
REPRESENTATION_ITEM('')
SURFACE()
);
#133=(
BOUNDED_SURFACE()
B_SPLINE_SURFACE(2,2,((#6237,#6238,#6239),(#6240,#6241,#6242),(#6243,#6244,
#6245)),.UNSPECIFIED.,.F.,.F.,.F.)
B_SPLINE_SURFACE_WITH_KNOTS((3,3),(3,3),(-1.5707963267949,0.),(-1.5707963267949,
0.),.UNSPECIFIED.)
GEOMETRIC_REPRESENTATION_ITEM()
RATIONAL_B_SPLINE_SURFACE(((1.,0.707106781186548,1.),(0.707106781186549,
0.500000000000001,0.707106781186549),(1.,0.707106781186548,1.)))
REPRESENTATION_ITEM('')
SURFACE()
);
#134=(
BOUNDED_SURFACE()
B_SPLINE_SURFACE(2,2,((#6257,#6258,#6259),(#6260,#6261,#6262),(#6263,#6264,
#6265)),.UNSPECIFIED.,.F.,.F.,.F.)
B_SPLINE_SURFACE_WITH_KNOTS((3,3),(3,3),(-1.5707963267949,0.),(-3.14159265358979,
-1.5707963267949),.UNSPECIFIED.)
GEOMETRIC_REPRESENTATION_ITEM()
RATIONAL_B_SPLINE_SURFACE(((1.,0.707106781186548,1.),(0.707106781186547,
0.499999999999999,0.707106781186547),(1.,0.707106781186548,1.)))
REPRESENTATION_ITEM('')
SURFACE()
);
#135=(
BOUNDED_SURFACE()
B_SPLINE_SURFACE(2,2,((#6289,#6290,#6291),(#6292,#6293,#6294),(#6295,#6296,
#6297)),.UNSPECIFIED.,.F.,.F.,.F.)
B_SPLINE_SURFACE_WITH_KNOTS((3,3),(3,3),(-1.5707963267949,0.),(-3.14159265358979,
-1.5707963267949),.UNSPECIFIED.)
GEOMETRIC_REPRESENTATION_ITEM()
RATIONAL_B_SPLINE_SURFACE(((1.,0.707106781186548,1.),(0.707106781186546,
0.499999999999999,0.707106781186546),(1.,0.707106781186548,1.)))
REPRESENTATION_ITEM('')
SURFACE()
);
#136=(
BOUNDED_SURFACE()
B_SPLINE_SURFACE(2,2,((#6321,#6322,#6323),(#6324,#6325,#6326),(#6327,#6328,
#6329)),.UNSPECIFIED.,.F.,.F.,.F.)
B_SPLINE_SURFACE_WITH_KNOTS((3,3),(3,3),(-1.5707963267949,0.),(-3.14159265358979,
-1.5707963267949),.UNSPECIFIED.)
GEOMETRIC_REPRESENTATION_ITEM()
RATIONAL_B_SPLINE_SURFACE(((1.,0.707106781186548,1.),(0.707106781186532,
0.499999999999989,0.707106781186532),(1.,0.707106781186548,1.)))
REPRESENTATION_ITEM('')
SURFACE()
);
#137=(
BOUNDED_SURFACE()
B_SPLINE_SURFACE(2,2,((#6341,#6342,#6343),(#6344,#6345,#6346),(#6347,#6348,
#6349)),.UNSPECIFIED.,.F.,.F.,.F.)
B_SPLINE_SURFACE_WITH_KNOTS((3,3),(3,3),(-1.5707963267949,0.),(1.5707963267949,
3.14159265358979),.UNSPECIFIED.)
GEOMETRIC_REPRESENTATION_ITEM()
RATIONAL_B_SPLINE_SURFACE(((1.,0.707106781186548,1.),(0.707106781186554,
0.500000000000005,0.707106781186554),(1.,0.707106781186548,1.)))
REPRESENTATION_ITEM('')
SURFACE()
);
#138=(
BOUNDED_SURFACE()
B_SPLINE_SURFACE(2,2,((#6373,#6374,#6375),(#6376,#6377,#6378),(#6379,#6380,
#6381)),.UNSPECIFIED.,.F.,.F.,.F.)
B_SPLINE_SURFACE_WITH_KNOTS((3,3),(3,3),(-1.5707963267949,0.),(1.5707963267949,
3.14159265358979),.UNSPECIFIED.)
GEOMETRIC_REPRESENTATION_ITEM()
RATIONAL_B_SPLINE_SURFACE(((1.,0.707106781186548,1.),(0.707106781186543,
0.499999999999997,0.707106781186543),(1.,0.707106781186548,1.)))
REPRESENTATION_ITEM('')
SURFACE()
);
#139=LINE('',#5723,#393);
#140=LINE('',#5724,#394);
#141=LINE('',#5747,#395);
#142=LINE('',#5748,#396);
#143=LINE('',#5767,#397);
#144=LINE('',#5768,#398);
#145=LINE('',#5779,#399);
#146=LINE('',#5780,#400);
#147=LINE('',#5799,#401);
#148=LINE('',#5800,#402);
#149=LINE('',#5819,#403);
#150=LINE('',#5820,#404);
#151=LINE('',#5831,#405);
#152=LINE('',#5832,#406);
#153=LINE('',#5851,#407);
#154=LINE('',#5852,#408);
#155=LINE('',#5863,#409);
#156=LINE('',#5864,#410);
#157=LINE('',#5883,#411);
#158=LINE('',#5884,#412);
#159=LINE('',#5903,#413);
#160=LINE('',#5904,#414);
#161=LINE('',#5915,#415);
#162=LINE('',#5916,#416);
#163=LINE('',#5935,#417);
#164=LINE('',#5936,#418);
#165=LINE('',#5955,#419);
#166=LINE('',#5956,#420);
#167=LINE('',#5967,#421);
#168=LINE('',#5968,#422);
#169=LINE('',#5993,#423);
#170=LINE('',#5994,#424);
#171=LINE('',#6000,#425);
#172=LINE('',#6002,#426);
#173=LINE('',#6003,#427);
#174=LINE('',#6006,#428);
#175=LINE('',#6010,#429);
#176=LINE('',#6011,#430);
#177=LINE('',#6014,#431);
#178=LINE('',#6018,#432);
#179=LINE('',#6019,#433);
#180=LINE('',#6022,#434);
#181=LINE('',#6026,#435);
#182=LINE('',#6027,#436);
#183=LINE('',#6030,#437);
#184=LINE('',#6034,#438);
#185=LINE('',#6035,#439);
#186=LINE('',#6038,#440);
#187=LINE('',#6042,#441);
#188=LINE('',#6043,#442);
#189=LINE('',#6046,#443);
#190=LINE('',#6050,#444);
#191=LINE('',#6051,#445);
#192=LINE('',#6054,#446);
#193=LINE('',#6058,#447);
#194=LINE('',#6062,#448);
#195=LINE('',#6063,#449);
#196=LINE('',#6066,#450);
#197=LINE('',#6070,#451);
#198=LINE('',#6075,#452);
#199=LINE('',#6076,#453);
#200=LINE('',#6079,#454);
#201=LINE('',#6082,#455);
#202=LINE('',#6086,#456);
#203=LINE('',#6091,#457);
#204=LINE('',#6095,#458);
#205=LINE('',#6099,#459);
#206=LINE('',#6103,#460);
#207=LINE('',#6107,#461);
#208=LINE('',#6111,#462);
#209=LINE('',#6115,#463);
#210=LINE('',#6118,#464);
#211=LINE('',#6119,#465);
#212=LINE('',#6121,#466);
#213=LINE('',#6123,#467);
#214=LINE('',#6124,#468);
#215=LINE('',#6126,#469);
#216=LINE('',#6128,#470);
#217=LINE('',#6130,#471);
#218=LINE('',#6131,#472);
#219=LINE('',#6133,#473);
#220=LINE('',#6136,#474);
#221=LINE('',#6137,#475);
#222=LINE('',#6140,#476);
#223=LINE('',#6171,#477);
#224=LINE('',#6172,#478);
#225=LINE('',#6183,#479);
#226=LINE('',#6184,#480);
#227=LINE('',#6203,#481);
#228=LINE('',#6204,#482);
#229=LINE('',#6223,#483);
#230=LINE('',#6224,#484);
#231=LINE('',#6235,#485);
#232=LINE('',#6236,#486);
#233=LINE('',#6255,#487);
#234=LINE('',#6256,#488);
#235=LINE('',#6275,#489);
#236=LINE('',#6276,#490);
#237=LINE('',#6287,#491);
#238=LINE('',#6288,#492);
#239=LINE('',#6307,#493);
#240=LINE('',#6308,#494);
#241=LINE('',#6319,#495);
#242=LINE('',#6320,#496);
#243=LINE('',#6339,#497);
#244=LINE('',#6340,#498);
#245=LINE('',#6359,#499);
#246=LINE('',#6360,#500);
#247=LINE('',#6371,#501);
#248=LINE('',#6372,#502);
#249=LINE('',#6391,#503);
#250=LINE('',#6392,#504);
#251=LINE('',#6415,#505);
#252=LINE('',#6416,#506);
#253=LINE('',#6430,#507);
#254=LINE('',#6431,#508);
#255=LINE('',#6434,#509);
#256=LINE('',#6437,#510);
#257=LINE('',#6440,#511);
#258=LINE('',#6441,#512);
#259=LINE('',#6444,#513);
#260=LINE('',#6448,#514);
#261=LINE('',#6449,#515);
#262=LINE('',#6452,#516);
#263=LINE('',#6456,#517);
#264=LINE('',#6457,#518);
#265=LINE('',#6460,#519);
#266=LINE('',#6464,#520);
#267=LINE('',#6465,#521);
#268=LINE('',#6468,#522);
#269=LINE('',#6472,#523);
#270=LINE('',#6473,#524);
#271=LINE('',#6476,#525);
#272=LINE('',#6480,#526);
#273=LINE('',#6481,#527);
#274=LINE('',#6484,#528);
#275=LINE('',#6488,#529);
#276=LINE('',#6489,#530);
#277=LINE('',#6492,#531);
#278=LINE('',#6496,#532);
#279=LINE('',#6497,#533);
#280=LINE('',#6500,#534);
#281=LINE('',#6504,#535);
#282=LINE('',#6509,#536);
#283=LINE('',#6510,#537);
#284=LINE('',#6513,#538);
#285=LINE('',#6516,#539);
#286=LINE('',#6519,#540);
#287=LINE('',#6520,#541);
#288=LINE('',#6531,#542);
#289=LINE('',#6535,#543);
#290=LINE('',#6539,#544);
#291=LINE('',#6543,#545);
#292=LINE('',#6547,#546);
#293=LINE('',#6550,#547);
#294=LINE('',#6552,#548);
#295=LINE('',#6554,#549);
#296=LINE('',#6556,#550);
#297=LINE('',#6558,#551);
#298=LINE('',#6559,#552);
#299=LINE('',#6561,#553);
#300=LINE('',#6563,#554);
#301=LINE('',#6564,#555);
#302=LINE('',#6567,#556);
#303=LINE('',#6568,#557);
#304=LINE('',#6570,#558);
#305=LINE('',#6572,#559);
#306=LINE('',#6575,#560);
#307=LINE('',#6581,#561);
#308=LINE('',#6583,#562);
#309=LINE('',#6585,#563);
#310=LINE('',#6586,#564);
#311=LINE('',#6590,#565);
#312=LINE('',#6596,#566);
#313=LINE('',#6597,#567);
#314=LINE('',#6598,#568);
#315=LINE('',#6602,#569);
#316=LINE('',#6608,#570);
#317=LINE('',#6614,#571);
#318=LINE('',#6621,#572);
#319=LINE('',#6623,#573);
#320=LINE('',#6625,#574);
#321=LINE('',#6636,#575);
#322=LINE('',#6638,#576);
#323=LINE('',#6640,#577);
#324=LINE('',#6648,#578);
#325=LINE('',#6654,#579);
#326=LINE('',#6660,#580);
#327=LINE('',#6661,#581);
#328=LINE('',#6662,#582);
#329=LINE('',#6666,#583);
#330=LINE('',#6672,#584);
#331=LINE('',#6674,#585);
#332=LINE('',#6676,#586);
#333=LINE('',#6677,#587);
#334=LINE('',#6681,#588);
#335=LINE('',#6683,#589);
#336=LINE('',#6685,#590);
#337=LINE('',#6686,#591);
#338=LINE('',#6690,#592);
#339=LINE('',#6691,#593);
#340=LINE('',#6692,#594);
#341=LINE('',#6703,#595);
#342=LINE('',#6723,#596);
#343=LINE('',#6725,#597);
#344=LINE('',#6727,#598);
#345=LINE('',#6728,#599);
#346=LINE('',#6732,#600);
#347=LINE('',#6734,#601);
#348=LINE('',#6736,#602);
#349=LINE('',#6737,#603);
#350=LINE('',#6751,#604);
#351=LINE('',#6761,#605);
#352=LINE('',#6774,#606);
#353=LINE('',#6781,#607);
#354=LINE('',#6783,#608);
#355=LINE('',#6785,#609);
#356=LINE('',#6792,#610);
#357=LINE('',#6799,#611);
#358=LINE('',#6801,#612);
#359=LINE('',#6803,#613);
#360=LINE('',#6811,#614);
#361=LINE('',#6813,#615);
#362=LINE('',#6815,#616);
#363=LINE('',#6816,#617);
#364=LINE('',#6820,#618);
#365=LINE('',#6822,#619);
#366=LINE('',#6823,#620);
#367=LINE('',#6833,#621);
#368=LINE('',#6835,#622);
#369=LINE('',#6836,#623);
#370=LINE('',#6847,#624);
#371=LINE('',#7008,#625);
#372=LINE('',#7016,#626);
#373=LINE('',#7017,#627);
#374=LINE('',#7019,#628);
#375=LINE('',#7047,#629);
#376=LINE('',#7075,#630);
#377=LINE('',#7077,#631);
#378=LINE('',#7078,#632);
#379=LINE('',#7080,#633);
#380=LINE('',#7108,#634);
#381=LINE('',#7137,#635);
#382=LINE('',#7139,#636);
#383=LINE('',#7141,#637);
#384=LINE('',#7142,#638);
#385=LINE('',#7144,#639);
#386=LINE('',#7162,#640);
#387=LINE('',#7164,#641);
#388=LINE('',#7165,#642);
#389=LINE('',#7167,#643);
#390=LINE('',#7169,#644);
#391=LINE('',#7182,#645);
#392=LINE('',#7194,#646);
#393=VECTOR('',#4427,10.);
#394=VECTOR('',#4428,10.);
#395=VECTOR('',#4457,10.);
#396=VECTOR('',#4458,10.);
#397=VECTOR('',#4469,10.);
#398=VECTOR('',#4470,10.);
#399=VECTOR('',#4483,10.);
#400=VECTOR('',#4484,10.);
#401=VECTOR('',#4495,10.);
#402=VECTOR('',#4496,10.);
#403=VECTOR('',#4507,10.);
#404=VECTOR('',#4508,10.);
#405=VECTOR('',#4521,10.);
#406=VECTOR('',#4522,10.);
#407=VECTOR('',#4533,10.);
#408=VECTOR('',#4534,10.);
#409=VECTOR('',#4547,10.);
#410=VECTOR('',#4548,10.);
#411=VECTOR('',#4559,10.);
#412=VECTOR('',#4560,10.);
#413=VECTOR('',#4571,10.);
#414=VECTOR('',#4572,10.);
#415=VECTOR('',#4585,10.);
#416=VECTOR('',#4586,10.);
#417=VECTOR('',#4597,10.);
#418=VECTOR('',#4598,10.);
#419=VECTOR('',#4609,10.);
#420=VECTOR('',#4610,10.);
#421=VECTOR('',#4623,10.);
#422=VECTOR('',#4624,10.);
#423=VECTOR('',#4643,10.);
#424=VECTOR('',#4644,10.);
#425=VECTOR('',#4653,10.);
#426=VECTOR('',#4654,10.);
#427=VECTOR('',#4655,10.);
#428=VECTOR('',#4658,10.);
#429=VECTOR('',#4663,10.);
#430=VECTOR('',#4664,10.);
#431=VECTOR('',#4667,10.);
#432=VECTOR('',#4672,10.);
#433=VECTOR('',#4673,10.);
#434=VECTOR('',#4676,10.);
#435=VECTOR('',#4681,10.);
#436=VECTOR('',#4682,10.);
#437=VECTOR('',#4685,10.);
#438=VECTOR('',#4690,10.);
#439=VECTOR('',#4691,10.);
#440=VECTOR('',#4694,10.);
#441=VECTOR('',#4699,10.);
#442=VECTOR('',#4700,10.);
#443=VECTOR('',#4703,10.);
#444=VECTOR('',#4708,10.);
#445=VECTOR('',#4709,10.);
#446=VECTOR('',#4712,0.8);
#447=VECTOR('',#4717,0.8);
#448=VECTOR('',#4722,10.);
#449=VECTOR('',#4723,10.);
#450=VECTOR('',#4726,0.8);
#451=VECTOR('',#4731,0.8);
#452=VECTOR('',#4738,10.);
#453=VECTOR('',#4739,10.);
#454=VECTOR('',#4742,10.);
#455=VECTOR('',#4745,10.);
#456=VECTOR('',#4750,10.);
#457=VECTOR('',#4757,10.);
#458=VECTOR('',#4760,10.);
#459=VECTOR('',#4763,10.);
#460=VECTOR('',#4766,10.);
#461=VECTOR('',#4769,10.);
#462=VECTOR('',#4772,10.);
#463=VECTOR('',#4775,10.);
#464=VECTOR('',#4780,10.);
#465=VECTOR('',#4781,10.);
#466=VECTOR('',#4784,10.);
#467=VECTOR('',#4787,10.);
#468=VECTOR('',#4788,10.);
#469=VECTOR('',#4791,10.);
#470=VECTOR('',#4794,10.);
#471=VECTOR('',#4797,10.);
#472=VECTOR('',#4798,10.);
#473=VECTOR('',#4801,10.);
#474=VECTOR('',#4806,10.);
#475=VECTOR('',#4807,10.);
#476=VECTOR('',#4812,10.);
#477=VECTOR('',#4839,10.);
#478=VECTOR('',#4840,10.);
#479=VECTOR('',#4853,10.);
#480=VECTOR('',#4854,10.);
#481=VECTOR('',#4865,10.);
#482=VECTOR('',#4866,10.);
#483=VECTOR('',#4877,10.);
#484=VECTOR('',#4878,10.);
#485=VECTOR('',#4891,10.);
#486=VECTOR('',#4892,10.);
#487=VECTOR('',#4903,10.);
#488=VECTOR('',#4904,10.);
#489=VECTOR('',#4915,10.);
#490=VECTOR('',#4916,10.);
#491=VECTOR('',#4929,10.);
#492=VECTOR('',#4930,10.);
#493=VECTOR('',#4941,10.);
#494=VECTOR('',#4942,10.);
#495=VECTOR('',#4955,10.);
#496=VECTOR('',#4956,10.);
#497=VECTOR('',#4967,10.);
#498=VECTOR('',#4968,10.);
#499=VECTOR('',#4979,10.);
#500=VECTOR('',#4980,10.);
#501=VECTOR('',#4993,10.);
#502=VECTOR('',#4994,10.);
#503=VECTOR('',#5005,10.);
#504=VECTOR('',#5006,10.);
#505=VECTOR('',#5035,10.);
#506=VECTOR('',#5036,10.);
#507=VECTOR('',#5055,10.);
#508=VECTOR('',#5056,10.);
#509=VECTOR('',#5059,10.);
#510=VECTOR('',#5062,10.);
#511=VECTOR('',#5065,10.);
#512=VECTOR('',#5066,10.);
#513=VECTOR('',#5069,10.);
#514=VECTOR('',#5074,10.);
#515=VECTOR('',#5075,10.);
#516=VECTOR('',#5078,10.);
#517=VECTOR('',#5083,10.);
#518=VECTOR('',#5084,10.);
#519=VECTOR('',#5087,10.);
#520=VECTOR('',#5092,10.);
#521=VECTOR('',#5093,10.);
#522=VECTOR('',#5096,10.);
#523=VECTOR('',#5101,10.);
#524=VECTOR('',#5102,10.);
#525=VECTOR('',#5105,10.);
#526=VECTOR('',#5110,10.);
#527=VECTOR('',#5111,10.);
#528=VECTOR('',#5114,10.);
#529=VECTOR('',#5119,10.);
#530=VECTOR('',#5120,10.);
#531=VECTOR('',#5123,10.);
#532=VECTOR('',#5128,10.);
#533=VECTOR('',#5129,10.);
#534=VECTOR('',#5132,0.8);
#535=VECTOR('',#5137,0.8);
#536=VECTOR('',#5144,10.);
#537=VECTOR('',#5145,10.);
#538=VECTOR('',#5148,0.8);
#539=VECTOR('',#5151,0.8);
#540=VECTOR('',#5154,10.);
#541=VECTOR('',#5155,10.);
#542=VECTOR('',#5168,10.);
#543=VECTOR('',#5171,10.);
#544=VECTOR('',#5174,10.);
#545=VECTOR('',#5177,10.);
#546=VECTOR('',#5180,10.);
#547=VECTOR('',#5183,10.);
#548=VECTOR('',#5186,10.);
#549=VECTOR('',#5189,10.);
#550=VECTOR('',#5192,10.);
#551=VECTOR('',#5195,10.);
#552=VECTOR('',#5196,10.);
#553=VECTOR('',#5199,10.);
#554=VECTOR('',#5202,10.);
#555=VECTOR('',#5203,10.);
#556=VECTOR('',#5208,10.);
#557=VECTOR('',#5209,10.);
#558=VECTOR('',#5212,10.);
#559=VECTOR('',#5215,10.);
#560=VECTOR('',#5220,10.);
#561=VECTOR('',#5227,10.);
#562=VECTOR('',#5228,10.);
#563=VECTOR('',#5229,10.);
#564=VECTOR('',#5230,10.);
#565=VECTOR('',#5233,10.);
#566=VECTOR('',#5240,10.);
#567=VECTOR('',#5241,10.);
#568=VECTOR('',#5242,10.);
#569=VECTOR('',#5245,10.);
#570=VECTOR('',#5252,10.);
#571=VECTOR('',#5259,10.);
#572=VECTOR('',#5260,10.);
#573=VECTOR('',#5261,10.);
#574=VECTOR('',#5262,10.);
#575=VECTOR('',#5263,10.);
#576=VECTOR('',#5264,10.);
#577=VECTOR('',#5265,10.);
#578=VECTOR('',#5268,10.);
#579=VECTOR('',#5275,10.);
#580=VECTOR('',#5282,10.);
#581=VECTOR('',#5283,10.);
#582=VECTOR('',#5284,10.);
#583=VECTOR('',#5287,10.);
#584=VECTOR('',#5294,10.);
#585=VECTOR('',#5295,10.);
#586=VECTOR('',#5296,10.);
#587=VECTOR('',#5297,10.);
#588=VECTOR('',#5300,10.);
#589=VECTOR('',#5301,10.);
#590=VECTOR('',#5302,10.);
#591=VECTOR('',#5303,10.);
#592=VECTOR('',#5306,10.);
#593=VECTOR('',#5307,10.);
#594=VECTOR('',#5308,10.);
#595=VECTOR('',#5325,10.);
#596=VECTOR('',#5350,10.);
#597=VECTOR('',#5351,10.);
#598=VECTOR('',#5352,10.);
#599=VECTOR('',#5353,10.);
#600=VECTOR('',#5356,10.);
#601=VECTOR('',#5357,10.);
#602=VECTOR('',#5358,10.);
#603=VECTOR('',#5359,10.);
#604=VECTOR('',#5382,10.);
#605=VECTOR('',#5397,10.);
#606=VECTOR('',#5408,10.);
#607=VECTOR('',#5409,10.);
#608=VECTOR('',#5410,10.);
#609=VECTOR('',#5411,10.);
#610=VECTOR('',#5412,10.);
#611=VECTOR('',#5413,10.);
#612=VECTOR('',#5414,10.);
#613=VECTOR('',#5415,10.);
#614=VECTOR('',#5418,10.);
#615=VECTOR('',#5419,10.);
#616=VECTOR('',#5420,10.);
#617=VECTOR('',#5421,10.);
#618=VECTOR('',#5424,10.);
#619=VECTOR('',#5425,10.);
#620=VECTOR('',#5426,10.);
#621=VECTOR('',#5433,10.);
#622=VECTOR('',#5434,10.);
#623=VECTOR('',#5435,10.);
#624=VECTOR('',#5444,10.);
#625=VECTOR('',#5543,10.);
#626=VECTOR('',#5554,10.);
#627=VECTOR('',#5555,10.);
#628=VECTOR('',#5558,10.);
#629=VECTOR('',#5563,10.);
#630=VECTOR('',#5568,10.);
#631=VECTOR('',#5571,10.);
#632=VECTOR('',#5572,10.);
#633=VECTOR('',#5575,10.);
#634=VECTOR('',#5580,10.);
#635=VECTOR('',#5621,10.);
#636=VECTOR('',#5624,10.);
#637=VECTOR('',#5627,10.);
#638=VECTOR('',#5628,10.);
#639=VECTOR('',#5631,10.);
#640=VECTOR('',#5658,10.);
#641=VECTOR('',#5661,10.);
#642=VECTOR('',#5662,10.);
#643=VECTOR('',#5665,10.);
#644=VECTOR('',#5668,10.);
#645=VECTOR('',#5685,1.3);
#646=VECTOR('',#5702,1.3);
#647=CYLINDRICAL_SURFACE('',#3895,0.3);
#648=CYLINDRICAL_SURFACE('',#3909,0.3);
#649=CYLINDRICAL_SURFACE('',#3914,0.3);
#650=CYLINDRICAL_SURFACE('',#3920,0.3);
#651=CYLINDRICAL_SURFACE('',#3925,0.3);
#652=CYLINDRICAL_SURFACE('',#3930,0.3);
#653=CYLINDRICAL_SURFACE('',#3936,0.3);
#654=CYLINDRICAL_SURFACE('',#3941,0.3);
#655=CYLINDRICAL_SURFACE('',#3947,0.3);
#656=CYLINDRICAL_SURFACE('',#3952,0.3);
#657=CYLINDRICAL_SURFACE('',#3957,0.3);
#658=CYLINDRICAL_SURFACE('',#3963,0.3);
#659=CYLINDRICAL_SURFACE('',#3968,0.3);
#660=CYLINDRICAL_SURFACE('',#3973,0.3);
#661=CYLINDRICAL_SURFACE('',#3979,0.3);
#662=CYLINDRICAL_SURFACE('',#3988,0.3);
#663=CYLINDRICAL_SURFACE('',#3994,0.5);
#664=CYLINDRICAL_SURFACE('',#3997,0.5);
#665=CYLINDRICAL_SURFACE('',#4000,0.8);
#666=CYLINDRICAL_SURFACE('',#4003,0.5);
#667=CYLINDRICAL_SURFACE('',#4006,0.5);
#668=CYLINDRICAL_SURFACE('',#4009,0.8);
#669=CYLINDRICAL_SURFACE('',#4012,0.5);
#670=CYLINDRICAL_SURFACE('',#4014,0.8);
#671=CYLINDRICAL_SURFACE('',#4017,2.1);
#672=CYLINDRICAL_SURFACE('',#4019,0.8);
#673=CYLINDRICAL_SURFACE('',#4023,0.8);
#674=CYLINDRICAL_SURFACE('',#4025,1.3);
#675=CYLINDRICAL_SURFACE('',#4027,0.8);
#676=CYLINDRICAL_SURFACE('',#4037,0.5);
#677=CYLINDRICAL_SURFACE('',#4039,0.5);
#678=CYLINDRICAL_SURFACE('',#4041,0.5);
#679=CYLINDRICAL_SURFACE('',#4042,0.5);
#680=CYLINDRICAL_SURFACE('',#4044,0.8);
#681=CYLINDRICAL_SURFACE('',#4045,0.8);
#682=CYLINDRICAL_SURFACE('',#4047,0.8);
#683=CYLINDRICAL_SURFACE('',#4059,0.3);
#684=CYLINDRICAL_SURFACE('',#4065,0.3);
#685=CYLINDRICAL_SURFACE('',#4070,0.3);
#686=CYLINDRICAL_SURFACE('',#4075,0.3);
#687=CYLINDRICAL_SURFACE('',#4081,0.3);
#688=CYLINDRICAL_SURFACE('',#4086,0.3);
#689=CYLINDRICAL_SURFACE('',#4091,0.3);
#690=CYLINDRICAL_SURFACE('',#4097,0.3);
#691=CYLINDRICAL_SURFACE('',#4102,0.3);
#692=CYLINDRICAL_SURFACE('',#4108,0.3);
#693=CYLINDRICAL_SURFACE('',#4113,0.3);
#694=CYLINDRICAL_SURFACE('',#4118,0.3);
#695=CYLINDRICAL_SURFACE('',#4124,0.3);
#696=CYLINDRICAL_SURFACE('',#4129,0.3);
#697=CYLINDRICAL_SURFACE('',#4143,0.3);
#698=CYLINDRICAL_SURFACE('',#4153,0.3);
#699=CYLINDRICAL_SURFACE('',#4154,0.5);
#700=CYLINDRICAL_SURFACE('',#4157,0.8);
#701=CYLINDRICAL_SURFACE('',#4160,0.5);
#702=CYLINDRICAL_SURFACE('',#4163,0.5);
#703=CYLINDRICAL_SURFACE('',#4166,0.8);
#704=CYLINDRICAL_SURFACE('',#4169,0.5);
#705=CYLINDRICAL_SURFACE('',#4172,0.5);
#706=CYLINDRICAL_SURFACE('',#4175,0.8);
#707=CYLINDRICAL_SURFACE('',#4178,0.5);
#708=CYLINDRICAL_SURFACE('',#4180,0.8);
#709=CYLINDRICAL_SURFACE('',#4184,0.8);
#710=CYLINDRICAL_SURFACE('',#4187,2.1);
#711=CYLINDRICAL_SURFACE('',#4198,0.8);
#712=CYLINDRICAL_SURFACE('',#4199,1.3);
#713=CYLINDRICAL_SURFACE('',#4200,0.8);
#714=CYLINDRICAL_SURFACE('',#4201,0.5);
#715=CYLINDRICAL_SURFACE('',#4203,0.5);
#716=CYLINDRICAL_SURFACE('',#4205,0.5);
#717=CYLINDRICAL_SURFACE('',#4207,0.8);
#718=CYLINDRICAL_SURFACE('',#4209,0.8);
#719=CYLINDRICAL_SURFACE('',#4213,0.3);
#720=CYLINDRICAL_SURFACE('',#4217,0.3);
#721=CYLINDRICAL_SURFACE('',#4220,0.5);
#722=CYLINDRICAL_SURFACE('',#4224,0.5);
#723=CYLINDRICAL_SURFACE('',#4227,0.3);
#724=CYLINDRICAL_SURFACE('',#4231,0.3);
#725=CYLINDRICAL_SURFACE('',#4237,0.3);
#726=CYLINDRICAL_SURFACE('',#4240,0.3);
#727=CYLINDRICAL_SURFACE('',#4243,0.3);
#728=CYLINDRICAL_SURFACE('',#4246,0.3);
#729=CYLINDRICAL_SURFACE('',#4249,0.3);
#730=CYLINDRICAL_SURFACE('',#4258,0.3);
#731=CYLINDRICAL_SURFACE('',#4261,0.3);
#732=CYLINDRICAL_SURFACE('',#4264,0.3);
#733=CYLINDRICAL_SURFACE('',#4267,0.3);
#734=CYLINDRICAL_SURFACE('',#4271,0.3);
#735=CYLINDRICAL_SURFACE('',#4274,0.3);
#736=CYLINDRICAL_SURFACE('',#4289,0.3);
#737=CYLINDRICAL_SURFACE('',#4292,0.5);
#738=CYLINDRICAL_SURFACE('',#4294,0.5);
#739=CYLINDRICAL_SURFACE('',#4297,0.5);
#740=CYLINDRICAL_SURFACE('',#4301,0.5);
#741=CYLINDRICAL_SURFACE('',#4303,0.5);
#742=CYLINDRICAL_SURFACE('',#4306,0.5);
#743=CYLINDRICAL_SURFACE('',#4310,0.5);
#744=CYLINDRICAL_SURFACE('',#4312,0.5);
#745=CYLINDRICAL_SURFACE('',#4317,0.5);
#746=CYLINDRICAL_SURFACE('',#4319,0.5);
#747=CYLINDRICAL_SURFACE('',#4338,0.5);
#748=CYLINDRICAL_SURFACE('',#4343,0.5);
#749=CYLINDRICAL_SURFACE('',#4344,0.5);
#750=CYLINDRICAL_SURFACE('',#4346,0.5);
#751=CYLINDRICAL_SURFACE('',#4348,0.5);
#752=CYLINDRICAL_SURFACE('',#4349,0.5);
#753=CYLINDRICAL_SURFACE('',#4350,0.5);
#754=CYLINDRICAL_SURFACE('',#4352,0.5);
#755=CYLINDRICAL_SURFACE('',#4372,0.3);
#756=CYLINDRICAL_SURFACE('',#4373,0.3);
#757=CYLINDRICAL_SURFACE('',#4374,0.3);
#758=CYLINDRICAL_SURFACE('',#4375,0.3);
#759=CYLINDRICAL_SURFACE('',#4388,0.3);
#760=CYLINDRICAL_SURFACE('',#4389,0.3);
#761=CYLINDRICAL_SURFACE('',#4390,0.3);
#762=CYLINDRICAL_SURFACE('',#4391,0.3);
#763=CYLINDRICAL_SURFACE('',#4399,1.3);
#764=CYLINDRICAL_SURFACE('',#4407,1.3);
#765=FACE_OUTER_BOUND('',#1015,.T.);
#766=FACE_OUTER_BOUND('',#1016,.T.);
#767=FACE_OUTER_BOUND('',#1017,.T.);
#768=FACE_OUTER_BOUND('',#1018,.T.);
#769=FACE_OUTER_BOUND('',#1019,.T.);
#770=FACE_OUTER_BOUND('',#1020,.T.);
#771=FACE_OUTER_BOUND('',#1021,.T.);
#772=FACE_OUTER_BOUND('',#1022,.T.);
#773=FACE_OUTER_BOUND('',#1023,.T.);
#774=FACE_OUTER_BOUND('',#1024,.T.);
#775=FACE_OUTER_BOUND('',#1025,.T.);
#776=FACE_OUTER_BOUND('',#1026,.T.);
#777=FACE_OUTER_BOUND('',#1027,.T.);
#778=FACE_OUTER_BOUND('',#1028,.T.);
#779=FACE_OUTER_BOUND('',#1029,.T.);
#780=FACE_OUTER_BOUND('',#1030,.T.);
#781=FACE_OUTER_BOUND('',#1031,.T.);
#782=FACE_OUTER_BOUND('',#1032,.T.);
#783=FACE_OUTER_BOUND('',#1033,.T.);
#784=FACE_OUTER_BOUND('',#1034,.T.);
#785=FACE_OUTER_BOUND('',#1035,.T.);
#786=FACE_OUTER_BOUND('',#1036,.T.);
#787=FACE_OUTER_BOUND('',#1037,.T.);
#788=FACE_OUTER_BOUND('',#1038,.T.);
#789=FACE_OUTER_BOUND('',#1039,.T.);
#790=FACE_OUTER_BOUND('',#1040,.T.);
#791=FACE_OUTER_BOUND('',#1041,.T.);
#792=FACE_OUTER_BOUND('',#1042,.T.);
#793=FACE_OUTER_BOUND('',#1043,.T.);
#794=FACE_OUTER_BOUND('',#1044,.T.);
#795=FACE_OUTER_BOUND('',#1045,.T.);
#796=FACE_OUTER_BOUND('',#1046,.T.);
#797=FACE_OUTER_BOUND('',#1047,.T.);
#798=FACE_OUTER_BOUND('',#1048,.T.);
#799=FACE_OUTER_BOUND('',#1049,.T.);
#800=FACE_OUTER_BOUND('',#1050,.T.);
#801=FACE_OUTER_BOUND('',#1051,.T.);
#802=FACE_OUTER_BOUND('',#1052,.T.);
#803=FACE_OUTER_BOUND('',#1053,.T.);
#804=FACE_OUTER_BOUND('',#1054,.T.);
#805=FACE_OUTER_BOUND('',#1055,.T.);
#806=FACE_OUTER_BOUND('',#1056,.T.);
#807=FACE_OUTER_BOUND('',#1057,.T.);
#808=FACE_OUTER_BOUND('',#1058,.T.);
#809=FACE_OUTER_BOUND('',#1059,.T.);
#810=FACE_OUTER_BOUND('',#1060,.T.);
#811=FACE_OUTER_BOUND('',#1061,.T.);
#812=FACE_OUTER_BOUND('',#1062,.T.);
#813=FACE_OUTER_BOUND('',#1063,.T.);
#814=FACE_OUTER_BOUND('',#1064,.T.);
#815=FACE_OUTER_BOUND('',#1065,.T.);
#816=FACE_OUTER_BOUND('',#1066,.T.);
#817=FACE_OUTER_BOUND('',#1067,.T.);
#818=FACE_OUTER_BOUND('',#1068,.T.);
#819=FACE_OUTER_BOUND('',#1069,.T.);
#820=FACE_OUTER_BOUND('',#1070,.T.);
#821=FACE_OUTER_BOUND('',#1071,.T.);
#822=FACE_OUTER_BOUND('',#1072,.T.);
#823=FACE_OUTER_BOUND('',#1073,.T.);
#824=FACE_OUTER_BOUND('',#1074,.T.);
#825=FACE_OUTER_BOUND('',#1075,.T.);
#826=FACE_OUTER_BOUND('',#1076,.T.);
#827=FACE_OUTER_BOUND('',#1077,.T.);
#828=FACE_OUTER_BOUND('',#1078,.T.);
#829=FACE_OUTER_BOUND('',#1079,.T.);
#830=FACE_OUTER_BOUND('',#1080,.T.);
#831=FACE_OUTER_BOUND('',#1081,.T.);
#832=FACE_OUTER_BOUND('',#1082,.T.);
#833=FACE_OUTER_BOUND('',#1083,.T.);
#834=FACE_OUTER_BOUND('',#1084,.T.);
#835=FACE_OUTER_BOUND('',#1085,.T.);
#836=FACE_OUTER_BOUND('',#1086,.T.);
#837=FACE_OUTER_BOUND('',#1087,.T.);
#838=FACE_OUTER_BOUND('',#1088,.T.);
#839=FACE_OUTER_BOUND('',#1089,.T.);
#840=FACE_OUTER_BOUND('',#1090,.T.);
#841=FACE_OUTER_BOUND('',#1091,.T.);
#842=FACE_OUTER_BOUND('',#1092,.T.);
#843=FACE_OUTER_BOUND('',#1093,.T.);
#844=FACE_OUTER_BOUND('',#1094,.T.);
#845=FACE_OUTER_BOUND('',#1095,.T.);
#846=FACE_OUTER_BOUND('',#1096,.T.);
#847=FACE_OUTER_BOUND('',#1097,.T.);
#848=FACE_OUTER_BOUND('',#1098,.T.);
#849=FACE_OUTER_BOUND('',#1099,.T.);
#850=FACE_OUTER_BOUND('',#1100,.T.);
#851=FACE_OUTER_BOUND('',#1101,.T.);
#852=FACE_OUTER_BOUND('',#1102,.T.);
#853=FACE_OUTER_BOUND('',#1103,.T.);
#854=FACE_OUTER_BOUND('',#1104,.T.);
#855=FACE_OUTER_BOUND('',#1105,.T.);
#856=FACE_OUTER_BOUND('',#1106,.T.);
#857=FACE_OUTER_BOUND('',#1107,.T.);
#858=FACE_OUTER_BOUND('',#1108,.T.);
#859=FACE_OUTER_BOUND('',#1109,.T.);
#860=FACE_OUTER_BOUND('',#1110,.T.);
#861=FACE_OUTER_BOUND('',#1111,.T.);
#862=FACE_OUTER_BOUND('',#1112,.T.);
#863=FACE_OUTER_BOUND('',#1113,.T.);
#864=FACE_OUTER_BOUND('',#1114,.T.);
#865=FACE_OUTER_BOUND('',#1115,.T.);
#866=FACE_OUTER_BOUND('',#1116,.T.);
#867=FACE_OUTER_BOUND('',#1117,.T.);
#868=FACE_OUTER_BOUND('',#1118,.T.);
#869=FACE_OUTER_BOUND('',#1119,.T.);
#870=FACE_OUTER_BOUND('',#1120,.T.);
#871=FACE_OUTER_BOUND('',#1121,.T.);
#872=FACE_OUTER_BOUND('',#1122,.T.);
#873=FACE_OUTER_BOUND('',#1123,.T.);
#874=FACE_OUTER_BOUND('',#1124,.T.);
#875=FACE_OUTER_BOUND('',#1125,.T.);
#876=FACE_OUTER_BOUND('',#1126,.T.);
#877=FACE_OUTER_BOUND('',#1127,.T.);
#878=FACE_OUTER_BOUND('',#1128,.T.);
#879=FACE_OUTER_BOUND('',#1129,.T.);
#880=FACE_OUTER_BOUND('',#1130,.T.);
#881=FACE_OUTER_BOUND('',#1131,.T.);
#882=FACE_OUTER_BOUND('',#1132,.T.);
#883=FACE_OUTER_BOUND('',#1133,.T.);
#884=FACE_OUTER_BOUND('',#1134,.T.);
#885=FACE_OUTER_BOUND('',#1135,.T.);
#886=FACE_OUTER_BOUND('',#1136,.T.);
#887=FACE_OUTER_BOUND('',#1137,.T.);
#888=FACE_OUTER_BOUND('',#1138,.T.);
#889=FACE_OUTER_BOUND('',#1139,.T.);
#890=FACE_OUTER_BOUND('',#1140,.T.);
#891=FACE_OUTER_BOUND('',#1141,.T.);
#892=FACE_OUTER_BOUND('',#1142,.T.);
#893=FACE_OUTER_BOUND('',#1143,.T.);
#894=FACE_OUTER_BOUND('',#1144,.T.);
#895=FACE_OUTER_BOUND('',#1145,.T.);
#896=FACE_OUTER_BOUND('',#1146,.T.);
#897=FACE_OUTER_BOUND('',#1147,.T.);
#898=FACE_OUTER_BOUND('',#1148,.T.);
#899=FACE_OUTER_BOUND('',#1149,.T.);
#900=FACE_OUTER_BOUND('',#1150,.T.);
#901=FACE_OUTER_BOUND('',#1151,.T.);
#902=FACE_OUTER_BOUND('',#1152,.T.);
#903=FACE_OUTER_BOUND('',#1153,.T.);
#904=FACE_OUTER_BOUND('',#1154,.T.);
#905=FACE_OUTER_BOUND('',#1155,.T.);
#906=FACE_OUTER_BOUND('',#1156,.T.);
#907=FACE_OUTER_BOUND('',#1157,.T.);
#908=FACE_OUTER_BOUND('',#1158,.T.);
#909=FACE_OUTER_BOUND('',#1159,.T.);
#910=FACE_OUTER_BOUND('',#1160,.T.);
#911=FACE_OUTER_BOUND('',#1161,.T.);
#912=FACE_OUTER_BOUND('',#1162,.T.);
#913=FACE_OUTER_BOUND('',#1163,.T.);
#914=FACE_OUTER_BOUND('',#1164,.T.);
#915=FACE_OUTER_BOUND('',#1165,.T.);
#916=FACE_OUTER_BOUND('',#1166,.T.);
#917=FACE_OUTER_BOUND('',#1167,.T.);
#918=FACE_OUTER_BOUND('',#1168,.T.);
#919=FACE_OUTER_BOUND('',#1169,.T.);
#920=FACE_OUTER_BOUND('',#1170,.T.);
#921=FACE_OUTER_BOUND('',#1171,.T.);
#922=FACE_OUTER_BOUND('',#1172,.T.);
#923=FACE_OUTER_BOUND('',#1173,.T.);
#924=FACE_OUTER_BOUND('',#1174,.T.);
#925=FACE_OUTER_BOUND('',#1175,.T.);
#926=FACE_OUTER_BOUND('',#1176,.T.);
#927=FACE_OUTER_BOUND('',#1177,.T.);
#928=FACE_OUTER_BOUND('',#1178,.T.);
#929=FACE_OUTER_BOUND('',#1179,.T.);
#930=FACE_OUTER_BOUND('',#1180,.T.);
#931=FACE_OUTER_BOUND('',#1181,.T.);
#932=FACE_OUTER_BOUND('',#1182,.T.);
#933=FACE_OUTER_BOUND('',#1183,.T.);
#934=FACE_OUTER_BOUND('',#1184,.T.);
#935=FACE_OUTER_BOUND('',#1185,.T.);
#936=FACE_OUTER_BOUND('',#1186,.T.);
#937=FACE_OUTER_BOUND('',#1187,.T.);
#938=FACE_OUTER_BOUND('',#1188,.T.);
#939=FACE_OUTER_BOUND('',#1189,.T.);
#940=FACE_OUTER_BOUND('',#1190,.T.);
#941=FACE_OUTER_BOUND('',#1191,.T.);
#942=FACE_OUTER_BOUND('',#1192,.T.);
#943=FACE_OUTER_BOUND('',#1193,.T.);
#944=FACE_OUTER_BOUND('',#1194,.T.);
#945=FACE_OUTER_BOUND('',#1195,.T.);
#946=FACE_OUTER_BOUND('',#1196,.T.);
#947=FACE_OUTER_BOUND('',#1197,.T.);
#948=FACE_OUTER_BOUND('',#1198,.T.);
#949=FACE_OUTER_BOUND('',#1199,.T.);
#950=FACE_OUTER_BOUND('',#1200,.T.);
#951=FACE_OUTER_BOUND('',#1201,.T.);
#952=FACE_OUTER_BOUND('',#1202,.T.);
#953=FACE_OUTER_BOUND('',#1203,.T.);
#954=FACE_OUTER_BOUND('',#1204,.T.);
#955=FACE_OUTER_BOUND('',#1205,.T.);
#956=FACE_OUTER_BOUND('',#1206,.T.);
#957=FACE_OUTER_BOUND('',#1207,.T.);
#958=FACE_OUTER_BOUND('',#1208,.T.);
#959=FACE_OUTER_BOUND('',#1209,.T.);
#960=FACE_OUTER_BOUND('',#1210,.T.);
#961=FACE_OUTER_BOUND('',#1211,.T.);
#962=FACE_OUTER_BOUND('',#1212,.T.);
#963=FACE_OUTER_BOUND('',#1213,.T.);
#964=FACE_OUTER_BOUND('',#1214,.T.);
#965=FACE_OUTER_BOUND('',#1215,.T.);
#966=FACE_OUTER_BOUND('',#1216,.T.);
#967=FACE_OUTER_BOUND('',#1217,.T.);
#968=FACE_OUTER_BOUND('',#1218,.T.);
#969=FACE_OUTER_BOUND('',#1219,.T.);
#970=FACE_OUTER_BOUND('',#1220,.T.);
#971=FACE_OUTER_BOUND('',#1221,.T.);
#972=FACE_OUTER_BOUND('',#1222,.T.);
#973=FACE_OUTER_BOUND('',#1223,.T.);
#974=FACE_OUTER_BOUND('',#1224,.T.);
#975=FACE_OUTER_BOUND('',#1225,.T.);
#976=FACE_OUTER_BOUND('',#1226,.T.);
#977=FACE_OUTER_BOUND('',#1227,.T.);
#978=FACE_OUTER_BOUND('',#1228,.T.);
#979=FACE_OUTER_BOUND('',#1229,.T.);
#980=FACE_OUTER_BOUND('',#1230,.T.);
#981=FACE_OUTER_BOUND('',#1231,.T.);
#982=FACE_OUTER_BOUND('',#1232,.T.);
#983=FACE_OUTER_BOUND('',#1233,.T.);
#984=FACE_OUTER_BOUND('',#1234,.T.);
#985=FACE_OUTER_BOUND('',#1235,.T.);
#986=FACE_OUTER_BOUND('',#1236,.T.);
#987=FACE_OUTER_BOUND('',#1237,.T.);
#988=FACE_OUTER_BOUND('',#1238,.T.);
#989=FACE_OUTER_BOUND('',#1239,.T.);
#990=FACE_OUTER_BOUND('',#1240,.T.);
#991=FACE_OUTER_BOUND('',#1241,.T.);
#992=FACE_OUTER_BOUND('',#1242,.T.);
#993=FACE_OUTER_BOUND('',#1243,.T.);
#994=FACE_OUTER_BOUND('',#1244,.T.);
#995=FACE_OUTER_BOUND('',#1245,.T.);
#996=FACE_OUTER_BOUND('',#1246,.T.);
#997=FACE_OUTER_BOUND('',#1247,.T.);
#998=FACE_OUTER_BOUND('',#1248,.T.);
#999=FACE_OUTER_BOUND('',#1249,.T.);
#1000=FACE_OUTER_BOUND('',#1250,.T.);
#1001=FACE_OUTER_BOUND('',#1251,.T.);
#1002=FACE_OUTER_BOUND('',#1252,.T.);
#1003=FACE_OUTER_BOUND('',#1253,.T.);
#1004=FACE_OUTER_BOUND('',#1254,.T.);
#1005=FACE_OUTER_BOUND('',#1255,.T.);
#1006=FACE_OUTER_BOUND('',#1256,.T.);
#1007=FACE_OUTER_BOUND('',#1257,.T.);
#1008=FACE_OUTER_BOUND('',#1258,.T.);
#1009=FACE_OUTER_BOUND('',#1259,.T.);
#1010=FACE_OUTER_BOUND('',#1260,.T.);
#1011=FACE_OUTER_BOUND('',#1261,.T.);
#1012=FACE_OUTER_BOUND('',#1262,.T.);
#1013=FACE_OUTER_BOUND('',#1263,.T.);
#1014=FACE_OUTER_BOUND('',#1264,.T.);
#1015=EDGE_LOOP('',(#2456,#2457,#2458,#2459));
#1016=EDGE_LOOP('',(#2460,#2461,#2462,#2463));
#1017=EDGE_LOOP('',(#2464,#2465,#2466,#2467));
#1018=EDGE_LOOP('',(#2468,#2469,#2470,#2471));
#1019=EDGE_LOOP('',(#2472,#2473,#2474,#2475));
#1020=EDGE_LOOP('',(#2476,#2477,#2478,#2479));
#1021=EDGE_LOOP('',(#2480,#2481,#2482,#2483));
#1022=EDGE_LOOP('',(#2484,#2485,#2486,#2487));
#1023=EDGE_LOOP('',(#2488,#2489,#2490,#2491));
#1024=EDGE_LOOP('',(#2492,#2493,#2494,#2495));
#1025=EDGE_LOOP('',(#2496,#2497,#2498,#2499));
#1026=EDGE_LOOP('',(#2500,#2501,#2502,#2503));
#1027=EDGE_LOOP('',(#2504,#2505,#2506,#2507));
#1028=EDGE_LOOP('',(#2508,#2509,#2510,#2511));
#1029=EDGE_LOOP('',(#2512,#2513,#2514,#2515));
#1030=EDGE_LOOP('',(#2516,#2517,#2518,#2519));
#1031=EDGE_LOOP('',(#2520,#2521,#2522,#2523));
#1032=EDGE_LOOP('',(#2524,#2525,#2526,#2527));
#1033=EDGE_LOOP('',(#2528,#2529,#2530,#2531));
#1034=EDGE_LOOP('',(#2532,#2533,#2534,#2535));
#1035=EDGE_LOOP('',(#2536,#2537,#2538,#2539));
#1036=EDGE_LOOP('',(#2540,#2541,#2542,#2543));
#1037=EDGE_LOOP('',(#2544,#2545,#2546,#2547));
#1038=EDGE_LOOP('',(#2548,#2549,#2550,#2551));
#1039=EDGE_LOOP('',(#2552,#2553,#2554,#2555));
#1040=EDGE_LOOP('',(#2556,#2557,#2558,#2559));
#1041=EDGE_LOOP('',(#2560,#2561,#2562,#2563));
#1042=EDGE_LOOP('',(#2564,#2565,#2566,#2567));
#1043=EDGE_LOOP('',(#2568,#2569,#2570,#2571));
#1044=EDGE_LOOP('',(#2572,#2573,#2574,#2575));
#1045=EDGE_LOOP('',(#2576,#2577,#2578,#2579));
#1046=EDGE_LOOP('',(#2580,#2581,#2582,#2583));
#1047=EDGE_LOOP('',(#2584,#2585,#2586,#2587));
#1048=EDGE_LOOP('',(#2588,#2589,#2590,#2591));
#1049=EDGE_LOOP('',(#2592,#2593,#2594,#2595));
#1050=EDGE_LOOP('',(#2596,#2597,#2598,#2599));
#1051=EDGE_LOOP('',(#2600,#2601,#2602,#2603));
#1052=EDGE_LOOP('',(#2604,#2605,#2606,#2607));
#1053=EDGE_LOOP('',(#2608,#2609,#2610,#2611));
#1054=EDGE_LOOP('',(#2612,#2613,#2614,#2615));
#1055=EDGE_LOOP('',(#2616,#2617,#2618,#2619));
#1056=EDGE_LOOP('',(#2620,#2621,#2622,#2623));
#1057=EDGE_LOOP('',(#2624,#2625,#2626,#2627));
#1058=EDGE_LOOP('',(#2628,#2629,#2630,#2631));
#1059=EDGE_LOOP('',(#2632,#2633,#2634,#2635));
#1060=EDGE_LOOP('',(#2636,#2637,#2638,#2639));
#1061=EDGE_LOOP('',(#2640,#2641,#2642,#2643));
#1062=EDGE_LOOP('',(#2644,#2645,#2646,#2647));
#1063=EDGE_LOOP('',(#2648,#2649,#2650,#2651));
#1064=EDGE_LOOP('',(#2652,#2653,#2654,#2655));
#1065=EDGE_LOOP('',(#2656,#2657,#2658,#2659));
#1066=EDGE_LOOP('',(#2660,#2661,#2662,#2663));
#1067=EDGE_LOOP('',(#2664,#2665,#2666,#2667));
#1068=EDGE_LOOP('',(#2668,#2669,#2670,#2671));
#1069=EDGE_LOOP('',(#2672,#2673,#2674,#2675,#2676,#2677,#2678,#2679,#2680,
#2681,#2682,#2683,#2684,#2685,#2686,#2687,#2688,#2689,#2690,#2691,#2692,
#2693,#2694,#2695,#2696,#2697,#2698,#2699,#2700,#2701,#2702,#2703,#2704,
#2705,#2706,#2707));
#1070=EDGE_LOOP('',(#2708,#2709,#2710,#2711));
#1071=EDGE_LOOP('',(#2712,#2713,#2714,#2715));
#1072=EDGE_LOOP('',(#2716,#2717,#2718,#2719));
#1073=EDGE_LOOP('',(#2720,#2721,#2722,#2723));
#1074=EDGE_LOOP('',(#2724,#2725,#2726,#2727,#2728,#2729,#2730,#2731,#2732,
#2733,#2734,#2735,#2736,#2737,#2738,#2739,#2740,#2741,#2742,#2743,#2744,
#2745,#2746,#2747,#2748,#2749,#2750,#2751,#2752,#2753,#2754,#2755,#2756,
#2757,#2758,#2759));
#1075=EDGE_LOOP('',(#2760,#2761,#2762,#2763));
#1076=EDGE_LOOP('',(#2764,#2765,#2766,#2767));
#1077=EDGE_LOOP('',(#2768,#2769,#2770,#2771));
#1078=EDGE_LOOP('',(#2772,#2773,#2774,#2775));
#1079=EDGE_LOOP('',(#2776,#2777,#2778,#2779));
#1080=EDGE_LOOP('',(#2780,#2781,#2782,#2783));
#1081=EDGE_LOOP('',(#2784,#2785,#2786,#2787));
#1082=EDGE_LOOP('',(#2788,#2789,#2790,#2791));
#1083=EDGE_LOOP('',(#2792,#2793,#2794,#2795));
#1084=EDGE_LOOP('',(#2796,#2797,#2798,#2799));
#1085=EDGE_LOOP('',(#2800,#2801,#2802,#2803));
#1086=EDGE_LOOP('',(#2804,#2805,#2806,#2807));
#1087=EDGE_LOOP('',(#2808,#2809,#2810,#2811));
#1088=EDGE_LOOP('',(#2812,#2813,#2814,#2815));
#1089=EDGE_LOOP('',(#2816,#2817,#2818,#2819));
#1090=EDGE_LOOP('',(#2820,#2821,#2822,#2823));
#1091=EDGE_LOOP('',(#2824,#2825,#2826,#2827));
#1092=EDGE_LOOP('',(#2828,#2829,#2830,#2831));
#1093=EDGE_LOOP('',(#2832,#2833,#2834,#2835));
#1094=EDGE_LOOP('',(#2836,#2837,#2838,#2839));
#1095=EDGE_LOOP('',(#2840,#2841,#2842,#2843));
#1096=EDGE_LOOP('',(#2844,#2845,#2846,#2847));
#1097=EDGE_LOOP('',(#2848,#2849,#2850,#2851));
#1098=EDGE_LOOP('',(#2852,#2853,#2854,#2855));
#1099=EDGE_LOOP('',(#2856,#2857,#2858,#2859));
#1100=EDGE_LOOP('',(#2860,#2861,#2862,#2863));
#1101=EDGE_LOOP('',(#2864,#2865,#2866,#2867));
#1102=EDGE_LOOP('',(#2868,#2869,#2870,#2871));
#1103=EDGE_LOOP('',(#2872,#2873,#2874,#2875));
#1104=EDGE_LOOP('',(#2876,#2877,#2878,#2879));
#1105=EDGE_LOOP('',(#2880,#2881,#2882,#2883));
#1106=EDGE_LOOP('',(#2884,#2885,#2886,#2887));
#1107=EDGE_LOOP('',(#2888,#2889,#2890,#2891));
#1108=EDGE_LOOP('',(#2892,#2893,#2894,#2895));
#1109=EDGE_LOOP('',(#2896,#2897,#2898,#2899));
#1110=EDGE_LOOP('',(#2900,#2901,#2902,#2903));
#1111=EDGE_LOOP('',(#2904,#2905,#2906,#2907));
#1112=EDGE_LOOP('',(#2908,#2909,#2910,#2911));
#1113=EDGE_LOOP('',(#2912,#2913,#2914,#2915));
#1114=EDGE_LOOP('',(#2916,#2917,#2918,#2919));
#1115=EDGE_LOOP('',(#2920,#2921,#2922,#2923));
#1116=EDGE_LOOP('',(#2924,#2925,#2926,#2927));
#1117=EDGE_LOOP('',(#2928,#2929,#2930,#2931));
#1118=EDGE_LOOP('',(#2932,#2933,#2934,#2935));
#1119=EDGE_LOOP('',(#2936,#2937,#2938,#2939));
#1120=EDGE_LOOP('',(#2940,#2941,#2942,#2943));
#1121=EDGE_LOOP('',(#2944,#2945,#2946,#2947));
#1122=EDGE_LOOP('',(#2948,#2949,#2950,#2951));
#1123=EDGE_LOOP('',(#2952,#2953,#2954,#2955));
#1124=EDGE_LOOP('',(#2956,#2957,#2958,#2959));
#1125=EDGE_LOOP('',(#2960,#2961,#2962,#2963));
#1126=EDGE_LOOP('',(#2964,#2965,#2966,#2967));
#1127=EDGE_LOOP('',(#2968,#2969,#2970,#2971));
#1128=EDGE_LOOP('',(#2972,#2973,#2974,#2975));
#1129=EDGE_LOOP('',(#2976,#2977,#2978,#2979));
#1130=EDGE_LOOP('',(#2980,#2981,#2982,#2983));
#1131=EDGE_LOOP('',(#2984,#2985,#2986,#2987));
#1132=EDGE_LOOP('',(#2988,#2989,#2990,#2991));
#1133=EDGE_LOOP('',(#2992,#2993,#2994,#2995));
#1134=EDGE_LOOP('',(#2996,#2997,#2998,#2999));
#1135=EDGE_LOOP('',(#3000,#3001,#3002,#3003));
#1136=EDGE_LOOP('',(#3004,#3005,#3006,#3007));
#1137=EDGE_LOOP('',(#3008,#3009,#3010,#3011));
#1138=EDGE_LOOP('',(#3012,#3013,#3014,#3015));
#1139=EDGE_LOOP('',(#3016,#3017,#3018,#3019));
#1140=EDGE_LOOP('',(#3020,#3021,#3022,#3023));
#1141=EDGE_LOOP('',(#3024,#3025,#3026,#3027));
#1142=EDGE_LOOP('',(#3028,#3029,#3030,#3031));
#1143=EDGE_LOOP('',(#3032,#3033,#3034,#3035,#3036,#3037,#3038,#3039,#3040,
#3041,#3042,#3043,#3044,#3045,#3046,#3047,#3048,#3049,#3050,#3051,#3052,
#3053,#3054,#3055,#3056,#3057,#3058,#3059,#3060,#3061,#3062,#3063,#3064,
#3065,#3066,#3067));
#1144=EDGE_LOOP('',(#3068,#3069,#3070,#3071));
#1145=EDGE_LOOP('',(#3072,#3073,#3074,#3075));
#1146=EDGE_LOOP('',(#3076,#3077,#3078,#3079));
#1147=EDGE_LOOP('',(#3080,#3081,#3082,#3083));
#1148=EDGE_LOOP('',(#3084,#3085,#3086,#3087,#3088,#3089,#3090,#3091,#3092,
#3093,#3094,#3095,#3096,#3097,#3098,#3099,#3100,#3101,#3102,#3103,#3104,
#3105,#3106,#3107,#3108,#3109,#3110,#3111,#3112,#3113,#3114,#3115,#3116,
#3117,#3118,#3119));
#1149=EDGE_LOOP('',(#3120,#3121,#3122,#3123));
#1150=EDGE_LOOP('',(#3124,#3125,#3126,#3127));
#1151=EDGE_LOOP('',(#3128,#3129,#3130,#3131));
#1152=EDGE_LOOP('',(#3132,#3133,#3134,#3135));
#1153=EDGE_LOOP('',(#3136,#3137,#3138,#3139));
#1154=EDGE_LOOP('',(#3140,#3141,#3142,#3143));
#1155=EDGE_LOOP('',(#3144,#3145,#3146,#3147));
#1156=EDGE_LOOP('',(#3148,#3149,#3150,#3151));
#1157=EDGE_LOOP('',(#3152,#3153,#3154,#3155));
#1158=EDGE_LOOP('',(#3156,#3157,#3158,#3159));
#1159=EDGE_LOOP('',(#3160,#3161,#3162,#3163));
#1160=EDGE_LOOP('',(#3164,#3165,#3166,#3167));
#1161=EDGE_LOOP('',(#3168,#3169,#3170,#3171));
#1162=EDGE_LOOP('',(#3172,#3173,#3174,#3175));
#1163=EDGE_LOOP('',(#3176,#3177,#3178,#3179));
#1164=EDGE_LOOP('',(#3180,#3181,#3182,#3183));
#1165=EDGE_LOOP('',(#3184,#3185,#3186,#3187));
#1166=EDGE_LOOP('',(#3188,#3189,#3190,#3191));
#1167=EDGE_LOOP('',(#3192,#3193,#3194,#3195));
#1168=EDGE_LOOP('',(#3196,#3197,#3198,#3199,#3200,#3201,#3202,#3203,#3204,
#3205,#3206,#3207));
#1169=EDGE_LOOP('',(#3208,#3209,#3210,#3211));
#1170=EDGE_LOOP('',(#3212,#3213,#3214,#3215));
#1171=EDGE_LOOP('',(#3216,#3217,#3218,#3219));
#1172=EDGE_LOOP('',(#3220,#3221,#3222,#3223));
#1173=EDGE_LOOP('',(#3224,#3225,#3226,#3227));
#1174=EDGE_LOOP('',(#3228,#3229,#3230,#3231));
#1175=EDGE_LOOP('',(#3232,#3233,#3234,#3235));
#1176=EDGE_LOOP('',(#3236,#3237,#3238,#3239));
#1177=EDGE_LOOP('',(#3240,#3241,#3242,#3243));
#1178=EDGE_LOOP('',(#3244,#3245,#3246,#3247));
#1179=EDGE_LOOP('',(#3248,#3249,#3250,#3251));
#1180=EDGE_LOOP('',(#3252,#3253,#3254,#3255));
#1181=EDGE_LOOP('',(#3256,#3257,#3258));
#1182=EDGE_LOOP('',(#3259,#3260,#3261,#3262,#3263));
#1183=EDGE_LOOP('',(#3264,#3265,#3266));
#1184=EDGE_LOOP('',(#3267,#3268,#3269,#3270));
#1185=EDGE_LOOP('',(#3271,#3272,#3273,#3274));
#1186=EDGE_LOOP('',(#3275,#3276,#3277,#3278));
#1187=EDGE_LOOP('',(#3279,#3280,#3281,#3282));
#1188=EDGE_LOOP('',(#3283,#3284,#3285,#3286));
#1189=EDGE_LOOP('',(#3287,#3288,#3289,#3290));
#1190=EDGE_LOOP('',(#3291,#3292,#3293));
#1191=EDGE_LOOP('',(#3294,#3295,#3296,#3297));
#1192=EDGE_LOOP('',(#3298,#3299,#3300,#3301));
#1193=EDGE_LOOP('',(#3302,#3303,#3304,#3305,#3306));
#1194=EDGE_LOOP('',(#3307,#3308,#3309));
#1195=EDGE_LOOP('',(#3310,#3311,#3312,#3313,#3314,#3315,#3316,#3317,#3318,
#3319,#3320,#3321));
#1196=EDGE_LOOP('',(#3322,#3323,#3324,#3325));
#1197=EDGE_LOOP('',(#3326,#3327,#3328,#3329,#3330,#3331));
#1198=EDGE_LOOP('',(#3332,#3333,#3334,#3335,#3336));
#1199=EDGE_LOOP('',(#3337,#3338,#3339,#3340,#3341,#3342));
#1200=EDGE_LOOP('',(#3343,#3344,#3345,#3346,#3347));
#1201=EDGE_LOOP('',(#3348,#3349,#3350,#3351));
#1202=EDGE_LOOP('',(#3352,#3353,#3354,#3355));
#1203=EDGE_LOOP('',(#3356,#3357,#3358,#3359));
#1204=EDGE_LOOP('',(#3360,#3361,#3362,#3363));
#1205=EDGE_LOOP('',(#3364,#3365,#3366,#3367));
#1206=EDGE_LOOP('',(#3368,#3369,#3370,#3371));
#1207=EDGE_LOOP('',(#3372,#3373,#3374,#3375));
#1208=EDGE_LOOP('',(#3376,#3377,#3378,#3379));
#1209=EDGE_LOOP('',(#3380,#3381,#3382,#3383));
#1210=EDGE_LOOP('',(#3384,#3385,#3386,#3387));
#1211=EDGE_LOOP('',(#3388,#3389,#3390,#3391));
#1212=EDGE_LOOP('',(#3392,#3393,#3394,#3395));
#1213=EDGE_LOOP('',(#3396,#3397,#3398));
#1214=EDGE_LOOP('',(#3399,#3400,#3401,#3402));
#1215=EDGE_LOOP('',(#3403,#3404,#3405,#3406));
#1216=EDGE_LOOP('',(#3407,#3408,#3409,#3410));
#1217=EDGE_LOOP('',(#3411,#3412,#3413));
#1218=EDGE_LOOP('',(#3414,#3415,#3416));
#1219=EDGE_LOOP('',(#3417,#3418,#3419));
#1220=EDGE_LOOP('',(#3420,#3421,#3422));
#1221=EDGE_LOOP('',(#3423,#3424,#3425));
#1222=EDGE_LOOP('',(#3426,#3427,#3428));
#1223=EDGE_LOOP('',(#3429,#3430,#3431,#3432));
#1224=EDGE_LOOP('',(#3433,#3434,#3435,#3436));
#1225=EDGE_LOOP('',(#3437,#3438,#3439));
#1226=EDGE_LOOP('',(#3440,#3441,#3442,#3443));
#1227=EDGE_LOOP('',(#3444,#3445,#3446,#3447));
#1228=EDGE_LOOP('',(#3448,#3449,#3450,#3451));
#1229=EDGE_LOOP('',(#3452,#3453,#3454,#3455));
#1230=EDGE_LOOP('',(#3456,#3457,#3458,#3459));
#1231=EDGE_LOOP('',(#3460,#3461,#3462,#3463));
#1232=EDGE_LOOP('',(#3464,#3465,#3466,#3467));
#1233=EDGE_LOOP('',(#3468,#3469,#3470,#3471));
#1234=EDGE_LOOP('',(#3472,#3473,#3474,#3475));
#1235=EDGE_LOOP('',(#3476,#3477,#3478,#3479));
#1236=EDGE_LOOP('',(#3480,#3481,#3482,#3483,#3484));
#1237=EDGE_LOOP('',(#3485,#3486,#3487,#3488,#3489));
#1238=EDGE_LOOP('',(#3490,#3491,#3492,#3493));
#1239=EDGE_LOOP('',(#3494,#3495,#3496));
#1240=EDGE_LOOP('',(#3497,#3498,#3499,#3500,#3501));
#1241=EDGE_LOOP('',(#3502,#3503,#3504));
#1242=EDGE_LOOP('',(#3505,#3506,#3507,#3508));
#1243=EDGE_LOOP('',(#3509,#3510,#3511,#3512));
#1244=EDGE_LOOP('',(#3513,#3514,#3515,#3516));
#1245=EDGE_LOOP('',(#3517,#3518,#3519,#3520));
#1246=EDGE_LOOP('',(#3521,#3522,#3523,#3524));
#1247=EDGE_LOOP('',(#3525,#3526,#3527,#3528,#3529,#3530));
#1248=EDGE_LOOP('',(#3531,#3532,#3533));
#1249=EDGE_LOOP('',(#3534,#3535,#3536,#3537,#3538));
#1250=EDGE_LOOP('',(#3539,#3540,#3541));
#1251=EDGE_LOOP('',(#3542,#3543,#3544,#3545));
#1252=EDGE_LOOP('',(#3546,#3547,#3548,#3549));
#1253=EDGE_LOOP('',(#3550,#3551,#3552,#3553));
#1254=EDGE_LOOP('',(#3554,#3555,#3556,#3557));
#1255=EDGE_LOOP('',(#3558,#3559,#3560,#3561,#3562,#3563));
#1256=EDGE_LOOP('',(#3564,#3565,#3566,#3567));
#1257=EDGE_LOOP('',(#3568,#3569,#3570,#3571,#3572));
#1258=EDGE_LOOP('',(#3573,#3574,#3575,#3576,#3577));
#1259=EDGE_LOOP('',(#3578));
#1260=EDGE_LOOP('',(#3579));
#1261=EDGE_LOOP('',(#3580,#3581,#3582,#3583));
#1262=EDGE_LOOP('',(#3584,#3585,#3586,#3587));
#1263=EDGE_LOOP('',(#3588));
#1264=EDGE_LOOP('',(#3589));
#1265=CIRCLE('',#3891,0.3);
#1266=CIRCLE('',#3892,1.1);
#1267=CIRCLE('',#3893,0.3);
#1268=CIRCLE('',#3894,0.8);
#1269=CIRCLE('',#3896,0.3);
#1270=CIRCLE('',#3898,0.3);
#1271=CIRCLE('',#3899,0.8);
#1272=CIRCLE('',#3900,1.1);
#1273=CIRCLE('',#3902,0.3);
#1274=CIRCLE('',#3903,1.3);
#1275=CIRCLE('',#3904,1.);
#1276=CIRCLE('',#3906,0.3);
#1277=CIRCLE('',#3907,0.8);
#1278=CIRCLE('',#3908,1.1);
#1279=CIRCLE('',#3910,0.3);
#1280=CIRCLE('',#3911,0.3);
#1281=CIRCLE('',#3912,0.5);
#1282=CIRCLE('',#3913,0.2);
#1283=CIRCLE('',#3915,0.3);
#1284=CIRCLE('',#3917,0.3);
#1285=CIRCLE('',#3918,0.8);
#1286=CIRCLE('',#3919,1.1);
#1287=CIRCLE('',#3921,0.3);
#1288=CIRCLE('',#3922,0.3);
#1289=CIRCLE('',#3923,0.5);
#1290=CIRCLE('',#3924,0.2);
#1291=CIRCLE('',#3926,0.3);
#1292=CIRCLE('',#3927,0.3);
#1293=CIRCLE('',#3928,0.5);
#1294=CIRCLE('',#3929,0.2);
#1295=CIRCLE('',#3931,0.3);
#1296=CIRCLE('',#3933,0.3);
#1297=CIRCLE('',#3934,0.8);
#1298=CIRCLE('',#3935,1.1);
#1299=CIRCLE('',#3937,0.3);
#1300=CIRCLE('',#3938,0.3);
#1301=CIRCLE('',#3939,0.5);
#1302=CIRCLE('',#3940,0.2);
#1303=CIRCLE('',#3942,0.3);
#1304=CIRCLE('',#3944,0.3);
#1305=CIRCLE('',#3945,0.8);
#1306=CIRCLE('',#3946,1.1);
#1307=CIRCLE('',#3948,0.3);
#1308=CIRCLE('',#3949,0.3);
#1309=CIRCLE('',#3950,0.5);
#1310=CIRCLE('',#3951,0.2);
#1311=CIRCLE('',#3953,0.3);
#1312=CIRCLE('',#3954,0.3);
#1313=CIRCLE('',#3955,0.5);
#1314=CIRCLE('',#3956,0.2);
#1315=CIRCLE('',#3958,0.3);
#1316=CIRCLE('',#3960,0.3);
#1317=CIRCLE('',#3961,0.8);
#1318=CIRCLE('',#3962,1.1);
#1319=CIRCLE('',#3964,0.3);
#1320=CIRCLE('',#3965,0.3);
#1321=CIRCLE('',#3966,0.5);
#1322=CIRCLE('',#3967,0.2);
#1323=CIRCLE('',#3969,0.3);
#1324=CIRCLE('',#3970,0.3);
#1325=CIRCLE('',#3971,0.5);
#1326=CIRCLE('',#3972,0.2);
#1327=CIRCLE('',#3974,0.3);
#1328=CIRCLE('',#3976,0.3);
#1329=CIRCLE('',#3977,0.8);
#1330=CIRCLE('',#3978,1.1);
#1331=CIRCLE('',#3980,0.3);
#1332=CIRCLE('',#3981,0.3);
#1333=CIRCLE('',#3982,0.5);
#1334=CIRCLE('',#3983,0.2);
#1335=CIRCLE('',#3985,0.3);
#1336=CIRCLE('',#3986,0.8);
#1337=CIRCLE('',#3987,1.1);
#1338=CIRCLE('',#3989,0.3);
#1339=CIRCLE('',#3991,2.1);
#1340=CIRCLE('',#3992,1.8);
#1341=CIRCLE('',#3995,0.5);
#1342=CIRCLE('',#3998,0.5);
#1343=CIRCLE('',#4001,0.8);
#1344=CIRCLE('',#4004,0.5);
#1345=CIRCLE('',#4007,0.5);
#1346=CIRCLE('',#4010,0.8);
#1347=CIRCLE('',#4013,0.5);
#1348=CIRCLE('',#4015,0.8);
#1349=CIRCLE('',#4018,2.1);
#1350=CIRCLE('',#4020,0.8);
#1351=CIRCLE('',#4024,0.8);
#1352=CIRCLE('',#4026,1.3);
#1353=CIRCLE('',#4028,0.8);
#1354=CIRCLE('',#4030,0.5);
#1355=CIRCLE('',#4031,0.8);
#1356=CIRCLE('',#4032,0.5);
#1357=CIRCLE('',#4033,0.5);
#1358=CIRCLE('',#4034,0.8);
#1359=CIRCLE('',#4035,0.5);
#1360=CIRCLE('',#4036,0.8);
#1361=CIRCLE('',#4052,0.3);
#1362=CIRCLE('',#4053,0.8);
#1363=CIRCLE('',#4054,0.3);
#1364=CIRCLE('',#4055,1.1);
#1365=CIRCLE('',#4056,0.3);
#1366=CIRCLE('',#4057,0.2);
#1367=CIRCLE('',#4058,0.5);
#1368=CIRCLE('',#4060,0.3);
#1369=CIRCLE('',#4062,0.3);
#1370=CIRCLE('',#4063,1.1);
#1371=CIRCLE('',#4064,0.8);
#1372=CIRCLE('',#4066,0.3);
#1373=CIRCLE('',#4067,0.3);
#1374=CIRCLE('',#4068,0.2);
#1375=CIRCLE('',#4069,0.5);
#1376=CIRCLE('',#4071,0.3);
#1377=CIRCLE('',#4072,0.3);
#1378=CIRCLE('',#4073,0.2);
#1379=CIRCLE('',#4074,0.5);
#1380=CIRCLE('',#4076,0.3);
#1381=CIRCLE('',#4078,0.3);
#1382=CIRCLE('',#4079,1.1);
#1383=CIRCLE('',#4080,0.8);
#1384=CIRCLE('',#4082,0.3);
#1385=CIRCLE('',#4083,0.3);
#1386=CIRCLE('',#4084,0.2);
#1387=CIRCLE('',#4085,0.5);
#1388=CIRCLE('',#4087,0.3);
#1389=CIRCLE('',#4088,0.3);
#1390=CIRCLE('',#4089,0.2);
#1391=CIRCLE('',#4090,0.5);
#1392=CIRCLE('',#4092,0.3);
#1393=CIRCLE('',#4094,0.3);
#1394=CIRCLE('',#4095,1.1);
#1395=CIRCLE('',#4096,0.8);
#1396=CIRCLE('',#4098,0.3);
#1397=CIRCLE('',#4099,0.3);
#1398=CIRCLE('',#4100,0.2);
#1399=CIRCLE('',#4101,0.5);
#1400=CIRCLE('',#4103,0.3);
#1401=CIRCLE('',#4105,0.300000000000001);
#1402=CIRCLE('',#4106,1.1);
#1403=CIRCLE('',#4107,0.8);
#1404=CIRCLE('',#4109,0.3);
#1405=CIRCLE('',#4110,0.3);
#1406=CIRCLE('',#4111,0.2);
#1407=CIRCLE('',#4112,0.5);
#1408=CIRCLE('',#4114,0.3);
#1409=CIRCLE('',#4115,0.3);
#1410=CIRCLE('',#4116,0.2);
#1411=CIRCLE('',#4117,0.5);
#1412=CIRCLE('',#4119,0.3);
#1413=CIRCLE('',#4121,0.300000000000001);
#1414=CIRCLE('',#4122,1.1);
#1415=CIRCLE('',#4123,0.8);
#1416=CIRCLE('',#4125,0.3);
#1417=CIRCLE('',#4126,0.3);
#1418=CIRCLE('',#4127,0.2);
#1419=CIRCLE('',#4128,0.5);
#1420=CIRCLE('',#4130,0.3);
#1421=CIRCLE('',#4132,0.300000000000001);
#1422=CIRCLE('',#4133,1.1);
#1423=CIRCLE('',#4134,0.8);
#1424=CIRCLE('',#4136,0.3);
#1425=CIRCLE('',#4137,1.);
#1426=CIRCLE('',#4138,1.3);
#1427=CIRCLE('',#4140,0.3);
#1428=CIRCLE('',#4141,1.1);
#1429=CIRCLE('',#4142,0.8);
#1430=CIRCLE('',#4144,0.3);
#1431=CIRCLE('',#4146,0.3);
#1432=CIRCLE('',#4147,1.1);
#1433=CIRCLE('',#4148,0.8);
#1434=CIRCLE('',#4150,0.3);
#1435=CIRCLE('',#4151,1.8);
#1436=CIRCLE('',#4152,2.1);
#1437=CIRCLE('',#4155,0.5);
#1438=CIRCLE('',#4158,0.8);
#1439=CIRCLE('',#4161,0.5);
#1440=CIRCLE('',#4164,0.5);
#1441=CIRCLE('',#4167,0.8);
#1442=CIRCLE('',#4170,0.5);
#1443=CIRCLE('',#4173,0.5);
#1444=CIRCLE('',#4176,0.8);
#1445=CIRCLE('',#4179,0.5);
#1446=CIRCLE('',#4181,0.8);
#1447=CIRCLE('',#4185,0.8);
#1448=CIRCLE('',#4188,2.1);
#1449=CIRCLE('',#4190,0.8);
#1450=CIRCLE('',#4191,1.3);
#1451=CIRCLE('',#4192,0.8);
#1452=CIRCLE('',#4193,0.5);
#1453=CIRCLE('',#4194,0.8);
#1454=CIRCLE('',#4195,0.5);
#1455=CIRCLE('',#4196,0.5);
#1456=CIRCLE('',#4197,0.8);
#1457=CIRCLE('',#4214,0.299999999999999);
#1458=CIRCLE('',#4215,0.3);
#1459=CIRCLE('',#4218,0.3);
#1460=CIRCLE('',#4219,0.3);
#1461=CIRCLE('',#4221,0.5);
#1462=CIRCLE('',#4222,0.500000000000001);
#1463=CIRCLE('',#4225,0.5);
#1464=CIRCLE('',#4226,0.5);
#1465=CIRCLE('',#4228,0.3);
#1466=CIRCLE('',#4229,0.3);
#1467=CIRCLE('',#4232,0.3);
#1468=CIRCLE('',#4233,0.3);
#1469=CIRCLE('',#4238,0.3);
#1470=CIRCLE('',#4239,0.3);
#1471=CIRCLE('',#4241,0.3);
#1472=CIRCLE('',#4242,0.3);
#1473=CIRCLE('',#4244,0.3);
#1474=CIRCLE('',#4245,0.3);
#1475=CIRCLE('',#4247,0.3);
#1476=CIRCLE('',#4248,0.3);
#1477=CIRCLE('',#4250,0.3);
#1478=CIRCLE('',#4251,0.3);
#1479=CIRCLE('',#4254,0.6);
#1480=CIRCLE('',#4259,0.3);
#1481=CIRCLE('',#4260,0.3);
#1482=CIRCLE('',#4262,0.3);
#1483=CIRCLE('',#4263,0.3);
#1484=CIRCLE('',#4265,0.3);
#1485=CIRCLE('',#4266,0.3);
#1486=CIRCLE('',#4268,0.3);
#1487=CIRCLE('',#4269,0.3);
#1488=CIRCLE('',#4272,0.3);
#1489=CIRCLE('',#4273,0.3);
#1490=CIRCLE('',#4275,0.3);
#1491=CIRCLE('',#4276,0.3);
#1492=CIRCLE('',#4278,0.6);
#1493=CIRCLE('',#4283,0.599999999999999);
#1494=CIRCLE('',#4286,0.6);
#1495=CIRCLE('',#4288,0.3);
#1496=CIRCLE('',#4290,0.3);
#1497=CIRCLE('',#4291,0.5);
#1498=CIRCLE('',#4293,0.5);
#1499=CIRCLE('',#4295,0.5);
#1500=CIRCLE('',#4296,0.5);
#1501=CIRCLE('',#4298,0.5);
#1502=CIRCLE('',#4299,0.5);
#1503=CIRCLE('',#4300,0.5);
#1504=CIRCLE('',#4302,0.5);
#1505=CIRCLE('',#4304,0.5);
#1506=CIRCLE('',#4305,0.5);
#1507=CIRCLE('',#4307,0.500000000000001);
#1508=CIRCLE('',#4308,0.5);
#1509=CIRCLE('',#4309,0.5);
#1510=CIRCLE('',#4311,0.5);
#1511=CIRCLE('',#4313,0.5);
#1512=CIRCLE('',#4314,0.5);
#1513=CIRCLE('',#4316,0.5);
#1514=CIRCLE('',#4318,0.5);
#1515=CIRCLE('',#4320,0.5);
#1516=CIRCLE('',#4321,0.5);
#1517=CIRCLE('',#4326,0.5);
#1518=CIRCLE('',#4327,0.5);
#1519=CIRCLE('',#4328,0.5);
#1520=CIRCLE('',#4330,0.5);
#1521=CIRCLE('',#4331,0.5);
#1522=CIRCLE('',#4332,0.5);
#1523=CIRCLE('',#4334,0.5);
#1524=CIRCLE('',#4335,0.5);
#1525=CIRCLE('',#4336,0.5);
#1526=CIRCLE('',#4337,0.5);
#1527=CIRCLE('',#4340,0.5);
#1528=CIRCLE('',#4341,0.5);
#1529=CIRCLE('',#4342,0.5);
#1530=CIRCLE('',#4345,0.5);
#1531=CIRCLE('',#4347,0.5);
#1532=CIRCLE('',#4351,0.5);
#1533=CIRCLE('',#4354,0.3);
#1534=CIRCLE('',#4355,0.3);
#1535=CIRCLE('',#4356,0.6);
#1536=CIRCLE('',#4358,0.3);
#1537=CIRCLE('',#4359,0.3);
#1538=CIRCLE('',#4360,0.6);
#1539=CIRCLE('',#4363,0.3);
#1540=CIRCLE('',#4364,0.3);
#1541=CIRCLE('',#4366,0.6);
#1542=CIRCLE('',#4367,0.3);
#1543=CIRCLE('',#4368,0.3);
#1544=CIRCLE('',#4370,0.3);
#1545=CIRCLE('',#4371,0.3);
#1546=CIRCLE('',#4379,0.3);
#1547=CIRCLE('',#4380,0.3);
#1548=CIRCLE('',#4382,0.6);
#1549=CIRCLE('',#4383,0.3);
#1550=CIRCLE('',#4384,0.3);
#1551=CIRCLE('',#4386,0.3);
#1552=CIRCLE('',#4387,0.3);
#1553=CIRCLE('',#4395,1.3);
#1554=CIRCLE('',#4396,0.5);
#1555=CIRCLE('',#4397,0.8);
#1556=CIRCLE('',#4398,1.3);
#1557=CIRCLE('',#4400,1.3);
#1558=CIRCLE('',#4404,1.3);
#1559=CIRCLE('',#4405,0.5);
#1560=CIRCLE('',#4406,0.8);
#1561=CIRCLE('',#4408,1.3);
#1562=VERTEX_POINT('',#5711);
#1563=VERTEX_POINT('',#5712);
#1564=VERTEX_POINT('',#5714);
#1565=VERTEX_POINT('',#5716);
#1566=VERTEX_POINT('',#5720);
#1567=VERTEX_POINT('',#5721);
#1568=VERTEX_POINT('',#5726);
#1569=VERTEX_POINT('',#5727);
#1570=VERTEX_POINT('',#5732);
#1571=VERTEX_POINT('',#5733);
#1572=VERTEX_POINT('',#5738);
#1573=VERTEX_POINT('',#5739);
#1574=VERTEX_POINT('',#5744);
#1575=VERTEX_POINT('',#5745);
#1576=VERTEX_POINT('',#5758);
#1577=VERTEX_POINT('',#5759);
#1578=VERTEX_POINT('',#5764);
#1579=VERTEX_POINT('',#5765);
#1580=VERTEX_POINT('',#5770);
#1581=VERTEX_POINT('',#5771);
#1582=VERTEX_POINT('',#5776);
#1583=VERTEX_POINT('',#5777);
#1584=VERTEX_POINT('',#5790);
#1585=VERTEX_POINT('',#5791);
#1586=VERTEX_POINT('',#5796);
#1587=VERTEX_POINT('',#5797);
#1588=VERTEX_POINT('',#5810);
#1589=VERTEX_POINT('',#5811);
#1590=VERTEX_POINT('',#5816);
#1591=VERTEX_POINT('',#5817);
#1592=VERTEX_POINT('',#5822);
#1593=VERTEX_POINT('',#5823);
#1594=VERTEX_POINT('',#5828);
#1595=VERTEX_POINT('',#5829);
#1596=VERTEX_POINT('',#5842);
#1597=VERTEX_POINT('',#5843);
#1598=VERTEX_POINT('',#5848);
#1599=VERTEX_POINT('',#5849);
#1600=VERTEX_POINT('',#5854);
#1601=VERTEX_POINT('',#5855);
#1602=VERTEX_POINT('',#5860);
#1603=VERTEX_POINT('',#5861);
#1604=VERTEX_POINT('',#5874);
#1605=VERTEX_POINT('',#5875);
#1606=VERTEX_POINT('',#5880);
#1607=VERTEX_POINT('',#5881);
#1608=VERTEX_POINT('',#5894);
#1609=VERTEX_POINT('',#5895);
#1610=VERTEX_POINT('',#5900);
#1611=VERTEX_POINT('',#5901);
#1612=VERTEX_POINT('',#5906);
#1613=VERTEX_POINT('',#5907);
#1614=VERTEX_POINT('',#5912);
#1615=VERTEX_POINT('',#5913);
#1616=VERTEX_POINT('',#5926);
#1617=VERTEX_POINT('',#5927);
#1618=VERTEX_POINT('',#5932);
#1619=VERTEX_POINT('',#5933);
#1620=VERTEX_POINT('',#5946);
#1621=VERTEX_POINT('',#5947);
#1622=VERTEX_POINT('',#5952);
#1623=VERTEX_POINT('',#5953);
#1624=VERTEX_POINT('',#5958);
#1625=VERTEX_POINT('',#5959);
#1626=VERTEX_POINT('',#5964);
#1627=VERTEX_POINT('',#5965);
#1628=VERTEX_POINT('',#5978);
#1629=VERTEX_POINT('',#5979);
#1630=VERTEX_POINT('',#5984);
#1631=VERTEX_POINT('',#5985);
#1632=VERTEX_POINT('',#5990);
#1633=VERTEX_POINT('',#5991);
#1634=VERTEX_POINT('',#5999);
#1635=VERTEX_POINT('',#6001);
#1636=VERTEX_POINT('',#6005);
#1637=VERTEX_POINT('',#6009);
#1638=VERTEX_POINT('',#6013);
#1639=VERTEX_POINT('',#6017);
#1640=VERTEX_POINT('',#6021);
#1641=VERTEX_POINT('',#6025);
#1642=VERTEX_POINT('',#6029);
#1643=VERTEX_POINT('',#6033);
#1644=VERTEX_POINT('',#6037);
#1645=VERTEX_POINT('',#6041);
#1646=VERTEX_POINT('',#6045);
#1647=VERTEX_POINT('',#6049);
#1648=VERTEX_POINT('',#6053);
#1649=VERTEX_POINT('',#6057);
#1650=VERTEX_POINT('',#6061);
#1651=VERTEX_POINT('',#6065);
#1652=VERTEX_POINT('',#6069);
#1653=VERTEX_POINT('',#6074);
#1654=VERTEX_POINT('',#6078);
#1655=VERTEX_POINT('',#6080);
#1656=VERTEX_POINT('',#6084);
#1657=VERTEX_POINT('',#6090);
#1658=VERTEX_POINT('',#6092);
#1659=VERTEX_POINT('',#6094);
#1660=VERTEX_POINT('',#6096);
#1661=VERTEX_POINT('',#6098);
#1662=VERTEX_POINT('',#6100);
#1663=VERTEX_POINT('',#6102);
#1664=VERTEX_POINT('',#6104);
#1665=VERTEX_POINT('',#6106);
#1666=VERTEX_POINT('',#6108);
#1667=VERTEX_POINT('',#6110);
#1668=VERTEX_POINT('',#6112);
#1669=VERTEX_POINT('',#6114);
#1670=VERTEX_POINT('',#6145);
#1671=VERTEX_POINT('',#6146);
#1672=VERTEX_POINT('',#6148);
#1673=VERTEX_POINT('',#6150);
#1674=VERTEX_POINT('',#6162);
#1675=VERTEX_POINT('',#6163);
#1676=VERTEX_POINT('',#6168);
#1677=VERTEX_POINT('',#6169);
#1678=VERTEX_POINT('',#6174);
#1679=VERTEX_POINT('',#6175);
#1680=VERTEX_POINT('',#6180);
#1681=VERTEX_POINT('',#6181);
#1682=VERTEX_POINT('',#6194);
#1683=VERTEX_POINT('',#6195);
#1684=VERTEX_POINT('',#6200);
#1685=VERTEX_POINT('',#6201);
#1686=VERTEX_POINT('',#6214);
#1687=VERTEX_POINT('',#6215);
#1688=VERTEX_POINT('',#6220);
#1689=VERTEX_POINT('',#6221);
#1690=VERTEX_POINT('',#6226);
#1691=VERTEX_POINT('',#6227);
#1692=VERTEX_POINT('',#6232);
#1693=VERTEX_POINT('',#6233);
#1694=VERTEX_POINT('',#6246);
#1695=VERTEX_POINT('',#6247);
#1696=VERTEX_POINT('',#6252);
#1697=VERTEX_POINT('',#6253);
#1698=VERTEX_POINT('',#6266);
#1699=VERTEX_POINT('',#6267);
#1700=VERTEX_POINT('',#6272);
#1701=VERTEX_POINT('',#6273);
#1702=VERTEX_POINT('',#6278);
#1703=VERTEX_POINT('',#6279);
#1704=VERTEX_POINT('',#6284);
#1705=VERTEX_POINT('',#6285);
#1706=VERTEX_POINT('',#6298);
#1707=VERTEX_POINT('',#6299);
#1708=VERTEX_POINT('',#6304);
#1709=VERTEX_POINT('',#6305);
#1710=VERTEX_POINT('',#6310);
#1711=VERTEX_POINT('',#6311);
#1712=VERTEX_POINT('',#6316);
#1713=VERTEX_POINT('',#6317);
#1714=VERTEX_POINT('',#6330);
#1715=VERTEX_POINT('',#6331);
#1716=VERTEX_POINT('',#6336);
#1717=VERTEX_POINT('',#6337);
#1718=VERTEX_POINT('',#6350);
#1719=VERTEX_POINT('',#6351);
#1720=VERTEX_POINT('',#6356);
#1721=VERTEX_POINT('',#6357);
#1722=VERTEX_POINT('',#6362);
#1723=VERTEX_POINT('',#6363);
#1724=VERTEX_POINT('',#6368);
#1725=VERTEX_POINT('',#6369);
#1726=VERTEX_POINT('',#6382);
#1727=VERTEX_POINT('',#6383);
#1728=VERTEX_POINT('',#6388);
#1729=VERTEX_POINT('',#6389);
#1730=VERTEX_POINT('',#6394);
#1731=VERTEX_POINT('',#6395);
#1732=VERTEX_POINT('',#6400);
#1733=VERTEX_POINT('',#6401);
#1734=VERTEX_POINT('',#6406);
#1735=VERTEX_POINT('',#6407);
#1736=VERTEX_POINT('',#6412);
#1737=VERTEX_POINT('',#6413);
#1738=VERTEX_POINT('',#6418);
#1739=VERTEX_POINT('',#6419);
#1740=VERTEX_POINT('',#6424);
#1741=VERTEX_POINT('',#6425);
#1742=VERTEX_POINT('',#6433);
#1743=VERTEX_POINT('',#6435);
#1744=VERTEX_POINT('',#6439);
#1745=VERTEX_POINT('',#6443);
#1746=VERTEX_POINT('',#6447);
#1747=VERTEX_POINT('',#6451);
#1748=VERTEX_POINT('',#6455);
#1749=VERTEX_POINT('',#6459);
#1750=VERTEX_POINT('',#6463);
#1751=VERTEX_POINT('',#6467);
#1752=VERTEX_POINT('',#6471);
#1753=VERTEX_POINT('',#6475);
#1754=VERTEX_POINT('',#6479);
#1755=VERTEX_POINT('',#6483);
#1756=VERTEX_POINT('',#6487);
#1757=VERTEX_POINT('',#6491);
#1758=VERTEX_POINT('',#6495);
#1759=VERTEX_POINT('',#6499);
#1760=VERTEX_POINT('',#6503);
#1761=VERTEX_POINT('',#6508);
#1762=VERTEX_POINT('',#6512);
#1763=VERTEX_POINT('',#6514);
#1764=VERTEX_POINT('',#6518);
#1765=VERTEX_POINT('',#6524);
#1766=VERTEX_POINT('',#6526);
#1767=VERTEX_POINT('',#6528);
#1768=VERTEX_POINT('',#6530);
#1769=VERTEX_POINT('',#6532);
#1770=VERTEX_POINT('',#6534);
#1771=VERTEX_POINT('',#6536);
#1772=VERTEX_POINT('',#6538);
#1773=VERTEX_POINT('',#6540);
#1774=VERTEX_POINT('',#6542);
#1775=VERTEX_POINT('',#6544);
#1776=VERTEX_POINT('',#6546);
#1777=VERTEX_POINT('',#6548);
#1778=VERTEX_POINT('',#6579);
#1779=VERTEX_POINT('',#6580);
#1780=VERTEX_POINT('',#6582);
#1781=VERTEX_POINT('',#6584);
#1782=VERTEX_POINT('',#6588);
#1783=VERTEX_POINT('',#6589);
#1784=VERTEX_POINT('',#6594);
#1785=VERTEX_POINT('',#6595);
#1786=VERTEX_POINT('',#6600);
#1787=VERTEX_POINT('',#6601);
#1788=VERTEX_POINT('',#6606);
#1789=VERTEX_POINT('',#6607);
#1790=VERTEX_POINT('',#6612);
#1791=VERTEX_POINT('',#6613);
#1792=VERTEX_POINT('',#6615);
#1793=VERTEX_POINT('',#6620);
#1794=VERTEX_POINT('',#6622);
#1795=VERTEX_POINT('',#6624);
#1796=VERTEX_POINT('',#6630);
#1797=VERTEX_POINT('',#6635);
#1798=VERTEX_POINT('',#6637);
#1799=VERTEX_POINT('',#6639);
#1800=VERTEX_POINT('',#6646);
#1801=VERTEX_POINT('',#6647);
#1802=VERTEX_POINT('',#6652);
#1803=VERTEX_POINT('',#6653);
#1804=VERTEX_POINT('',#6658);
#1805=VERTEX_POINT('',#6659);
#1806=VERTEX_POINT('',#6664);
#1807=VERTEX_POINT('',#6665);
#1808=VERTEX_POINT('',#6670);
#1809=VERTEX_POINT('',#6671);
#1810=VERTEX_POINT('',#6673);
#1811=VERTEX_POINT('',#6675);
#1812=VERTEX_POINT('',#6679);
#1813=VERTEX_POINT('',#6680);
#1814=VERTEX_POINT('',#6682);
#1815=VERTEX_POINT('',#6684);
#1816=VERTEX_POINT('',#6688);
#1817=VERTEX_POINT('',#6689);
#1818=VERTEX_POINT('',#6700);
#1819=VERTEX_POINT('',#6702);
#1820=VERTEX_POINT('',#6713);
#1821=VERTEX_POINT('',#6721);
#1822=VERTEX_POINT('',#6722);
#1823=VERTEX_POINT('',#6724);
#1824=VERTEX_POINT('',#6726);
#1825=VERTEX_POINT('',#6730);
#1826=VERTEX_POINT('',#6731);
#1827=VERTEX_POINT('',#6733);
#1828=VERTEX_POINT('',#6735);
#1829=VERTEX_POINT('',#6748);
#1830=VERTEX_POINT('',#6750);
#1831=VERTEX_POINT('',#6758);
#1832=VERTEX_POINT('',#6760);
#1833=VERTEX_POINT('',#6764);
#1834=VERTEX_POINT('',#6772);
#1835=VERTEX_POINT('',#6773);
#1836=VERTEX_POINT('',#6775);
#1837=VERTEX_POINT('',#6780);
#1838=VERTEX_POINT('',#6782);
#1839=VERTEX_POINT('',#6784);
#1840=VERTEX_POINT('',#6786);
#1841=VERTEX_POINT('',#6791);
#1842=VERTEX_POINT('',#6793);
#1843=VERTEX_POINT('',#6798);
#1844=VERTEX_POINT('',#6800);
#1845=VERTEX_POINT('',#6802);
#1846=VERTEX_POINT('',#6809);
#1847=VERTEX_POINT('',#6810);
#1848=VERTEX_POINT('',#6812);
#1849=VERTEX_POINT('',#6814);
#1850=VERTEX_POINT('',#6818);
#1851=VERTEX_POINT('',#6819);
#1852=VERTEX_POINT('',#6821);
#1853=VERTEX_POINT('',#6831);
#1854=VERTEX_POINT('',#6832);
#1855=VERTEX_POINT('',#6834);
#1856=VERTEX_POINT('',#6839);
#1857=VERTEX_POINT('',#6846);
#1858=VERTEX_POINT('',#6964);
#1859=VERTEX_POINT('',#6966);
#1860=VERTEX_POINT('',#6970);
#1861=VERTEX_POINT('',#6972);
#1862=VERTEX_POINT('',#6976);
#1863=VERTEX_POINT('',#6978);
#1864=VERTEX_POINT('',#7001);
#1865=VERTEX_POINT('',#7010);
#1866=VERTEX_POINT('',#7012);
#1867=VERTEX_POINT('',#7040);
#1868=VERTEX_POINT('',#7068);
#1869=VERTEX_POINT('',#7101);
#1870=VERTEX_POINT('',#7110);
#1871=VERTEX_POINT('',#7112);
#1872=VERTEX_POINT('',#7116);
#1873=VERTEX_POINT('',#7118);
#1874=VERTEX_POINT('',#7123);
#1875=VERTEX_POINT('',#7127);
#1876=VERTEX_POINT('',#7129);
#1877=VERTEX_POINT('',#7133);
#1878=VERTEX_POINT('',#7148);
#1879=VERTEX_POINT('',#7152);
#1880=VERTEX_POINT('',#7154);
#1881=VERTEX_POINT('',#7158);
#1882=VERTEX_POINT('',#7173);
#1883=VERTEX_POINT('',#7174);
#1884=VERTEX_POINT('',#7176);
#1885=VERTEX_POINT('',#7181);
#1886=VERTEX_POINT('',#7187);
#1887=VERTEX_POINT('',#7189);
#1888=VERTEX_POINT('',#7193);
#1889=EDGE_CURVE('',#1562,#1563,#1265,.T.);
#1890=EDGE_CURVE('',#1563,#1564,#1266,.T.);
#1891=EDGE_CURVE('',#1564,#1565,#1267,.T.);
#1892=EDGE_CURVE('',#1565,#1562,#1268,.T.);
#1893=EDGE_CURVE('',#1566,#1567,#1269,.T.);
#1894=EDGE_CURVE('',#1567,#1565,#139,.T.);
#1895=EDGE_CURVE('',#1564,#1566,#140,.T.);
#1896=EDGE_CURVE('',#1568,#1569,#1270,.T.);
#1897=EDGE_CURVE('',#1569,#1567,#1271,.T.);
#1898=EDGE_CURVE('',#1566,#1568,#1272,.T.);
#1899=EDGE_CURVE('',#1570,#1571,#1273,.T.);
#1900=EDGE_CURVE('',#1571,#1569,#1274,.T.);
#1901=EDGE_CURVE('',#1568,#1570,#1275,.T.);
#1902=EDGE_CURVE('',#1572,#1573,#1276,.T.);
#1903=EDGE_CURVE('',#1573,#1571,#1277,.T.);
#1904=EDGE_CURVE('',#1570,#1572,#1278,.T.);
#1905=EDGE_CURVE('',#1574,#1575,#1279,.T.);
#1906=EDGE_CURVE('',#1575,#1573,#141,.T.);
#1907=EDGE_CURVE('',#1572,#1574,#142,.T.);
#1908=EDGE_CURVE('',#1576,#1577,#1280,.T.);
#1909=EDGE_CURVE('',#1577,#1575,#1281,.T.);
#1910=EDGE_CURVE('',#1574,#1576,#1282,.T.);
#1911=EDGE_CURVE('',#1578,#1579,#1283,.T.);
#1912=EDGE_CURVE('',#1579,#1577,#143,.T.);
#1913=EDGE_CURVE('',#1576,#1578,#144,.T.);
#1914=EDGE_CURVE('',#1580,#1581,#1284,.T.);
#1915=EDGE_CURVE('',#1581,#1579,#1285,.T.);
#1916=EDGE_CURVE('',#1578,#1580,#1286,.T.);
#1917=EDGE_CURVE('',#1582,#1583,#1287,.T.);
#1918=EDGE_CURVE('',#1583,#1581,#145,.T.);
#1919=EDGE_CURVE('',#1580,#1582,#146,.T.);
#1920=EDGE_CURVE('',#1584,#1585,#1288,.T.);
#1921=EDGE_CURVE('',#1585,#1583,#1289,.T.);
#1922=EDGE_CURVE('',#1582,#1584,#1290,.T.);
#1923=EDGE_CURVE('',#1586,#1587,#1291,.T.);
#1924=EDGE_CURVE('',#1587,#1585,#147,.T.);
#1925=EDGE_CURVE('',#1584,#1586,#148,.T.);
#1926=EDGE_CURVE('',#1588,#1589,#1292,.T.);
#1927=EDGE_CURVE('',#1589,#1587,#1293,.T.);
#1928=EDGE_CURVE('',#1586,#1588,#1294,.T.);
#1929=EDGE_CURVE('',#1590,#1591,#1295,.T.);
#1930=EDGE_CURVE('',#1591,#1589,#149,.T.);
#1931=EDGE_CURVE('',#1588,#1590,#150,.T.);
#1932=EDGE_CURVE('',#1592,#1593,#1296,.T.);
#1933=EDGE_CURVE('',#1593,#1591,#1297,.T.);
#1934=EDGE_CURVE('',#1590,#1592,#1298,.T.);
#1935=EDGE_CURVE('',#1594,#1595,#1299,.T.);
#1936=EDGE_CURVE('',#1595,#1593,#151,.T.);
#1937=EDGE_CURVE('',#1592,#1594,#152,.T.);
#1938=EDGE_CURVE('',#1596,#1597,#1300,.T.);
#1939=EDGE_CURVE('',#1597,#1595,#1301,.T.);
#1940=EDGE_CURVE('',#1594,#1596,#1302,.T.);
#1941=EDGE_CURVE('',#1598,#1599,#1303,.T.);
#1942=EDGE_CURVE('',#1599,#1597,#153,.T.);
#1943=EDGE_CURVE('',#1596,#1598,#154,.T.);
#1944=EDGE_CURVE('',#1600,#1601,#1304,.T.);
#1945=EDGE_CURVE('',#1601,#1599,#1305,.T.);
#1946=EDGE_CURVE('',#1598,#1600,#1306,.T.);
#1947=EDGE_CURVE('',#1602,#1603,#1307,.T.);
#1948=EDGE_CURVE('',#1603,#1601,#155,.T.);
#1949=EDGE_CURVE('',#1600,#1602,#156,.T.);
#1950=EDGE_CURVE('',#1604,#1605,#1308,.T.);
#1951=EDGE_CURVE('',#1605,#1603,#1309,.T.);
#1952=EDGE_CURVE('',#1602,#1604,#1310,.T.);
#1953=EDGE_CURVE('',#1606,#1607,#1311,.T.);
#1954=EDGE_CURVE('',#1607,#1605,#157,.T.);
#1955=EDGE_CURVE('',#1604,#1606,#158,.T.);
#1956=EDGE_CURVE('',#1608,#1609,#1312,.T.);
#1957=EDGE_CURVE('',#1609,#1607,#1313,.T.);
#1958=EDGE_CURVE('',#1606,#1608,#1314,.T.);
#1959=EDGE_CURVE('',#1610,#1611,#1315,.T.);
#1960=EDGE_CURVE('',#1611,#1609,#159,.T.);
#1961=EDGE_CURVE('',#1608,#1610,#160,.T.);
#1962=EDGE_CURVE('',#1612,#1613,#1316,.T.);
#1963=EDGE_CURVE('',#1613,#1611,#1317,.T.);
#1964=EDGE_CURVE('',#1610,#1612,#1318,.T.);
#1965=EDGE_CURVE('',#1614,#1615,#1319,.T.);
#1966=EDGE_CURVE('',#1615,#1613,#161,.T.);
#1967=EDGE_CURVE('',#1612,#1614,#162,.T.);
#1968=EDGE_CURVE('',#1616,#1617,#1320,.T.);
#1969=EDGE_CURVE('',#1617,#1615,#1321,.T.);
#1970=EDGE_CURVE('',#1614,#1616,#1322,.T.);
#1971=EDGE_CURVE('',#1618,#1619,#1323,.T.);
#1972=EDGE_CURVE('',#1619,#1617,#163,.T.);
#1973=EDGE_CURVE('',#1616,#1618,#164,.T.);
#1974=EDGE_CURVE('',#1620,#1621,#1324,.T.);
#1975=EDGE_CURVE('',#1621,#1619,#1325,.T.);
#1976=EDGE_CURVE('',#1618,#1620,#1326,.T.);
#1977=EDGE_CURVE('',#1622,#1623,#1327,.T.);
#1978=EDGE_CURVE('',#1623,#1621,#165,.T.);
#1979=EDGE_CURVE('',#1620,#1622,#166,.T.);
#1980=EDGE_CURVE('',#1624,#1625,#1328,.T.);
#1981=EDGE_CURVE('',#1625,#1623,#1329,.T.);
#1982=EDGE_CURVE('',#1622,#1624,#1330,.T.);
#1983=EDGE_CURVE('',#1626,#1627,#1331,.T.);
#1984=EDGE_CURVE('',#1627,#1625,#167,.T.);
#1985=EDGE_CURVE('',#1624,#1626,#168,.T.);
#1986=EDGE_CURVE('',#1628,#1629,#1332,.T.);
#1987=EDGE_CURVE('',#1629,#1627,#1333,.T.);
#1988=EDGE_CURVE('',#1626,#1628,#1334,.T.);
#1989=EDGE_CURVE('',#1630,#1631,#1335,.T.);
#1990=EDGE_CURVE('',#1631,#1629,#1336,.T.);
#1991=EDGE_CURVE('',#1628,#1630,#1337,.T.);
#1992=EDGE_CURVE('',#1632,#1633,#1338,.T.);
#1993=EDGE_CURVE('',#1633,#1631,#169,.T.);
#1994=EDGE_CURVE('',#1630,#1632,#170,.T.);
#1995=EDGE_CURVE('',#1562,#1633,#1339,.T.);
#1996=EDGE_CURVE('',#1632,#1563,#1340,.T.);
#1997=EDGE_CURVE('',#1634,#1603,#171,.T.);
#1998=EDGE_CURVE('',#1635,#1634,#172,.T.);
#1999=EDGE_CURVE('',#1601,#1635,#173,.T.);
#2000=EDGE_CURVE('',#1605,#1636,#174,.T.);
#2001=EDGE_CURVE('',#1636,#1634,#1341,.T.);
#2002=EDGE_CURVE('',#1637,#1607,#175,.T.);
#2003=EDGE_CURVE('',#1636,#1637,#176,.T.);
#2004=EDGE_CURVE('',#1609,#1638,#177,.T.);
#2005=EDGE_CURVE('',#1638,#1637,#1342,.T.);
#2006=EDGE_CURVE('',#1639,#1611,#178,.T.);
#2007=EDGE_CURVE('',#1638,#1639,#179,.T.);
#2008=EDGE_CURVE('',#1613,#1640,#180,.T.);
#2009=EDGE_CURVE('',#1640,#1639,#1343,.T.);
#2010=EDGE_CURVE('',#1641,#1615,#181,.T.);
#2011=EDGE_CURVE('',#1641,#1640,#182,.T.);
#2012=EDGE_CURVE('',#1617,#1642,#183,.T.);
#2013=EDGE_CURVE('',#1642,#1641,#1344,.T.);
#2014=EDGE_CURVE('',#1643,#1619,#184,.T.);
#2015=EDGE_CURVE('',#1642,#1643,#185,.T.);
#2016=EDGE_CURVE('',#1621,#1644,#186,.T.);
#2017=EDGE_CURVE('',#1644,#1643,#1345,.T.);
#2018=EDGE_CURVE('',#1645,#1623,#187,.T.);
#2019=EDGE_CURVE('',#1644,#1645,#188,.T.);
#2020=EDGE_CURVE('',#1625,#1646,#189,.T.);
#2021=EDGE_CURVE('',#1646,#1645,#1346,.T.);
#2022=EDGE_CURVE('',#1647,#1627,#190,.T.);
#2023=EDGE_CURVE('',#1646,#1647,#191,.T.);
#2024=EDGE_CURVE('',#1648,#1629,#192,.T.);
#2025=EDGE_CURVE('',#1648,#1647,#1347,.T.);
#2026=EDGE_CURVE('',#1631,#1649,#193,.T.);
#2027=EDGE_CURVE('',#1649,#1648,#1348,.T.);
#2028=EDGE_CURVE('',#1650,#1633,#194,.T.);
#2029=EDGE_CURVE('',#1650,#1649,#195,.T.);
#2030=EDGE_CURVE('',#1651,#1562,#196,.T.);
#2031=EDGE_CURVE('',#1651,#1650,#1349,.T.);
#2032=EDGE_CURVE('',#1565,#1652,#197,.T.);
#2033=EDGE_CURVE('',#1651,#1652,#1350,.F.);
#2034=EDGE_CURVE('',#1653,#1567,#198,.T.);
#2035=EDGE_CURVE('',#1652,#1653,#199,.T.);
#2036=EDGE_CURVE('',#1573,#1654,#200,.T.);
#2037=EDGE_CURVE('',#1654,#1655,#1351,.T.);
#2038=EDGE_CURVE('',#1655,#1571,#201,.T.);
#2039=EDGE_CURVE('',#1655,#1656,#1352,.T.);
#2040=EDGE_CURVE('',#1569,#1656,#202,.T.);
#2041=EDGE_CURVE('',#1656,#1653,#1353,.T.);
#2042=EDGE_CURVE('',#1654,#1657,#203,.T.);
#2043=EDGE_CURVE('',#1658,#1657,#1354,.T.);
#2044=EDGE_CURVE('',#1658,#1659,#204,.T.);
#2045=EDGE_CURVE('',#1660,#1659,#1355,.T.);
#2046=EDGE_CURVE('',#1661,#1660,#205,.T.);
#2047=EDGE_CURVE('',#1662,#1661,#1356,.T.);
#2048=EDGE_CURVE('',#1662,#1663,#206,.T.);
#2049=EDGE_CURVE('',#1664,#1663,#1357,.T.);
#2050=EDGE_CURVE('',#1664,#1665,#207,.T.);
#2051=EDGE_CURVE('',#1666,#1665,#1358,.T.);
#2052=EDGE_CURVE('',#1666,#1667,#208,.T.);
#2053=EDGE_CURVE('',#1668,#1667,#1359,.T.);
#2054=EDGE_CURVE('',#1668,#1669,#209,.T.);
#2055=EDGE_CURVE('',#1635,#1669,#1360,.T.);
#2056=EDGE_CURVE('',#1577,#1658,#210,.T.);
#2057=EDGE_CURVE('',#1657,#1575,#211,.T.);
#2058=EDGE_CURVE('',#1659,#1579,#212,.T.);
#2059=EDGE_CURVE('',#1585,#1662,#213,.T.);
#2060=EDGE_CURVE('',#1661,#1583,#214,.T.);
#2061=EDGE_CURVE('',#1663,#1587,#215,.T.);
#2062=EDGE_CURVE('',#1589,#1664,#216,.T.);
#2063=EDGE_CURVE('',#1597,#1668,#217,.T.);
#2064=EDGE_CURVE('',#1667,#1595,#218,.T.);
#2065=EDGE_CURVE('',#1669,#1599,#219,.T.);
#2066=EDGE_CURVE('',#1593,#1666,#220,.T.);
#2067=EDGE_CURVE('',#1665,#1591,#221,.T.);
#2068=EDGE_CURVE('',#1581,#1660,#222,.T.);
#2069=EDGE_CURVE('',#1670,#1671,#1361,.T.);
#2070=EDGE_CURVE('',#1671,#1672,#1362,.T.);
#2071=EDGE_CURVE('',#1672,#1673,#1363,.T.);
#2072=EDGE_CURVE('',#1673,#1670,#1364,.T.);
#2073=EDGE_CURVE('',#1674,#1675,#1365,.T.);
#2074=EDGE_CURVE('',#1675,#1673,#1366,.T.);
#2075=EDGE_CURVE('',#1672,#1674,#1367,.T.);
#2076=EDGE_CURVE('',#1676,#1677,#1368,.T.);
#2077=EDGE_CURVE('',#1677,#1675,#223,.T.);
#2078=EDGE_CURVE('',#1674,#1676,#224,.T.);
#2079=EDGE_CURVE('',#1678,#1679,#1369,.T.);
#2080=EDGE_CURVE('',#1679,#1677,#1370,.T.);
#2081=EDGE_CURVE('',#1676,#1678,#1371,.T.);
#2082=EDGE_CURVE('',#1680,#1681,#1372,.T.);
#2083=EDGE_CURVE('',#1681,#1679,#225,.T.);
#2084=EDGE_CURVE('',#1678,#1680,#226,.T.);
#2085=EDGE_CURVE('',#1682,#1683,#1373,.T.);
#2086=EDGE_CURVE('',#1683,#1681,#1374,.T.);
#2087=EDGE_CURVE('',#1680,#1682,#1375,.T.);
#2088=EDGE_CURVE('',#1684,#1685,#1376,.T.);
#2089=EDGE_CURVE('',#1685,#1683,#227,.T.);
#2090=EDGE_CURVE('',#1682,#1684,#228,.T.);
#2091=EDGE_CURVE('',#1686,#1687,#1377,.T.);
#2092=EDGE_CURVE('',#1687,#1685,#1378,.T.);
#2093=EDGE_CURVE('',#1684,#1686,#1379,.T.);
#2094=EDGE_CURVE('',#1688,#1689,#1380,.T.);
#2095=EDGE_CURVE('',#1689,#1687,#229,.T.);
#2096=EDGE_CURVE('',#1686,#1688,#230,.T.);
#2097=EDGE_CURVE('',#1690,#1691,#1381,.T.);
#2098=EDGE_CURVE('',#1691,#1689,#1382,.T.);
#2099=EDGE_CURVE('',#1688,#1690,#1383,.T.);
#2100=EDGE_CURVE('',#1692,#1693,#1384,.T.);
#2101=EDGE_CURVE('',#1693,#1691,#231,.T.);
#2102=EDGE_CURVE('',#1690,#1692,#232,.T.);
#2103=EDGE_CURVE('',#1694,#1695,#1385,.T.);
#2104=EDGE_CURVE('',#1695,#1693,#1386,.T.);
#2105=EDGE_CURVE('',#1692,#1694,#1387,.T.);
#2106=EDGE_CURVE('',#1696,#1697,#1388,.T.);
#2107=EDGE_CURVE('',#1697,#1695,#233,.T.);
#2108=EDGE_CURVE('',#1694,#1696,#234,.T.);
#2109=EDGE_CURVE('',#1698,#1699,#1389,.T.);
#2110=EDGE_CURVE('',#1699,#1697,#1390,.T.);
#2111=EDGE_CURVE('',#1696,#1698,#1391,.T.);
#2112=EDGE_CURVE('',#1700,#1701,#1392,.T.);
#2113=EDGE_CURVE('',#1701,#1699,#235,.T.);
#2114=EDGE_CURVE('',#1698,#1700,#236,.T.);
#2115=EDGE_CURVE('',#1702,#1703,#1393,.T.);
#2116=EDGE_CURVE('',#1703,#1701,#1394,.T.);
#2117=EDGE_CURVE('',#1700,#1702,#1395,.T.);
#2118=EDGE_CURVE('',#1704,#1705,#1396,.T.);
#2119=EDGE_CURVE('',#1705,#1703,#237,.T.);
#2120=EDGE_CURVE('',#1702,#1704,#238,.T.);
#2121=EDGE_CURVE('',#1706,#1707,#1397,.T.);
#2122=EDGE_CURVE('',#1707,#1705,#1398,.T.);
#2123=EDGE_CURVE('',#1704,#1706,#1399,.T.);
#2124=EDGE_CURVE('',#1708,#1709,#1400,.T.);
#2125=EDGE_CURVE('',#1709,#1707,#239,.T.);
#2126=EDGE_CURVE('',#1706,#1708,#240,.T.);
#2127=EDGE_CURVE('',#1710,#1711,#1401,.T.);
#2128=EDGE_CURVE('',#1711,#1709,#1402,.T.);
#2129=EDGE_CURVE('',#1708,#1710,#1403,.T.);
#2130=EDGE_CURVE('',#1712,#1713,#1404,.T.);
#2131=EDGE_CURVE('',#1713,#1711,#241,.T.);
#2132=EDGE_CURVE('',#1710,#1712,#242,.T.);
#2133=EDGE_CURVE('',#1714,#1715,#1405,.T.);
#2134=EDGE_CURVE('',#1715,#1713,#1406,.T.);
#2135=EDGE_CURVE('',#1712,#1714,#1407,.T.);
#2136=EDGE_CURVE('',#1716,#1717,#1408,.T.);
#2137=EDGE_CURVE('',#1717,#1715,#243,.T.);
#2138=EDGE_CURVE('',#1714,#1716,#244,.T.);
#2139=EDGE_CURVE('',#1718,#1719,#1409,.T.);
#2140=EDGE_CURVE('',#1719,#1717,#1410,.T.);
#2141=EDGE_CURVE('',#1716,#1718,#1411,.T.);
#2142=EDGE_CURVE('',#1720,#1721,#1412,.T.);
#2143=EDGE_CURVE('',#1721,#1719,#245,.T.);
#2144=EDGE_CURVE('',#1718,#1720,#246,.T.);
#2145=EDGE_CURVE('',#1722,#1723,#1413,.T.);
#2146=EDGE_CURVE('',#1723,#1721,#1414,.T.);
#2147=EDGE_CURVE('',#1720,#1722,#1415,.T.);
#2148=EDGE_CURVE('',#1724,#1725,#1416,.T.);
#2149=EDGE_CURVE('',#1725,#1723,#247,.T.);
#2150=EDGE_CURVE('',#1722,#1724,#248,.T.);
#2151=EDGE_CURVE('',#1726,#1727,#1417,.T.);
#2152=EDGE_CURVE('',#1727,#1725,#1418,.T.);
#2153=EDGE_CURVE('',#1724,#1726,#1419,.T.);
#2154=EDGE_CURVE('',#1728,#1729,#1420,.T.);
#2155=EDGE_CURVE('',#1729,#1727,#249,.T.);
#2156=EDGE_CURVE('',#1726,#1728,#250,.T.);
#2157=EDGE_CURVE('',#1730,#1731,#1421,.T.);
#2158=EDGE_CURVE('',#1731,#1729,#1422,.T.);
#2159=EDGE_CURVE('',#1728,#1730,#1423,.T.);
#2160=EDGE_CURVE('',#1732,#1733,#1424,.T.);
#2161=EDGE_CURVE('',#1733,#1731,#1425,.T.);
#2162=EDGE_CURVE('',#1730,#1732,#1426,.T.);
#2163=EDGE_CURVE('',#1734,#1735,#1427,.T.);
#2164=EDGE_CURVE('',#1735,#1733,#1428,.T.);
#2165=EDGE_CURVE('',#1732,#1734,#1429,.T.);
#2166=EDGE_CURVE('',#1736,#1737,#1430,.T.);
#2167=EDGE_CURVE('',#1737,#1735,#251,.T.);
#2168=EDGE_CURVE('',#1734,#1736,#252,.T.);
#2169=EDGE_CURVE('',#1738,#1739,#1431,.T.);
#2170=EDGE_CURVE('',#1739,#1737,#1432,.T.);
#2171=EDGE_CURVE('',#1736,#1738,#1433,.T.);
#2172=EDGE_CURVE('',#1740,#1741,#1434,.T.);
#2173=EDGE_CURVE('',#1741,#1739,#1435,.T.);
#2174=EDGE_CURVE('',#1738,#1740,#1436,.T.);
#2175=EDGE_CURVE('',#1740,#1671,#253,.T.);
#2176=EDGE_CURVE('',#1670,#1741,#254,.T.);
#2177=EDGE_CURVE('',#1704,#1742,#255,.T.);
#2178=EDGE_CURVE('',#1742,#1743,#1437,.T.);
#2179=EDGE_CURVE('',#1743,#1706,#256,.T.);
#2180=EDGE_CURVE('',#1744,#1702,#257,.T.);
#2181=EDGE_CURVE('',#1744,#1742,#258,.T.);
#2182=EDGE_CURVE('',#1700,#1745,#259,.T.);
#2183=EDGE_CURVE('',#1745,#1744,#1438,.T.);
#2184=EDGE_CURVE('',#1746,#1698,#260,.T.);
#2185=EDGE_CURVE('',#1746,#1745,#261,.T.);
#2186=EDGE_CURVE('',#1696,#1747,#262,.T.);
#2187=EDGE_CURVE('',#1747,#1746,#1439,.T.);
#2188=EDGE_CURVE('',#1748,#1694,#263,.T.);
#2189=EDGE_CURVE('',#1748,#1747,#264,.T.);
#2190=EDGE_CURVE('',#1692,#1749,#265,.T.);
#2191=EDGE_CURVE('',#1749,#1748,#1440,.T.);
#2192=EDGE_CURVE('',#1750,#1690,#266,.T.);
#2193=EDGE_CURVE('',#1750,#1749,#267,.T.);
#2194=EDGE_CURVE('',#1688,#1751,#268,.T.);
#2195=EDGE_CURVE('',#1751,#1750,#1441,.T.);
#2196=EDGE_CURVE('',#1752,#1686,#269,.T.);
#2197=EDGE_CURVE('',#1752,#1751,#270,.T.);
#2198=EDGE_CURVE('',#1684,#1753,#271,.T.);
#2199=EDGE_CURVE('',#1753,#1752,#1442,.T.);
#2200=EDGE_CURVE('',#1754,#1682,#272,.T.);
#2201=EDGE_CURVE('',#1754,#1753,#273,.T.);
#2202=EDGE_CURVE('',#1680,#1755,#274,.T.);
#2203=EDGE_CURVE('',#1755,#1754,#1443,.T.);
#2204=EDGE_CURVE('',#1756,#1678,#275,.T.);
#2205=EDGE_CURVE('',#1756,#1755,#276,.T.);
#2206=EDGE_CURVE('',#1676,#1757,#277,.T.);
#2207=EDGE_CURVE('',#1757,#1756,#1444,.T.);
#2208=EDGE_CURVE('',#1758,#1674,#278,.T.);
#2209=EDGE_CURVE('',#1758,#1757,#279,.T.);
#2210=EDGE_CURVE('',#1759,#1672,#280,.T.);
#2211=EDGE_CURVE('',#1759,#1758,#1445,.T.);
#2212=EDGE_CURVE('',#1671,#1760,#281,.T.);
#2213=EDGE_CURVE('',#1760,#1759,#1446,.T.);
#2214=EDGE_CURVE('',#1761,#1740,#282,.T.);
#2215=EDGE_CURVE('',#1761,#1760,#283,.T.);
#2216=EDGE_CURVE('',#1736,#1762,#284,.T.);
#2217=EDGE_CURVE('',#1763,#1762,#1447,.F.);
#2218=EDGE_CURVE('',#1763,#1738,#285,.T.);
#2219=EDGE_CURVE('',#1764,#1734,#286,.T.);
#2220=EDGE_CURVE('',#1764,#1762,#287,.T.);
#2221=EDGE_CURVE('',#1763,#1761,#1448,.T.);
#2222=EDGE_CURVE('',#1765,#1764,#1449,.T.);
#2223=EDGE_CURVE('',#1766,#1765,#1450,.T.);
#2224=EDGE_CURVE('',#1767,#1766,#1451,.T.);
#2225=EDGE_CURVE('',#1768,#1767,#288,.T.);
#2226=EDGE_CURVE('',#1769,#1768,#1452,.T.);
#2227=EDGE_CURVE('',#1770,#1769,#289,.T.);
#2228=EDGE_CURVE('',#1771,#1770,#1453,.T.);
#2229=EDGE_CURVE('',#1772,#1771,#290,.T.);
#2230=EDGE_CURVE('',#1773,#1772,#1454,.T.);
#2231=EDGE_CURVE('',#1774,#1773,#291,.T.);
#2232=EDGE_CURVE('',#1775,#1774,#1455,.T.);
#2233=EDGE_CURVE('',#1776,#1775,#292,.T.);
#2234=EDGE_CURVE('',#1777,#1776,#1456,.T.);
#2235=EDGE_CURVE('',#1743,#1777,#293,.T.);
#2236=EDGE_CURVE('',#1732,#1765,#294,.T.);
#2237=EDGE_CURVE('',#1766,#1730,#295,.T.);
#2238=EDGE_CURVE('',#1728,#1767,#296,.T.);
#2239=EDGE_CURVE('',#1712,#1775,#297,.T.);
#2240=EDGE_CURVE('',#1774,#1714,#298,.T.);
#2241=EDGE_CURVE('',#1776,#1710,#299,.T.);
#2242=EDGE_CURVE('',#1716,#1773,#300,.T.);
#2243=EDGE_CURVE('',#1772,#1718,#301,.T.);
#2244=EDGE_CURVE('',#1724,#1769,#302,.T.);
#2245=EDGE_CURVE('',#1768,#1726,#303,.T.);
#2246=EDGE_CURVE('',#1770,#1722,#304,.T.);
#2247=EDGE_CURVE('',#1708,#1777,#305,.T.);
#2248=EDGE_CURVE('',#1720,#1771,#306,.T.);
#2249=EDGE_CURVE('',#1778,#1779,#307,.T.);
#2250=EDGE_CURVE('',#1780,#1778,#308,.T.);
#2251=EDGE_CURVE('',#1781,#1780,#309,.T.);
#2252=EDGE_CURVE('',#1779,#1781,#310,.T.);
#2253=EDGE_CURVE('',#1782,#1783,#311,.T.);
#2254=EDGE_CURVE('',#1783,#1778,#1457,.F.);
#2255=EDGE_CURVE('',#1779,#1782,#1458,.F.);
#2256=EDGE_CURVE('',#1784,#1785,#312,.T.);
#2257=EDGE_CURVE('',#1783,#1784,#313,.T.);
#2258=EDGE_CURVE('',#1785,#1782,#314,.T.);
#2259=EDGE_CURVE('',#1786,#1787,#315,.T.);
#2260=EDGE_CURVE('',#1786,#1784,#1459,.T.);
#2261=EDGE_CURVE('',#1785,#1787,#1460,.T.);
#2262=EDGE_CURVE('',#1788,#1789,#316,.T.);
#2263=EDGE_CURVE('',#1786,#1789,#1461,.T.);
#2264=EDGE_CURVE('',#1787,#1788,#1462,.T.);
#2265=EDGE_CURVE('',#1790,#1791,#317,.T.);
#2266=EDGE_CURVE('',#1792,#1790,#37,.T.);
#2267=EDGE_CURVE('',#1793,#1792,#318,.T.);
#2268=EDGE_CURVE('',#1794,#1793,#319,.T.);
#2269=EDGE_CURVE('',#1795,#1794,#320,.T.);
#2270=EDGE_CURVE('',#1789,#1795,#38,.T.);
#2271=EDGE_CURVE('',#1796,#1788,#39,.T.);
#2272=EDGE_CURVE('',#1797,#1796,#321,.T.);
#2273=EDGE_CURVE('',#1798,#1797,#322,.T.);
#2274=EDGE_CURVE('',#1799,#1798,#323,.T.);
#2275=EDGE_CURVE('',#1791,#1799,#40,.T.);
#2276=EDGE_CURVE('',#1800,#1801,#324,.T.);
#2277=EDGE_CURVE('',#1790,#1801,#1463,.T.);
#2278=EDGE_CURVE('',#1791,#1800,#1464,.T.);
#2279=EDGE_CURVE('',#1802,#1803,#325,.T.);
#2280=EDGE_CURVE('',#1803,#1801,#1465,.T.);
#2281=EDGE_CURVE('',#1800,#1802,#1466,.T.);
#2282=EDGE_CURVE('',#1804,#1805,#326,.T.);
#2283=EDGE_CURVE('',#1803,#1804,#327,.T.);
#2284=EDGE_CURVE('',#1805,#1802,#328,.T.);
#2285=EDGE_CURVE('',#1806,#1807,#329,.T.);
#2286=EDGE_CURVE('',#1807,#1804,#1467,.F.);
#2287=EDGE_CURVE('',#1805,#1806,#1468,.F.);
#2288=EDGE_CURVE('',#1808,#1809,#330,.T.);
#2289=EDGE_CURVE('',#1810,#1808,#331,.T.);
#2290=EDGE_CURVE('',#1811,#1810,#332,.T.);
#2291=EDGE_CURVE('',#1809,#1811,#333,.T.);
#2292=EDGE_CURVE('',#1812,#1813,#334,.T.);
#2293=EDGE_CURVE('',#1814,#1812,#335,.T.);
#2294=EDGE_CURVE('',#1815,#1814,#336,.T.);
#2295=EDGE_CURVE('',#1813,#1815,#337,.T.);
#2296=EDGE_CURVE('',#1816,#1817,#338,.T.);
#2297=EDGE_CURVE('',#1807,#1816,#339,.T.);
#2298=EDGE_CURVE('',#1817,#1806,#340,.T.);
#2299=EDGE_CURVE('',#1808,#1803,#1469,.F.);
#2300=EDGE_CURVE('',#1804,#1810,#1470,.F.);
#2301=EDGE_CURVE('',#1811,#1814,#1471,.F.);
#2302=EDGE_CURVE('',#1812,#1809,#1472,.F.);
#2303=EDGE_CURVE('',#1809,#1818,#1473,.T.);
#2304=EDGE_CURVE('',#1818,#1819,#341,.T.);
#2305=EDGE_CURVE('',#1819,#1808,#1474,.T.);
#2306=EDGE_CURVE('',#1814,#1816,#1475,.F.);
#2307=EDGE_CURVE('',#1817,#1815,#1476,.F.);
#2308=EDGE_CURVE('',#1810,#1807,#1477,.F.);
#2309=EDGE_CURVE('',#1816,#1811,#1478,.F.);
#2310=EDGE_CURVE('',#1801,#1820,#41,.T.);
#2311=EDGE_CURVE('',#1819,#1820,#1479,.T.);
#2312=EDGE_CURVE('',#1821,#1822,#342,.T.);
#2313=EDGE_CURVE('',#1823,#1821,#343,.T.);
#2314=EDGE_CURVE('',#1824,#1823,#344,.T.);
#2315=EDGE_CURVE('',#1822,#1824,#345,.T.);
#2316=EDGE_CURVE('',#1825,#1826,#346,.T.);
#2317=EDGE_CURVE('',#1827,#1825,#347,.T.);
#2318=EDGE_CURVE('',#1828,#1827,#348,.T.);
#2319=EDGE_CURVE('',#1826,#1828,#349,.T.);
#2320=EDGE_CURVE('',#1780,#1825,#1480,.F.);
#2321=EDGE_CURVE('',#1826,#1781,#1481,.F.);
#2322=EDGE_CURVE('',#1821,#1780,#1482,.F.);
#2323=EDGE_CURVE('',#1778,#1823,#1483,.F.);
#2324=EDGE_CURVE('',#1823,#1783,#1484,.F.);
#2325=EDGE_CURVE('',#1784,#1824,#1485,.F.);
#2326=EDGE_CURVE('',#1824,#1829,#1486,.T.);
#2327=EDGE_CURVE('',#1829,#1830,#350,.T.);
#2328=EDGE_CURVE('',#1830,#1822,#1487,.T.);
#2329=EDGE_CURVE('',#1822,#1827,#1488,.F.);
#2330=EDGE_CURVE('',#1825,#1821,#1489,.F.);
#2331=EDGE_CURVE('',#1827,#1831,#1490,.T.);
#2332=EDGE_CURVE('',#1832,#1831,#351,.T.);
#2333=EDGE_CURVE('',#1832,#1828,#1491,.T.);
#2334=EDGE_CURVE('',#1831,#1833,#42,.T.);
#2335=EDGE_CURVE('',#1830,#1833,#1492,.T.);
#2336=EDGE_CURVE('',#1834,#1835,#352,.T.);
#2337=EDGE_CURVE('',#1836,#1834,#43,.T.);
#2338=EDGE_CURVE('',#1837,#1836,#353,.T.);
#2339=EDGE_CURVE('',#1838,#1837,#354,.T.);
#2340=EDGE_CURVE('',#1839,#1838,#355,.T.);
#2341=EDGE_CURVE('',#1840,#1839,#44,.T.);
#2342=EDGE_CURVE('',#1841,#1840,#356,.T.);
#2343=EDGE_CURVE('',#1842,#1841,#45,.T.);
#2344=EDGE_CURVE('',#1843,#1842,#357,.T.);
#2345=EDGE_CURVE('',#1844,#1843,#358,.T.);
#2346=EDGE_CURVE('',#1845,#1844,#359,.T.);
#2347=EDGE_CURVE('',#1835,#1845,#46,.T.);
#2348=EDGE_CURVE('',#1846,#1847,#360,.T.);
#2349=EDGE_CURVE('',#1848,#1846,#361,.T.);
#2350=EDGE_CURVE('',#1849,#1848,#362,.T.);
#2351=EDGE_CURVE('',#1847,#1849,#363,.T.);
#2352=EDGE_CURVE('',#1850,#1851,#364,.T.);
#2353=EDGE_CURVE('',#1852,#1850,#365,.T.);
#2354=EDGE_CURVE('',#1833,#1852,#366,.T.);
#2355=EDGE_CURVE('',#1851,#1829,#1493,.T.);
#2356=EDGE_CURVE('',#1851,#1786,#47,.T.);
#2357=EDGE_CURVE('',#1853,#1854,#367,.T.);
#2358=EDGE_CURVE('',#1855,#1853,#368,.T.);
#2359=EDGE_CURVE('',#1820,#1855,#369,.T.);
#2360=EDGE_CURVE('',#1854,#1818,#1494,.T.);
#2361=EDGE_CURVE('',#1854,#1856,#48,.T.);
#2362=EDGE_CURVE('',#1856,#1812,#1495,.T.);
#2363=EDGE_CURVE('',#1856,#1857,#370,.T.);
#2364=EDGE_CURVE('',#1813,#1857,#1496,.T.);
#2365=EDGE_CURVE('',#1851,#1795,#1497,.T.);
#2366=EDGE_CURVE('',#1794,#1850,#1498,.F.);
#2367=EDGE_CURVE('',#1849,#1852,#1499,.F.);
#2368=EDGE_CURVE('',#1850,#1847,#1500,.F.);
#2369=EDGE_CURVE('',#1834,#1831,#1501,.T.);
#2370=EDGE_CURVE('',#1835,#1832,#1502,.T.);
#2371=EDGE_CURVE('',#1836,#1833,#1503,.T.);
#2372=EDGE_CURVE('',#1852,#1837,#1504,.F.);
#2373=EDGE_CURVE('',#1848,#1838,#1505,.F.);
#2374=EDGE_CURVE('',#1837,#1849,#1506,.F.);
#2375=EDGE_CURVE('',#1856,#1840,#1507,.T.);
#2376=EDGE_CURVE('',#1857,#1841,#1508,.T.);
#2377=EDGE_CURVE('',#1854,#1839,#1509,.T.);
#2378=EDGE_CURVE('',#1838,#1853,#1510,.F.);
#2379=EDGE_CURVE('',#1846,#1855,#1511,.F.);
#2380=EDGE_CURVE('',#1853,#1848,#1512,.F.);
#2381=EDGE_CURVE('',#1792,#1820,#1513,.T.);
#2382=EDGE_CURVE('',#1855,#1793,#1514,.F.);
#2383=EDGE_CURVE('',#1847,#1794,#1515,.F.);
#2384=EDGE_CURVE('',#1793,#1846,#1516,.F.);
#2385=EDGE_CURVE('',#1858,#1797,#1517,.F.);
#2386=EDGE_CURVE('',#1859,#1858,#1518,.F.);
#2387=EDGE_CURVE('',#1797,#1859,#1519,.F.);
#2388=EDGE_CURVE('',#1860,#1798,#1520,.F.);
#2389=EDGE_CURVE('',#1861,#1860,#1521,.F.);
#2390=EDGE_CURVE('',#1798,#1861,#1522,.F.);
#2391=EDGE_CURVE('',#1844,#1862,#1523,.F.);
#2392=EDGE_CURVE('',#1863,#1844,#1524,.F.);
#2393=EDGE_CURVE('',#1862,#1863,#1525,.F.);
#2394=EDGE_CURVE('',#1799,#1864,#1526,.T.);
#2395=EDGE_CURVE('',#1864,#1800,#49,.T.);
#2396=EDGE_CURVE('',#1861,#1864,#371,.T.);
#2397=EDGE_CURVE('',#1865,#1843,#1527,.F.);
#2398=EDGE_CURVE('',#1866,#1865,#1528,.F.);
#2399=EDGE_CURVE('',#1843,#1866,#1529,.F.);
#2400=EDGE_CURVE('',#1865,#1861,#372,.T.);
#2401=EDGE_CURVE('',#1860,#1866,#373,.T.);
#2402=EDGE_CURVE('',#1866,#1863,#374,.T.);
#2403=EDGE_CURVE('',#1867,#1842,#1530,.T.);
#2404=EDGE_CURVE('',#1857,#1867,#50,.T.);
#2405=EDGE_CURVE('',#1867,#1865,#375,.T.);
#2406=EDGE_CURVE('',#1845,#1868,#1531,.T.);
#2407=EDGE_CURVE('',#1868,#1832,#51,.T.);
#2408=EDGE_CURVE('',#1862,#1868,#376,.T.);
#2409=EDGE_CURVE('',#1858,#1862,#377,.T.);
#2410=EDGE_CURVE('',#1863,#1859,#378,.T.);
#2411=EDGE_CURVE('',#1859,#1860,#379,.T.);
#2412=EDGE_CURVE('',#1869,#1796,#1532,.T.);
#2413=EDGE_CURVE('',#1787,#1869,#52,.T.);
#2414=EDGE_CURVE('',#1869,#1858,#380,.T.);
#2415=EDGE_CURVE('',#1870,#1813,#1533,.F.);
#2416=EDGE_CURVE('',#1871,#1870,#1534,.T.);
#2417=EDGE_CURVE('',#1871,#1867,#1535,.T.);
#2418=EDGE_CURVE('',#1872,#1785,#1536,.F.);
#2419=EDGE_CURVE('',#1873,#1872,#1537,.T.);
#2420=EDGE_CURVE('',#1873,#1869,#1538,.T.);
#2421=EDGE_CURVE('',#1874,#1826,#1539,.F.);
#2422=EDGE_CURVE('',#1781,#1874,#1540,.F.);
#2423=EDGE_CURVE('',#1868,#1875,#1541,.T.);
#2424=EDGE_CURVE('',#1876,#1875,#1542,.T.);
#2425=EDGE_CURVE('',#1828,#1876,#1543,.F.);
#2426=EDGE_CURVE('',#1877,#1779,#1544,.F.);
#2427=EDGE_CURVE('',#1782,#1877,#1545,.F.);
#2428=EDGE_CURVE('',#1874,#1877,#381,.T.);
#2429=EDGE_CURVE('',#1877,#1872,#382,.T.);
#2430=EDGE_CURVE('',#1875,#1873,#383,.T.);
#2431=EDGE_CURVE('',#1872,#1876,#384,.T.);
#2432=EDGE_CURVE('',#1876,#1874,#385,.T.);
#2433=EDGE_CURVE('',#1878,#1805,#1546,.F.);
#2434=EDGE_CURVE('',#1806,#1878,#1547,.F.);
#2435=EDGE_CURVE('',#1864,#1879,#1548,.T.);
#2436=EDGE_CURVE('',#1880,#1879,#1549,.T.);
#2437=EDGE_CURVE('',#1802,#1880,#1550,.F.);
#2438=EDGE_CURVE('',#1881,#1817,#1551,.F.);
#2439=EDGE_CURVE('',#1815,#1881,#1552,.F.);
#2440=EDGE_CURVE('',#1881,#1870,#386,.T.);
#2441=EDGE_CURVE('',#1879,#1871,#387,.T.);
#2442=EDGE_CURVE('',#1870,#1880,#388,.T.);
#2443=EDGE_CURVE('',#1878,#1881,#389,.T.);
#2444=EDGE_CURVE('',#1880,#1878,#390,.T.);
#2445=EDGE_CURVE('',#1882,#1883,#1553,.T.);
#2446=EDGE_CURVE('',#1883,#1884,#1554,.T.);
#2447=EDGE_CURVE('',#1884,#1884,#1555,.T.);
#2448=EDGE_CURVE('',#1883,#1882,#1556,.T.);
#2449=EDGE_CURVE('',#1882,#1885,#391,.T.);
#2450=EDGE_CURVE('',#1885,#1885,#1557,.T.);
#2451=EDGE_CURVE('',#1886,#1886,#1558,.T.);
#2452=EDGE_CURVE('',#1886,#1887,#1559,.T.);
#2453=EDGE_CURVE('',#1887,#1887,#1560,.T.);
#2454=EDGE_CURVE('',#1886,#1888,#392,.T.);
#2455=EDGE_CURVE('',#1888,#1888,#1561,.T.);
#2456=ORIENTED_EDGE('',*,*,#1889,.T.);
#2457=ORIENTED_EDGE('',*,*,#1890,.T.);
#2458=ORIENTED_EDGE('',*,*,#1891,.T.);
#2459=ORIENTED_EDGE('',*,*,#1892,.T.);
#2460=ORIENTED_EDGE('',*,*,#1893,.T.);
#2461=ORIENTED_EDGE('',*,*,#1894,.T.);
#2462=ORIENTED_EDGE('',*,*,#1891,.F.);
#2463=ORIENTED_EDGE('',*,*,#1895,.T.);
#2464=ORIENTED_EDGE('',*,*,#1896,.T.);
#2465=ORIENTED_EDGE('',*,*,#1897,.T.);
#2466=ORIENTED_EDGE('',*,*,#1893,.F.);
#2467=ORIENTED_EDGE('',*,*,#1898,.T.);
#2468=ORIENTED_EDGE('',*,*,#1899,.T.);
#2469=ORIENTED_EDGE('',*,*,#1900,.T.);
#2470=ORIENTED_EDGE('',*,*,#1896,.F.);
#2471=ORIENTED_EDGE('',*,*,#1901,.T.);
#2472=ORIENTED_EDGE('',*,*,#1902,.T.);
#2473=ORIENTED_EDGE('',*,*,#1903,.T.);
#2474=ORIENTED_EDGE('',*,*,#1899,.F.);
#2475=ORIENTED_EDGE('',*,*,#1904,.T.);
#2476=ORIENTED_EDGE('',*,*,#1905,.T.);
#2477=ORIENTED_EDGE('',*,*,#1906,.T.);
#2478=ORIENTED_EDGE('',*,*,#1902,.F.);
#2479=ORIENTED_EDGE('',*,*,#1907,.T.);
#2480=ORIENTED_EDGE('',*,*,#1908,.T.);
#2481=ORIENTED_EDGE('',*,*,#1909,.T.);
#2482=ORIENTED_EDGE('',*,*,#1905,.F.);
#2483=ORIENTED_EDGE('',*,*,#1910,.T.);
#2484=ORIENTED_EDGE('',*,*,#1911,.T.);
#2485=ORIENTED_EDGE('',*,*,#1912,.T.);
#2486=ORIENTED_EDGE('',*,*,#1908,.F.);
#2487=ORIENTED_EDGE('',*,*,#1913,.T.);
#2488=ORIENTED_EDGE('',*,*,#1914,.T.);
#2489=ORIENTED_EDGE('',*,*,#1915,.T.);
#2490=ORIENTED_EDGE('',*,*,#1911,.F.);
#2491=ORIENTED_EDGE('',*,*,#1916,.T.);
#2492=ORIENTED_EDGE('',*,*,#1917,.T.);
#2493=ORIENTED_EDGE('',*,*,#1918,.T.);
#2494=ORIENTED_EDGE('',*,*,#1914,.F.);
#2495=ORIENTED_EDGE('',*,*,#1919,.T.);
#2496=ORIENTED_EDGE('',*,*,#1920,.T.);
#2497=ORIENTED_EDGE('',*,*,#1921,.T.);
#2498=ORIENTED_EDGE('',*,*,#1917,.F.);
#2499=ORIENTED_EDGE('',*,*,#1922,.T.);
#2500=ORIENTED_EDGE('',*,*,#1923,.T.);
#2501=ORIENTED_EDGE('',*,*,#1924,.T.);
#2502=ORIENTED_EDGE('',*,*,#1920,.F.);
#2503=ORIENTED_EDGE('',*,*,#1925,.T.);
#2504=ORIENTED_EDGE('',*,*,#1926,.T.);
#2505=ORIENTED_EDGE('',*,*,#1927,.T.);
#2506=ORIENTED_EDGE('',*,*,#1923,.F.);
#2507=ORIENTED_EDGE('',*,*,#1928,.T.);
#2508=ORIENTED_EDGE('',*,*,#1929,.T.);
#2509=ORIENTED_EDGE('',*,*,#1930,.T.);
#2510=ORIENTED_EDGE('',*,*,#1926,.F.);
#2511=ORIENTED_EDGE('',*,*,#1931,.T.);
#2512=ORIENTED_EDGE('',*,*,#1932,.T.);
#2513=ORIENTED_EDGE('',*,*,#1933,.T.);
#2514=ORIENTED_EDGE('',*,*,#1929,.F.);
#2515=ORIENTED_EDGE('',*,*,#1934,.T.);
#2516=ORIENTED_EDGE('',*,*,#1935,.T.);
#2517=ORIENTED_EDGE('',*,*,#1936,.T.);
#2518=ORIENTED_EDGE('',*,*,#1932,.F.);
#2519=ORIENTED_EDGE('',*,*,#1937,.T.);
#2520=ORIENTED_EDGE('',*,*,#1938,.T.);
#2521=ORIENTED_EDGE('',*,*,#1939,.T.);
#2522=ORIENTED_EDGE('',*,*,#1935,.F.);
#2523=ORIENTED_EDGE('',*,*,#1940,.T.);
#2524=ORIENTED_EDGE('',*,*,#1941,.T.);
#2525=ORIENTED_EDGE('',*,*,#1942,.T.);
#2526=ORIENTED_EDGE('',*,*,#1938,.F.);
#2527=ORIENTED_EDGE('',*,*,#1943,.T.);
#2528=ORIENTED_EDGE('',*,*,#1944,.T.);
#2529=ORIENTED_EDGE('',*,*,#1945,.T.);
#2530=ORIENTED_EDGE('',*,*,#1941,.F.);
#2531=ORIENTED_EDGE('',*,*,#1946,.T.);
#2532=ORIENTED_EDGE('',*,*,#1947,.T.);
#2533=ORIENTED_EDGE('',*,*,#1948,.T.);
#2534=ORIENTED_EDGE('',*,*,#1944,.F.);
#2535=ORIENTED_EDGE('',*,*,#1949,.T.);
#2536=ORIENTED_EDGE('',*,*,#1950,.T.);
#2537=ORIENTED_EDGE('',*,*,#1951,.T.);
#2538=ORIENTED_EDGE('',*,*,#1947,.F.);
#2539=ORIENTED_EDGE('',*,*,#1952,.T.);
#2540=ORIENTED_EDGE('',*,*,#1953,.T.);
#2541=ORIENTED_EDGE('',*,*,#1954,.T.);
#2542=ORIENTED_EDGE('',*,*,#1950,.F.);
#2543=ORIENTED_EDGE('',*,*,#1955,.T.);
#2544=ORIENTED_EDGE('',*,*,#1956,.T.);
#2545=ORIENTED_EDGE('',*,*,#1957,.T.);
#2546=ORIENTED_EDGE('',*,*,#1953,.F.);
#2547=ORIENTED_EDGE('',*,*,#1958,.T.);
#2548=ORIENTED_EDGE('',*,*,#1959,.T.);
#2549=ORIENTED_EDGE('',*,*,#1960,.T.);
#2550=ORIENTED_EDGE('',*,*,#1956,.F.);
#2551=ORIENTED_EDGE('',*,*,#1961,.T.);
#2552=ORIENTED_EDGE('',*,*,#1962,.T.);
#2553=ORIENTED_EDGE('',*,*,#1963,.T.);
#2554=ORIENTED_EDGE('',*,*,#1959,.F.);
#2555=ORIENTED_EDGE('',*,*,#1964,.T.);
#2556=ORIENTED_EDGE('',*,*,#1965,.T.);
#2557=ORIENTED_EDGE('',*,*,#1966,.T.);
#2558=ORIENTED_EDGE('',*,*,#1962,.F.);
#2559=ORIENTED_EDGE('',*,*,#1967,.T.);
#2560=ORIENTED_EDGE('',*,*,#1968,.T.);
#2561=ORIENTED_EDGE('',*,*,#1969,.T.);
#2562=ORIENTED_EDGE('',*,*,#1965,.F.);
#2563=ORIENTED_EDGE('',*,*,#1970,.T.);
#2564=ORIENTED_EDGE('',*,*,#1971,.T.);
#2565=ORIENTED_EDGE('',*,*,#1972,.T.);
#2566=ORIENTED_EDGE('',*,*,#1968,.F.);
#2567=ORIENTED_EDGE('',*,*,#1973,.T.);
#2568=ORIENTED_EDGE('',*,*,#1974,.T.);
#2569=ORIENTED_EDGE('',*,*,#1975,.T.);
#2570=ORIENTED_EDGE('',*,*,#1971,.F.);
#2571=ORIENTED_EDGE('',*,*,#1976,.T.);
#2572=ORIENTED_EDGE('',*,*,#1977,.T.);
#2573=ORIENTED_EDGE('',*,*,#1978,.T.);
#2574=ORIENTED_EDGE('',*,*,#1974,.F.);
#2575=ORIENTED_EDGE('',*,*,#1979,.T.);
#2576=ORIENTED_EDGE('',*,*,#1980,.T.);
#2577=ORIENTED_EDGE('',*,*,#1981,.T.);
#2578=ORIENTED_EDGE('',*,*,#1977,.F.);
#2579=ORIENTED_EDGE('',*,*,#1982,.T.);
#2580=ORIENTED_EDGE('',*,*,#1983,.T.);
#2581=ORIENTED_EDGE('',*,*,#1984,.T.);
#2582=ORIENTED_EDGE('',*,*,#1980,.F.);
#2583=ORIENTED_EDGE('',*,*,#1985,.T.);
#2584=ORIENTED_EDGE('',*,*,#1986,.T.);
#2585=ORIENTED_EDGE('',*,*,#1987,.T.);
#2586=ORIENTED_EDGE('',*,*,#1983,.F.);
#2587=ORIENTED_EDGE('',*,*,#1988,.T.);
#2588=ORIENTED_EDGE('',*,*,#1989,.T.);
#2589=ORIENTED_EDGE('',*,*,#1990,.T.);
#2590=ORIENTED_EDGE('',*,*,#1986,.F.);
#2591=ORIENTED_EDGE('',*,*,#1991,.T.);
#2592=ORIENTED_EDGE('',*,*,#1992,.T.);
#2593=ORIENTED_EDGE('',*,*,#1993,.T.);
#2594=ORIENTED_EDGE('',*,*,#1989,.F.);
#2595=ORIENTED_EDGE('',*,*,#1994,.T.);
#2596=ORIENTED_EDGE('',*,*,#1889,.F.);
#2597=ORIENTED_EDGE('',*,*,#1995,.T.);
#2598=ORIENTED_EDGE('',*,*,#1992,.F.);
#2599=ORIENTED_EDGE('',*,*,#1996,.T.);
#2600=ORIENTED_EDGE('',*,*,#1948,.F.);
#2601=ORIENTED_EDGE('',*,*,#1997,.F.);
#2602=ORIENTED_EDGE('',*,*,#1998,.F.);
#2603=ORIENTED_EDGE('',*,*,#1999,.F.);
#2604=ORIENTED_EDGE('',*,*,#1951,.F.);
#2605=ORIENTED_EDGE('',*,*,#2000,.T.);
#2606=ORIENTED_EDGE('',*,*,#2001,.T.);
#2607=ORIENTED_EDGE('',*,*,#1997,.T.);
#2608=ORIENTED_EDGE('',*,*,#1954,.F.);
#2609=ORIENTED_EDGE('',*,*,#2002,.F.);
#2610=ORIENTED_EDGE('',*,*,#2003,.F.);
#2611=ORIENTED_EDGE('',*,*,#2000,.F.);
#2612=ORIENTED_EDGE('',*,*,#1957,.F.);
#2613=ORIENTED_EDGE('',*,*,#2004,.T.);
#2614=ORIENTED_EDGE('',*,*,#2005,.T.);
#2615=ORIENTED_EDGE('',*,*,#2002,.T.);
#2616=ORIENTED_EDGE('',*,*,#1960,.F.);
#2617=ORIENTED_EDGE('',*,*,#2006,.F.);
#2618=ORIENTED_EDGE('',*,*,#2007,.F.);
#2619=ORIENTED_EDGE('',*,*,#2004,.F.);
#2620=ORIENTED_EDGE('',*,*,#1963,.F.);
#2621=ORIENTED_EDGE('',*,*,#2008,.T.);
#2622=ORIENTED_EDGE('',*,*,#2009,.T.);
#2623=ORIENTED_EDGE('',*,*,#2006,.T.);
#2624=ORIENTED_EDGE('',*,*,#1966,.F.);
#2625=ORIENTED_EDGE('',*,*,#2010,.F.);
#2626=ORIENTED_EDGE('',*,*,#2011,.T.);
#2627=ORIENTED_EDGE('',*,*,#2008,.F.);
#2628=ORIENTED_EDGE('',*,*,#1969,.F.);
#2629=ORIENTED_EDGE('',*,*,#2012,.T.);
#2630=ORIENTED_EDGE('',*,*,#2013,.T.);
#2631=ORIENTED_EDGE('',*,*,#2010,.T.);
#2632=ORIENTED_EDGE('',*,*,#1972,.F.);
#2633=ORIENTED_EDGE('',*,*,#2014,.F.);
#2634=ORIENTED_EDGE('',*,*,#2015,.F.);
#2635=ORIENTED_EDGE('',*,*,#2012,.F.);
#2636=ORIENTED_EDGE('',*,*,#1975,.F.);
#2637=ORIENTED_EDGE('',*,*,#2016,.T.);
#2638=ORIENTED_EDGE('',*,*,#2017,.T.);
#2639=ORIENTED_EDGE('',*,*,#2014,.T.);
#2640=ORIENTED_EDGE('',*,*,#1978,.F.);
#2641=ORIENTED_EDGE('',*,*,#2018,.F.);
#2642=ORIENTED_EDGE('',*,*,#2019,.F.);
#2643=ORIENTED_EDGE('',*,*,#2016,.F.);
#2644=ORIENTED_EDGE('',*,*,#1981,.F.);
#2645=ORIENTED_EDGE('',*,*,#2020,.T.);
#2646=ORIENTED_EDGE('',*,*,#2021,.T.);
#2647=ORIENTED_EDGE('',*,*,#2018,.T.);
#2648=ORIENTED_EDGE('',*,*,#1984,.F.);
#2649=ORIENTED_EDGE('',*,*,#2022,.F.);
#2650=ORIENTED_EDGE('',*,*,#2023,.F.);
#2651=ORIENTED_EDGE('',*,*,#2020,.F.);
#2652=ORIENTED_EDGE('',*,*,#1987,.F.);
#2653=ORIENTED_EDGE('',*,*,#2024,.F.);
#2654=ORIENTED_EDGE('',*,*,#2025,.T.);
#2655=ORIENTED_EDGE('',*,*,#2022,.T.);
#2656=ORIENTED_EDGE('',*,*,#1990,.F.);
#2657=ORIENTED_EDGE('',*,*,#2026,.T.);
#2658=ORIENTED_EDGE('',*,*,#2027,.T.);
#2659=ORIENTED_EDGE('',*,*,#2024,.T.);
#2660=ORIENTED_EDGE('',*,*,#1993,.F.);
#2661=ORIENTED_EDGE('',*,*,#2028,.F.);
#2662=ORIENTED_EDGE('',*,*,#2029,.T.);
#2663=ORIENTED_EDGE('',*,*,#2026,.F.);
#2664=ORIENTED_EDGE('',*,*,#1995,.F.);
#2665=ORIENTED_EDGE('',*,*,#2030,.F.);
#2666=ORIENTED_EDGE('',*,*,#2031,.T.);
#2667=ORIENTED_EDGE('',*,*,#2028,.T.);
#2668=ORIENTED_EDGE('',*,*,#1892,.F.);
#2669=ORIENTED_EDGE('',*,*,#2032,.T.);
#2670=ORIENTED_EDGE('',*,*,#2033,.F.);
#2671=ORIENTED_EDGE('',*,*,#2030,.T.);
#2672=ORIENTED_EDGE('',*,*,#1890,.F.);
#2673=ORIENTED_EDGE('',*,*,#1996,.F.);
#2674=ORIENTED_EDGE('',*,*,#1994,.F.);
#2675=ORIENTED_EDGE('',*,*,#1991,.F.);
#2676=ORIENTED_EDGE('',*,*,#1988,.F.);
#2677=ORIENTED_EDGE('',*,*,#1985,.F.);
#2678=ORIENTED_EDGE('',*,*,#1982,.F.);
#2679=ORIENTED_EDGE('',*,*,#1979,.F.);
#2680=ORIENTED_EDGE('',*,*,#1976,.F.);
#2681=ORIENTED_EDGE('',*,*,#1973,.F.);
#2682=ORIENTED_EDGE('',*,*,#1970,.F.);
#2683=ORIENTED_EDGE('',*,*,#1967,.F.);
#2684=ORIENTED_EDGE('',*,*,#1964,.F.);
#2685=ORIENTED_EDGE('',*,*,#1961,.F.);
#2686=ORIENTED_EDGE('',*,*,#1958,.F.);
#2687=ORIENTED_EDGE('',*,*,#1955,.F.);
#2688=ORIENTED_EDGE('',*,*,#1952,.F.);
#2689=ORIENTED_EDGE('',*,*,#1949,.F.);
#2690=ORIENTED_EDGE('',*,*,#1946,.F.);
#2691=ORIENTED_EDGE('',*,*,#1943,.F.);
#2692=ORIENTED_EDGE('',*,*,#1940,.F.);
#2693=ORIENTED_EDGE('',*,*,#1937,.F.);
#2694=ORIENTED_EDGE('',*,*,#1934,.F.);
#2695=ORIENTED_EDGE('',*,*,#1931,.F.);
#2696=ORIENTED_EDGE('',*,*,#1928,.F.);
#2697=ORIENTED_EDGE('',*,*,#1925,.F.);
#2698=ORIENTED_EDGE('',*,*,#1922,.F.);
#2699=ORIENTED_EDGE('',*,*,#1919,.F.);
#2700=ORIENTED_EDGE('',*,*,#1916,.F.);
#2701=ORIENTED_EDGE('',*,*,#1913,.F.);
#2702=ORIENTED_EDGE('',*,*,#1910,.F.);
#2703=ORIENTED_EDGE('',*,*,#1907,.F.);
#2704=ORIENTED_EDGE('',*,*,#1904,.F.);
#2705=ORIENTED_EDGE('',*,*,#1901,.F.);
#2706=ORIENTED_EDGE('',*,*,#1898,.F.);
#2707=ORIENTED_EDGE('',*,*,#1895,.F.);
#2708=ORIENTED_EDGE('',*,*,#1894,.F.);
#2709=ORIENTED_EDGE('',*,*,#2034,.F.);
#2710=ORIENTED_EDGE('',*,*,#2035,.F.);
#2711=ORIENTED_EDGE('',*,*,#2032,.F.);
#2712=ORIENTED_EDGE('',*,*,#1903,.F.);
#2713=ORIENTED_EDGE('',*,*,#2036,.T.);
#2714=ORIENTED_EDGE('',*,*,#2037,.T.);
#2715=ORIENTED_EDGE('',*,*,#2038,.T.);
#2716=ORIENTED_EDGE('',*,*,#1900,.F.);
#2717=ORIENTED_EDGE('',*,*,#2038,.F.);
#2718=ORIENTED_EDGE('',*,*,#2039,.T.);
#2719=ORIENTED_EDGE('',*,*,#2040,.F.);
#2720=ORIENTED_EDGE('',*,*,#1897,.F.);
#2721=ORIENTED_EDGE('',*,*,#2040,.T.);
#2722=ORIENTED_EDGE('',*,*,#2041,.T.);
#2723=ORIENTED_EDGE('',*,*,#2034,.T.);
#2724=ORIENTED_EDGE('',*,*,#2035,.T.);
#2725=ORIENTED_EDGE('',*,*,#2041,.F.);
#2726=ORIENTED_EDGE('',*,*,#2039,.F.);
#2727=ORIENTED_EDGE('',*,*,#2037,.F.);
#2728=ORIENTED_EDGE('',*,*,#2042,.T.);
#2729=ORIENTED_EDGE('',*,*,#2043,.F.);
#2730=ORIENTED_EDGE('',*,*,#2044,.T.);
#2731=ORIENTED_EDGE('',*,*,#2045,.F.);
#2732=ORIENTED_EDGE('',*,*,#2046,.F.);
#2733=ORIENTED_EDGE('',*,*,#2047,.F.);
#2734=ORIENTED_EDGE('',*,*,#2048,.T.);
#2735=ORIENTED_EDGE('',*,*,#2049,.F.);
#2736=ORIENTED_EDGE('',*,*,#2050,.T.);
#2737=ORIENTED_EDGE('',*,*,#2051,.F.);
#2738=ORIENTED_EDGE('',*,*,#2052,.T.);
#2739=ORIENTED_EDGE('',*,*,#2053,.F.);
#2740=ORIENTED_EDGE('',*,*,#2054,.T.);
#2741=ORIENTED_EDGE('',*,*,#2055,.F.);
#2742=ORIENTED_EDGE('',*,*,#1998,.T.);
#2743=ORIENTED_EDGE('',*,*,#2001,.F.);
#2744=ORIENTED_EDGE('',*,*,#2003,.T.);
#2745=ORIENTED_EDGE('',*,*,#2005,.F.);
#2746=ORIENTED_EDGE('',*,*,#2007,.T.);
#2747=ORIENTED_EDGE('',*,*,#2009,.F.);
#2748=ORIENTED_EDGE('',*,*,#2011,.F.);
#2749=ORIENTED_EDGE('',*,*,#2013,.F.);
#2750=ORIENTED_EDGE('',*,*,#2015,.T.);
#2751=ORIENTED_EDGE('',*,*,#2017,.F.);
#2752=ORIENTED_EDGE('',*,*,#2019,.T.);
#2753=ORIENTED_EDGE('',*,*,#2021,.F.);
#2754=ORIENTED_EDGE('',*,*,#2023,.T.);
#2755=ORIENTED_EDGE('',*,*,#2025,.F.);
#2756=ORIENTED_EDGE('',*,*,#2027,.F.);
#2757=ORIENTED_EDGE('',*,*,#2029,.F.);
#2758=ORIENTED_EDGE('',*,*,#2031,.F.);
#2759=ORIENTED_EDGE('',*,*,#2033,.T.);
#2760=ORIENTED_EDGE('',*,*,#1909,.F.);
#2761=ORIENTED_EDGE('',*,*,#2056,.T.);
#2762=ORIENTED_EDGE('',*,*,#2043,.T.);
#2763=ORIENTED_EDGE('',*,*,#2057,.T.);
#2764=ORIENTED_EDGE('',*,*,#1912,.F.);
#2765=ORIENTED_EDGE('',*,*,#2058,.F.);
#2766=ORIENTED_EDGE('',*,*,#2044,.F.);
#2767=ORIENTED_EDGE('',*,*,#2056,.F.);
#2768=ORIENTED_EDGE('',*,*,#1921,.F.);
#2769=ORIENTED_EDGE('',*,*,#2059,.T.);
#2770=ORIENTED_EDGE('',*,*,#2047,.T.);
#2771=ORIENTED_EDGE('',*,*,#2060,.T.);
#2772=ORIENTED_EDGE('',*,*,#1924,.F.);
#2773=ORIENTED_EDGE('',*,*,#2061,.F.);
#2774=ORIENTED_EDGE('',*,*,#2048,.F.);
#2775=ORIENTED_EDGE('',*,*,#2059,.F.);
#2776=ORIENTED_EDGE('',*,*,#1927,.F.);
#2777=ORIENTED_EDGE('',*,*,#2062,.T.);
#2778=ORIENTED_EDGE('',*,*,#2049,.T.);
#2779=ORIENTED_EDGE('',*,*,#2061,.T.);
#2780=ORIENTED_EDGE('',*,*,#1939,.F.);
#2781=ORIENTED_EDGE('',*,*,#2063,.T.);
#2782=ORIENTED_EDGE('',*,*,#2053,.T.);
#2783=ORIENTED_EDGE('',*,*,#2064,.T.);
#2784=ORIENTED_EDGE('',*,*,#1942,.F.);
#2785=ORIENTED_EDGE('',*,*,#2065,.F.);
#2786=ORIENTED_EDGE('',*,*,#2054,.F.);
#2787=ORIENTED_EDGE('',*,*,#2063,.F.);
#2788=ORIENTED_EDGE('',*,*,#1945,.F.);
#2789=ORIENTED_EDGE('',*,*,#1999,.T.);
#2790=ORIENTED_EDGE('',*,*,#2055,.T.);
#2791=ORIENTED_EDGE('',*,*,#2065,.T.);
#2792=ORIENTED_EDGE('',*,*,#1933,.F.);
#2793=ORIENTED_EDGE('',*,*,#2066,.T.);
#2794=ORIENTED_EDGE('',*,*,#2051,.T.);
#2795=ORIENTED_EDGE('',*,*,#2067,.T.);
#2796=ORIENTED_EDGE('',*,*,#1930,.F.);
#2797=ORIENTED_EDGE('',*,*,#2067,.F.);
#2798=ORIENTED_EDGE('',*,*,#2050,.F.);
#2799=ORIENTED_EDGE('',*,*,#2062,.F.);
#2800=ORIENTED_EDGE('',*,*,#1915,.F.);
#2801=ORIENTED_EDGE('',*,*,#2068,.T.);
#2802=ORIENTED_EDGE('',*,*,#2045,.T.);
#2803=ORIENTED_EDGE('',*,*,#2058,.T.);
#2804=ORIENTED_EDGE('',*,*,#1906,.F.);
#2805=ORIENTED_EDGE('',*,*,#2057,.F.);
#2806=ORIENTED_EDGE('',*,*,#2042,.F.);
#2807=ORIENTED_EDGE('',*,*,#2036,.F.);
#2808=ORIENTED_EDGE('',*,*,#1918,.F.);
#2809=ORIENTED_EDGE('',*,*,#2060,.F.);
#2810=ORIENTED_EDGE('',*,*,#2046,.T.);
#2811=ORIENTED_EDGE('',*,*,#2068,.F.);
#2812=ORIENTED_EDGE('',*,*,#1936,.F.);
#2813=ORIENTED_EDGE('',*,*,#2064,.F.);
#2814=ORIENTED_EDGE('',*,*,#2052,.F.);
#2815=ORIENTED_EDGE('',*,*,#2066,.F.);
#2816=ORIENTED_EDGE('',*,*,#2069,.T.);
#2817=ORIENTED_EDGE('',*,*,#2070,.T.);
#2818=ORIENTED_EDGE('',*,*,#2071,.T.);
#2819=ORIENTED_EDGE('',*,*,#2072,.T.);
#2820=ORIENTED_EDGE('',*,*,#2073,.T.);
#2821=ORIENTED_EDGE('',*,*,#2074,.T.);
#2822=ORIENTED_EDGE('',*,*,#2071,.F.);
#2823=ORIENTED_EDGE('',*,*,#2075,.T.);
#2824=ORIENTED_EDGE('',*,*,#2076,.T.);
#2825=ORIENTED_EDGE('',*,*,#2077,.T.);
#2826=ORIENTED_EDGE('',*,*,#2073,.F.);
#2827=ORIENTED_EDGE('',*,*,#2078,.T.);
#2828=ORIENTED_EDGE('',*,*,#2079,.T.);
#2829=ORIENTED_EDGE('',*,*,#2080,.T.);
#2830=ORIENTED_EDGE('',*,*,#2076,.F.);
#2831=ORIENTED_EDGE('',*,*,#2081,.T.);
#2832=ORIENTED_EDGE('',*,*,#2082,.T.);
#2833=ORIENTED_EDGE('',*,*,#2083,.T.);
#2834=ORIENTED_EDGE('',*,*,#2079,.F.);
#2835=ORIENTED_EDGE('',*,*,#2084,.T.);
#2836=ORIENTED_EDGE('',*,*,#2085,.T.);
#2837=ORIENTED_EDGE('',*,*,#2086,.T.);
#2838=ORIENTED_EDGE('',*,*,#2082,.F.);
#2839=ORIENTED_EDGE('',*,*,#2087,.T.);
#2840=ORIENTED_EDGE('',*,*,#2088,.T.);
#2841=ORIENTED_EDGE('',*,*,#2089,.T.);
#2842=ORIENTED_EDGE('',*,*,#2085,.F.);
#2843=ORIENTED_EDGE('',*,*,#2090,.T.);
#2844=ORIENTED_EDGE('',*,*,#2091,.T.);
#2845=ORIENTED_EDGE('',*,*,#2092,.T.);
#2846=ORIENTED_EDGE('',*,*,#2088,.F.);
#2847=ORIENTED_EDGE('',*,*,#2093,.T.);
#2848=ORIENTED_EDGE('',*,*,#2094,.T.);
#2849=ORIENTED_EDGE('',*,*,#2095,.T.);
#2850=ORIENTED_EDGE('',*,*,#2091,.F.);
#2851=ORIENTED_EDGE('',*,*,#2096,.T.);
#2852=ORIENTED_EDGE('',*,*,#2097,.T.);
#2853=ORIENTED_EDGE('',*,*,#2098,.T.);
#2854=ORIENTED_EDGE('',*,*,#2094,.F.);
#2855=ORIENTED_EDGE('',*,*,#2099,.T.);
#2856=ORIENTED_EDGE('',*,*,#2100,.T.);
#2857=ORIENTED_EDGE('',*,*,#2101,.T.);
#2858=ORIENTED_EDGE('',*,*,#2097,.F.);
#2859=ORIENTED_EDGE('',*,*,#2102,.T.);
#2860=ORIENTED_EDGE('',*,*,#2103,.T.);
#2861=ORIENTED_EDGE('',*,*,#2104,.T.);
#2862=ORIENTED_EDGE('',*,*,#2100,.F.);
#2863=ORIENTED_EDGE('',*,*,#2105,.T.);
#2864=ORIENTED_EDGE('',*,*,#2106,.T.);
#2865=ORIENTED_EDGE('',*,*,#2107,.T.);
#2866=ORIENTED_EDGE('',*,*,#2103,.F.);
#2867=ORIENTED_EDGE('',*,*,#2108,.T.);
#2868=ORIENTED_EDGE('',*,*,#2109,.T.);
#2869=ORIENTED_EDGE('',*,*,#2110,.T.);
#2870=ORIENTED_EDGE('',*,*,#2106,.F.);
#2871=ORIENTED_EDGE('',*,*,#2111,.T.);
#2872=ORIENTED_EDGE('',*,*,#2112,.T.);
#2873=ORIENTED_EDGE('',*,*,#2113,.T.);
#2874=ORIENTED_EDGE('',*,*,#2109,.F.);
#2875=ORIENTED_EDGE('',*,*,#2114,.T.);
#2876=ORIENTED_EDGE('',*,*,#2115,.T.);
#2877=ORIENTED_EDGE('',*,*,#2116,.T.);
#2878=ORIENTED_EDGE('',*,*,#2112,.F.);
#2879=ORIENTED_EDGE('',*,*,#2117,.T.);
#2880=ORIENTED_EDGE('',*,*,#2118,.T.);
#2881=ORIENTED_EDGE('',*,*,#2119,.T.);
#2882=ORIENTED_EDGE('',*,*,#2115,.F.);
#2883=ORIENTED_EDGE('',*,*,#2120,.T.);
#2884=ORIENTED_EDGE('',*,*,#2121,.T.);
#2885=ORIENTED_EDGE('',*,*,#2122,.T.);
#2886=ORIENTED_EDGE('',*,*,#2118,.F.);
#2887=ORIENTED_EDGE('',*,*,#2123,.T.);
#2888=ORIENTED_EDGE('',*,*,#2124,.T.);
#2889=ORIENTED_EDGE('',*,*,#2125,.T.);
#2890=ORIENTED_EDGE('',*,*,#2121,.F.);
#2891=ORIENTED_EDGE('',*,*,#2126,.T.);
#2892=ORIENTED_EDGE('',*,*,#2127,.T.);
#2893=ORIENTED_EDGE('',*,*,#2128,.T.);
#2894=ORIENTED_EDGE('',*,*,#2124,.F.);
#2895=ORIENTED_EDGE('',*,*,#2129,.T.);
#2896=ORIENTED_EDGE('',*,*,#2130,.T.);
#2897=ORIENTED_EDGE('',*,*,#2131,.T.);
#2898=ORIENTED_EDGE('',*,*,#2127,.F.);
#2899=ORIENTED_EDGE('',*,*,#2132,.T.);
#2900=ORIENTED_EDGE('',*,*,#2133,.T.);
#2901=ORIENTED_EDGE('',*,*,#2134,.T.);
#2902=ORIENTED_EDGE('',*,*,#2130,.F.);
#2903=ORIENTED_EDGE('',*,*,#2135,.T.);
#2904=ORIENTED_EDGE('',*,*,#2136,.T.);
#2905=ORIENTED_EDGE('',*,*,#2137,.T.);
#2906=ORIENTED_EDGE('',*,*,#2133,.F.);
#2907=ORIENTED_EDGE('',*,*,#2138,.T.);
#2908=ORIENTED_EDGE('',*,*,#2139,.T.);
#2909=ORIENTED_EDGE('',*,*,#2140,.T.);
#2910=ORIENTED_EDGE('',*,*,#2136,.F.);
#2911=ORIENTED_EDGE('',*,*,#2141,.T.);
#2912=ORIENTED_EDGE('',*,*,#2142,.T.);
#2913=ORIENTED_EDGE('',*,*,#2143,.T.);
#2914=ORIENTED_EDGE('',*,*,#2139,.F.);
#2915=ORIENTED_EDGE('',*,*,#2144,.T.);
#2916=ORIENTED_EDGE('',*,*,#2145,.T.);
#2917=ORIENTED_EDGE('',*,*,#2146,.T.);
#2918=ORIENTED_EDGE('',*,*,#2142,.F.);
#2919=ORIENTED_EDGE('',*,*,#2147,.T.);
#2920=ORIENTED_EDGE('',*,*,#2148,.T.);
#2921=ORIENTED_EDGE('',*,*,#2149,.T.);
#2922=ORIENTED_EDGE('',*,*,#2145,.F.);
#2923=ORIENTED_EDGE('',*,*,#2150,.T.);
#2924=ORIENTED_EDGE('',*,*,#2151,.T.);
#2925=ORIENTED_EDGE('',*,*,#2152,.T.);
#2926=ORIENTED_EDGE('',*,*,#2148,.F.);
#2927=ORIENTED_EDGE('',*,*,#2153,.T.);
#2928=ORIENTED_EDGE('',*,*,#2154,.T.);
#2929=ORIENTED_EDGE('',*,*,#2155,.T.);
#2930=ORIENTED_EDGE('',*,*,#2151,.F.);
#2931=ORIENTED_EDGE('',*,*,#2156,.T.);
#2932=ORIENTED_EDGE('',*,*,#2157,.T.);
#2933=ORIENTED_EDGE('',*,*,#2158,.T.);
#2934=ORIENTED_EDGE('',*,*,#2154,.F.);
#2935=ORIENTED_EDGE('',*,*,#2159,.T.);
#2936=ORIENTED_EDGE('',*,*,#2160,.T.);
#2937=ORIENTED_EDGE('',*,*,#2161,.T.);
#2938=ORIENTED_EDGE('',*,*,#2157,.F.);
#2939=ORIENTED_EDGE('',*,*,#2162,.T.);
#2940=ORIENTED_EDGE('',*,*,#2163,.T.);
#2941=ORIENTED_EDGE('',*,*,#2164,.T.);
#2942=ORIENTED_EDGE('',*,*,#2160,.F.);
#2943=ORIENTED_EDGE('',*,*,#2165,.T.);
#2944=ORIENTED_EDGE('',*,*,#2166,.T.);
#2945=ORIENTED_EDGE('',*,*,#2167,.T.);
#2946=ORIENTED_EDGE('',*,*,#2163,.F.);
#2947=ORIENTED_EDGE('',*,*,#2168,.T.);
#2948=ORIENTED_EDGE('',*,*,#2169,.T.);
#2949=ORIENTED_EDGE('',*,*,#2170,.T.);
#2950=ORIENTED_EDGE('',*,*,#2166,.F.);
#2951=ORIENTED_EDGE('',*,*,#2171,.T.);
#2952=ORIENTED_EDGE('',*,*,#2172,.T.);
#2953=ORIENTED_EDGE('',*,*,#2173,.T.);
#2954=ORIENTED_EDGE('',*,*,#2169,.F.);
#2955=ORIENTED_EDGE('',*,*,#2174,.T.);
#2956=ORIENTED_EDGE('',*,*,#2172,.F.);
#2957=ORIENTED_EDGE('',*,*,#2175,.T.);
#2958=ORIENTED_EDGE('',*,*,#2069,.F.);
#2959=ORIENTED_EDGE('',*,*,#2176,.T.);
#2960=ORIENTED_EDGE('',*,*,#2123,.F.);
#2961=ORIENTED_EDGE('',*,*,#2177,.T.);
#2962=ORIENTED_EDGE('',*,*,#2178,.T.);
#2963=ORIENTED_EDGE('',*,*,#2179,.T.);
#2964=ORIENTED_EDGE('',*,*,#2120,.F.);
#2965=ORIENTED_EDGE('',*,*,#2180,.F.);
#2966=ORIENTED_EDGE('',*,*,#2181,.T.);
#2967=ORIENTED_EDGE('',*,*,#2177,.F.);
#2968=ORIENTED_EDGE('',*,*,#2117,.F.);
#2969=ORIENTED_EDGE('',*,*,#2182,.T.);
#2970=ORIENTED_EDGE('',*,*,#2183,.T.);
#2971=ORIENTED_EDGE('',*,*,#2180,.T.);
#2972=ORIENTED_EDGE('',*,*,#2114,.F.);
#2973=ORIENTED_EDGE('',*,*,#2184,.F.);
#2974=ORIENTED_EDGE('',*,*,#2185,.T.);
#2975=ORIENTED_EDGE('',*,*,#2182,.F.);
#2976=ORIENTED_EDGE('',*,*,#2111,.F.);
#2977=ORIENTED_EDGE('',*,*,#2186,.T.);
#2978=ORIENTED_EDGE('',*,*,#2187,.T.);
#2979=ORIENTED_EDGE('',*,*,#2184,.T.);
#2980=ORIENTED_EDGE('',*,*,#2108,.F.);
#2981=ORIENTED_EDGE('',*,*,#2188,.F.);
#2982=ORIENTED_EDGE('',*,*,#2189,.T.);
#2983=ORIENTED_EDGE('',*,*,#2186,.F.);
#2984=ORIENTED_EDGE('',*,*,#2105,.F.);
#2985=ORIENTED_EDGE('',*,*,#2190,.T.);
#2986=ORIENTED_EDGE('',*,*,#2191,.T.);
#2987=ORIENTED_EDGE('',*,*,#2188,.T.);
#2988=ORIENTED_EDGE('',*,*,#2102,.F.);
#2989=ORIENTED_EDGE('',*,*,#2192,.F.);
#2990=ORIENTED_EDGE('',*,*,#2193,.T.);
#2991=ORIENTED_EDGE('',*,*,#2190,.F.);
#2992=ORIENTED_EDGE('',*,*,#2099,.F.);
#2993=ORIENTED_EDGE('',*,*,#2194,.T.);
#2994=ORIENTED_EDGE('',*,*,#2195,.T.);
#2995=ORIENTED_EDGE('',*,*,#2192,.T.);
#2996=ORIENTED_EDGE('',*,*,#2096,.F.);
#2997=ORIENTED_EDGE('',*,*,#2196,.F.);
#2998=ORIENTED_EDGE('',*,*,#2197,.T.);
#2999=ORIENTED_EDGE('',*,*,#2194,.F.);
#3000=ORIENTED_EDGE('',*,*,#2093,.F.);
#3001=ORIENTED_EDGE('',*,*,#2198,.T.);
#3002=ORIENTED_EDGE('',*,*,#2199,.T.);
#3003=ORIENTED_EDGE('',*,*,#2196,.T.);
#3004=ORIENTED_EDGE('',*,*,#2090,.F.);
#3005=ORIENTED_EDGE('',*,*,#2200,.F.);
#3006=ORIENTED_EDGE('',*,*,#2201,.T.);
#3007=ORIENTED_EDGE('',*,*,#2198,.F.);
#3008=ORIENTED_EDGE('',*,*,#2087,.F.);
#3009=ORIENTED_EDGE('',*,*,#2202,.T.);
#3010=ORIENTED_EDGE('',*,*,#2203,.T.);
#3011=ORIENTED_EDGE('',*,*,#2200,.T.);
#3012=ORIENTED_EDGE('',*,*,#2084,.F.);
#3013=ORIENTED_EDGE('',*,*,#2204,.F.);
#3014=ORIENTED_EDGE('',*,*,#2205,.T.);
#3015=ORIENTED_EDGE('',*,*,#2202,.F.);
#3016=ORIENTED_EDGE('',*,*,#2081,.F.);
#3017=ORIENTED_EDGE('',*,*,#2206,.T.);
#3018=ORIENTED_EDGE('',*,*,#2207,.T.);
#3019=ORIENTED_EDGE('',*,*,#2204,.T.);
#3020=ORIENTED_EDGE('',*,*,#2078,.F.);
#3021=ORIENTED_EDGE('',*,*,#2208,.F.);
#3022=ORIENTED_EDGE('',*,*,#2209,.T.);
#3023=ORIENTED_EDGE('',*,*,#2206,.F.);
#3024=ORIENTED_EDGE('',*,*,#2075,.F.);
#3025=ORIENTED_EDGE('',*,*,#2210,.F.);
#3026=ORIENTED_EDGE('',*,*,#2211,.T.);
#3027=ORIENTED_EDGE('',*,*,#2208,.T.);
#3028=ORIENTED_EDGE('',*,*,#2070,.F.);
#3029=ORIENTED_EDGE('',*,*,#2212,.T.);
#3030=ORIENTED_EDGE('',*,*,#2213,.T.);
#3031=ORIENTED_EDGE('',*,*,#2210,.T.);
#3032=ORIENTED_EDGE('',*,*,#2072,.F.);
#3033=ORIENTED_EDGE('',*,*,#2074,.F.);
#3034=ORIENTED_EDGE('',*,*,#2077,.F.);
#3035=ORIENTED_EDGE('',*,*,#2080,.F.);
#3036=ORIENTED_EDGE('',*,*,#2083,.F.);
#3037=ORIENTED_EDGE('',*,*,#2086,.F.);
#3038=ORIENTED_EDGE('',*,*,#2089,.F.);
#3039=ORIENTED_EDGE('',*,*,#2092,.F.);
#3040=ORIENTED_EDGE('',*,*,#2095,.F.);
#3041=ORIENTED_EDGE('',*,*,#2098,.F.);
#3042=ORIENTED_EDGE('',*,*,#2101,.F.);
#3043=ORIENTED_EDGE('',*,*,#2104,.F.);
#3044=ORIENTED_EDGE('',*,*,#2107,.F.);
#3045=ORIENTED_EDGE('',*,*,#2110,.F.);
#3046=ORIENTED_EDGE('',*,*,#2113,.F.);
#3047=ORIENTED_EDGE('',*,*,#2116,.F.);
#3048=ORIENTED_EDGE('',*,*,#2119,.F.);
#3049=ORIENTED_EDGE('',*,*,#2122,.F.);
#3050=ORIENTED_EDGE('',*,*,#2125,.F.);
#3051=ORIENTED_EDGE('',*,*,#2128,.F.);
#3052=ORIENTED_EDGE('',*,*,#2131,.F.);
#3053=ORIENTED_EDGE('',*,*,#2134,.F.);
#3054=ORIENTED_EDGE('',*,*,#2137,.F.);
#3055=ORIENTED_EDGE('',*,*,#2140,.F.);
#3056=ORIENTED_EDGE('',*,*,#2143,.F.);
#3057=ORIENTED_EDGE('',*,*,#2146,.F.);
#3058=ORIENTED_EDGE('',*,*,#2149,.F.);
#3059=ORIENTED_EDGE('',*,*,#2152,.F.);
#3060=ORIENTED_EDGE('',*,*,#2155,.F.);
#3061=ORIENTED_EDGE('',*,*,#2158,.F.);
#3062=ORIENTED_EDGE('',*,*,#2161,.F.);
#3063=ORIENTED_EDGE('',*,*,#2164,.F.);
#3064=ORIENTED_EDGE('',*,*,#2167,.F.);
#3065=ORIENTED_EDGE('',*,*,#2170,.F.);
#3066=ORIENTED_EDGE('',*,*,#2173,.F.);
#3067=ORIENTED_EDGE('',*,*,#2176,.F.);
#3068=ORIENTED_EDGE('',*,*,#2175,.F.);
#3069=ORIENTED_EDGE('',*,*,#2214,.F.);
#3070=ORIENTED_EDGE('',*,*,#2215,.T.);
#3071=ORIENTED_EDGE('',*,*,#2212,.F.);
#3072=ORIENTED_EDGE('',*,*,#2171,.F.);
#3073=ORIENTED_EDGE('',*,*,#2216,.T.);
#3074=ORIENTED_EDGE('',*,*,#2217,.F.);
#3075=ORIENTED_EDGE('',*,*,#2218,.T.);
#3076=ORIENTED_EDGE('',*,*,#2168,.F.);
#3077=ORIENTED_EDGE('',*,*,#2219,.F.);
#3078=ORIENTED_EDGE('',*,*,#2220,.T.);
#3079=ORIENTED_EDGE('',*,*,#2216,.F.);
#3080=ORIENTED_EDGE('',*,*,#2174,.F.);
#3081=ORIENTED_EDGE('',*,*,#2218,.F.);
#3082=ORIENTED_EDGE('',*,*,#2221,.T.);
#3083=ORIENTED_EDGE('',*,*,#2214,.T.);
#3084=ORIENTED_EDGE('',*,*,#2215,.F.);
#3085=ORIENTED_EDGE('',*,*,#2221,.F.);
#3086=ORIENTED_EDGE('',*,*,#2217,.T.);
#3087=ORIENTED_EDGE('',*,*,#2220,.F.);
#3088=ORIENTED_EDGE('',*,*,#2222,.F.);
#3089=ORIENTED_EDGE('',*,*,#2223,.F.);
#3090=ORIENTED_EDGE('',*,*,#2224,.F.);
#3091=ORIENTED_EDGE('',*,*,#2225,.F.);
#3092=ORIENTED_EDGE('',*,*,#2226,.F.);
#3093=ORIENTED_EDGE('',*,*,#2227,.F.);
#3094=ORIENTED_EDGE('',*,*,#2228,.F.);
#3095=ORIENTED_EDGE('',*,*,#2229,.F.);
#3096=ORIENTED_EDGE('',*,*,#2230,.F.);
#3097=ORIENTED_EDGE('',*,*,#2231,.F.);
#3098=ORIENTED_EDGE('',*,*,#2232,.F.);
#3099=ORIENTED_EDGE('',*,*,#2233,.F.);
#3100=ORIENTED_EDGE('',*,*,#2234,.F.);
#3101=ORIENTED_EDGE('',*,*,#2235,.F.);
#3102=ORIENTED_EDGE('',*,*,#2178,.F.);
#3103=ORIENTED_EDGE('',*,*,#2181,.F.);
#3104=ORIENTED_EDGE('',*,*,#2183,.F.);
#3105=ORIENTED_EDGE('',*,*,#2185,.F.);
#3106=ORIENTED_EDGE('',*,*,#2187,.F.);
#3107=ORIENTED_EDGE('',*,*,#2189,.F.);
#3108=ORIENTED_EDGE('',*,*,#2191,.F.);
#3109=ORIENTED_EDGE('',*,*,#2193,.F.);
#3110=ORIENTED_EDGE('',*,*,#2195,.F.);
#3111=ORIENTED_EDGE('',*,*,#2197,.F.);
#3112=ORIENTED_EDGE('',*,*,#2199,.F.);
#3113=ORIENTED_EDGE('',*,*,#2201,.F.);
#3114=ORIENTED_EDGE('',*,*,#2203,.F.);
#3115=ORIENTED_EDGE('',*,*,#2205,.F.);
#3116=ORIENTED_EDGE('',*,*,#2207,.F.);
#3117=ORIENTED_EDGE('',*,*,#2209,.F.);
#3118=ORIENTED_EDGE('',*,*,#2211,.F.);
#3119=ORIENTED_EDGE('',*,*,#2213,.F.);
#3120=ORIENTED_EDGE('',*,*,#2165,.F.);
#3121=ORIENTED_EDGE('',*,*,#2236,.T.);
#3122=ORIENTED_EDGE('',*,*,#2222,.T.);
#3123=ORIENTED_EDGE('',*,*,#2219,.T.);
#3124=ORIENTED_EDGE('',*,*,#2162,.F.);
#3125=ORIENTED_EDGE('',*,*,#2237,.F.);
#3126=ORIENTED_EDGE('',*,*,#2223,.T.);
#3127=ORIENTED_EDGE('',*,*,#2236,.F.);
#3128=ORIENTED_EDGE('',*,*,#2159,.F.);
#3129=ORIENTED_EDGE('',*,*,#2238,.T.);
#3130=ORIENTED_EDGE('',*,*,#2224,.T.);
#3131=ORIENTED_EDGE('',*,*,#2237,.T.);
#3132=ORIENTED_EDGE('',*,*,#2135,.F.);
#3133=ORIENTED_EDGE('',*,*,#2239,.T.);
#3134=ORIENTED_EDGE('',*,*,#2232,.T.);
#3135=ORIENTED_EDGE('',*,*,#2240,.T.);
#3136=ORIENTED_EDGE('',*,*,#2132,.F.);
#3137=ORIENTED_EDGE('',*,*,#2241,.F.);
#3138=ORIENTED_EDGE('',*,*,#2233,.T.);
#3139=ORIENTED_EDGE('',*,*,#2239,.F.);
#3140=ORIENTED_EDGE('',*,*,#2141,.F.);
#3141=ORIENTED_EDGE('',*,*,#2242,.T.);
#3142=ORIENTED_EDGE('',*,*,#2230,.T.);
#3143=ORIENTED_EDGE('',*,*,#2243,.T.);
#3144=ORIENTED_EDGE('',*,*,#2138,.F.);
#3145=ORIENTED_EDGE('',*,*,#2240,.F.);
#3146=ORIENTED_EDGE('',*,*,#2231,.T.);
#3147=ORIENTED_EDGE('',*,*,#2242,.F.);
#3148=ORIENTED_EDGE('',*,*,#2153,.F.);
#3149=ORIENTED_EDGE('',*,*,#2244,.T.);
#3150=ORIENTED_EDGE('',*,*,#2226,.T.);
#3151=ORIENTED_EDGE('',*,*,#2245,.T.);
#3152=ORIENTED_EDGE('',*,*,#2150,.F.);
#3153=ORIENTED_EDGE('',*,*,#2246,.F.);
#3154=ORIENTED_EDGE('',*,*,#2227,.T.);
#3155=ORIENTED_EDGE('',*,*,#2244,.F.);
#3156=ORIENTED_EDGE('',*,*,#2129,.F.);
#3157=ORIENTED_EDGE('',*,*,#2247,.T.);
#3158=ORIENTED_EDGE('',*,*,#2234,.T.);
#3159=ORIENTED_EDGE('',*,*,#2241,.T.);
#3160=ORIENTED_EDGE('',*,*,#2126,.F.);
#3161=ORIENTED_EDGE('',*,*,#2179,.F.);
#3162=ORIENTED_EDGE('',*,*,#2235,.T.);
#3163=ORIENTED_EDGE('',*,*,#2247,.F.);
#3164=ORIENTED_EDGE('',*,*,#2147,.F.);
#3165=ORIENTED_EDGE('',*,*,#2248,.T.);
#3166=ORIENTED_EDGE('',*,*,#2228,.T.);
#3167=ORIENTED_EDGE('',*,*,#2246,.T.);
#3168=ORIENTED_EDGE('',*,*,#2144,.F.);
#3169=ORIENTED_EDGE('',*,*,#2243,.F.);
#3170=ORIENTED_EDGE('',*,*,#2229,.T.);
#3171=ORIENTED_EDGE('',*,*,#2248,.F.);
#3172=ORIENTED_EDGE('',*,*,#2156,.F.);
#3173=ORIENTED_EDGE('',*,*,#2245,.F.);
#3174=ORIENTED_EDGE('',*,*,#2225,.T.);
#3175=ORIENTED_EDGE('',*,*,#2238,.F.);
#3176=ORIENTED_EDGE('',*,*,#2249,.F.);
#3177=ORIENTED_EDGE('',*,*,#2250,.F.);
#3178=ORIENTED_EDGE('',*,*,#2251,.F.);
#3179=ORIENTED_EDGE('',*,*,#2252,.F.);
#3180=ORIENTED_EDGE('',*,*,#2253,.T.);
#3181=ORIENTED_EDGE('',*,*,#2254,.T.);
#3182=ORIENTED_EDGE('',*,*,#2249,.T.);
#3183=ORIENTED_EDGE('',*,*,#2255,.T.);
#3184=ORIENTED_EDGE('',*,*,#2256,.F.);
#3185=ORIENTED_EDGE('',*,*,#2257,.F.);
#3186=ORIENTED_EDGE('',*,*,#2253,.F.);
#3187=ORIENTED_EDGE('',*,*,#2258,.F.);
#3188=ORIENTED_EDGE('',*,*,#2259,.F.);
#3189=ORIENTED_EDGE('',*,*,#2260,.T.);
#3190=ORIENTED_EDGE('',*,*,#2256,.T.);
#3191=ORIENTED_EDGE('',*,*,#2261,.T.);
#3192=ORIENTED_EDGE('',*,*,#2262,.T.);
#3193=ORIENTED_EDGE('',*,*,#2263,.F.);
#3194=ORIENTED_EDGE('',*,*,#2259,.T.);
#3195=ORIENTED_EDGE('',*,*,#2264,.T.);
#3196=ORIENTED_EDGE('',*,*,#2265,.F.);
#3197=ORIENTED_EDGE('',*,*,#2266,.F.);
#3198=ORIENTED_EDGE('',*,*,#2267,.F.);
#3199=ORIENTED_EDGE('',*,*,#2268,.F.);
#3200=ORIENTED_EDGE('',*,*,#2269,.F.);
#3201=ORIENTED_EDGE('',*,*,#2270,.F.);
#3202=ORIENTED_EDGE('',*,*,#2262,.F.);
#3203=ORIENTED_EDGE('',*,*,#2271,.F.);
#3204=ORIENTED_EDGE('',*,*,#2272,.F.);
#3205=ORIENTED_EDGE('',*,*,#2273,.F.);
#3206=ORIENTED_EDGE('',*,*,#2274,.F.);
#3207=ORIENTED_EDGE('',*,*,#2275,.F.);
#3208=ORIENTED_EDGE('',*,*,#2276,.T.);
#3209=ORIENTED_EDGE('',*,*,#2277,.F.);
#3210=ORIENTED_EDGE('',*,*,#2265,.T.);
#3211=ORIENTED_EDGE('',*,*,#2278,.T.);
#3212=ORIENTED_EDGE('',*,*,#2279,.T.);
#3213=ORIENTED_EDGE('',*,*,#2280,.T.);
#3214=ORIENTED_EDGE('',*,*,#2276,.F.);
#3215=ORIENTED_EDGE('',*,*,#2281,.T.);
#3216=ORIENTED_EDGE('',*,*,#2282,.F.);
#3217=ORIENTED_EDGE('',*,*,#2283,.F.);
#3218=ORIENTED_EDGE('',*,*,#2279,.F.);
#3219=ORIENTED_EDGE('',*,*,#2284,.F.);
#3220=ORIENTED_EDGE('',*,*,#2285,.T.);
#3221=ORIENTED_EDGE('',*,*,#2286,.T.);
#3222=ORIENTED_EDGE('',*,*,#2282,.T.);
#3223=ORIENTED_EDGE('',*,*,#2287,.T.);
#3224=ORIENTED_EDGE('',*,*,#2288,.F.);
#3225=ORIENTED_EDGE('',*,*,#2289,.F.);
#3226=ORIENTED_EDGE('',*,*,#2290,.F.);
#3227=ORIENTED_EDGE('',*,*,#2291,.F.);
#3228=ORIENTED_EDGE('',*,*,#2292,.F.);
#3229=ORIENTED_EDGE('',*,*,#2293,.F.);
#3230=ORIENTED_EDGE('',*,*,#2294,.F.);
#3231=ORIENTED_EDGE('',*,*,#2295,.F.);
#3232=ORIENTED_EDGE('',*,*,#2296,.F.);
#3233=ORIENTED_EDGE('',*,*,#2297,.F.);
#3234=ORIENTED_EDGE('',*,*,#2285,.F.);
#3235=ORIENTED_EDGE('',*,*,#2298,.F.);
#3236=ORIENTED_EDGE('',*,*,#2299,.T.);
#3237=ORIENTED_EDGE('',*,*,#2283,.T.);
#3238=ORIENTED_EDGE('',*,*,#2300,.T.);
#3239=ORIENTED_EDGE('',*,*,#2289,.T.);
#3240=ORIENTED_EDGE('',*,*,#2301,.T.);
#3241=ORIENTED_EDGE('',*,*,#2293,.T.);
#3242=ORIENTED_EDGE('',*,*,#2302,.T.);
#3243=ORIENTED_EDGE('',*,*,#2291,.T.);
#3244=ORIENTED_EDGE('',*,*,#2303,.T.);
#3245=ORIENTED_EDGE('',*,*,#2304,.T.);
#3246=ORIENTED_EDGE('',*,*,#2305,.T.);
#3247=ORIENTED_EDGE('',*,*,#2288,.T.);
#3248=ORIENTED_EDGE('',*,*,#2294,.T.);
#3249=ORIENTED_EDGE('',*,*,#2306,.T.);
#3250=ORIENTED_EDGE('',*,*,#2296,.T.);
#3251=ORIENTED_EDGE('',*,*,#2307,.T.);
#3252=ORIENTED_EDGE('',*,*,#2308,.T.);
#3253=ORIENTED_EDGE('',*,*,#2297,.T.);
#3254=ORIENTED_EDGE('',*,*,#2309,.T.);
#3255=ORIENTED_EDGE('',*,*,#2290,.T.);
#3256=ORIENTED_EDGE('',*,*,#2301,.F.);
#3257=ORIENTED_EDGE('',*,*,#2309,.F.);
#3258=ORIENTED_EDGE('',*,*,#2306,.F.);
#3259=ORIENTED_EDGE('',*,*,#2310,.F.);
#3260=ORIENTED_EDGE('',*,*,#2280,.F.);
#3261=ORIENTED_EDGE('',*,*,#2299,.F.);
#3262=ORIENTED_EDGE('',*,*,#2305,.F.);
#3263=ORIENTED_EDGE('',*,*,#2311,.T.);
#3264=ORIENTED_EDGE('',*,*,#2286,.F.);
#3265=ORIENTED_EDGE('',*,*,#2308,.F.);
#3266=ORIENTED_EDGE('',*,*,#2300,.F.);
#3267=ORIENTED_EDGE('',*,*,#2312,.F.);
#3268=ORIENTED_EDGE('',*,*,#2313,.F.);
#3269=ORIENTED_EDGE('',*,*,#2314,.F.);
#3270=ORIENTED_EDGE('',*,*,#2315,.F.);
#3271=ORIENTED_EDGE('',*,*,#2316,.F.);
#3272=ORIENTED_EDGE('',*,*,#2317,.F.);
#3273=ORIENTED_EDGE('',*,*,#2318,.F.);
#3274=ORIENTED_EDGE('',*,*,#2319,.F.);
#3275=ORIENTED_EDGE('',*,*,#2251,.T.);
#3276=ORIENTED_EDGE('',*,*,#2320,.T.);
#3277=ORIENTED_EDGE('',*,*,#2316,.T.);
#3278=ORIENTED_EDGE('',*,*,#2321,.T.);
#3279=ORIENTED_EDGE('',*,*,#2322,.T.);
#3280=ORIENTED_EDGE('',*,*,#2250,.T.);
#3281=ORIENTED_EDGE('',*,*,#2323,.T.);
#3282=ORIENTED_EDGE('',*,*,#2313,.T.);
#3283=ORIENTED_EDGE('',*,*,#2324,.T.);
#3284=ORIENTED_EDGE('',*,*,#2257,.T.);
#3285=ORIENTED_EDGE('',*,*,#2325,.T.);
#3286=ORIENTED_EDGE('',*,*,#2314,.T.);
#3287=ORIENTED_EDGE('',*,*,#2326,.T.);
#3288=ORIENTED_EDGE('',*,*,#2327,.T.);
#3289=ORIENTED_EDGE('',*,*,#2328,.T.);
#3290=ORIENTED_EDGE('',*,*,#2315,.T.);
#3291=ORIENTED_EDGE('',*,*,#2254,.F.);
#3292=ORIENTED_EDGE('',*,*,#2324,.F.);
#3293=ORIENTED_EDGE('',*,*,#2323,.F.);
#3294=ORIENTED_EDGE('',*,*,#2329,.T.);
#3295=ORIENTED_EDGE('',*,*,#2317,.T.);
#3296=ORIENTED_EDGE('',*,*,#2330,.T.);
#3297=ORIENTED_EDGE('',*,*,#2312,.T.);
#3298=ORIENTED_EDGE('',*,*,#2318,.T.);
#3299=ORIENTED_EDGE('',*,*,#2331,.T.);
#3300=ORIENTED_EDGE('',*,*,#2332,.F.);
#3301=ORIENTED_EDGE('',*,*,#2333,.T.);
#3302=ORIENTED_EDGE('',*,*,#2334,.F.);
#3303=ORIENTED_EDGE('',*,*,#2331,.F.);
#3304=ORIENTED_EDGE('',*,*,#2329,.F.);
#3305=ORIENTED_EDGE('',*,*,#2328,.F.);
#3306=ORIENTED_EDGE('',*,*,#2335,.T.);
#3307=ORIENTED_EDGE('',*,*,#2322,.F.);
#3308=ORIENTED_EDGE('',*,*,#2330,.F.);
#3309=ORIENTED_EDGE('',*,*,#2320,.F.);
#3310=ORIENTED_EDGE('',*,*,#2336,.F.);
#3311=ORIENTED_EDGE('',*,*,#2337,.F.);
#3312=ORIENTED_EDGE('',*,*,#2338,.F.);
#3313=ORIENTED_EDGE('',*,*,#2339,.F.);
#3314=ORIENTED_EDGE('',*,*,#2340,.F.);
#3315=ORIENTED_EDGE('',*,*,#2341,.F.);
#3316=ORIENTED_EDGE('',*,*,#2342,.F.);
#3317=ORIENTED_EDGE('',*,*,#2343,.F.);
#3318=ORIENTED_EDGE('',*,*,#2344,.F.);
#3319=ORIENTED_EDGE('',*,*,#2345,.F.);
#3320=ORIENTED_EDGE('',*,*,#2346,.F.);
#3321=ORIENTED_EDGE('',*,*,#2347,.F.);
#3322=ORIENTED_EDGE('',*,*,#2348,.F.);
#3323=ORIENTED_EDGE('',*,*,#2349,.F.);
#3324=ORIENTED_EDGE('',*,*,#2350,.F.);
#3325=ORIENTED_EDGE('',*,*,#2351,.F.);
#3326=ORIENTED_EDGE('',*,*,#2352,.F.);
#3327=ORIENTED_EDGE('',*,*,#2353,.F.);
#3328=ORIENTED_EDGE('',*,*,#2354,.F.);
#3329=ORIENTED_EDGE('',*,*,#2335,.F.);
#3330=ORIENTED_EDGE('',*,*,#2327,.F.);
#3331=ORIENTED_EDGE('',*,*,#2355,.F.);
#3332=ORIENTED_EDGE('',*,*,#2356,.F.);
#3333=ORIENTED_EDGE('',*,*,#2355,.T.);
#3334=ORIENTED_EDGE('',*,*,#2326,.F.);
#3335=ORIENTED_EDGE('',*,*,#2325,.F.);
#3336=ORIENTED_EDGE('',*,*,#2260,.F.);
#3337=ORIENTED_EDGE('',*,*,#2357,.F.);
#3338=ORIENTED_EDGE('',*,*,#2358,.F.);
#3339=ORIENTED_EDGE('',*,*,#2359,.F.);
#3340=ORIENTED_EDGE('',*,*,#2311,.F.);
#3341=ORIENTED_EDGE('',*,*,#2304,.F.);
#3342=ORIENTED_EDGE('',*,*,#2360,.F.);
#3343=ORIENTED_EDGE('',*,*,#2361,.F.);
#3344=ORIENTED_EDGE('',*,*,#2360,.T.);
#3345=ORIENTED_EDGE('',*,*,#2303,.F.);
#3346=ORIENTED_EDGE('',*,*,#2302,.F.);
#3347=ORIENTED_EDGE('',*,*,#2362,.F.);
#3348=ORIENTED_EDGE('',*,*,#2363,.F.);
#3349=ORIENTED_EDGE('',*,*,#2362,.T.);
#3350=ORIENTED_EDGE('',*,*,#2292,.T.);
#3351=ORIENTED_EDGE('',*,*,#2364,.T.);
#3352=ORIENTED_EDGE('',*,*,#2263,.T.);
#3353=ORIENTED_EDGE('',*,*,#2270,.T.);
#3354=ORIENTED_EDGE('',*,*,#2365,.F.);
#3355=ORIENTED_EDGE('',*,*,#2356,.T.);
#3356=ORIENTED_EDGE('',*,*,#2365,.T.);
#3357=ORIENTED_EDGE('',*,*,#2269,.T.);
#3358=ORIENTED_EDGE('',*,*,#2366,.T.);
#3359=ORIENTED_EDGE('',*,*,#2352,.T.);
#3360=ORIENTED_EDGE('',*,*,#2367,.T.);
#3361=ORIENTED_EDGE('',*,*,#2353,.T.);
#3362=ORIENTED_EDGE('',*,*,#2368,.T.);
#3363=ORIENTED_EDGE('',*,*,#2351,.T.);
#3364=ORIENTED_EDGE('',*,*,#2332,.T.);
#3365=ORIENTED_EDGE('',*,*,#2369,.F.);
#3366=ORIENTED_EDGE('',*,*,#2336,.T.);
#3367=ORIENTED_EDGE('',*,*,#2370,.T.);
#3368=ORIENTED_EDGE('',*,*,#2369,.T.);
#3369=ORIENTED_EDGE('',*,*,#2334,.T.);
#3370=ORIENTED_EDGE('',*,*,#2371,.F.);
#3371=ORIENTED_EDGE('',*,*,#2337,.T.);
#3372=ORIENTED_EDGE('',*,*,#2371,.T.);
#3373=ORIENTED_EDGE('',*,*,#2354,.T.);
#3374=ORIENTED_EDGE('',*,*,#2372,.T.);
#3375=ORIENTED_EDGE('',*,*,#2338,.T.);
#3376=ORIENTED_EDGE('',*,*,#2373,.T.);
#3377=ORIENTED_EDGE('',*,*,#2339,.T.);
#3378=ORIENTED_EDGE('',*,*,#2374,.T.);
#3379=ORIENTED_EDGE('',*,*,#2350,.T.);
#3380=ORIENTED_EDGE('',*,*,#2342,.T.);
#3381=ORIENTED_EDGE('',*,*,#2375,.F.);
#3382=ORIENTED_EDGE('',*,*,#2363,.T.);
#3383=ORIENTED_EDGE('',*,*,#2376,.T.);
#3384=ORIENTED_EDGE('',*,*,#2375,.T.);
#3385=ORIENTED_EDGE('',*,*,#2341,.T.);
#3386=ORIENTED_EDGE('',*,*,#2377,.F.);
#3387=ORIENTED_EDGE('',*,*,#2361,.T.);
#3388=ORIENTED_EDGE('',*,*,#2377,.T.);
#3389=ORIENTED_EDGE('',*,*,#2340,.T.);
#3390=ORIENTED_EDGE('',*,*,#2378,.T.);
#3391=ORIENTED_EDGE('',*,*,#2357,.T.);
#3392=ORIENTED_EDGE('',*,*,#2379,.T.);
#3393=ORIENTED_EDGE('',*,*,#2358,.T.);
#3394=ORIENTED_EDGE('',*,*,#2380,.T.);
#3395=ORIENTED_EDGE('',*,*,#2349,.T.);
#3396=ORIENTED_EDGE('',*,*,#2373,.F.);
#3397=ORIENTED_EDGE('',*,*,#2380,.F.);
#3398=ORIENTED_EDGE('',*,*,#2378,.F.);
#3399=ORIENTED_EDGE('',*,*,#2277,.T.);
#3400=ORIENTED_EDGE('',*,*,#2310,.T.);
#3401=ORIENTED_EDGE('',*,*,#2381,.F.);
#3402=ORIENTED_EDGE('',*,*,#2266,.T.);
#3403=ORIENTED_EDGE('',*,*,#2381,.T.);
#3404=ORIENTED_EDGE('',*,*,#2359,.T.);
#3405=ORIENTED_EDGE('',*,*,#2382,.T.);
#3406=ORIENTED_EDGE('',*,*,#2267,.T.);
#3407=ORIENTED_EDGE('',*,*,#2383,.T.);
#3408=ORIENTED_EDGE('',*,*,#2268,.T.);
#3409=ORIENTED_EDGE('',*,*,#2384,.T.);
#3410=ORIENTED_EDGE('',*,*,#2348,.T.);
#3411=ORIENTED_EDGE('',*,*,#2379,.F.);
#3412=ORIENTED_EDGE('',*,*,#2384,.F.);
#3413=ORIENTED_EDGE('',*,*,#2382,.F.);
#3414=ORIENTED_EDGE('',*,*,#2367,.F.);
#3415=ORIENTED_EDGE('',*,*,#2374,.F.);
#3416=ORIENTED_EDGE('',*,*,#2372,.F.);
#3417=ORIENTED_EDGE('',*,*,#2366,.F.);
#3418=ORIENTED_EDGE('',*,*,#2383,.F.);
#3419=ORIENTED_EDGE('',*,*,#2368,.F.);
#3420=ORIENTED_EDGE('',*,*,#2385,.F.);
#3421=ORIENTED_EDGE('',*,*,#2386,.F.);
#3422=ORIENTED_EDGE('',*,*,#2387,.F.);
#3423=ORIENTED_EDGE('',*,*,#2388,.F.);
#3424=ORIENTED_EDGE('',*,*,#2389,.F.);
#3425=ORIENTED_EDGE('',*,*,#2390,.F.);
#3426=ORIENTED_EDGE('',*,*,#2391,.F.);
#3427=ORIENTED_EDGE('',*,*,#2392,.F.);
#3428=ORIENTED_EDGE('',*,*,#2393,.F.);
#3429=ORIENTED_EDGE('',*,*,#2394,.T.);
#3430=ORIENTED_EDGE('',*,*,#2395,.T.);
#3431=ORIENTED_EDGE('',*,*,#2278,.F.);
#3432=ORIENTED_EDGE('',*,*,#2275,.T.);
#3433=ORIENTED_EDGE('',*,*,#2394,.F.);
#3434=ORIENTED_EDGE('',*,*,#2274,.T.);
#3435=ORIENTED_EDGE('',*,*,#2390,.T.);
#3436=ORIENTED_EDGE('',*,*,#2396,.T.);
#3437=ORIENTED_EDGE('',*,*,#2397,.F.);
#3438=ORIENTED_EDGE('',*,*,#2398,.F.);
#3439=ORIENTED_EDGE('',*,*,#2399,.F.);
#3440=ORIENTED_EDGE('',*,*,#2398,.T.);
#3441=ORIENTED_EDGE('',*,*,#2400,.T.);
#3442=ORIENTED_EDGE('',*,*,#2389,.T.);
#3443=ORIENTED_EDGE('',*,*,#2401,.T.);
#3444=ORIENTED_EDGE('',*,*,#2392,.T.);
#3445=ORIENTED_EDGE('',*,*,#2345,.T.);
#3446=ORIENTED_EDGE('',*,*,#2399,.T.);
#3447=ORIENTED_EDGE('',*,*,#2402,.T.);
#3448=ORIENTED_EDGE('',*,*,#2403,.T.);
#3449=ORIENTED_EDGE('',*,*,#2343,.T.);
#3450=ORIENTED_EDGE('',*,*,#2376,.F.);
#3451=ORIENTED_EDGE('',*,*,#2404,.T.);
#3452=ORIENTED_EDGE('',*,*,#2403,.F.);
#3453=ORIENTED_EDGE('',*,*,#2405,.T.);
#3454=ORIENTED_EDGE('',*,*,#2397,.T.);
#3455=ORIENTED_EDGE('',*,*,#2344,.T.);
#3456=ORIENTED_EDGE('',*,*,#2406,.T.);
#3457=ORIENTED_EDGE('',*,*,#2407,.T.);
#3458=ORIENTED_EDGE('',*,*,#2370,.F.);
#3459=ORIENTED_EDGE('',*,*,#2347,.T.);
#3460=ORIENTED_EDGE('',*,*,#2406,.F.);
#3461=ORIENTED_EDGE('',*,*,#2346,.T.);
#3462=ORIENTED_EDGE('',*,*,#2391,.T.);
#3463=ORIENTED_EDGE('',*,*,#2408,.T.);
#3464=ORIENTED_EDGE('',*,*,#2386,.T.);
#3465=ORIENTED_EDGE('',*,*,#2409,.T.);
#3466=ORIENTED_EDGE('',*,*,#2393,.T.);
#3467=ORIENTED_EDGE('',*,*,#2410,.T.);
#3468=ORIENTED_EDGE('',*,*,#2388,.T.);
#3469=ORIENTED_EDGE('',*,*,#2273,.T.);
#3470=ORIENTED_EDGE('',*,*,#2387,.T.);
#3471=ORIENTED_EDGE('',*,*,#2411,.T.);
#3472=ORIENTED_EDGE('',*,*,#2412,.T.);
#3473=ORIENTED_EDGE('',*,*,#2271,.T.);
#3474=ORIENTED_EDGE('',*,*,#2264,.F.);
#3475=ORIENTED_EDGE('',*,*,#2413,.T.);
#3476=ORIENTED_EDGE('',*,*,#2412,.F.);
#3477=ORIENTED_EDGE('',*,*,#2414,.T.);
#3478=ORIENTED_EDGE('',*,*,#2385,.T.);
#3479=ORIENTED_EDGE('',*,*,#2272,.T.);
#3480=ORIENTED_EDGE('',*,*,#2404,.F.);
#3481=ORIENTED_EDGE('',*,*,#2364,.F.);
#3482=ORIENTED_EDGE('',*,*,#2415,.F.);
#3483=ORIENTED_EDGE('',*,*,#2416,.F.);
#3484=ORIENTED_EDGE('',*,*,#2417,.T.);
#3485=ORIENTED_EDGE('',*,*,#2413,.F.);
#3486=ORIENTED_EDGE('',*,*,#2261,.F.);
#3487=ORIENTED_EDGE('',*,*,#2418,.F.);
#3488=ORIENTED_EDGE('',*,*,#2419,.F.);
#3489=ORIENTED_EDGE('',*,*,#2420,.T.);
#3490=ORIENTED_EDGE('',*,*,#2401,.F.);
#3491=ORIENTED_EDGE('',*,*,#2411,.F.);
#3492=ORIENTED_EDGE('',*,*,#2410,.F.);
#3493=ORIENTED_EDGE('',*,*,#2402,.F.);
#3494=ORIENTED_EDGE('',*,*,#2321,.F.);
#3495=ORIENTED_EDGE('',*,*,#2421,.F.);
#3496=ORIENTED_EDGE('',*,*,#2422,.F.);
#3497=ORIENTED_EDGE('',*,*,#2407,.F.);
#3498=ORIENTED_EDGE('',*,*,#2423,.T.);
#3499=ORIENTED_EDGE('',*,*,#2424,.F.);
#3500=ORIENTED_EDGE('',*,*,#2425,.F.);
#3501=ORIENTED_EDGE('',*,*,#2333,.F.);
#3502=ORIENTED_EDGE('',*,*,#2255,.F.);
#3503=ORIENTED_EDGE('',*,*,#2426,.F.);
#3504=ORIENTED_EDGE('',*,*,#2427,.F.);
#3505=ORIENTED_EDGE('',*,*,#2422,.T.);
#3506=ORIENTED_EDGE('',*,*,#2428,.T.);
#3507=ORIENTED_EDGE('',*,*,#2426,.T.);
#3508=ORIENTED_EDGE('',*,*,#2252,.T.);
#3509=ORIENTED_EDGE('',*,*,#2427,.T.);
#3510=ORIENTED_EDGE('',*,*,#2429,.T.);
#3511=ORIENTED_EDGE('',*,*,#2418,.T.);
#3512=ORIENTED_EDGE('',*,*,#2258,.T.);
#3513=ORIENTED_EDGE('',*,*,#2424,.T.);
#3514=ORIENTED_EDGE('',*,*,#2430,.T.);
#3515=ORIENTED_EDGE('',*,*,#2419,.T.);
#3516=ORIENTED_EDGE('',*,*,#2431,.T.);
#3517=ORIENTED_EDGE('',*,*,#2425,.T.);
#3518=ORIENTED_EDGE('',*,*,#2432,.T.);
#3519=ORIENTED_EDGE('',*,*,#2421,.T.);
#3520=ORIENTED_EDGE('',*,*,#2319,.T.);
#3521=ORIENTED_EDGE('',*,*,#2428,.F.);
#3522=ORIENTED_EDGE('',*,*,#2432,.F.);
#3523=ORIENTED_EDGE('',*,*,#2431,.F.);
#3524=ORIENTED_EDGE('',*,*,#2429,.F.);
#3525=ORIENTED_EDGE('',*,*,#2414,.F.);
#3526=ORIENTED_EDGE('',*,*,#2420,.F.);
#3527=ORIENTED_EDGE('',*,*,#2430,.F.);
#3528=ORIENTED_EDGE('',*,*,#2423,.F.);
#3529=ORIENTED_EDGE('',*,*,#2408,.F.);
#3530=ORIENTED_EDGE('',*,*,#2409,.F.);
#3531=ORIENTED_EDGE('',*,*,#2287,.F.);
#3532=ORIENTED_EDGE('',*,*,#2433,.F.);
#3533=ORIENTED_EDGE('',*,*,#2434,.F.);
#3534=ORIENTED_EDGE('',*,*,#2395,.F.);
#3535=ORIENTED_EDGE('',*,*,#2435,.T.);
#3536=ORIENTED_EDGE('',*,*,#2436,.F.);
#3537=ORIENTED_EDGE('',*,*,#2437,.F.);
#3538=ORIENTED_EDGE('',*,*,#2281,.F.);
#3539=ORIENTED_EDGE('',*,*,#2438,.F.);
#3540=ORIENTED_EDGE('',*,*,#2439,.F.);
#3541=ORIENTED_EDGE('',*,*,#2307,.F.);
#3542=ORIENTED_EDGE('',*,*,#2439,.T.);
#3543=ORIENTED_EDGE('',*,*,#2440,.T.);
#3544=ORIENTED_EDGE('',*,*,#2415,.T.);
#3545=ORIENTED_EDGE('',*,*,#2295,.T.);
#3546=ORIENTED_EDGE('',*,*,#2436,.T.);
#3547=ORIENTED_EDGE('',*,*,#2441,.T.);
#3548=ORIENTED_EDGE('',*,*,#2416,.T.);
#3549=ORIENTED_EDGE('',*,*,#2442,.T.);
#3550=ORIENTED_EDGE('',*,*,#2434,.T.);
#3551=ORIENTED_EDGE('',*,*,#2443,.T.);
#3552=ORIENTED_EDGE('',*,*,#2438,.T.);
#3553=ORIENTED_EDGE('',*,*,#2298,.T.);
#3554=ORIENTED_EDGE('',*,*,#2437,.T.);
#3555=ORIENTED_EDGE('',*,*,#2444,.T.);
#3556=ORIENTED_EDGE('',*,*,#2433,.T.);
#3557=ORIENTED_EDGE('',*,*,#2284,.T.);
#3558=ORIENTED_EDGE('',*,*,#2405,.F.);
#3559=ORIENTED_EDGE('',*,*,#2417,.F.);
#3560=ORIENTED_EDGE('',*,*,#2441,.F.);
#3561=ORIENTED_EDGE('',*,*,#2435,.F.);
#3562=ORIENTED_EDGE('',*,*,#2396,.F.);
#3563=ORIENTED_EDGE('',*,*,#2400,.F.);
#3564=ORIENTED_EDGE('',*,*,#2440,.F.);
#3565=ORIENTED_EDGE('',*,*,#2443,.F.);
#3566=ORIENTED_EDGE('',*,*,#2444,.F.);
#3567=ORIENTED_EDGE('',*,*,#2442,.F.);
#3568=ORIENTED_EDGE('',*,*,#2445,.T.);
#3569=ORIENTED_EDGE('',*,*,#2446,.T.);
#3570=ORIENTED_EDGE('',*,*,#2447,.T.);
#3571=ORIENTED_EDGE('',*,*,#2446,.F.);
#3572=ORIENTED_EDGE('',*,*,#2448,.T.);
#3573=ORIENTED_EDGE('',*,*,#2445,.F.);
#3574=ORIENTED_EDGE('',*,*,#2449,.T.);
#3575=ORIENTED_EDGE('',*,*,#2450,.T.);
#3576=ORIENTED_EDGE('',*,*,#2449,.F.);
#3577=ORIENTED_EDGE('',*,*,#2448,.F.);
#3578=ORIENTED_EDGE('',*,*,#2447,.F.);
#3579=ORIENTED_EDGE('',*,*,#2450,.F.);
#3580=ORIENTED_EDGE('',*,*,#2451,.T.);
#3581=ORIENTED_EDGE('',*,*,#2452,.T.);
#3582=ORIENTED_EDGE('',*,*,#2453,.T.);
#3583=ORIENTED_EDGE('',*,*,#2452,.F.);
#3584=ORIENTED_EDGE('',*,*,#2451,.F.);
#3585=ORIENTED_EDGE('',*,*,#2454,.T.);
#3586=ORIENTED_EDGE('',*,*,#2455,.T.);
#3587=ORIENTED_EDGE('',*,*,#2454,.F.);
#3588=ORIENTED_EDGE('',*,*,#2453,.F.);
#3589=ORIENTED_EDGE('',*,*,#2455,.F.);
#3590=TOROIDAL_SURFACE('',#3890,1.1,0.3);
#3591=TOROIDAL_SURFACE('',#3897,1.1,0.3);
#3592=TOROIDAL_SURFACE('',#3901,1.,0.3);
#3593=TOROIDAL_SURFACE('',#3905,1.1,0.3);
#3594=TOROIDAL_SURFACE('',#3916,1.1,0.3);
#3595=TOROIDAL_SURFACE('',#3932,1.1,0.3);
#3596=TOROIDAL_SURFACE('',#3943,1.1,0.3);
#3597=TOROIDAL_SURFACE('',#3959,1.1,0.3);
#3598=TOROIDAL_SURFACE('',#3975,1.1,0.3);
#3599=TOROIDAL_SURFACE('',#3984,1.1,0.3);
#3600=TOROIDAL_SURFACE('',#3990,1.8,0.3);
#3601=TOROIDAL_SURFACE('',#4051,1.1,0.3);
#3602=TOROIDAL_SURFACE('',#4061,1.1,0.3);
#3603=TOROIDAL_SURFACE('',#4077,1.1,0.3);
#3604=TOROIDAL_SURFACE('',#4093,1.1,0.3);
#3605=TOROIDAL_SURFACE('',#4104,1.1,0.3);
#3606=TOROIDAL_SURFACE('',#4120,1.1,0.3);
#3607=TOROIDAL_SURFACE('',#4131,1.1,0.3);
#3608=TOROIDAL_SURFACE('',#4135,1.,0.3);
#3609=TOROIDAL_SURFACE('',#4139,1.1,0.3);
#3610=TOROIDAL_SURFACE('',#4145,1.1,0.3);
#3611=TOROIDAL_SURFACE('',#4149,1.8,0.3);
#3612=TOROIDAL_SURFACE('',#4253,0.6,0.3);
#3613=TOROIDAL_SURFACE('',#4277,0.6,0.3);
#3614=TOROIDAL_SURFACE('',#4284,0.6,0.3);
#3615=TOROIDAL_SURFACE('',#4287,0.6,0.3);
#3616=TOROIDAL_SURFACE('',#4353,0.6,0.3);
#3617=TOROIDAL_SURFACE('',#4357,0.6,0.3);
#3618=TOROIDAL_SURFACE('',#4365,0.6,0.3);
#3619=TOROIDAL_SURFACE('',#4381,0.600000000000001,0.3);
#3620=TOROIDAL_SURFACE('',#4394,0.8,0.5);
#3621=TOROIDAL_SURFACE('',#4403,0.8,0.5);
#3622=ADVANCED_FACE('',(#765),#3590,.T.);
#3623=ADVANCED_FACE('',(#766),#647,.T.);
#3624=ADVANCED_FACE('',(#767),#3591,.T.);
#3625=ADVANCED_FACE('',(#768),#3592,.T.);
#3626=ADVANCED_FACE('',(#769),#3593,.T.);
#3627=ADVANCED_FACE('',(#770),#648,.T.);
#3628=ADVANCED_FACE('',(#771),#121,.F.);
#3629=ADVANCED_FACE('',(#772),#649,.T.);
#3630=ADVANCED_FACE('',(#773),#3594,.T.);
#3631=ADVANCED_FACE('',(#774),#650,.T.);
#3632=ADVANCED_FACE('',(#775),#122,.F.);
#3633=ADVANCED_FACE('',(#776),#651,.T.);
#3634=ADVANCED_FACE('',(#777),#123,.F.);
#3635=ADVANCED_FACE('',(#778),#652,.T.);
#3636=ADVANCED_FACE('',(#779),#3595,.T.);
#3637=ADVANCED_FACE('',(#780),#653,.T.);
#3638=ADVANCED_FACE('',(#781),#124,.F.);
#3639=ADVANCED_FACE('',(#782),#654,.T.);
#3640=ADVANCED_FACE('',(#783),#3596,.T.);
#3641=ADVANCED_FACE('',(#784),#655,.T.);
#3642=ADVANCED_FACE('',(#785),#125,.F.);
#3643=ADVANCED_FACE('',(#786),#656,.T.);
#3644=ADVANCED_FACE('',(#787),#126,.F.);
#3645=ADVANCED_FACE('',(#788),#657,.T.);
#3646=ADVANCED_FACE('',(#789),#3597,.T.);
#3647=ADVANCED_FACE('',(#790),#658,.T.);
#3648=ADVANCED_FACE('',(#791),#127,.F.);
#3649=ADVANCED_FACE('',(#792),#659,.T.);
#3650=ADVANCED_FACE('',(#793),#128,.F.);
#3651=ADVANCED_FACE('',(#794),#660,.T.);
#3652=ADVANCED_FACE('',(#795),#3598,.T.);
#3653=ADVANCED_FACE('',(#796),#661,.T.);
#3654=ADVANCED_FACE('',(#797),#129,.F.);
#3655=ADVANCED_FACE('',(#798),#3599,.T.);
#3656=ADVANCED_FACE('',(#799),#662,.T.);
#3657=ADVANCED_FACE('',(#800),#3600,.T.);
#3658=ADVANCED_FACE('',(#801),#63,.T.);
#3659=ADVANCED_FACE('',(#802),#663,.T.);
#3660=ADVANCED_FACE('',(#803),#64,.T.);
#3661=ADVANCED_FACE('',(#804),#664,.T.);
#3662=ADVANCED_FACE('',(#805),#65,.T.);
#3663=ADVANCED_FACE('',(#806),#665,.F.);
#3664=ADVANCED_FACE('',(#807),#66,.T.);
#3665=ADVANCED_FACE('',(#808),#666,.T.);
#3666=ADVANCED_FACE('',(#809),#67,.T.);
#3667=ADVANCED_FACE('',(#810),#667,.T.);
#3668=ADVANCED_FACE('',(#811),#68,.T.);
#3669=ADVANCED_FACE('',(#812),#668,.F.);
#3670=ADVANCED_FACE('',(#813),#69,.T.);
#3671=ADVANCED_FACE('',(#814),#669,.T.);
#3672=ADVANCED_FACE('',(#815),#670,.F.);
#3673=ADVANCED_FACE('',(#816),#70,.T.);
#3674=ADVANCED_FACE('',(#817),#671,.T.);
#3675=ADVANCED_FACE('',(#818),#672,.F.);
#3676=ADVANCED_FACE('',(#819),#71,.T.);
#3677=ADVANCED_FACE('',(#820),#72,.T.);
#3678=ADVANCED_FACE('',(#821),#673,.F.);
#3679=ADVANCED_FACE('',(#822),#674,.T.);
#3680=ADVANCED_FACE('',(#823),#675,.F.);
#3681=ADVANCED_FACE('',(#824),#73,.F.);
#3682=ADVANCED_FACE('',(#825),#676,.T.);
#3683=ADVANCED_FACE('',(#826),#74,.T.);
#3684=ADVANCED_FACE('',(#827),#677,.T.);
#3685=ADVANCED_FACE('',(#828),#75,.T.);
#3686=ADVANCED_FACE('',(#829),#678,.T.);
#3687=ADVANCED_FACE('',(#830),#679,.T.);
#3688=ADVANCED_FACE('',(#831),#76,.T.);
#3689=ADVANCED_FACE('',(#832),#680,.F.);
#3690=ADVANCED_FACE('',(#833),#681,.F.);
#3691=ADVANCED_FACE('',(#834),#77,.T.);
#3692=ADVANCED_FACE('',(#835),#682,.F.);
#3693=ADVANCED_FACE('',(#836),#78,.T.);
#3694=ADVANCED_FACE('',(#837),#79,.T.);
#3695=ADVANCED_FACE('',(#838),#80,.T.);
#3696=ADVANCED_FACE('',(#839),#3601,.T.);
#3697=ADVANCED_FACE('',(#840),#130,.F.);
#3698=ADVANCED_FACE('',(#841),#683,.T.);
#3699=ADVANCED_FACE('',(#842),#3602,.T.);
#3700=ADVANCED_FACE('',(#843),#684,.T.);
#3701=ADVANCED_FACE('',(#844),#131,.F.);
#3702=ADVANCED_FACE('',(#845),#685,.T.);
#3703=ADVANCED_FACE('',(#846),#132,.F.);
#3704=ADVANCED_FACE('',(#847),#686,.T.);
#3705=ADVANCED_FACE('',(#848),#3603,.T.);
#3706=ADVANCED_FACE('',(#849),#687,.T.);
#3707=ADVANCED_FACE('',(#850),#133,.F.);
#3708=ADVANCED_FACE('',(#851),#688,.T.);
#3709=ADVANCED_FACE('',(#852),#134,.F.);
#3710=ADVANCED_FACE('',(#853),#689,.T.);
#3711=ADVANCED_FACE('',(#854),#3604,.T.);
#3712=ADVANCED_FACE('',(#855),#690,.T.);
#3713=ADVANCED_FACE('',(#856),#135,.F.);
#3714=ADVANCED_FACE('',(#857),#691,.T.);
#3715=ADVANCED_FACE('',(#858),#3605,.T.);
#3716=ADVANCED_FACE('',(#859),#692,.T.);
#3717=ADVANCED_FACE('',(#860),#136,.F.);
#3718=ADVANCED_FACE('',(#861),#693,.T.);
#3719=ADVANCED_FACE('',(#862),#137,.F.);
#3720=ADVANCED_FACE('',(#863),#694,.T.);
#3721=ADVANCED_FACE('',(#864),#3606,.T.);
#3722=ADVANCED_FACE('',(#865),#695,.T.);
#3723=ADVANCED_FACE('',(#866),#138,.F.);
#3724=ADVANCED_FACE('',(#867),#696,.T.);
#3725=ADVANCED_FACE('',(#868),#3607,.T.);
#3726=ADVANCED_FACE('',(#869),#3608,.T.);
#3727=ADVANCED_FACE('',(#870),#3609,.T.);
#3728=ADVANCED_FACE('',(#871),#697,.T.);
#3729=ADVANCED_FACE('',(#872),#3610,.T.);
#3730=ADVANCED_FACE('',(#873),#3611,.T.);
#3731=ADVANCED_FACE('',(#874),#698,.T.);
#3732=ADVANCED_FACE('',(#875),#699,.T.);
#3733=ADVANCED_FACE('',(#876),#81,.F.);
#3734=ADVANCED_FACE('',(#877),#700,.F.);
#3735=ADVANCED_FACE('',(#878),#82,.F.);
#3736=ADVANCED_FACE('',(#879),#701,.T.);
#3737=ADVANCED_FACE('',(#880),#83,.F.);
#3738=ADVANCED_FACE('',(#881),#702,.T.);
#3739=ADVANCED_FACE('',(#882),#84,.F.);
#3740=ADVANCED_FACE('',(#883),#703,.F.);
#3741=ADVANCED_FACE('',(#884),#85,.F.);
#3742=ADVANCED_FACE('',(#885),#704,.T.);
#3743=ADVANCED_FACE('',(#886),#86,.F.);
#3744=ADVANCED_FACE('',(#887),#705,.T.);
#3745=ADVANCED_FACE('',(#888),#87,.F.);
#3746=ADVANCED_FACE('',(#889),#706,.F.);
#3747=ADVANCED_FACE('',(#890),#88,.F.);
#3748=ADVANCED_FACE('',(#891),#707,.T.);
#3749=ADVANCED_FACE('',(#892),#708,.F.);
#3750=ADVANCED_FACE('',(#893),#89,.T.);
#3751=ADVANCED_FACE('',(#894),#90,.T.);
#3752=ADVANCED_FACE('',(#895),#709,.F.);
#3753=ADVANCED_FACE('',(#896),#91,.F.);
#3754=ADVANCED_FACE('',(#897),#710,.T.);
#3755=ADVANCED_FACE('',(#898),#92,.F.);
#3756=ADVANCED_FACE('',(#899),#711,.F.);
#3757=ADVANCED_FACE('',(#900),#712,.T.);
#3758=ADVANCED_FACE('',(#901),#713,.F.);
#3759=ADVANCED_FACE('',(#902),#714,.T.);
#3760=ADVANCED_FACE('',(#903),#93,.F.);
#3761=ADVANCED_FACE('',(#904),#715,.T.);
#3762=ADVANCED_FACE('',(#905),#94,.F.);
#3763=ADVANCED_FACE('',(#906),#716,.T.);
#3764=ADVANCED_FACE('',(#907),#95,.F.);
#3765=ADVANCED_FACE('',(#908),#717,.F.);
#3766=ADVANCED_FACE('',(#909),#96,.F.);
#3767=ADVANCED_FACE('',(#910),#718,.F.);
#3768=ADVANCED_FACE('',(#911),#97,.F.);
#3769=ADVANCED_FACE('',(#912),#98,.F.);
#3770=ADVANCED_FACE('',(#913),#99,.T.);
#3771=ADVANCED_FACE('',(#914),#719,.T.);
#3772=ADVANCED_FACE('',(#915),#100,.T.);
#3773=ADVANCED_FACE('',(#916),#720,.F.);
#3774=ADVANCED_FACE('',(#917),#721,.T.);
#3775=ADVANCED_FACE('',(#918),#101,.T.);
#3776=ADVANCED_FACE('',(#919),#722,.T.);
#3777=ADVANCED_FACE('',(#920),#723,.F.);
#3778=ADVANCED_FACE('',(#921),#102,.T.);
#3779=ADVANCED_FACE('',(#922),#724,.T.);
#3780=ADVANCED_FACE('',(#923),#103,.T.);
#3781=ADVANCED_FACE('',(#924),#104,.T.);
#3782=ADVANCED_FACE('',(#925),#105,.T.);
#3783=ADVANCED_FACE('',(#926),#725,.T.);
#3784=ADVANCED_FACE('',(#927),#726,.T.);
#3785=ADVANCED_FACE('',(#928),#727,.F.);
#3786=ADVANCED_FACE('',(#929),#728,.T.);
#3787=ADVANCED_FACE('',(#930),#729,.T.);
#3788=ADVANCED_FACE('',(#931),#21,.T.);
#3789=ADVANCED_FACE('',(#932),#3612,.F.);
#3790=ADVANCED_FACE('',(#933),#22,.T.);
#3791=ADVANCED_FACE('',(#934),#106,.T.);
#3792=ADVANCED_FACE('',(#935),#107,.T.);
#3793=ADVANCED_FACE('',(#936),#730,.T.);
#3794=ADVANCED_FACE('',(#937),#731,.T.);
#3795=ADVANCED_FACE('',(#938),#732,.T.);
#3796=ADVANCED_FACE('',(#939),#733,.F.);
#3797=ADVANCED_FACE('',(#940),#23,.T.);
#3798=ADVANCED_FACE('',(#941),#734,.T.);
#3799=ADVANCED_FACE('',(#942),#735,.F.);
#3800=ADVANCED_FACE('',(#943),#3613,.F.);
#3801=ADVANCED_FACE('',(#944),#24,.T.);
#3802=ADVANCED_FACE('',(#945),#108,.T.);
#3803=ADVANCED_FACE('',(#946),#109,.T.);
#3804=ADVANCED_FACE('',(#947),#110,.T.);
#3805=ADVANCED_FACE('',(#948),#3614,.F.);
#3806=ADVANCED_FACE('',(#949),#111,.T.);
#3807=ADVANCED_FACE('',(#950),#3615,.F.);
#3808=ADVANCED_FACE('',(#951),#736,.F.);
#3809=ADVANCED_FACE('',(#952),#13,.F.);
#3810=ADVANCED_FACE('',(#953),#737,.T.);
#3811=ADVANCED_FACE('',(#954),#738,.T.);
#3812=ADVANCED_FACE('',(#955),#739,.T.);
#3813=ADVANCED_FACE('',(#956),#14,.F.);
#3814=ADVANCED_FACE('',(#957),#740,.T.);
#3815=ADVANCED_FACE('',(#958),#741,.T.);
#3816=ADVANCED_FACE('',(#959),#742,.T.);
#3817=ADVANCED_FACE('',(#960),#15,.F.);
#3818=ADVANCED_FACE('',(#961),#743,.T.);
#3819=ADVANCED_FACE('',(#962),#744,.T.);
#3820=ADVANCED_FACE('',(#963),#25,.T.);
#3821=ADVANCED_FACE('',(#964),#16,.F.);
#3822=ADVANCED_FACE('',(#965),#745,.T.);
#3823=ADVANCED_FACE('',(#966),#746,.T.);
#3824=ADVANCED_FACE('',(#967),#26,.T.);
#3825=ADVANCED_FACE('',(#968),#27,.T.);
#3826=ADVANCED_FACE('',(#969),#28,.T.);
#3827=ADVANCED_FACE('',(#970),#29,.T.);
#3828=ADVANCED_FACE('',(#971),#30,.T.);
#3829=ADVANCED_FACE('',(#972),#31,.T.);
#3830=ADVANCED_FACE('',(#973),#17,.F.);
#3831=ADVANCED_FACE('',(#974),#747,.T.);
#3832=ADVANCED_FACE('',(#975),#32,.T.);
#3833=ADVANCED_FACE('',(#976),#748,.T.);
#3834=ADVANCED_FACE('',(#977),#749,.T.);
#3835=ADVANCED_FACE('',(#978),#18,.F.);
#3836=ADVANCED_FACE('',(#979),#750,.T.);
#3837=ADVANCED_FACE('',(#980),#19,.F.);
#3838=ADVANCED_FACE('',(#981),#751,.T.);
#3839=ADVANCED_FACE('',(#982),#752,.T.);
#3840=ADVANCED_FACE('',(#983),#753,.T.);
#3841=ADVANCED_FACE('',(#984),#20,.F.);
#3842=ADVANCED_FACE('',(#985),#754,.T.);
#3843=ADVANCED_FACE('',(#986),#3616,.F.);
#3844=ADVANCED_FACE('',(#987),#3617,.F.);
#3845=ADVANCED_FACE('',(#988),#112,.T.);
#3846=ADVANCED_FACE('',(#989),#33,.T.);
#3847=ADVANCED_FACE('',(#990),#3618,.F.);
#3848=ADVANCED_FACE('',(#991),#34,.T.);
#3849=ADVANCED_FACE('',(#992),#755,.T.);
#3850=ADVANCED_FACE('',(#993),#756,.T.);
#3851=ADVANCED_FACE('',(#994),#757,.F.);
#3852=ADVANCED_FACE('',(#995),#758,.T.);
#3853=ADVANCED_FACE('',(#996),#113,.F.);
#3854=ADVANCED_FACE('',(#997),#114,.T.);
#3855=ADVANCED_FACE('',(#998),#35,.T.);
#3856=ADVANCED_FACE('',(#999),#3619,.F.);
#3857=ADVANCED_FACE('',(#1000),#36,.T.);
#3858=ADVANCED_FACE('',(#1001),#759,.T.);
#3859=ADVANCED_FACE('',(#1002),#760,.F.);
#3860=ADVANCED_FACE('',(#1003),#761,.T.);
#3861=ADVANCED_FACE('',(#1004),#762,.T.);
#3862=ADVANCED_FACE('',(#1005),#115,.T.);
#3863=ADVANCED_FACE('',(#1006),#116,.F.);
#3864=ADVANCED_FACE('',(#1007),#3620,.T.);
#3865=ADVANCED_FACE('',(#1008),#763,.T.);
#3866=ADVANCED_FACE('',(#1009),#117,.T.);
#3867=ADVANCED_FACE('',(#1010),#118,.F.);
#3868=ADVANCED_FACE('',(#1011),#3621,.T.);
#3869=ADVANCED_FACE('',(#1012),#764,.T.);
#3870=ADVANCED_FACE('',(#1013),#119,.T.);
#3871=ADVANCED_FACE('',(#1014),#120,.T.);
#3872=CLOSED_SHELL('',(#3622,#3623,#3624,#3625,#3626,#3627,#3628,#3629,
#3630,#3631,#3632,#3633,#3634,#3635,#3636,#3637,#3638,#3639,#3640,#3641,
#3642,#3643,#3644,#3645,#3646,#3647,#3648,#3649,#3650,#3651,#3652,#3653,
#3654,#3655,#3656,#3657,#3658,#3659,#3660,#3661,#3662,#3663,#3664,#3665,
#3666,#3667,#3668,#3669,#3670,#3671,#3672,#3673,#3674,#3675,#3676,#3677,
#3678,#3679,#3680,#3681,#3682,#3683,#3684,#3685,#3686,#3687,#3688,#3689,
#3690,#3691,#3692,#3693,#3694,#3695));
#3873=CLOSED_SHELL('',(#3696,#3697,#3698,#3699,#3700,#3701,#3702,#3703,
#3704,#3705,#3706,#3707,#3708,#3709,#3710,#3711,#3712,#3713,#3714,#3715,
#3716,#3717,#3718,#3719,#3720,#3721,#3722,#3723,#3724,#3725,#3726,#3727,
#3728,#3729,#3730,#3731,#3732,#3733,#3734,#3735,#3736,#3737,#3738,#3739,
#3740,#3741,#3742,#3743,#3744,#3745,#3746,#3747,#3748,#3749,#3750,#3751,
#3752,#3753,#3754,#3755,#3756,#3757,#3758,#3759,#3760,#3761,#3762,#3763,
#3764,#3765,#3766,#3767,#3768,#3769));
#3874=CLOSED_SHELL('',(#3770,#3771,#3772,#3773,#3774,#3775,#3776,#3777,
#3778,#3779,#3780,#3781,#3782,#3783,#3784,#3785,#3786,#3787,#3788,#3789,
#3790,#3791,#3792,#3793,#3794,#3795,#3796,#3797,#3798,#3799,#3800,#3801,
#3802,#3803,#3804,#3805,#3806,#3807,#3808,#3809,#3810,#3811,#3812,#3813,
#3814,#3815,#3816,#3817,#3818,#3819,#3820,#3821,#3822,#3823,#3824,#3825,
#3826,#3827,#3828,#3829,#3830,#3831,#3832,#3833,#3834,#3835,#3836,#3837,
#3838,#3839,#3840,#3841,#3842,#3843,#3844,#3845,#3846,#3847,#3848,#3849,
#3850,#3851,#3852,#3853,#3854,#3855,#3856,#3857,#3858,#3859,#3860,#3861,
#3862,#3863));
#3875=CLOSED_SHELL('',(#3864,#3865,#3866,#3867));
#3876=CLOSED_SHELL('',(#3868,#3869,#3870,#3871));
#3877=DERIVED_UNIT_ELEMENT(#3879,1.);
#3878=DERIVED_UNIT_ELEMENT(#7203,-3.);
#3879=(
MASS_UNIT()
NAMED_UNIT(*)
SI_UNIT(.KILO.,.GRAM.)
);
#3880=DERIVED_UNIT((#3877,#3878));
#3881=MEASURE_REPRESENTATION_ITEM('density measure',
POSITIVE_RATIO_MEASURE(1060.),#3880);
#3882=PROPERTY_DEFINITION_REPRESENTATION(#3887,#3884);
#3883=PROPERTY_DEFINITION_REPRESENTATION(#3888,#3885);
#3884=REPRESENTATION('material name',(#3886),#7200);
#3885=REPRESENTATION('density',(#3881),#7200);
#3886=DESCRIPTIVE_REPRESENTATION_ITEM('Plastique ABS','Plastique ABS');
#3887=PROPERTY_DEFINITION('material property','material name',#7210);
#3888=PROPERTY_DEFINITION('material property','density of part',#7210);
#3889=AXIS2_PLACEMENT_3D('',#5709,#4411,#4412);
#3890=AXIS2_PLACEMENT_3D('',#5710,#4413,#4414);
#3891=AXIS2_PLACEMENT_3D('',#5713,#4415,#4416);
#3892=AXIS2_PLACEMENT_3D('',#5715,#4417,#4418);
#3893=AXIS2_PLACEMENT_3D('',#5717,#4419,#4420);
#3894=AXIS2_PLACEMENT_3D('',#5718,#4421,#4422);
#3895=AXIS2_PLACEMENT_3D('',#5719,#4423,#4424);
#3896=AXIS2_PLACEMENT_3D('',#5722,#4425,#4426);
#3897=AXIS2_PLACEMENT_3D('',#5725,#4429,#4430);
#3898=AXIS2_PLACEMENT_3D('',#5728,#4431,#4432);
#3899=AXIS2_PLACEMENT_3D('',#5729,#4433,#4434);
#3900=AXIS2_PLACEMENT_3D('',#5730,#4435,#4436);
#3901=AXIS2_PLACEMENT_3D('',#5731,#4437,#4438);
#3902=AXIS2_PLACEMENT_3D('',#5734,#4439,#4440);
#3903=AXIS2_PLACEMENT_3D('',#5735,#4441,#4442);
#3904=AXIS2_PLACEMENT_3D('',#5736,#4443,#4444);
#3905=AXIS2_PLACEMENT_3D('',#5737,#4445,#4446);
#3906=AXIS2_PLACEMENT_3D('',#5740,#4447,#4448);
#3907=AXIS2_PLACEMENT_3D('',#5741,#4449,#4450);
#3908=AXIS2_PLACEMENT_3D('',#5742,#4451,#4452);
#3909=AXIS2_PLACEMENT_3D('',#5743,#4453,#4454);
#3910=AXIS2_PLACEMENT_3D('',#5746,#4455,#4456);
#3911=AXIS2_PLACEMENT_3D('',#5760,#4459,#4460);
#3912=AXIS2_PLACEMENT_3D('',#5761,#4461,#4462);
#3913=AXIS2_PLACEMENT_3D('',#5762,#4463,#4464);
#3914=AXIS2_PLACEMENT_3D('',#5763,#4465,#4466);
#3915=AXIS2_PLACEMENT_3D('',#5766,#4467,#4468);
#3916=AXIS2_PLACEMENT_3D('',#5769,#4471,#4472);
#3917=AXIS2_PLACEMENT_3D('',#5772,#4473,#4474);
#3918=AXIS2_PLACEMENT_3D('',#5773,#4475,#4476);
#3919=AXIS2_PLACEMENT_3D('',#5774,#4477,#4478);
#3920=AXIS2_PLACEMENT_3D('',#5775,#4479,#4480);
#3921=AXIS2_PLACEMENT_3D('',#5778,#4481,#4482);
#3922=AXIS2_PLACEMENT_3D('',#5792,#4485,#4486);
#3923=AXIS2_PLACEMENT_3D('',#5793,#4487,#4488);
#3924=AXIS2_PLACEMENT_3D('',#5794,#4489,#4490);
#3925=AXIS2_PLACEMENT_3D('',#5795,#4491,#4492);
#3926=AXIS2_PLACEMENT_3D('',#5798,#4493,#4494);
#3927=AXIS2_PLACEMENT_3D('',#5812,#4497,#4498);
#3928=AXIS2_PLACEMENT_3D('',#5813,#4499,#4500);
#3929=AXIS2_PLACEMENT_3D('',#5814,#4501,#4502);
#3930=AXIS2_PLACEMENT_3D('',#5815,#4503,#4504);
#3931=AXIS2_PLACEMENT_3D('',#5818,#4505,#4506);
#3932=AXIS2_PLACEMENT_3D('',#5821,#4509,#4510);
#3933=AXIS2_PLACEMENT_3D('',#5824,#4511,#4512);
#3934=AXIS2_PLACEMENT_3D('',#5825,#4513,#4514);
#3935=AXIS2_PLACEMENT_3D('',#5826,#4515,#4516);
#3936=AXIS2_PLACEMENT_3D('',#5827,#4517,#4518);
#3937=AXIS2_PLACEMENT_3D('',#5830,#4519,#4520);
#3938=AXIS2_PLACEMENT_3D('',#5844,#4523,#4524);
#3939=AXIS2_PLACEMENT_3D('',#5845,#4525,#4526);
#3940=AXIS2_PLACEMENT_3D('',#5846,#4527,#4528);
#3941=AXIS2_PLACEMENT_3D('',#5847,#4529,#4530);
#3942=AXIS2_PLACEMENT_3D('',#5850,#4531,#4532);
#3943=AXIS2_PLACEMENT_3D('',#5853,#4535,#4536);
#3944=AXIS2_PLACEMENT_3D('',#5856,#4537,#4538);
#3945=AXIS2_PLACEMENT_3D('',#5857,#4539,#4540);
#3946=AXIS2_PLACEMENT_3D('',#5858,#4541,#4542);
#3947=AXIS2_PLACEMENT_3D('',#5859,#4543,#4544);
#3948=AXIS2_PLACEMENT_3D('',#5862,#4545,#4546);
#3949=AXIS2_PLACEMENT_3D('',#5876,#4549,#4550);
#3950=AXIS2_PLACEMENT_3D('',#5877,#4551,#4552);
#3951=AXIS2_PLACEMENT_3D('',#5878,#4553,#4554);
#3952=AXIS2_PLACEMENT_3D('',#5879,#4555,#4556);
#3953=AXIS2_PLACEMENT_3D('',#5882,#4557,#4558);
#3954=AXIS2_PLACEMENT_3D('',#5896,#4561,#4562);
#3955=AXIS2_PLACEMENT_3D('',#5897,#4563,#4564);
#3956=AXIS2_PLACEMENT_3D('',#5898,#4565,#4566);
#3957=AXIS2_PLACEMENT_3D('',#5899,#4567,#4568);
#3958=AXIS2_PLACEMENT_3D('',#5902,#4569,#4570);
#3959=AXIS2_PLACEMENT_3D('',#5905,#4573,#4574);
#3960=AXIS2_PLACEMENT_3D('',#5908,#4575,#4576);
#3961=AXIS2_PLACEMENT_3D('',#5909,#4577,#4578);
#3962=AXIS2_PLACEMENT_3D('',#5910,#4579,#4580);
#3963=AXIS2_PLACEMENT_3D('',#5911,#4581,#4582);
#3964=AXIS2_PLACEMENT_3D('',#5914,#4583,#4584);
#3965=AXIS2_PLACEMENT_3D('',#5928,#4587,#4588);
#3966=AXIS2_PLACEMENT_3D('',#5929,#4589,#4590);
#3967=AXIS2_PLACEMENT_3D('',#5930,#4591,#4592);
#3968=AXIS2_PLACEMENT_3D('',#5931,#4593,#4594);
#3969=AXIS2_PLACEMENT_3D('',#5934,#4595,#4596);
#3970=AXIS2_PLACEMENT_3D('',#5948,#4599,#4600);
#3971=AXIS2_PLACEMENT_3D('',#5949,#4601,#4602);
#3972=AXIS2_PLACEMENT_3D('',#5950,#4603,#4604);
#3973=AXIS2_PLACEMENT_3D('',#5951,#4605,#4606);
#3974=AXIS2_PLACEMENT_3D('',#5954,#4607,#4608);
#3975=AXIS2_PLACEMENT_3D('',#5957,#4611,#4612);
#3976=AXIS2_PLACEMENT_3D('',#5960,#4613,#4614);
#3977=AXIS2_PLACEMENT_3D('',#5961,#4615,#4616);
#3978=AXIS2_PLACEMENT_3D('',#5962,#4617,#4618);
#3979=AXIS2_PLACEMENT_3D('',#5963,#4619,#4620);
#3980=AXIS2_PLACEMENT_3D('',#5966,#4621,#4622);
#3981=AXIS2_PLACEMENT_3D('',#5980,#4625,#4626);
#3982=AXIS2_PLACEMENT_3D('',#5981,#4627,#4628);
#3983=AXIS2_PLACEMENT_3D('',#5982,#4629,#4630);
#3984=AXIS2_PLACEMENT_3D('',#5983,#4631,#4632);
#3985=AXIS2_PLACEMENT_3D('',#5986,#4633,#4634);
#3986=AXIS2_PLACEMENT_3D('',#5987,#4635,#4636);
#3987=AXIS2_PLACEMENT_3D('',#5988,#4637,#4638);
#3988=AXIS2_PLACEMENT_3D('',#5989,#4639,#4640);
#3989=AXIS2_PLACEMENT_3D('',#5992,#4641,#4642);
#3990=AXIS2_PLACEMENT_3D('',#5995,#4645,#4646);
#3991=AXIS2_PLACEMENT_3D('',#5996,#4647,#4648);
#3992=AXIS2_PLACEMENT_3D('',#5997,#4649,#4650);
#3993=AXIS2_PLACEMENT_3D('',#5998,#4651,#4652);
#3994=AXIS2_PLACEMENT_3D('',#6004,#4656,#4657);
#3995=AXIS2_PLACEMENT_3D('',#6007,#4659,#4660);
#3996=AXIS2_PLACEMENT_3D('',#6008,#4661,#4662);
#3997=AXIS2_PLACEMENT_3D('',#6012,#4665,#4666);
#3998=AXIS2_PLACEMENT_3D('',#6015,#4668,#4669);
#3999=AXIS2_PLACEMENT_3D('',#6016,#4670,#4671);
#4000=AXIS2_PLACEMENT_3D('',#6020,#4674,#4675);
#4001=AXIS2_PLACEMENT_3D('',#6023,#4677,#4678);
#4002=AXIS2_PLACEMENT_3D('',#6024,#4679,#4680);
#4003=AXIS2_PLACEMENT_3D('',#6028,#4683,#4684);
#4004=AXIS2_PLACEMENT_3D('',#6031,#4686,#4687);
#4005=AXIS2_PLACEMENT_3D('',#6032,#4688,#4689);
#4006=AXIS2_PLACEMENT_3D('',#6036,#4692,#4693);
#4007=AXIS2_PLACEMENT_3D('',#6039,#4695,#4696);
#4008=AXIS2_PLACEMENT_3D('',#6040,#4697,#4698);
#4009=AXIS2_PLACEMENT_3D('',#6044,#4701,#4702);
#4010=AXIS2_PLACEMENT_3D('',#6047,#4704,#4705);
#4011=AXIS2_PLACEMENT_3D('',#6048,#4706,#4707);
#4012=AXIS2_PLACEMENT_3D('',#6052,#4710,#4711);
#4013=AXIS2_PLACEMENT_3D('',#6055,#4713,#4714);
#4014=AXIS2_PLACEMENT_3D('',#6056,#4715,#4716);
#4015=AXIS2_PLACEMENT_3D('',#6059,#4718,#4719);
#4016=AXIS2_PLACEMENT_3D('',#6060,#4720,#4721);
#4017=AXIS2_PLACEMENT_3D('',#6064,#4724,#4725);
#4018=AXIS2_PLACEMENT_3D('',#6067,#4727,#4728);
#4019=AXIS2_PLACEMENT_3D('',#6068,#4729,#4730);
#4020=AXIS2_PLACEMENT_3D('',#6071,#4732,#4733);
#4021=AXIS2_PLACEMENT_3D('',#6072,#4734,#4735);
#4022=AXIS2_PLACEMENT_3D('',#6073,#4736,#4737);
#4023=AXIS2_PLACEMENT_3D('',#6077,#4740,#4741);
#4024=AXIS2_PLACEMENT_3D('',#6081,#4743,#4744);
#4025=AXIS2_PLACEMENT_3D('',#6083,#4746,#4747);
#4026=AXIS2_PLACEMENT_3D('',#6085,#4748,#4749);
#4027=AXIS2_PLACEMENT_3D('',#6087,#4751,#4752);
#4028=AXIS2_PLACEMENT_3D('',#6088,#4753,#4754);
#4029=AXIS2_PLACEMENT_3D('',#6089,#4755,#4756);
#4030=AXIS2_PLACEMENT_3D('',#6093,#4758,#4759);
#4031=AXIS2_PLACEMENT_3D('',#6097,#4761,#4762);
#4032=AXIS2_PLACEMENT_3D('',#6101,#4764,#4765);
#4033=AXIS2_PLACEMENT_3D('',#6105,#4767,#4768);
#4034=AXIS2_PLACEMENT_3D('',#6109,#4770,#4771);
#4035=AXIS2_PLACEMENT_3D('',#6113,#4773,#4774);
#4036=AXIS2_PLACEMENT_3D('',#6116,#4776,#4777);
#4037=AXIS2_PLACEMENT_3D('',#6117,#4778,#4779);
#4038=AXIS2_PLACEMENT_3D('',#6120,#4782,#4783);
#4039=AXIS2_PLACEMENT_3D('',#6122,#4785,#4786);
#4040=AXIS2_PLACEMENT_3D('',#6125,#4789,#4790);
#4041=AXIS2_PLACEMENT_3D('',#6127,#4792,#4793);
#4042=AXIS2_PLACEMENT_3D('',#6129,#4795,#4796);
#4043=AXIS2_PLACEMENT_3D('',#6132,#4799,#4800);
#4044=AXIS2_PLACEMENT_3D('',#6134,#4802,#4803);
#4045=AXIS2_PLACEMENT_3D('',#6135,#4804,#4805);
#4046=AXIS2_PLACEMENT_3D('',#6138,#4808,#4809);
#4047=AXIS2_PLACEMENT_3D('',#6139,#4810,#4811);
#4048=AXIS2_PLACEMENT_3D('',#6141,#4813,#4814);
#4049=AXIS2_PLACEMENT_3D('',#6142,#4815,#4816);
#4050=AXIS2_PLACEMENT_3D('',#6143,#4817,#4818);
#4051=AXIS2_PLACEMENT_3D('',#6144,#4819,#4820);
#4052=AXIS2_PLACEMENT_3D('',#6147,#4821,#4822);
#4053=AXIS2_PLACEMENT_3D('',#6149,#4823,#4824);
#4054=AXIS2_PLACEMENT_3D('',#6151,#4825,#4826);
#4055=AXIS2_PLACEMENT_3D('',#6152,#4827,#4828);
#4056=AXIS2_PLACEMENT_3D('',#6164,#4829,#4830);
#4057=AXIS2_PLACEMENT_3D('',#6165,#4831,#4832);
#4058=AXIS2_PLACEMENT_3D('',#6166,#4833,#4834);
#4059=AXIS2_PLACEMENT_3D('',#6167,#4835,#4836);
#4060=AXIS2_PLACEMENT_3D('',#6170,#4837,#4838);
#4061=AXIS2_PLACEMENT_3D('',#6173,#4841,#4842);
#4062=AXIS2_PLACEMENT_3D('',#6176,#4843,#4844);
#4063=AXIS2_PLACEMENT_3D('',#6177,#4845,#4846);
#4064=AXIS2_PLACEMENT_3D('',#6178,#4847,#4848);
#4065=AXIS2_PLACEMENT_3D('',#6179,#4849,#4850);
#4066=AXIS2_PLACEMENT_3D('',#6182,#4851,#4852);
#4067=AXIS2_PLACEMENT_3D('',#6196,#4855,#4856);
#4068=AXIS2_PLACEMENT_3D('',#6197,#4857,#4858);
#4069=AXIS2_PLACEMENT_3D('',#6198,#4859,#4860);
#4070=AXIS2_PLACEMENT_3D('',#6199,#4861,#4862);
#4071=AXIS2_PLACEMENT_3D('',#6202,#4863,#4864);
#4072=AXIS2_PLACEMENT_3D('',#6216,#4867,#4868);
#4073=AXIS2_PLACEMENT_3D('',#6217,#4869,#4870);
#4074=AXIS2_PLACEMENT_3D('',#6218,#4871,#4872);
#4075=AXIS2_PLACEMENT_3D('',#6219,#4873,#4874);
#4076=AXIS2_PLACEMENT_3D('',#6222,#4875,#4876);
#4077=AXIS2_PLACEMENT_3D('',#6225,#4879,#4880);
#4078=AXIS2_PLACEMENT_3D('',#6228,#4881,#4882);
#4079=AXIS2_PLACEMENT_3D('',#6229,#4883,#4884);
#4080=AXIS2_PLACEMENT_3D('',#6230,#4885,#4886);
#4081=AXIS2_PLACEMENT_3D('',#6231,#4887,#4888);
#4082=AXIS2_PLACEMENT_3D('',#6234,#4889,#4890);
#4083=AXIS2_PLACEMENT_3D('',#6248,#4893,#4894);
#4084=AXIS2_PLACEMENT_3D('',#6249,#4895,#4896);
#4085=AXIS2_PLACEMENT_3D('',#6250,#4897,#4898);
#4086=AXIS2_PLACEMENT_3D('',#6251,#4899,#4900);
#4087=AXIS2_PLACEMENT_3D('',#6254,#4901,#4902);
#4088=AXIS2_PLACEMENT_3D('',#6268,#4905,#4906);
#4089=AXIS2_PLACEMENT_3D('',#6269,#4907,#4908);
#4090=AXIS2_PLACEMENT_3D('',#6270,#4909,#4910);
#4091=AXIS2_PLACEMENT_3D('',#6271,#4911,#4912);
#4092=AXIS2_PLACEMENT_3D('',#6274,#4913,#4914);
#4093=AXIS2_PLACEMENT_3D('',#6277,#4917,#4918);
#4094=AXIS2_PLACEMENT_3D('',#6280,#4919,#4920);
#4095=AXIS2_PLACEMENT_3D('',#6281,#4921,#4922);
#4096=AXIS2_PLACEMENT_3D('',#6282,#4923,#4924);
#4097=AXIS2_PLACEMENT_3D('',#6283,#4925,#4926);
#4098=AXIS2_PLACEMENT_3D('',#6286,#4927,#4928);
#4099=AXIS2_PLACEMENT_3D('',#6300,#4931,#4932);
#4100=AXIS2_PLACEMENT_3D('',#6301,#4933,#4934);
#4101=AXIS2_PLACEMENT_3D('',#6302,#4935,#4936);
#4102=AXIS2_PLACEMENT_3D('',#6303,#4937,#4938);
#4103=AXIS2_PLACEMENT_3D('',#6306,#4939,#4940);
#4104=AXIS2_PLACEMENT_3D('',#6309,#4943,#4944);
#4105=AXIS2_PLACEMENT_3D('',#6312,#4945,#4946);
#4106=AXIS2_PLACEMENT_3D('',#6313,#4947,#4948);
#4107=AXIS2_PLACEMENT_3D('',#6314,#4949,#4950);
#4108=AXIS2_PLACEMENT_3D('',#6315,#4951,#4952);
#4109=AXIS2_PLACEMENT_3D('',#6318,#4953,#4954);
#4110=AXIS2_PLACEMENT_3D('',#6332,#4957,#4958);
#4111=AXIS2_PLACEMENT_3D('',#6333,#4959,#4960);
#4112=AXIS2_PLACEMENT_3D('',#6334,#4961,#4962);
#4113=AXIS2_PLACEMENT_3D('',#6335,#4963,#4964);
#4114=AXIS2_PLACEMENT_3D('',#6338,#4965,#4966);
#4115=AXIS2_PLACEMENT_3D('',#6352,#4969,#4970);
#4116=AXIS2_PLACEMENT_3D('',#6353,#4971,#4972);
#4117=AXIS2_PLACEMENT_3D('',#6354,#4973,#4974);
#4118=AXIS2_PLACEMENT_3D('',#6355,#4975,#4976);
#4119=AXIS2_PLACEMENT_3D('',#6358,#4977,#4978);
#4120=AXIS2_PLACEMENT_3D('',#6361,#4981,#4982);
#4121=AXIS2_PLACEMENT_3D('',#6364,#4983,#4984);
#4122=AXIS2_PLACEMENT_3D('',#6365,#4985,#4986);
#4123=AXIS2_PLACEMENT_3D('',#6366,#4987,#4988);
#4124=AXIS2_PLACEMENT_3D('',#6367,#4989,#4990);
#4125=AXIS2_PLACEMENT_3D('',#6370,#4991,#4992);
#4126=AXIS2_PLACEMENT_3D('',#6384,#4995,#4996);
#4127=AXIS2_PLACEMENT_3D('',#6385,#4997,#4998);
#4128=AXIS2_PLACEMENT_3D('',#6386,#4999,#5000);
#4129=AXIS2_PLACEMENT_3D('',#6387,#5001,#5002);
#4130=AXIS2_PLACEMENT_3D('',#6390,#5003,#5004);
#4131=AXIS2_PLACEMENT_3D('',#6393,#5007,#5008);
#4132=AXIS2_PLACEMENT_3D('',#6396,#5009,#5010);
#4133=AXIS2_PLACEMENT_3D('',#6397,#5011,#5012);
#4134=AXIS2_PLACEMENT_3D('',#6398,#5013,#5014);
#4135=AXIS2_PLACEMENT_3D('',#6399,#5015,#5016);
#4136=AXIS2_PLACEMENT_3D('',#6402,#5017,#5018);
#4137=AXIS2_PLACEMENT_3D('',#6403,#5019,#5020);
#4138=AXIS2_PLACEMENT_3D('',#6404,#5021,#5022);
#4139=AXIS2_PLACEMENT_3D('',#6405,#5023,#5024);
#4140=AXIS2_PLACEMENT_3D('',#6408,#5025,#5026);
#4141=AXIS2_PLACEMENT_3D('',#6409,#5027,#5028);
#4142=AXIS2_PLACEMENT_3D('',#6410,#5029,#5030);
#4143=AXIS2_PLACEMENT_3D('',#6411,#5031,#5032);
#4144=AXIS2_PLACEMENT_3D('',#6414,#5033,#5034);
#4145=AXIS2_PLACEMENT_3D('',#6417,#5037,#5038);
#4146=AXIS2_PLACEMENT_3D('',#6420,#5039,#5040);
#4147=AXIS2_PLACEMENT_3D('',#6421,#5041,#5042);
#4148=AXIS2_PLACEMENT_3D('',#6422,#5043,#5044);
#4149=AXIS2_PLACEMENT_3D('',#6423,#5045,#5046);
#4150=AXIS2_PLACEMENT_3D('',#6426,#5047,#5048);
#4151=AXIS2_PLACEMENT_3D('',#6427,#5049,#5050);
#4152=AXIS2_PLACEMENT_3D('',#6428,#5051,#5052);
#4153=AXIS2_PLACEMENT_3D('',#6429,#5053,#5054);
#4154=AXIS2_PLACEMENT_3D('',#6432,#5057,#5058);
#4155=AXIS2_PLACEMENT_3D('',#6436,#5060,#5061);
#4156=AXIS2_PLACEMENT_3D('',#6438,#5063,#5064);
#4157=AXIS2_PLACEMENT_3D('',#6442,#5067,#5068);
#4158=AXIS2_PLACEMENT_3D('',#6445,#5070,#5071);
#4159=AXIS2_PLACEMENT_3D('',#6446,#5072,#5073);
#4160=AXIS2_PLACEMENT_3D('',#6450,#5076,#5077);
#4161=AXIS2_PLACEMENT_3D('',#6453,#5079,#5080);
#4162=AXIS2_PLACEMENT_3D('',#6454,#5081,#5082);
#4163=AXIS2_PLACEMENT_3D('',#6458,#5085,#5086);
#4164=AXIS2_PLACEMENT_3D('',#6461,#5088,#5089);
#4165=AXIS2_PLACEMENT_3D('',#6462,#5090,#5091);
#4166=AXIS2_PLACEMENT_3D('',#6466,#5094,#5095);
#4167=AXIS2_PLACEMENT_3D('',#6469,#5097,#5098);
#4168=AXIS2_PLACEMENT_3D('',#6470,#5099,#5100);
#4169=AXIS2_PLACEMENT_3D('',#6474,#5103,#5104);
#4170=AXIS2_PLACEMENT_3D('',#6477,#5106,#5107);
#4171=AXIS2_PLACEMENT_3D('',#6478,#5108,#5109);
#4172=AXIS2_PLACEMENT_3D('',#6482,#5112,#5113);
#4173=AXIS2_PLACEMENT_3D('',#6485,#5115,#5116);
#4174=AXIS2_PLACEMENT_3D('',#6486,#5117,#5118);
#4175=AXIS2_PLACEMENT_3D('',#6490,#5121,#5122);
#4176=AXIS2_PLACEMENT_3D('',#6493,#5124,#5125);
#4177=AXIS2_PLACEMENT_3D('',#6494,#5126,#5127);
#4178=AXIS2_PLACEMENT_3D('',#6498,#5130,#5131);
#4179=AXIS2_PLACEMENT_3D('',#6501,#5133,#5134);
#4180=AXIS2_PLACEMENT_3D('',#6502,#5135,#5136);
#4181=AXIS2_PLACEMENT_3D('',#6505,#5138,#5139);
#4182=AXIS2_PLACEMENT_3D('',#6506,#5140,#5141);
#4183=AXIS2_PLACEMENT_3D('',#6507,#5142,#5143);
#4184=AXIS2_PLACEMENT_3D('',#6511,#5146,#5147);
#4185=AXIS2_PLACEMENT_3D('',#6515,#5149,#5150);
#4186=AXIS2_PLACEMENT_3D('',#6517,#5152,#5153);
#4187=AXIS2_PLACEMENT_3D('',#6521,#5156,#5157);
#4188=AXIS2_PLACEMENT_3D('',#6522,#5158,#5159);
#4189=AXIS2_PLACEMENT_3D('',#6523,#5160,#5161);
#4190=AXIS2_PLACEMENT_3D('',#6525,#5162,#5163);
#4191=AXIS2_PLACEMENT_3D('',#6527,#5164,#5165);
#4192=AXIS2_PLACEMENT_3D('',#6529,#5166,#5167);
#4193=AXIS2_PLACEMENT_3D('',#6533,#5169,#5170);
#4194=AXIS2_PLACEMENT_3D('',#6537,#5172,#5173);
#4195=AXIS2_PLACEMENT_3D('',#6541,#5175,#5176);
#4196=AXIS2_PLACEMENT_3D('',#6545,#5178,#5179);
#4197=AXIS2_PLACEMENT_3D('',#6549,#5181,#5182);
#4198=AXIS2_PLACEMENT_3D('',#6551,#5184,#5185);
#4199=AXIS2_PLACEMENT_3D('',#6553,#5187,#5188);
#4200=AXIS2_PLACEMENT_3D('',#6555,#5190,#5191);
#4201=AXIS2_PLACEMENT_3D('',#6557,#5193,#5194);
#4202=AXIS2_PLACEMENT_3D('',#6560,#5197,#5198);
#4203=AXIS2_PLACEMENT_3D('',#6562,#5200,#5201);
#4204=AXIS2_PLACEMENT_3D('',#6565,#5204,#5205);
#4205=AXIS2_PLACEMENT_3D('',#6566,#5206,#5207);
#4206=AXIS2_PLACEMENT_3D('',#6569,#5210,#5211);
#4207=AXIS2_PLACEMENT_3D('',#6571,#5213,#5214);
#4208=AXIS2_PLACEMENT_3D('',#6573,#5216,#5217);
#4209=AXIS2_PLACEMENT_3D('',#6574,#5218,#5219);
#4210=AXIS2_PLACEMENT_3D('',#6576,#5221,#5222);
#4211=AXIS2_PLACEMENT_3D('',#6577,#5223,#5224);
#4212=AXIS2_PLACEMENT_3D('',#6578,#5225,#5226);
#4213=AXIS2_PLACEMENT_3D('',#6587,#5231,#5232);
#4214=AXIS2_PLACEMENT_3D('',#6591,#5234,#5235);
#4215=AXIS2_PLACEMENT_3D('',#6592,#5236,#5237);
#4216=AXIS2_PLACEMENT_3D('',#6593,#5238,#5239);
#4217=AXIS2_PLACEMENT_3D('',#6599,#5243,#5244);
#4218=AXIS2_PLACEMENT_3D('',#6603,#5246,#5247);
#4219=AXIS2_PLACEMENT_3D('',#6604,#5248,#5249);
#4220=AXIS2_PLACEMENT_3D('',#6605,#5250,#5251);
#4221=AXIS2_PLACEMENT_3D('',#6609,#5253,#5254);
#4222=AXIS2_PLACEMENT_3D('',#6610,#5255,#5256);
#4223=AXIS2_PLACEMENT_3D('',#6611,#5257,#5258);
#4224=AXIS2_PLACEMENT_3D('',#6645,#5266,#5267);
#4225=AXIS2_PLACEMENT_3D('',#6649,#5269,#5270);
#4226=AXIS2_PLACEMENT_3D('',#6650,#5271,#5272);
#4227=AXIS2_PLACEMENT_3D('',#6651,#5273,#5274);
#4228=AXIS2_PLACEMENT_3D('',#6655,#5276,#5277);
#4229=AXIS2_PLACEMENT_3D('',#6656,#5278,#5279);
#4230=AXIS2_PLACEMENT_3D('',#6657,#5280,#5281);
#4231=AXIS2_PLACEMENT_3D('',#6663,#5285,#5286);
#4232=AXIS2_PLACEMENT_3D('',#6667,#5288,#5289);
#4233=AXIS2_PLACEMENT_3D('',#6668,#5290,#5291);
#4234=AXIS2_PLACEMENT_3D('',#6669,#5292,#5293);
#4235=AXIS2_PLACEMENT_3D('',#6678,#5298,#5299);
#4236=AXIS2_PLACEMENT_3D('',#6687,#5304,#5305);
#4237=AXIS2_PLACEMENT_3D('',#6693,#5309,#5310);
#4238=AXIS2_PLACEMENT_3D('',#6694,#5311,#5312);
#4239=AXIS2_PLACEMENT_3D('',#6695,#5313,#5314);
#4240=AXIS2_PLACEMENT_3D('',#6696,#5315,#5316);
#4241=AXIS2_PLACEMENT_3D('',#6697,#5317,#5318);
#4242=AXIS2_PLACEMENT_3D('',#6698,#5319,#5320);
#4243=AXIS2_PLACEMENT_3D('',#6699,#5321,#5322);
#4244=AXIS2_PLACEMENT_3D('',#6701,#5323,#5324);
#4245=AXIS2_PLACEMENT_3D('',#6704,#5326,#5327);
#4246=AXIS2_PLACEMENT_3D('',#6705,#5328,#5329);
#4247=AXIS2_PLACEMENT_3D('',#6706,#5330,#5331);
#4248=AXIS2_PLACEMENT_3D('',#6707,#5332,#5333);
#4249=AXIS2_PLACEMENT_3D('',#6708,#5334,#5335);
#4250=AXIS2_PLACEMENT_3D('',#6709,#5336,#5337);
#4251=AXIS2_PLACEMENT_3D('',#6710,#5338,#5339);
#4252=AXIS2_PLACEMENT_3D('',#6711,#5340,#5341);
#4253=AXIS2_PLACEMENT_3D('',#6712,#5342,#5343);
#4254=AXIS2_PLACEMENT_3D('',#6718,#5344,#5345);
#4255=AXIS2_PLACEMENT_3D('',#6719,#5346,#5347);
#4256=AXIS2_PLACEMENT_3D('',#6720,#5348,#5349);
#4257=AXIS2_PLACEMENT_3D('',#6729,#5354,#5355);
#4258=AXIS2_PLACEMENT_3D('',#6738,#5360,#5361);
#4259=AXIS2_PLACEMENT_3D('',#6739,#5362,#5363);
#4260=AXIS2_PLACEMENT_3D('',#6740,#5364,#5365);
#4261=AXIS2_PLACEMENT_3D('',#6741,#5366,#5367);
#4262=AXIS2_PLACEMENT_3D('',#6742,#5368,#5369);
#4263=AXIS2_PLACEMENT_3D('',#6743,#5370,#5371);
#4264=AXIS2_PLACEMENT_3D('',#6744,#5372,#5373);
#4265=AXIS2_PLACEMENT_3D('',#6745,#5374,#5375);
#4266=AXIS2_PLACEMENT_3D('',#6746,#5376,#5377);
#4267=AXIS2_PLACEMENT_3D('',#6747,#5378,#5379);
#4268=AXIS2_PLACEMENT_3D('',#6749,#5380,#5381);
#4269=AXIS2_PLACEMENT_3D('',#6752,#5383,#5384);
#4270=AXIS2_PLACEMENT_3D('',#6753,#5385,#5386);
#4271=AXIS2_PLACEMENT_3D('',#6754,#5387,#5388);
#4272=AXIS2_PLACEMENT_3D('',#6755,#5389,#5390);
#4273=AXIS2_PLACEMENT_3D('',#6756,#5391,#5392);
#4274=AXIS2_PLACEMENT_3D('',#6757,#5393,#5394);
#4275=AXIS2_PLACEMENT_3D('',#6759,#5395,#5396);
#4276=AXIS2_PLACEMENT_3D('',#6762,#5398,#5399);
#4277=AXIS2_PLACEMENT_3D('',#6763,#5400,#5401);
#4278=AXIS2_PLACEMENT_3D('',#6769,#5402,#5403);
#4279=AXIS2_PLACEMENT_3D('',#6770,#5404,#5405);
#4280=AXIS2_PLACEMENT_3D('',#6771,#5406,#5407);
#4281=AXIS2_PLACEMENT_3D('',#6808,#5416,#5417);
#4282=AXIS2_PLACEMENT_3D('',#6817,#5422,#5423);
#4283=AXIS2_PLACEMENT_3D('',#6824,#5427,#5428);
#4284=AXIS2_PLACEMENT_3D('',#6825,#5429,#5430);
#4285=AXIS2_PLACEMENT_3D('',#6830,#5431,#5432);
#4286=AXIS2_PLACEMENT_3D('',#6837,#5436,#5437);
#4287=AXIS2_PLACEMENT_3D('',#6838,#5438,#5439);
#4288=AXIS2_PLACEMENT_3D('',#6844,#5440,#5441);
#4289=AXIS2_PLACEMENT_3D('',#6845,#5442,#5443);
#4290=AXIS2_PLACEMENT_3D('',#6848,#5445,#5446);
#4291=AXIS2_PLACEMENT_3D('',#6869,#5447,#5448);
#4292=AXIS2_PLACEMENT_3D('',#6870,#5449,#5450);
#4293=AXIS2_PLACEMENT_3D('',#6871,#5451,#5452);
#4294=AXIS2_PLACEMENT_3D('',#6872,#5453,#5454);
#4295=AXIS2_PLACEMENT_3D('',#6873,#5455,#5456);
#4296=AXIS2_PLACEMENT_3D('',#6874,#5457,#5458);
#4297=AXIS2_PLACEMENT_3D('',#6875,#5459,#5460);
#4298=AXIS2_PLACEMENT_3D('',#6876,#5461,#5462);
#4299=AXIS2_PLACEMENT_3D('',#6877,#5463,#5464);
#4300=AXIS2_PLACEMENT_3D('',#6898,#5465,#5466);
#4301=AXIS2_PLACEMENT_3D('',#6899,#5467,#5468);
#4302=AXIS2_PLACEMENT_3D('',#6900,#5469,#5470);
#4303=AXIS2_PLACEMENT_3D('',#6901,#5471,#5472);
#4304=AXIS2_PLACEMENT_3D('',#6902,#5473,#5474);
#4305=AXIS2_PLACEMENT_3D('',#6903,#5475,#5476);
#4306=AXIS2_PLACEMENT_3D('',#6904,#5477,#5478);
#4307=AXIS2_PLACEMENT_3D('',#6905,#5479,#5480);
#4308=AXIS2_PLACEMENT_3D('',#6906,#5481,#5482);
#4309=AXIS2_PLACEMENT_3D('',#6927,#5483,#5484);
#4310=AXIS2_PLACEMENT_3D('',#6928,#5485,#5486);
#4311=AXIS2_PLACEMENT_3D('',#6929,#5487,#5488);
#4312=AXIS2_PLACEMENT_3D('',#6930,#5489,#5490);
#4313=AXIS2_PLACEMENT_3D('',#6931,#5491,#5492);
#4314=AXIS2_PLACEMENT_3D('',#6932,#5493,#5494);
#4315=AXIS2_PLACEMENT_3D('',#6933,#5495,#5496);
#4316=AXIS2_PLACEMENT_3D('',#6954,#5497,#5498);
#4317=AXIS2_PLACEMENT_3D('',#6955,#5499,#5500);
#4318=AXIS2_PLACEMENT_3D('',#6956,#5501,#5502);
#4319=AXIS2_PLACEMENT_3D('',#6957,#5503,#5504);
#4320=AXIS2_PLACEMENT_3D('',#6958,#5505,#5506);
#4321=AXIS2_PLACEMENT_3D('',#6959,#5507,#5508);
#4322=AXIS2_PLACEMENT_3D('',#6960,#5509,#5510);
#4323=AXIS2_PLACEMENT_3D('',#6961,#5511,#5512);
#4324=AXIS2_PLACEMENT_3D('',#6962,#5513,#5514);
#4325=AXIS2_PLACEMENT_3D('',#6963,#5515,#5516);
#4326=AXIS2_PLACEMENT_3D('',#6965,#5517,#5518);
#4327=AXIS2_PLACEMENT_3D('',#6967,#5519,#5520);
#4328=AXIS2_PLACEMENT_3D('',#6968,#5521,#5522);
#4329=AXIS2_PLACEMENT_3D('',#6969,#5523,#5524);
#4330=AXIS2_PLACEMENT_3D('',#6971,#5525,#5526);
#4331=AXIS2_PLACEMENT_3D('',#6973,#5527,#5528);
#4332=AXIS2_PLACEMENT_3D('',#6974,#5529,#5530);
#4333=AXIS2_PLACEMENT_3D('',#6975,#5531,#5532);
#4334=AXIS2_PLACEMENT_3D('',#6977,#5533,#5534);
#4335=AXIS2_PLACEMENT_3D('',#6979,#5535,#5536);
#4336=AXIS2_PLACEMENT_3D('',#6980,#5537,#5538);
#4337=AXIS2_PLACEMENT_3D('',#7002,#5539,#5540);
#4338=AXIS2_PLACEMENT_3D('',#7007,#5541,#5542);
#4339=AXIS2_PLACEMENT_3D('',#7009,#5544,#5545);
#4340=AXIS2_PLACEMENT_3D('',#7011,#5546,#5547);
#4341=AXIS2_PLACEMENT_3D('',#7013,#5548,#5549);
#4342=AXIS2_PLACEMENT_3D('',#7014,#5550,#5551);
#4343=AXIS2_PLACEMENT_3D('',#7015,#5552,#5553);
#4344=AXIS2_PLACEMENT_3D('',#7018,#5556,#5557);
#4345=AXIS2_PLACEMENT_3D('',#7041,#5559,#5560);
#4346=AXIS2_PLACEMENT_3D('',#7046,#5561,#5562);
#4347=AXIS2_PLACEMENT_3D('',#7069,#5564,#5565);
#4348=AXIS2_PLACEMENT_3D('',#7074,#5566,#5567);
#4349=AXIS2_PLACEMENT_3D('',#7076,#5569,#5570);
#4350=AXIS2_PLACEMENT_3D('',#7079,#5573,#5574);
#4351=AXIS2_PLACEMENT_3D('',#7102,#5576,#5577);
#4352=AXIS2_PLACEMENT_3D('',#7107,#5578,#5579);
#4353=AXIS2_PLACEMENT_3D('',#7109,#5581,#5582);
#4354=AXIS2_PLACEMENT_3D('',#7111,#5583,#5584);
#4355=AXIS2_PLACEMENT_3D('',#7113,#5585,#5586);
#4356=AXIS2_PLACEMENT_3D('',#7114,#5587,#5588);
#4357=AXIS2_PLACEMENT_3D('',#7115,#5589,#5590);
#4358=AXIS2_PLACEMENT_3D('',#7117,#5591,#5592);
#4359=AXIS2_PLACEMENT_3D('',#7119,#5593,#5594);
#4360=AXIS2_PLACEMENT_3D('',#7120,#5595,#5596);
#4361=AXIS2_PLACEMENT_3D('',#7121,#5597,#5598);
#4362=AXIS2_PLACEMENT_3D('',#7122,#5599,#5600);
#4363=AXIS2_PLACEMENT_3D('',#7124,#5601,#5602);
#4364=AXIS2_PLACEMENT_3D('',#7125,#5603,#5604);
#4365=AXIS2_PLACEMENT_3D('',#7126,#5605,#5606);
#4366=AXIS2_PLACEMENT_3D('',#7128,#5607,#5608);
#4367=AXIS2_PLACEMENT_3D('',#7130,#5609,#5610);
#4368=AXIS2_PLACEMENT_3D('',#7131,#5611,#5612);
#4369=AXIS2_PLACEMENT_3D('',#7132,#5613,#5614);
#4370=AXIS2_PLACEMENT_3D('',#7134,#5615,#5616);
#4371=AXIS2_PLACEMENT_3D('',#7135,#5617,#5618);
#4372=AXIS2_PLACEMENT_3D('',#7136,#5619,#5620);
#4373=AXIS2_PLACEMENT_3D('',#7138,#5622,#5623);
#4374=AXIS2_PLACEMENT_3D('',#7140,#5625,#5626);
#4375=AXIS2_PLACEMENT_3D('',#7143,#5629,#5630);
#4376=AXIS2_PLACEMENT_3D('',#7145,#5632,#5633);
#4377=AXIS2_PLACEMENT_3D('',#7146,#5634,#5635);
#4378=AXIS2_PLACEMENT_3D('',#7147,#5636,#5637);
#4379=AXIS2_PLACEMENT_3D('',#7149,#5638,#5639);
#4380=AXIS2_PLACEMENT_3D('',#7150,#5640,#5641);
#4381=AXIS2_PLACEMENT_3D('',#7151,#5642,#5643);
#4382=AXIS2_PLACEMENT_3D('',#7153,#5644,#5645);
#4383=AXIS2_PLACEMENT_3D('',#7155,#5646,#5647);
#4384=AXIS2_PLACEMENT_3D('',#7156,#5648,#5649);
#4385=AXIS2_PLACEMENT_3D('',#7157,#5650,#5651);
#4386=AXIS2_PLACEMENT_3D('',#7159,#5652,#5653);
#4387=AXIS2_PLACEMENT_3D('',#7160,#5654,#5655);
#4388=AXIS2_PLACEMENT_3D('',#7161,#5656,#5657);
#4389=AXIS2_PLACEMENT_3D('',#7163,#5659,#5660);
#4390=AXIS2_PLACEMENT_3D('',#7166,#5663,#5664);
#4391=AXIS2_PLACEMENT_3D('',#7168,#5666,#5667);
#4392=AXIS2_PLACEMENT_3D('',#7170,#5669,#5670);
#4393=AXIS2_PLACEMENT_3D('',#7171,#5671,#5672);
#4394=AXIS2_PLACEMENT_3D('',#7172,#5673,#5674);
#4395=AXIS2_PLACEMENT_3D('',#7175,#5675,#5676);
#4396=AXIS2_PLACEMENT_3D('',#7177,#5677,#5678);
#4397=AXIS2_PLACEMENT_3D('',#7178,#5679,#5680);
#4398=AXIS2_PLACEMENT_3D('',#7179,#5681,#5682);
#4399=AXIS2_PLACEMENT_3D('',#7180,#5683,#5684);
#4400=AXIS2_PLACEMENT_3D('',#7183,#5686,#5687);
#4401=AXIS2_PLACEMENT_3D('',#7184,#5688,#5689);
#4402=AXIS2_PLACEMENT_3D('',#7185,#5690,#5691);
#4403=AXIS2_PLACEMENT_3D('',#7186,#5692,#5693);
#4404=AXIS2_PLACEMENT_3D('',#7188,#5694,#5695);
#4405=AXIS2_PLACEMENT_3D('',#7190,#5696,#5697);
#4406=AXIS2_PLACEMENT_3D('',#7191,#5698,#5699);
#4407=AXIS2_PLACEMENT_3D('',#7192,#5700,#5701);
#4408=AXIS2_PLACEMENT_3D('',#7195,#5703,#5704);
#4409=AXIS2_PLACEMENT_3D('',#7196,#5705,#5706);
#4410=AXIS2_PLACEMENT_3D('',#7197,#5707,#5708);
#4411=DIRECTION('axis',(0.,0.,1.));
#4412=DIRECTION('refdir',(1.,0.,0.));
#4413=DIRECTION('center_axis',(0.,0.,1.));
#4414=DIRECTION('ref_axis',(1.,0.,0.));
#4415=DIRECTION('center_axis',(0.120689655172416,-0.99269028761964,0.));
#4416=DIRECTION('ref_axis',(0.99269028761964,0.120689655172416,0.));
#4417=DIRECTION('center_axis',(0.,0.,1.));
#4418=DIRECTION('ref_axis',(-0.663064983552738,-0.748561839520428,0.));
#4419=DIRECTION('center_axis',(-1.,0.,0.));
#4420=DIRECTION('ref_axis',(0.,0.,1.));
#4421=DIRECTION('center_axis',(0.,0.,-1.));
#4422=DIRECTION('ref_axis',(-0.663064983552738,-0.748561839520428,0.));
#4423=DIRECTION('center_axis',(-1.,0.,0.));
#4424=DIRECTION('ref_axis',(0.,0.707106781186548,0.707106781186547));
#4425=DIRECTION('center_axis',(-1.,0.,0.));
#4426=DIRECTION('ref_axis',(0.,0.,1.));
#4427=DIRECTION('',(-1.,0.,0.));
#4428=DIRECTION('',(1.,0.,0.));
#4429=DIRECTION('center_axis',(0.,0.,1.));
#4430=DIRECTION('ref_axis',(1.,0.,0.));
#4431=DIRECTION('center_axis',(-0.166666666666669,-0.986013297183269,0.));
#4432=DIRECTION('ref_axis',(0.,0.,1.));
#4433=DIRECTION('center_axis',(0.,0.,-1.));
#4434=DIRECTION('ref_axis',(0.645497224367902,-0.763762615825974,0.));
#4435=DIRECTION('center_axis',(0.,0.,1.));
#4436=DIRECTION('ref_axis',(0.645497224367902,-0.763762615825974,0.));
#4437=DIRECTION('center_axis',(0.,0.,-1.));
#4438=DIRECTION('ref_axis',(-1.,0.,0.));
#4439=DIRECTION('center_axis',(-0.166666666666669,0.986013297183269,0.));
#4440=DIRECTION('ref_axis',(0.,0.,1.));
#4441=DIRECTION('center_axis',(0.,0.,1.));
#4442=DIRECTION('ref_axis',(0.,1.,0.));
#4443=DIRECTION('center_axis',(0.,0.,-1.));
#4444=DIRECTION('ref_axis',(0.,1.,0.));
#4445=DIRECTION('center_axis',(0.,0.,1.));
#4446=DIRECTION('ref_axis',(1.,0.,0.));
#4447=DIRECTION('center_axis',(-1.,0.,0.));
#4448=DIRECTION('ref_axis',(0.,0.,1.));
#4449=DIRECTION('center_axis',(0.,0.,-1.));
#4450=DIRECTION('ref_axis',(-0.645497224367902,-0.763762615825974,0.));
#4451=DIRECTION('center_axis',(0.,0.,1.));
#4452=DIRECTION('ref_axis',(-0.645497224367902,-0.763762615825974,0.));
#4453=DIRECTION('center_axis',(-1.,0.,0.));
#4454=DIRECTION('ref_axis',(0.,0.707106781186548,0.707106781186547));
#4455=DIRECTION('center_axis',(-1.,0.,0.));
#4456=DIRECTION('ref_axis',(0.,0.,1.));
#4457=DIRECTION('',(-1.,0.,0.));
#4458=DIRECTION('',(1.,0.,0.));
#4459=DIRECTION('center_axis',(-4.62592926927148E-16,1.,0.));
#4460=DIRECTION('ref_axis',(0.,0.,1.));
#4461=DIRECTION('center_axis',(0.,0.,1.));
#4462=DIRECTION('ref_axis',(0.707106781186548,0.707106781186547,0.));
#4463=DIRECTION('center_axis',(0.,0.,-1.));
#4464=DIRECTION('ref_axis',(0.707106781186548,0.707106781186547,0.));
#4465=DIRECTION('center_axis',(0.,1.,0.));
#4466=DIRECTION('ref_axis',(0.707106781186548,0.,0.707106781186547));
#4467=DIRECTION('center_axis',(0.,1.,0.));
#4468=DIRECTION('ref_axis',(0.,0.,1.));
#4469=DIRECTION('',(0.,1.,0.));
#4470=DIRECTION('',(0.,-1.,0.));
#4471=DIRECTION('center_axis',(0.,0.,1.));
#4472=DIRECTION('ref_axis',(1.,0.,0.));
#4473=DIRECTION('center_axis',(-1.,0.,0.));
#4474=DIRECTION('ref_axis',(0.,0.,1.));
#4475=DIRECTION('center_axis',(0.,0.,-1.));
#4476=DIRECTION('ref_axis',(-0.707106781186548,-0.707106781186548,0.));
#4477=DIRECTION('center_axis',(0.,0.,1.));
#4478=DIRECTION('ref_axis',(-0.707106781186548,-0.707106781186548,0.));
#4479=DIRECTION('center_axis',(-1.,0.,0.));
#4480=DIRECTION('ref_axis',(0.,0.707106781186548,0.707106781186547));
#4481=DIRECTION('center_axis',(-1.,0.,0.));
#4482=DIRECTION('ref_axis',(0.,0.,1.));
#4483=DIRECTION('',(-1.,0.,0.));
#4484=DIRECTION('',(1.,0.,0.));
#4485=DIRECTION('center_axis',(0.,1.,0.));
#4486=DIRECTION('ref_axis',(0.,0.,1.));
#4487=DIRECTION('center_axis',(0.,0.,1.));
#4488=DIRECTION('ref_axis',(0.707106781186547,0.707106781186548,0.));
#4489=DIRECTION('center_axis',(0.,0.,-1.));
#4490=DIRECTION('ref_axis',(0.707106781186547,0.707106781186548,0.));
#4491=DIRECTION('center_axis',(0.,1.,0.));
#4492=DIRECTION('ref_axis',(0.707106781186551,0.,0.707106781186544));
#4493=DIRECTION('center_axis',(0.,1.,0.));
#4494=DIRECTION('ref_axis',(0.,0.,1.));
#4495=DIRECTION('',(0.,1.,0.));
#4496=DIRECTION('',(0.,-1.,0.));
#4497=DIRECTION('center_axis',(1.,0.,0.));
#4498=DIRECTION('ref_axis',(0.,0.,1.));
#4499=DIRECTION('center_axis',(0.,0.,1.));
#4500=DIRECTION('ref_axis',(0.707106781186548,-0.707106781186548,0.));
#4501=DIRECTION('center_axis',(0.,0.,-1.));
#4502=DIRECTION('ref_axis',(0.707106781186548,-0.707106781186548,0.));
#4503=DIRECTION('center_axis',(1.,0.,0.));
#4504=DIRECTION('ref_axis',(0.,-0.707106781186548,0.707106781186547));
#4505=DIRECTION('center_axis',(1.,0.,0.));
#4506=DIRECTION('ref_axis',(0.,0.,1.));
#4507=DIRECTION('',(1.,0.,0.));
#4508=DIRECTION('',(-1.,0.,0.));
#4509=DIRECTION('center_axis',(0.,0.,1.));
#4510=DIRECTION('ref_axis',(1.,0.,0.));
#4511=DIRECTION('center_axis',(0.,1.,0.));
#4512=DIRECTION('ref_axis',(0.,0.,1.));
#4513=DIRECTION('center_axis',(0.,0.,-1.));
#4514=DIRECTION('ref_axis',(-0.707106781186548,0.707106781186548,0.));
#4515=DIRECTION('center_axis',(0.,0.,1.));
#4516=DIRECTION('ref_axis',(-0.707106781186548,0.707106781186548,0.));
#4517=DIRECTION('center_axis',(0.,1.,0.));
#4518=DIRECTION('ref_axis',(0.707106781186548,0.,0.707106781186547));
#4519=DIRECTION('center_axis',(0.,1.,0.));
#4520=DIRECTION('ref_axis',(0.,0.,1.));
#4521=DIRECTION('',(0.,1.,0.));
#4522=DIRECTION('',(0.,-1.,0.));
#4523=DIRECTION('center_axis',(1.,0.,0.));
#4524=DIRECTION('ref_axis',(0.,0.,1.));
#4525=DIRECTION('center_axis',(0.,0.,1.));
#4526=DIRECTION('ref_axis',(0.707106781186548,-0.707106781186548,0.));
#4527=DIRECTION('center_axis',(0.,0.,-1.));
#4528=DIRECTION('ref_axis',(0.707106781186548,-0.707106781186548,0.));
#4529=DIRECTION('center_axis',(1.,0.,0.));
#4530=DIRECTION('ref_axis',(0.,-0.707106781186548,0.707106781186547));
#4531=DIRECTION('center_axis',(1.,0.,0.));
#4532=DIRECTION('ref_axis',(0.,0.,1.));
#4533=DIRECTION('',(1.,0.,0.));
#4534=DIRECTION('',(-1.,0.,0.));
#4535=DIRECTION('center_axis',(0.,0.,1.));
#4536=DIRECTION('ref_axis',(1.,0.,0.));
#4537=DIRECTION('center_axis',(0.,1.,0.));
#4538=DIRECTION('ref_axis',(0.,0.,1.));
#4539=DIRECTION('center_axis',(0.,0.,-1.));
#4540=DIRECTION('ref_axis',(-0.707106781186548,0.707106781186548,0.));
#4541=DIRECTION('center_axis',(0.,0.,1.));
#4542=DIRECTION('ref_axis',(-0.707106781186548,0.707106781186548,0.));
#4543=DIRECTION('center_axis',(8.41078048958452E-17,1.,0.));
#4544=DIRECTION('ref_axis',(0.707106781186548,0.,0.707106781186547));
#4545=DIRECTION('center_axis',(0.,1.,0.));
#4546=DIRECTION('ref_axis',(0.,0.,1.));
#4547=DIRECTION('',(8.41078048958452E-17,1.,0.));
#4548=DIRECTION('',(-8.41078048958452E-17,-1.,0.));
#4549=DIRECTION('center_axis',(1.,0.,0.));
#4550=DIRECTION('ref_axis',(0.,0.,1.));
#4551=DIRECTION('center_axis',(0.,0.,1.));
#4552=DIRECTION('ref_axis',(0.707106781186547,-0.707106781186548,0.));
#4553=DIRECTION('center_axis',(0.,0.,-1.));
#4554=DIRECTION('ref_axis',(0.707106781186547,-0.707106781186548,0.));
#4555=DIRECTION('center_axis',(1.,0.,0.));
#4556=DIRECTION('ref_axis',(0.,-0.707106781186548,0.707106781186547));
#4557=DIRECTION('center_axis',(1.,0.,0.));
#4558=DIRECTION('ref_axis',(0.,0.,1.));
#4559=DIRECTION('',(1.,0.,0.));
#4560=DIRECTION('',(-1.,0.,0.));
#4561=DIRECTION('center_axis',(0.,-1.,0.));
#4562=DIRECTION('ref_axis',(0.,0.,1.));
#4563=DIRECTION('center_axis',(0.,0.,1.));
#4564=DIRECTION('ref_axis',(-0.707106781186547,-0.707106781186547,0.));
#4565=DIRECTION('center_axis',(0.,0.,-1.));
#4566=DIRECTION('ref_axis',(-0.707106781186548,-0.707106781186548,0.));
#4567=DIRECTION('center_axis',(6.72862439166762E-16,-1.,0.));
#4568=DIRECTION('ref_axis',(-0.707106781186548,0.,0.707106781186547));
#4569=DIRECTION('center_axis',(0.,-1.,0.));
#4570=DIRECTION('ref_axis',(0.,0.,1.));
#4571=DIRECTION('',(6.72862439166762E-16,-1.,0.));
#4572=DIRECTION('',(-6.72862439166762E-16,1.,0.));
#4573=DIRECTION('center_axis',(0.,0.,1.));
#4574=DIRECTION('ref_axis',(1.,0.,0.));
#4575=DIRECTION('center_axis',(1.,0.,0.));
#4576=DIRECTION('ref_axis',(0.,0.,1.));
#4577=DIRECTION('center_axis',(0.,0.,-1.));
#4578=DIRECTION('ref_axis',(0.707106781186548,0.707106781186548,0.));
#4579=DIRECTION('center_axis',(0.,0.,1.));
#4580=DIRECTION('ref_axis',(0.707106781186548,0.707106781186548,0.));
#4581=DIRECTION('center_axis',(1.,0.,0.));
#4582=DIRECTION('ref_axis',(0.,-0.707106781186548,0.707106781186547));
#4583=DIRECTION('center_axis',(1.,0.,0.));
#4584=DIRECTION('ref_axis',(0.,0.,1.));
#4585=DIRECTION('',(1.,0.,0.));
#4586=DIRECTION('',(-1.,0.,0.));
#4587=DIRECTION('center_axis',(0.,-1.,0.));
#4588=DIRECTION('ref_axis',(0.,0.,1.));
#4589=DIRECTION('center_axis',(0.,0.,1.));
#4590=DIRECTION('ref_axis',(-0.707106781186548,-0.707106781186548,0.));
#4591=DIRECTION('center_axis',(0.,0.,-1.));
#4592=DIRECTION('ref_axis',(-0.707106781186548,-0.707106781186548,0.));
#4593=DIRECTION('center_axis',(-3.70074341541719E-16,-1.,0.));
#4594=DIRECTION('ref_axis',(-0.707106781186548,0.,0.707106781186547));
#4595=DIRECTION('center_axis',(0.,-1.,0.));
#4596=DIRECTION('ref_axis',(0.,0.,1.));
#4597=DIRECTION('',(-3.70074341541719E-16,-1.,0.));
#4598=DIRECTION('',(3.70074341541719E-16,1.,0.));
#4599=DIRECTION('center_axis',(-1.,0.,0.));
#4600=DIRECTION('ref_axis',(0.,0.,1.));
#4601=DIRECTION('center_axis',(0.,0.,1.));
#4602=DIRECTION('ref_axis',(-0.707106781186548,0.707106781186547,0.));
#4603=DIRECTION('center_axis',(0.,0.,-1.));
#4604=DIRECTION('ref_axis',(-0.707106781186548,0.707106781186547,0.));
#4605=DIRECTION('center_axis',(-1.,0.,0.));
#4606=DIRECTION('ref_axis',(0.,0.707106781186548,0.707106781186547));
#4607=DIRECTION('center_axis',(-1.,0.,0.));
#4608=DIRECTION('ref_axis',(0.,0.,1.));
#4609=DIRECTION('',(-1.,0.,0.));
#4610=DIRECTION('',(1.,0.,0.));
#4611=DIRECTION('center_axis',(0.,0.,1.));
#4612=DIRECTION('ref_axis',(1.,0.,0.));
#4613=DIRECTION('center_axis',(1.85037170770859E-15,-1.,0.));
#4614=DIRECTION('ref_axis',(0.,0.,1.));
#4615=DIRECTION('center_axis',(0.,0.,-1.));
#4616=DIRECTION('ref_axis',(0.707106781186547,-0.707106781186548,0.));
#4617=DIRECTION('center_axis',(0.,0.,1.));
#4618=DIRECTION('ref_axis',(0.707106781186547,-0.707106781186548,0.));
#4619=DIRECTION('center_axis',(6.72862439166762E-16,-1.,0.));
#4620=DIRECTION('ref_axis',(-0.707106781186548,0.,0.707106781186547));
#4621=DIRECTION('center_axis',(0.,-1.,0.));
#4622=DIRECTION('ref_axis',(0.,0.,1.));
#4623=DIRECTION('',(6.72862439166762E-16,-1.,0.));
#4624=DIRECTION('',(-6.72862439166762E-16,1.,0.));
#4625=DIRECTION('center_axis',(-0.997037030524286,-0.0769230769230763,0.));
#4626=DIRECTION('ref_axis',(0.,0.,1.));
#4627=DIRECTION('center_axis',(0.,0.,1.));
#4628=DIRECTION('ref_axis',(-0.733799385705343,0.679366220486758,0.));
#4629=DIRECTION('center_axis',(0.,0.,-1.));
#4630=DIRECTION('ref_axis',(-0.733799385705343,0.679366220486758,0.));
#4631=DIRECTION('center_axis',(0.,0.,-1.));
#4632=DIRECTION('ref_axis',(-1.,0.,0.));
#4633=DIRECTION('center_axis',(-9.25185853854297E-16,-1.,0.));
#4634=DIRECTION('ref_axis',(0.,0.,1.));
#4635=DIRECTION('center_axis',(0.,0.,-1.));
#4636=DIRECTION('ref_axis',(0.733799385705342,-0.679366220486758,0.));
#4637=DIRECTION('center_axis',(0.,0.,1.));
#4638=DIRECTION('ref_axis',(0.733799385705342,-0.679366220486759,0.));
#4639=DIRECTION('center_axis',(9.25185874533813E-16,1.,0.));
#4640=DIRECTION('ref_axis',(-0.707106781186548,1.30841038223648E-15,0.707106781186547));
#4641=DIRECTION('center_axis',(-5.04395437015378E-16,-1.,0.));
#4642=DIRECTION('ref_axis',(0.,0.,1.));
#4643=DIRECTION('',(-9.25185874533813E-16,-1.,0.));
#4644=DIRECTION('',(9.25185874533813E-16,1.,0.));
#4645=DIRECTION('center_axis',(0.,0.,-1.));
#4646=DIRECTION('ref_axis',(-1.,0.,0.));
#4647=DIRECTION('center_axis',(0.,0.,1.));
#4648=DIRECTION('ref_axis',(-0.0604554066248835,0.998170899099859,0.));
#4649=DIRECTION('center_axis',(0.,0.,-1.));
#4650=DIRECTION('ref_axis',(-0.0604554066248835,0.998170899099859,0.));
#4651=DIRECTION('center_axis',(1.,-8.41078048958452E-17,0.));
#4652=DIRECTION('ref_axis',(8.41078048958452E-17,1.,0.));
#4653=DIRECTION('',(0.,0.,1.));
#4654=DIRECTION('',(-8.41078048958452E-17,-1.,0.));
#4655=DIRECTION('',(0.,0.,-1.));
#4656=DIRECTION('center_axis',(0.,0.,1.));
#4657=DIRECTION('ref_axis',(0.707106781186548,-0.707106781186548,0.));
#4658=DIRECTION('',(0.,0.,-1.));
#4659=DIRECTION('center_axis',(0.,0.,1.));
#4660=DIRECTION('ref_axis',(0.707106781186548,-0.707106781186548,0.));
#4661=DIRECTION('center_axis',(0.,-1.,0.));
#4662=DIRECTION('ref_axis',(1.,0.,0.));
#4663=DIRECTION('',(0.,0.,1.));
#4664=DIRECTION('',(-1.,0.,0.));
#4665=DIRECTION('center_axis',(0.,0.,1.));
#4666=DIRECTION('ref_axis',(-0.707106781186547,-0.707106781186548,0.));
#4667=DIRECTION('',(0.,0.,-1.));
#4668=DIRECTION('center_axis',(0.,0.,1.));
#4669=DIRECTION('ref_axis',(-0.707106781186547,-0.707106781186548,0.));
#4670=DIRECTION('center_axis',(-1.,-6.72862439166762E-16,0.));
#4671=DIRECTION('ref_axis',(6.72862439166762E-16,-1.,0.));
#4672=DIRECTION('',(0.,0.,1.));
#4673=DIRECTION('',(-6.72862439166762E-16,1.,0.));
#4674=DIRECTION('center_axis',(0.,0.,1.));
#4675=DIRECTION('ref_axis',(0.707106781186548,0.707106781186548,0.));
#4676=DIRECTION('',(0.,0.,-1.));
#4677=DIRECTION('center_axis',(0.,0.,-1.));
#4678=DIRECTION('ref_axis',(0.707106781186548,0.707106781186548,0.));
#4679=DIRECTION('center_axis',(0.,-1.,0.));
#4680=DIRECTION('ref_axis',(1.,0.,0.));
#4681=DIRECTION('',(0.,0.,1.));
#4682=DIRECTION('',(1.,0.,0.));
#4683=DIRECTION('center_axis',(0.,0.,1.));
#4684=DIRECTION('ref_axis',(-0.707106781186548,-0.707106781186548,0.));
#4685=DIRECTION('',(0.,0.,-1.));
#4686=DIRECTION('center_axis',(0.,0.,1.));
#4687=DIRECTION('ref_axis',(-0.707106781186548,-0.707106781186548,0.));
#4688=DIRECTION('center_axis',(-1.,3.70074341541719E-16,0.));
#4689=DIRECTION('ref_axis',(-3.70074341541719E-16,-1.,0.));
#4690=DIRECTION('',(0.,0.,1.));
#4691=DIRECTION('',(3.70074341541719E-16,1.,0.));
#4692=DIRECTION('center_axis',(0.,0.,1.));
#4693=DIRECTION('ref_axis',(-0.707106781186548,0.707106781186548,0.));
#4694=DIRECTION('',(0.,0.,-1.));
#4695=DIRECTION('center_axis',(0.,0.,1.));
#4696=DIRECTION('ref_axis',(-0.707106781186548,0.707106781186548,0.));
#4697=DIRECTION('center_axis',(0.,1.,0.));
#4698=DIRECTION('ref_axis',(-1.,0.,0.));
#4699=DIRECTION('',(0.,0.,1.));
#4700=DIRECTION('',(1.,0.,0.));
#4701=DIRECTION('center_axis',(0.,0.,1.));
#4702=DIRECTION('ref_axis',(0.707106781186548,-0.707106781186547,0.));
#4703=DIRECTION('',(0.,0.,-1.));
#4704=DIRECTION('center_axis',(0.,0.,-1.));
#4705=DIRECTION('ref_axis',(0.707106781186548,-0.707106781186547,0.));
#4706=DIRECTION('center_axis',(-1.,-6.72862439166762E-16,0.));
#4707=DIRECTION('ref_axis',(6.72862439166762E-16,-1.,0.));
#4708=DIRECTION('',(0.,0.,1.));
#4709=DIRECTION('',(-6.72862439166762E-16,1.,0.));
#4710=DIRECTION('center_axis',(0.,0.,1.));
#4711=DIRECTION('ref_axis',(-0.707106781186548,0.707106781186547,0.));
#4712=DIRECTION('',(0.,0.,1.));
#4713=DIRECTION('center_axis',(0.,0.,1.));
#4714=DIRECTION('ref_axis',(-0.707106781186548,0.707106781186547,0.));
#4715=DIRECTION('center_axis',(0.,0.,-1.));
#4716=DIRECTION('ref_axis',(-1.,1.04083408558608E-15,0.));
#4717=DIRECTION('',(0.,0.,-1.));
#4718=DIRECTION('center_axis',(0.,0.,-1.));
#4719=DIRECTION('ref_axis',(-1.,1.04083408558608E-15,0.));
#4720=DIRECTION('center_axis',(-1.,9.25185874533813E-16,0.));
#4721=DIRECTION('ref_axis',(-9.25185874533813E-16,-1.,0.));
#4722=DIRECTION('',(0.,0.,1.));
#4723=DIRECTION('',(-9.25185874533813E-16,-1.,0.));
#4724=DIRECTION('center_axis',(0.,0.,1.));
#4725=DIRECTION('ref_axis',(1.,0.,0.));
#4726=DIRECTION('',(0.,0.,1.));
#4727=DIRECTION('center_axis',(0.,0.,1.));
#4728=DIRECTION('ref_axis',(1.,0.,0.));
#4729=DIRECTION('center_axis',(0.,0.,-1.));
#4730=DIRECTION('ref_axis',(0.,1.,0.));
#4731=DIRECTION('',(0.,0.,-1.));
#4732=DIRECTION('center_axis',(0.,0.,-1.));
#4733=DIRECTION('ref_axis',(0.,1.,0.));
#4734=DIRECTION('center_axis',(0.,0.,1.));
#4735=DIRECTION('ref_axis',(1.,0.,0.));
#4736=DIRECTION('center_axis',(0.,1.,0.));
#4737=DIRECTION('ref_axis',(-1.,0.,0.));
#4738=DIRECTION('',(0.,0.,1.));
#4739=DIRECTION('',(1.,0.,0.));
#4740=DIRECTION('center_axis',(0.,0.,1.));
#4741=DIRECTION('ref_axis',(-0.645497224367902,-0.763762615825974,0.));
#4742=DIRECTION('',(0.,0.,-1.));
#4743=DIRECTION('center_axis',(0.,0.,-1.));
#4744=DIRECTION('ref_axis',(-0.645497224367902,-0.763762615825974,0.));
#4745=DIRECTION('',(0.,0.,1.));
#4746=DIRECTION('center_axis',(0.,0.,1.));
#4747=DIRECTION('ref_axis',(1.,0.,0.));
#4748=DIRECTION('center_axis',(0.,0.,1.));
#4749=DIRECTION('ref_axis',(1.,0.,0.));
#4750=DIRECTION('',(0.,0.,-1.));
#4751=DIRECTION('center_axis',(0.,0.,-1.));
#4752=DIRECTION('ref_axis',(0.645497224367902,-0.763762615825974,0.));
#4753=DIRECTION('center_axis',(0.,0.,-1.));
#4754=DIRECTION('ref_axis',(0.645497224367902,-0.763762615825974,0.));
#4755=DIRECTION('center_axis',(0.,0.,1.));
#4756=DIRECTION('ref_axis',(1.,0.,0.));
#4757=DIRECTION('',(1.,0.,0.));
#4758=DIRECTION('center_axis',(0.,0.,1.));
#4759=DIRECTION('ref_axis',(0.707106781186548,0.707106781186547,0.));
#4760=DIRECTION('',(0.,-1.,0.));
#4761=DIRECTION('center_axis',(0.,0.,-1.));
#4762=DIRECTION('ref_axis',(-0.707106781186548,-0.707106781186547,0.));
#4763=DIRECTION('',(-1.,0.,0.));
#4764=DIRECTION('center_axis',(0.,0.,1.));
#4765=DIRECTION('ref_axis',(0.707106781186547,0.707106781186548,0.));
#4766=DIRECTION('',(0.,-1.,0.));
#4767=DIRECTION('center_axis',(0.,0.,1.));
#4768=DIRECTION('ref_axis',(0.707106781186546,-0.707106781186549,0.));
#4769=DIRECTION('',(-1.,0.,0.));
#4770=DIRECTION('center_axis',(0.,0.,-1.));
#4771=DIRECTION('ref_axis',(-0.707106781186548,0.707106781186548,0.));
#4772=DIRECTION('',(0.,-1.,0.));
#4773=DIRECTION('center_axis',(0.,0.,1.));
#4774=DIRECTION('ref_axis',(0.707106781186548,-0.707106781186548,0.));
#4775=DIRECTION('',(-1.,0.,0.));
#4776=DIRECTION('center_axis',(0.,0.,-1.));
#4777=DIRECTION('ref_axis',(-0.707106781186548,0.707106781186548,0.));
#4778=DIRECTION('center_axis',(0.,0.,1.));
#4779=DIRECTION('ref_axis',(0.707106781186548,0.707106781186547,0.));
#4780=DIRECTION('',(0.,0.,-1.));
#4781=DIRECTION('',(0.,0.,1.));
#4782=DIRECTION('center_axis',(1.,0.,0.));
#4783=DIRECTION('ref_axis',(0.,1.,0.));
#4784=DIRECTION('',(0.,0.,1.));
#4785=DIRECTION('center_axis',(0.,0.,1.));
#4786=DIRECTION('ref_axis',(0.707106781186547,0.707106781186548,0.));
#4787=DIRECTION('',(0.,0.,-1.));
#4788=DIRECTION('',(0.,0.,1.));
#4789=DIRECTION('center_axis',(1.,0.,0.));
#4790=DIRECTION('ref_axis',(0.,1.,0.));
#4791=DIRECTION('',(0.,0.,1.));
#4792=DIRECTION('center_axis',(0.,0.,1.));
#4793=DIRECTION('ref_axis',(0.707106781186546,-0.707106781186549,0.));
#4794=DIRECTION('',(0.,0.,-1.));
#4795=DIRECTION('center_axis',(0.,0.,1.));
#4796=DIRECTION('ref_axis',(0.707106781186548,-0.707106781186548,0.));
#4797=DIRECTION('',(0.,0.,-1.));
#4798=DIRECTION('',(0.,0.,1.));
#4799=DIRECTION('center_axis',(0.,-1.,0.));
#4800=DIRECTION('ref_axis',(1.,0.,0.));
#4801=DIRECTION('',(0.,0.,1.));
#4802=DIRECTION('center_axis',(0.,0.,1.));
#4803=DIRECTION('ref_axis',(-0.707106781186548,0.707106781186548,0.));
#4804=DIRECTION('center_axis',(0.,0.,1.));
#4805=DIRECTION('ref_axis',(-0.707106781186548,0.707106781186548,0.));
#4806=DIRECTION('',(0.,0.,-1.));
#4807=DIRECTION('',(0.,0.,1.));
#4808=DIRECTION('center_axis',(0.,-1.,0.));
#4809=DIRECTION('ref_axis',(1.,0.,0.));
#4810=DIRECTION('center_axis',(0.,0.,1.));
#4811=DIRECTION('ref_axis',(-0.707106781186548,-0.707106781186547,0.));
#4812=DIRECTION('',(0.,0.,-1.));
#4813=DIRECTION('center_axis',(0.,1.,0.));
#4814=DIRECTION('ref_axis',(-1.,0.,0.));
#4815=DIRECTION('center_axis',(0.,1.,0.));
#4816=DIRECTION('ref_axis',(-1.,0.,0.));
#4817=DIRECTION('center_axis',(1.,0.,0.));
#4818=DIRECTION('ref_axis',(0.,1.,0.));
#4819=DIRECTION('center_axis',(0.,0.,1.));
#4820=DIRECTION('ref_axis',(1.,0.,0.));
#4821=DIRECTION('center_axis',(0.,-1.,0.));
#4822=DIRECTION('ref_axis',(0.,0.,-1.));
#4823=DIRECTION('center_axis',(0.,0.,1.));
#4824=DIRECTION('ref_axis',(-0.733799385705343,-0.679366220486757,0.));
#4825=DIRECTION('center_axis',(-0.997037030524286,0.0769230769230782,0.));
#4826=DIRECTION('ref_axis',(0.0769230769230782,0.997037030524286,0.));
#4827=DIRECTION('center_axis',(0.,0.,-1.));
#4828=DIRECTION('ref_axis',(-0.733799385705344,-0.679366220486757,0.));
#4829=DIRECTION('center_axis',(0.,1.,0.));
#4830=DIRECTION('ref_axis',(1.,0.,0.));
#4831=DIRECTION('center_axis',(0.,0.,1.));
#4832=DIRECTION('ref_axis',(0.733799385705344,0.679366220486757,0.));
#4833=DIRECTION('center_axis',(0.,0.,-1.));
#4834=DIRECTION('ref_axis',(0.733799385705344,0.679366220486757,0.));
#4835=DIRECTION('center_axis',(6.72862439166762E-16,1.,0.));
#4836=DIRECTION('ref_axis',(0.707106781186547,0.,-0.707106781186547));
#4837=DIRECTION('center_axis',(0.,1.,0.));
#4838=DIRECTION('ref_axis',(1.,0.,0.));
#4839=DIRECTION('',(6.72862439166762E-16,1.,0.));
#4840=DIRECTION('',(-6.72862439166762E-16,-1.,0.));
#4841=DIRECTION('center_axis',(0.,0.,-1.));
#4842=DIRECTION('ref_axis',(-1.,0.,0.));
#4843=DIRECTION('center_axis',(-1.,0.,0.));
#4844=DIRECTION('ref_axis',(0.,1.,0.));
#4845=DIRECTION('center_axis',(0.,0.,-1.));
#4846=DIRECTION('ref_axis',(-0.707106781186547,-0.707106781186548,0.));
#4847=DIRECTION('center_axis',(0.,0.,1.));
#4848=DIRECTION('ref_axis',(-0.707106781186547,-0.707106781186548,0.));
#4849=DIRECTION('center_axis',(-1.,0.,0.));
#4850=DIRECTION('ref_axis',(0.,0.707106781186547,-0.707106781186547));
#4851=DIRECTION('center_axis',(-1.,0.,0.));
#4852=DIRECTION('ref_axis',(0.,1.,0.));
#4853=DIRECTION('',(-1.,0.,0.));
#4854=DIRECTION('',(1.,0.,0.));
#4855=DIRECTION('center_axis',(0.,1.,0.));
#4856=DIRECTION('ref_axis',(1.,0.,0.));
#4857=DIRECTION('center_axis',(0.,0.,1.));
#4858=DIRECTION('ref_axis',(0.707106781186548,0.707106781186547,0.));
#4859=DIRECTION('center_axis',(0.,0.,-1.));
#4860=DIRECTION('ref_axis',(0.707106781186548,0.707106781186547,0.));
#4861=DIRECTION('center_axis',(-3.70074341541719E-16,1.,0.));
#4862=DIRECTION('ref_axis',(0.707106781186547,0.,-0.707106781186547));
#4863=DIRECTION('center_axis',(0.,1.,0.));
#4864=DIRECTION('ref_axis',(1.,0.,0.));
#4865=DIRECTION('',(-3.70074341541719E-16,1.,0.));
#4866=DIRECTION('',(3.70074341541719E-16,-1.,0.));
#4867=DIRECTION('center_axis',(1.,0.,0.));
#4868=DIRECTION('ref_axis',(0.,-1.,0.));
#4869=DIRECTION('center_axis',(0.,0.,1.));
#4870=DIRECTION('ref_axis',(0.707106781186548,-0.707106781186548,0.));
#4871=DIRECTION('center_axis',(0.,0.,-1.));
#4872=DIRECTION('ref_axis',(0.707106781186548,-0.707106781186548,0.));
#4873=DIRECTION('center_axis',(-1.,0.,0.));
#4874=DIRECTION('ref_axis',(0.,-0.707106781186547,-0.707106781186547));
#4875=DIRECTION('center_axis',(1.,0.,0.));
#4876=DIRECTION('ref_axis',(0.,-1.,0.));
#4877=DIRECTION('',(1.,0.,0.));
#4878=DIRECTION('',(-1.,0.,0.));
#4879=DIRECTION('center_axis',(0.,0.,-1.));
#4880=DIRECTION('ref_axis',(-1.,0.,0.));
#4881=DIRECTION('center_axis',(0.,1.,0.));
#4882=DIRECTION('ref_axis',(1.,0.,0.));
#4883=DIRECTION('center_axis',(0.,0.,-1.));
#4884=DIRECTION('ref_axis',(-0.707106781186548,0.707106781186548,0.));
#4885=DIRECTION('center_axis',(0.,0.,1.));
#4886=DIRECTION('ref_axis',(-0.707106781186548,0.707106781186548,0.));
#4887=DIRECTION('center_axis',(6.72862439166762E-16,1.,0.));
#4888=DIRECTION('ref_axis',(0.707106781186547,0.,-0.707106781186547));
#4889=DIRECTION('center_axis',(0.,1.,0.));
#4890=DIRECTION('ref_axis',(1.,0.,0.));
#4891=DIRECTION('',(6.72862439166762E-16,1.,0.));
#4892=DIRECTION('',(-6.72862439166762E-16,-1.,0.));
#4893=DIRECTION('center_axis',(1.,0.,0.));
#4894=DIRECTION('ref_axis',(0.,-1.,0.));
#4895=DIRECTION('center_axis',(0.,0.,1.));
#4896=DIRECTION('ref_axis',(0.707106781186548,-0.707106781186548,0.));
#4897=DIRECTION('center_axis',(0.,0.,-1.));
#4898=DIRECTION('ref_axis',(0.707106781186547,-0.707106781186547,0.));
#4899=DIRECTION('center_axis',(1.,0.,0.));
#4900=DIRECTION('ref_axis',(0.,-0.707106781186547,-0.707106781186547));
#4901=DIRECTION('center_axis',(1.,0.,0.));
#4902=DIRECTION('ref_axis',(0.,-1.,0.));
#4903=DIRECTION('',(1.,0.,0.));
#4904=DIRECTION('',(-1.,0.,0.));
#4905=DIRECTION('center_axis',(0.,-1.,0.));
#4906=DIRECTION('ref_axis',(-1.,0.,0.));
#4907=DIRECTION('center_axis',(0.,0.,1.));
#4908=DIRECTION('ref_axis',(-0.707106781186547,-0.707106781186548,0.));
#4909=DIRECTION('center_axis',(0.,0.,-1.));
#4910=DIRECTION('ref_axis',(-0.707106781186547,-0.707106781186548,0.));
#4911=DIRECTION('center_axis',(8.41078048958452E-17,-1.,0.));
#4912=DIRECTION('ref_axis',(-0.707106781186547,0.,-0.707106781186547));
#4913=DIRECTION('center_axis',(0.,-1.,0.));
#4914=DIRECTION('ref_axis',(-1.,0.,0.));
#4915=DIRECTION('',(8.41078048958452E-17,-1.,0.));
#4916=DIRECTION('',(-8.41078048958452E-17,1.,0.));
#4917=DIRECTION('center_axis',(0.,0.,-1.));
#4918=DIRECTION('ref_axis',(-1.,0.,0.));
#4919=DIRECTION('center_axis',(1.,0.,0.));
#4920=DIRECTION('ref_axis',(0.,-1.,0.));
#4921=DIRECTION('center_axis',(0.,0.,-1.));
#4922=DIRECTION('ref_axis',(0.707106781186548,0.707106781186548,0.));
#4923=DIRECTION('center_axis',(0.,0.,1.));
#4924=DIRECTION('ref_axis',(0.707106781186548,0.707106781186548,0.));
#4925=DIRECTION('center_axis',(1.,0.,0.));
#4926=DIRECTION('ref_axis',(0.,-0.707106781186547,-0.707106781186547));
#4927=DIRECTION('center_axis',(1.,0.,0.));
#4928=DIRECTION('ref_axis',(0.,-1.,0.));
#4929=DIRECTION('',(1.,0.,0.));
#4930=DIRECTION('',(-1.,0.,0.));
#4931=DIRECTION('center_axis',(0.,-1.,0.));
#4932=DIRECTION('ref_axis',(-1.,0.,0.));
#4933=DIRECTION('center_axis',(0.,0.,1.));
#4934=DIRECTION('ref_axis',(-0.707106781186548,-0.707106781186548,0.));
#4935=DIRECTION('center_axis',(0.,0.,-1.));
#4936=DIRECTION('ref_axis',(-0.707106781186548,-0.707106781186548,0.));
#4937=DIRECTION('center_axis',(0.,-1.,0.));
#4938=DIRECTION('ref_axis',(-0.707106781186547,0.,-0.707106781186547));
#4939=DIRECTION('center_axis',(0.,-1.,0.));
#4940=DIRECTION('ref_axis',(-1.,0.,0.));
#4941=DIRECTION('',(0.,-1.,0.));
#4942=DIRECTION('',(0.,1.,0.));
#4943=DIRECTION('center_axis',(0.,0.,-1.));
#4944=DIRECTION('ref_axis',(-1.,0.,0.));
#4945=DIRECTION('center_axis',(1.,0.,0.));
#4946=DIRECTION('ref_axis',(0.,-1.,0.));
#4947=DIRECTION('center_axis',(0.,0.,-1.));
#4948=DIRECTION('ref_axis',(0.707106781186548,0.707106781186548,0.));
#4949=DIRECTION('center_axis',(0.,0.,1.));
#4950=DIRECTION('ref_axis',(0.707106781186548,0.707106781186548,0.));
#4951=DIRECTION('center_axis',(1.,0.,0.));
#4952=DIRECTION('ref_axis',(0.,-0.707106781186547,-0.707106781186547));
#4953=DIRECTION('center_axis',(1.,0.,0.));
#4954=DIRECTION('ref_axis',(0.,-1.,0.));
#4955=DIRECTION('',(1.,0.,0.));
#4956=DIRECTION('',(-1.,0.,0.));
#4957=DIRECTION('center_axis',(0.,-1.,0.));
#4958=DIRECTION('ref_axis',(-1.,0.,0.));
#4959=DIRECTION('center_axis',(0.,0.,1.));
#4960=DIRECTION('ref_axis',(-0.707106781186547,-0.707106781186548,0.));
#4961=DIRECTION('center_axis',(0.,0.,-1.));
#4962=DIRECTION('ref_axis',(-0.707106781186547,-0.707106781186548,0.));
#4963=DIRECTION('center_axis',(0.,-1.,0.));
#4964=DIRECTION('ref_axis',(-0.70710678118655,0.,-0.707106781186545));
#4965=DIRECTION('center_axis',(0.,-1.,0.));
#4966=DIRECTION('ref_axis',(-1.,0.,0.));
#4967=DIRECTION('',(0.,-1.,0.));
#4968=DIRECTION('',(0.,1.,0.));
#4969=DIRECTION('center_axis',(-1.,0.,0.));
#4970=DIRECTION('ref_axis',(0.,1.,0.));
#4971=DIRECTION('center_axis',(0.,0.,1.));
#4972=DIRECTION('ref_axis',(-0.707106781186547,0.707106781186548,0.));
#4973=DIRECTION('center_axis',(0.,0.,-1.));
#4974=DIRECTION('ref_axis',(-0.707106781186547,0.707106781186548,0.));
#4975=DIRECTION('center_axis',(1.,0.,0.));
#4976=DIRECTION('ref_axis',(0.,0.707106781186547,-0.707106781186547));
#4977=DIRECTION('center_axis',(-1.,0.,0.));
#4978=DIRECTION('ref_axis',(0.,1.,0.));
#4979=DIRECTION('',(-1.,0.,0.));
#4980=DIRECTION('',(1.,0.,0.));
#4981=DIRECTION('center_axis',(0.,0.,-1.));
#4982=DIRECTION('ref_axis',(-1.,0.,0.));
#4983=DIRECTION('center_axis',(0.,-1.,0.));
#4984=DIRECTION('ref_axis',(-1.,0.,0.));
#4985=DIRECTION('center_axis',(0.,0.,-1.));
#4986=DIRECTION('ref_axis',(0.707106781186548,-0.707106781186548,0.));
#4987=DIRECTION('center_axis',(0.,0.,1.));
#4988=DIRECTION('ref_axis',(0.707106781186548,-0.707106781186548,0.));
#4989=DIRECTION('center_axis',(0.,-1.,0.));
#4990=DIRECTION('ref_axis',(-0.707106781186547,0.,-0.707106781186547));
#4991=DIRECTION('center_axis',(0.,-1.,0.));
#4992=DIRECTION('ref_axis',(-1.,0.,0.));
#4993=DIRECTION('',(0.,-1.,0.));
#4994=DIRECTION('',(0.,1.,0.));
#4995=DIRECTION('center_axis',(-1.,0.,0.));
#4996=DIRECTION('ref_axis',(0.,1.,0.));
#4997=DIRECTION('center_axis',(0.,0.,1.));
#4998=DIRECTION('ref_axis',(-0.707106781186548,0.707106781186547,0.));
#4999=DIRECTION('center_axis',(0.,0.,-1.));
#5000=DIRECTION('ref_axis',(-0.707106781186548,0.707106781186547,0.));
#5001=DIRECTION('center_axis',(-1.,0.,0.));
#5002=DIRECTION('ref_axis',(0.,0.707106781186547,-0.707106781186548));
#5003=DIRECTION('center_axis',(-1.,0.,0.));
#5004=DIRECTION('ref_axis',(0.,1.,0.));
#5005=DIRECTION('',(-1.,0.,0.));
#5006=DIRECTION('',(1.,0.,0.));
#5007=DIRECTION('center_axis',(0.,0.,-1.));
#5008=DIRECTION('ref_axis',(-1.,0.,0.));
#5009=DIRECTION('center_axis',(-0.166666666666669,-0.986013297183269,0.));
#5010=DIRECTION('ref_axis',(-0.986013297183269,0.166666666666669,0.));
#5011=DIRECTION('center_axis',(0.,0.,-1.));
#5012=DIRECTION('ref_axis',(0.645497224367902,-0.763762615825974,0.));
#5013=DIRECTION('center_axis',(0.,0.,1.));
#5014=DIRECTION('ref_axis',(0.645497224367902,-0.763762615825974,0.));
#5015=DIRECTION('center_axis',(0.,0.,1.));
#5016=DIRECTION('ref_axis',(1.,0.,0.));
#5017=DIRECTION('center_axis',(-0.166666666666668,0.986013297183269,0.));
#5018=DIRECTION('ref_axis',(0.986013297183269,0.166666666666668,0.));
#5019=DIRECTION('center_axis',(0.,0.,1.));
#5020=DIRECTION('ref_axis',(0.,1.,0.));
#5021=DIRECTION('center_axis',(0.,0.,-1.));
#5022=DIRECTION('ref_axis',(0.,1.,0.));
#5023=DIRECTION('center_axis',(0.,0.,-1.));
#5024=DIRECTION('ref_axis',(-1.,0.,0.));
#5025=DIRECTION('center_axis',(-1.,0.,0.));
#5026=DIRECTION('ref_axis',(0.,1.,0.));
#5027=DIRECTION('center_axis',(0.,0.,-1.));
#5028=DIRECTION('ref_axis',(-0.645497224367902,-0.763762615825974,0.));
#5029=DIRECTION('center_axis',(0.,0.,1.));
#5030=DIRECTION('ref_axis',(-0.645497224367902,-0.763762615825974,0.));
#5031=DIRECTION('center_axis',(-1.,0.,0.));
#5032=DIRECTION('ref_axis',(0.,0.707106781186547,-0.707106781186548));
#5033=DIRECTION('center_axis',(-1.,0.,0.));
#5034=DIRECTION('ref_axis',(0.,1.,0.));
#5035=DIRECTION('',(-1.,0.,0.));
#5036=DIRECTION('',(1.,0.,0.));
#5037=DIRECTION('center_axis',(0.,0.,-1.));
#5038=DIRECTION('ref_axis',(-1.,0.,0.));
#5039=DIRECTION('center_axis',(-0.120689655172416,-0.99269028761964,0.));
#5040=DIRECTION('ref_axis',(-0.99269028761964,0.120689655172416,0.));
#5041=DIRECTION('center_axis',(0.,0.,-1.));
#5042=DIRECTION('ref_axis',(0.663064983552738,-0.748561839520428,0.));
#5043=DIRECTION('center_axis',(0.,0.,1.));
#5044=DIRECTION('ref_axis',(0.663064983552738,-0.748561839520428,0.));
#5045=DIRECTION('center_axis',(0.,0.,1.));
#5046=DIRECTION('ref_axis',(1.,0.,0.));
#5047=DIRECTION('center_axis',(-8.67361737988404E-16,1.,0.));
#5048=DIRECTION('ref_axis',(1.,8.67361737988404E-16,0.));
#5049=DIRECTION('center_axis',(0.,0.,1.));
#5050=DIRECTION('ref_axis',(0.0604554066248832,0.998170899099859,0.));
#5051=DIRECTION('center_axis',(0.,0.,-1.));
#5052=DIRECTION('ref_axis',(0.0604554066248832,0.998170899099859,0.));
#5053=DIRECTION('center_axis',(0.,1.,0.));
#5054=DIRECTION('ref_axis',(0.707106781186547,0.,-0.707106781186548));
#5055=DIRECTION('',(0.,-1.,0.));
#5056=DIRECTION('',(0.,1.,0.));
#5057=DIRECTION('center_axis',(0.,0.,1.));
#5058=DIRECTION('ref_axis',(-0.707106781186548,-0.707106781186548,0.));
#5059=DIRECTION('',(0.,0.,1.));
#5060=DIRECTION('center_axis',(0.,0.,-1.));
#5061=DIRECTION('ref_axis',(-0.707106781186548,-0.707106781186548,0.));
#5062=DIRECTION('',(0.,0.,-1.));
#5063=DIRECTION('center_axis',(0.,1.,0.));
#5064=DIRECTION('ref_axis',(-1.,0.,0.));
#5065=DIRECTION('',(0.,0.,-1.));
#5066=DIRECTION('',(-1.,0.,0.));
#5067=DIRECTION('center_axis',(0.,0.,1.));
#5068=DIRECTION('ref_axis',(0.707106781186548,0.707106781186548,0.));
#5069=DIRECTION('',(0.,0.,1.));
#5070=DIRECTION('center_axis',(0.,0.,1.));
#5071=DIRECTION('ref_axis',(0.707106781186548,0.707106781186548,0.));
#5072=DIRECTION('center_axis',(1.,8.41078048958452E-17,0.));
#5073=DIRECTION('ref_axis',(-8.41078048958452E-17,1.,0.));
#5074=DIRECTION('',(0.,0.,-1.));
#5075=DIRECTION('',(-8.41078048958452E-17,1.,0.));
#5076=DIRECTION('center_axis',(0.,0.,1.));
#5077=DIRECTION('ref_axis',(-0.707106781186548,-0.707106781186548,0.));
#5078=DIRECTION('',(0.,0.,1.));
#5079=DIRECTION('center_axis',(0.,0.,-1.));
#5080=DIRECTION('ref_axis',(-0.707106781186548,-0.707106781186548,0.));
#5081=DIRECTION('center_axis',(0.,1.,0.));
#5082=DIRECTION('ref_axis',(-1.,0.,0.));
#5083=DIRECTION('',(0.,0.,-1.));
#5084=DIRECTION('',(-1.,0.,0.));
#5085=DIRECTION('center_axis',(0.,0.,1.));
#5086=DIRECTION('ref_axis',(0.707106781186547,-0.707106781186548,0.));
#5087=DIRECTION('',(0.,0.,1.));
#5088=DIRECTION('center_axis',(0.,0.,-1.));
#5089=DIRECTION('ref_axis',(0.707106781186547,-0.707106781186548,0.));
#5090=DIRECTION('center_axis',(-1.,6.72862439166762E-16,0.));
#5091=DIRECTION('ref_axis',(-6.72862439166762E-16,-1.,0.));
#5092=DIRECTION('',(0.,0.,-1.));
#5093=DIRECTION('',(-6.72862439166762E-16,-1.,0.));
#5094=DIRECTION('center_axis',(0.,0.,1.));
#5095=DIRECTION('ref_axis',(-0.707106781186548,0.707106781186548,0.));
#5096=DIRECTION('',(0.,0.,1.));
#5097=DIRECTION('center_axis',(0.,0.,1.));
#5098=DIRECTION('ref_axis',(-0.707106781186548,0.707106781186548,0.));
#5099=DIRECTION('center_axis',(0.,1.,0.));
#5100=DIRECTION('ref_axis',(-1.,0.,0.));
#5101=DIRECTION('',(0.,0.,-1.));
#5102=DIRECTION('',(-1.,0.,0.));
#5103=DIRECTION('center_axis',(0.,0.,1.));
#5104=DIRECTION('ref_axis',(0.707106781186548,-0.707106781186548,0.));
#5105=DIRECTION('',(0.,0.,1.));
#5106=DIRECTION('center_axis',(0.,0.,-1.));
#5107=DIRECTION('ref_axis',(0.707106781186548,-0.707106781186548,0.));
#5108=DIRECTION('center_axis',(-1.,-3.70074341541719E-16,0.));
#5109=DIRECTION('ref_axis',(3.70074341541719E-16,-1.,0.));
#5110=DIRECTION('',(0.,0.,-1.));
#5111=DIRECTION('',(3.70074341541719E-16,-1.,0.));
#5112=DIRECTION('center_axis',(0.,0.,1.));
#5113=DIRECTION('ref_axis',(0.707106781186548,0.707106781186548,0.));
#5114=DIRECTION('',(0.,0.,1.));
#5115=DIRECTION('center_axis',(0.,0.,-1.));
#5116=DIRECTION('ref_axis',(0.707106781186548,0.707106781186548,0.));
#5117=DIRECTION('center_axis',(0.,-1.,0.));
#5118=DIRECTION('ref_axis',(1.,0.,0.));
#5119=DIRECTION('',(0.,0.,-1.));
#5120=DIRECTION('',(1.,0.,0.));
#5121=DIRECTION('center_axis',(0.,0.,1.));
#5122=DIRECTION('ref_axis',(-0.707106781186548,-0.707106781186547,0.));
#5123=DIRECTION('',(0.,0.,1.));
#5124=DIRECTION('center_axis',(0.,0.,1.));
#5125=DIRECTION('ref_axis',(-0.707106781186548,-0.707106781186547,0.));
#5126=DIRECTION('center_axis',(-1.,6.72862439166762E-16,0.));
#5127=DIRECTION('ref_axis',(-6.72862439166762E-16,-1.,0.));
#5128=DIRECTION('',(0.,0.,-1.));
#5129=DIRECTION('',(-6.72862439166762E-16,-1.,0.));
#5130=DIRECTION('center_axis',(0.,0.,1.));
#5131=DIRECTION('ref_axis',(0.707106781186548,0.707106781186547,0.));
#5132=DIRECTION('',(0.,0.,-1.));
#5133=DIRECTION('center_axis',(0.,0.,-1.));
#5134=DIRECTION('ref_axis',(0.707106781186548,0.707106781186547,0.));
#5135=DIRECTION('center_axis',(0.,0.,1.));
#5136=DIRECTION('ref_axis',(1.,0.,0.));
#5137=DIRECTION('',(0.,0.,1.));
#5138=DIRECTION('center_axis',(0.,0.,1.));
#5139=DIRECTION('ref_axis',(1.,0.,0.));
#5140=DIRECTION('center_axis',(0.,0.,-1.));
#5141=DIRECTION('ref_axis',(-1.,0.,0.));
#5142=DIRECTION('center_axis',(1.,0.,0.));
#5143=DIRECTION('ref_axis',(0.,-1.,0.));
#5144=DIRECTION('',(0.,0.,-1.));
#5145=DIRECTION('',(0.,-1.,0.));
#5146=DIRECTION('center_axis',(0.,0.,1.));
#5147=DIRECTION('ref_axis',(0.,1.,0.));
#5148=DIRECTION('',(0.,0.,1.));
#5149=DIRECTION('center_axis',(0.,0.,1.));
#5150=DIRECTION('ref_axis',(0.,1.,0.));
#5151=DIRECTION('',(0.,0.,-1.));
#5152=DIRECTION('center_axis',(0.,-1.,0.));
#5153=DIRECTION('ref_axis',(1.,0.,0.));
#5154=DIRECTION('',(0.,0.,-1.));
#5155=DIRECTION('',(1.,0.,0.));
#5156=DIRECTION('center_axis',(0.,0.,-1.));
#5157=DIRECTION('ref_axis',(1.,0.,0.));
#5158=DIRECTION('center_axis',(0.,0.,-1.));
#5159=DIRECTION('ref_axis',(1.,0.,0.));
#5160=DIRECTION('center_axis',(0.,0.,-1.));
#5161=DIRECTION('ref_axis',(-1.,0.,0.));
#5162=DIRECTION('center_axis',(0.,0.,1.));
#5163=DIRECTION('ref_axis',(-0.645497224367902,-0.763762615825974,0.));
#5164=DIRECTION('center_axis',(0.,0.,-1.));
#5165=DIRECTION('ref_axis',(1.,0.,0.));
#5166=DIRECTION('center_axis',(0.,0.,1.));
#5167=DIRECTION('ref_axis',(0.645497224367902,-0.763762615825974,0.));
#5168=DIRECTION('',(1.,0.,0.));
#5169=DIRECTION('center_axis',(0.,0.,-1.));
#5170=DIRECTION('ref_axis',(-0.707106781186548,0.707106781186547,0.));
#5171=DIRECTION('',(0.,1.,0.));
#5172=DIRECTION('center_axis',(0.,0.,1.));
#5173=DIRECTION('ref_axis',(0.707106781186547,-0.707106781186548,0.));
#5174=DIRECTION('',(1.,0.,0.));
#5175=DIRECTION('center_axis',(0.,0.,-1.));
#5176=DIRECTION('ref_axis',(-0.707106781186547,0.707106781186548,0.));
#5177=DIRECTION('',(0.,1.,0.));
#5178=DIRECTION('center_axis',(0.,0.,-1.));
#5179=DIRECTION('ref_axis',(-0.707106781186547,-0.707106781186548,0.));
#5180=DIRECTION('',(-1.,0.,0.));
#5181=DIRECTION('center_axis',(0.,0.,1.));
#5182=DIRECTION('ref_axis',(0.707106781186548,0.707106781186548,0.));
#5183=DIRECTION('',(0.,1.,0.));
#5184=DIRECTION('center_axis',(0.,0.,1.));
#5185=DIRECTION('ref_axis',(-0.645497224367902,-0.763762615825974,0.));
#5186=DIRECTION('',(0.,0.,1.));
#5187=DIRECTION('center_axis',(0.,0.,-1.));
#5188=DIRECTION('ref_axis',(1.,0.,0.));
#5189=DIRECTION('',(0.,0.,-1.));
#5190=DIRECTION('center_axis',(0.,0.,-1.));
#5191=DIRECTION('ref_axis',(0.645497224367902,-0.763762615825974,0.));
#5192=DIRECTION('',(0.,0.,1.));
#5193=DIRECTION('center_axis',(0.,0.,1.));
#5194=DIRECTION('ref_axis',(-0.707106781186547,-0.707106781186548,0.));
#5195=DIRECTION('',(0.,0.,1.));
#5196=DIRECTION('',(0.,0.,-1.));
#5197=DIRECTION('center_axis',(0.,1.,0.));
#5198=DIRECTION('ref_axis',(-1.,0.,0.));
#5199=DIRECTION('',(0.,0.,-1.));
#5200=DIRECTION('center_axis',(0.,0.,1.));
#5201=DIRECTION('ref_axis',(-0.707106781186547,0.707106781186548,0.));
#5202=DIRECTION('',(0.,0.,1.));
#5203=DIRECTION('',(0.,0.,-1.));
#5204=DIRECTION('center_axis',(1.,0.,0.));
#5205=DIRECTION('ref_axis',(0.,1.,0.));
#5206=DIRECTION('center_axis',(0.,0.,1.));
#5207=DIRECTION('ref_axis',(-0.707106781186548,0.707106781186547,0.));
#5208=DIRECTION('',(0.,0.,1.));
#5209=DIRECTION('',(0.,0.,-1.));
#5210=DIRECTION('center_axis',(1.,0.,0.));
#5211=DIRECTION('ref_axis',(0.,1.,0.));
#5212=DIRECTION('',(0.,0.,-1.));
#5213=DIRECTION('center_axis',(0.,0.,1.));
#5214=DIRECTION('ref_axis',(0.707106781186548,0.707106781186548,0.));
#5215=DIRECTION('',(0.,0.,1.));
#5216=DIRECTION('center_axis',(1.,0.,0.));
#5217=DIRECTION('ref_axis',(0.,1.,0.));
#5218=DIRECTION('center_axis',(0.,0.,1.));
#5219=DIRECTION('ref_axis',(0.707106781186547,-0.707106781186548,0.));
#5220=DIRECTION('',(0.,0.,1.));
#5221=DIRECTION('center_axis',(0.,-1.,0.));
#5222=DIRECTION('ref_axis',(1.,0.,0.));
#5223=DIRECTION('center_axis',(0.,-1.,0.));
#5224=DIRECTION('ref_axis',(1.,0.,0.));
#5225=DIRECTION('center_axis',(-1.,0.,0.));
#5226=DIRECTION('ref_axis',(0.,1.,0.));
#5227=DIRECTION('',(0.,0.,-1.));
#5228=DIRECTION('',(0.,-1.,0.));
#5229=DIRECTION('',(0.,0.,1.));
#5230=DIRECTION('',(0.,1.,5.36362903793574E-16));
#5231=DIRECTION('center_axis',(0.,0.,-1.));
#5232=DIRECTION('ref_axis',(-0.707106781186549,-0.707106781186546,0.));
#5233=DIRECTION('',(0.,0.,1.));
#5234=DIRECTION('center_axis',(0.,0.,1.));
#5235=DIRECTION('ref_axis',(0.,-1.,0.));
#5236=DIRECTION('center_axis',(0.,1.8503717077086E-15,-1.));
#5237=DIRECTION('ref_axis',(-1.,0.,0.));
#5238=DIRECTION('center_axis',(7.04456233899234E-17,-1.,0.));
#5239=DIRECTION('ref_axis',(-1.,-7.04456233899234E-17,0.));
#5240=DIRECTION('',(0.,0.,-1.));
#5241=DIRECTION('',(1.,7.04456233899234E-17,0.));
#5242=DIRECTION('',(-1.,-7.04456233899234E-17,-3.77844191209678E-32));
#5243=DIRECTION('center_axis',(0.,0.,-1.));
#5244=DIRECTION('ref_axis',(0.707106781186547,0.707106781186547,0.));
#5245=DIRECTION('',(0.,0.,-1.));
#5246=DIRECTION('center_axis',(0.,0.,1.));
#5247=DIRECTION('ref_axis',(1.,0.,0.));
#5248=DIRECTION('center_axis',(0.,0.,-1.));
#5249=DIRECTION('ref_axis',(0.,1.,0.));
#5250=DIRECTION('center_axis',(0.,0.,-1.));
#5251=DIRECTION('ref_axis',(-0.63737743920011,-0.770551750370285,0.));
#5252=DIRECTION('',(0.,0.,1.));
#5253=DIRECTION('center_axis',(-7.06417994073515E-17,3.92140761014967E-32,
1.));
#5254=DIRECTION('ref_axis',(-0.982264602844349,-0.187499999997421,-6.93889390390723E-17));
#5255=DIRECTION('center_axis',(0.,0.,1.));
#5256=DIRECTION('ref_axis',(-0.982264602844349,-0.187499999997421,0.));
#5257=DIRECTION('center_axis',(-5.33761069531325E-17,-1.,0.));
#5258=DIRECTION('ref_axis',(-1.,5.33761069531325E-17,2.20922758654685E-32));
#5259=DIRECTION('',(0.,0.,-1.));
#5260=DIRECTION('',(0.,0.,-1.));
#5261=DIRECTION('',(1.,-5.33761069531325E-17,-2.20922758654685E-32));
#5262=DIRECTION('',(0.,0.,1.));
#5263=DIRECTION('',(0.,0.,1.));
#5264=DIRECTION('',(-1.,5.33761069531325E-17,2.86289637185785E-32));
#5265=DIRECTION('',(0.,0.,-1.));
#5266=DIRECTION('center_axis',(0.,0.,-1.));
#5267=DIRECTION('ref_axis',(0.63737743920011,-0.770551750370285,0.));
#5268=DIRECTION('',(0.,0.,1.));
#5269=DIRECTION('center_axis',(-2.82567197629406E-16,0.,1.));
#5270=DIRECTION('ref_axis',(0.,-1.,0.));
#5271=DIRECTION('center_axis',(0.,0.,1.));
#5272=DIRECTION('ref_axis',(0.,-1.,0.));
#5273=DIRECTION('center_axis',(0.,0.,1.));
#5274=DIRECTION('ref_axis',(-0.707106781186547,0.707106781186547,0.));
#5275=DIRECTION('',(0.,0.,1.));
#5276=DIRECTION('center_axis',(0.,0.,1.));
#5277=DIRECTION('ref_axis',(0.,1.,0.));
#5278=DIRECTION('center_axis',(0.,0.,-1.));
#5279=DIRECTION('ref_axis',(-1.,0.,0.));
#5280=DIRECTION('center_axis',(7.04456233899234E-17,-1.,0.));
#5281=DIRECTION('ref_axis',(-1.,-7.04456233899234E-17,0.));
#5282=DIRECTION('',(0.,0.,-1.));
#5283=DIRECTION('',(1.,7.04456233899234E-17,0.));
#5284=DIRECTION('',(-1.,-7.04456233899234E-17,-3.77844191209678E-32));
#5285=DIRECTION('center_axis',(0.,0.,-1.));
#5286=DIRECTION('ref_axis',(0.707106781186547,-0.707106781186547,0.));
#5287=DIRECTION('',(0.,0.,1.));
#5288=DIRECTION('center_axis',(0.,0.,1.));
#5289=DIRECTION('ref_axis',(1.,0.,0.));
#5290=DIRECTION('center_axis',(0.,0.,-1.));
#5291=DIRECTION('ref_axis',(0.,-1.,0.));
#5292=DIRECTION('center_axis',(0.,0.,1.));
#5293=DIRECTION('ref_axis',(1.,0.,0.));
#5294=DIRECTION('',(0.,1.,0.));
#5295=DIRECTION('',(-1.,-7.04456233899234E-17,0.));
#5296=DIRECTION('',(3.1720657846433E-16,-1.,0.));
#5297=DIRECTION('',(1.,1.40891246779847E-16,0.));
#5298=DIRECTION('center_axis',(-1.40891246779847E-16,1.,0.));
#5299=DIRECTION('ref_axis',(1.,1.40891246779847E-16,0.));
#5300=DIRECTION('',(0.,0.,-1.));
#5301=DIRECTION('',(-1.,-1.40891246779847E-16,0.));
#5302=DIRECTION('',(0.,0.,1.));
#5303=DIRECTION('',(1.,1.40891246779847E-16,7.55688382419357E-32));
#5304=DIRECTION('center_axis',(1.,3.1720657846433E-16,0.));
#5305=DIRECTION('ref_axis',(3.1720657846433E-16,-1.,0.));
#5306=DIRECTION('',(0.,0.,-1.));
#5307=DIRECTION('',(-3.1720657846433E-16,1.,0.));
#5308=DIRECTION('',(3.1720657846433E-16,-1.,-5.36362903793574E-16));
#5309=DIRECTION('center_axis',(-1.,-7.04456233899234E-17,0.));
#5310=DIRECTION('ref_axis',(0.,-0.707106781186548,0.707106781186547));
#5311=DIRECTION('center_axis',(-1.,0.,0.));
#5312=DIRECTION('ref_axis',(0.,0.,1.));
#5313=DIRECTION('center_axis',(1.,0.,0.));
#5314=DIRECTION('ref_axis',(0.,-1.,0.));
#5315=DIRECTION('center_axis',(1.,1.40891246779847E-16,0.));
#5316=DIRECTION('ref_axis',(0.,0.707106781186548,0.707106781186547));
#5317=DIRECTION('center_axis',(1.,1.85037170770859E-15,0.));
#5318=DIRECTION('ref_axis',(0.,0.,1.));
#5319=DIRECTION('center_axis',(-1.,0.,0.));
#5320=DIRECTION('ref_axis',(0.,1.,0.));
#5321=DIRECTION('center_axis',(0.,1.,0.));
#5322=DIRECTION('ref_axis',(-0.707106781186548,0.,-0.707106781186547));
#5323=DIRECTION('center_axis',(0.,1.,0.));
#5324=DIRECTION('ref_axis',(0.,0.,-1.));
#5325=DIRECTION('',(0.,-1.,0.));
#5326=DIRECTION('center_axis',(0.,-1.,0.));
#5327=DIRECTION('ref_axis',(-1.,0.,0.));
#5328=DIRECTION('center_axis',(0.,0.,-1.));
#5329=DIRECTION('ref_axis',(0.707106781186547,0.707106781186547,0.));
#5330=DIRECTION('center_axis',(0.,0.,1.));
#5331=DIRECTION('ref_axis',(0.,1.,0.));
#5332=DIRECTION('center_axis',(0.,-1.85037170770859E-15,-1.));
#5333=DIRECTION('ref_axis',(1.,0.,0.));
#5334=DIRECTION('center_axis',(3.1720657846433E-16,-1.,0.));
#5335=DIRECTION('ref_axis',(0.707106781186547,0.,0.707106781186549));
#5336=DIRECTION('center_axis',(0.,-1.,0.));
#5337=DIRECTION('ref_axis',(0.,0.,1.));
#5338=DIRECTION('center_axis',(0.,1.,0.));
#5339=DIRECTION('ref_axis',(1.,0.,0.));
#5340=DIRECTION('center_axis',(-0.816496580927727,0.408248290463863,0.408248290463862));
#5341=DIRECTION('ref_axis',(0.577350269189625,0.577350269189626,0.577350269189626));
#5342=DIRECTION('center_axis',(1.,0.,0.));
#5343=DIRECTION('ref_axis',(0.,0.,-1.));
#5344=DIRECTION('center_axis',(1.,0.,0.));
#5345=DIRECTION('ref_axis',(0.,-0.707106781186548,0.707106781186547));
#5346=DIRECTION('center_axis',(-0.816496580927727,-0.408248290463863,0.408248290463863));
#5347=DIRECTION('ref_axis',(0.577350269189625,-0.577350269189627,0.577350269189625));
#5348=DIRECTION('center_axis',(0.,0.,1.));
#5349=DIRECTION('ref_axis',(1.,0.,0.));
#5350=DIRECTION('',(1.,1.40891246779847E-16,0.));
#5351=DIRECTION('',(0.,1.,0.));
#5352=DIRECTION('',(-1.,-7.04456233899234E-17,0.));
#5353=DIRECTION('',(0.,-1.,0.));
#5354=DIRECTION('center_axis',(-1.40891246779847E-16,1.,0.));
#5355=DIRECTION('ref_axis',(1.,1.40891246779847E-16,0.));
#5356=DIRECTION('',(0.,0.,-1.));
#5357=DIRECTION('',(-1.,-1.40891246779847E-16,0.));
#5358=DIRECTION('',(0.,0.,1.));
#5359=DIRECTION('',(1.,1.40891246779847E-16,7.55688382419357E-32));
#5360=DIRECTION('center_axis',(0.,0.,-1.));
#5361=DIRECTION('ref_axis',(-0.707106781186547,0.707106781186547,0.));
#5362=DIRECTION('center_axis',(0.,0.,1.));
#5363=DIRECTION('ref_axis',(-1.,0.,0.));
#5364=DIRECTION('center_axis',(-1.85037170770859E-15,0.,-1.));
#5365=DIRECTION('ref_axis',(0.,1.,0.));
#5366=DIRECTION('center_axis',(0.,1.,0.));
#5367=DIRECTION('ref_axis',(-0.707106781186548,0.,0.707106781186547));
#5368=DIRECTION('center_axis',(0.,1.,0.));
#5369=DIRECTION('ref_axis',(0.,0.,1.));
#5370=DIRECTION('center_axis',(0.,-1.,1.85037170770859E-15));
#5371=DIRECTION('ref_axis',(-1.,0.,0.));
#5372=DIRECTION('center_axis',(-1.,-7.04456233899234E-17,0.));
#5373=DIRECTION('ref_axis',(0.,-0.707106781186548,0.707106781186547));
#5374=DIRECTION('center_axis',(-1.,0.,0.));
#5375=DIRECTION('ref_axis',(0.,0.,1.));
#5376=DIRECTION('center_axis',(1.,0.,0.));
#5377=DIRECTION('ref_axis',(0.,-1.,0.));
#5378=DIRECTION('center_axis',(0.,-1.,0.));
#5379=DIRECTION('ref_axis',(0.707106781186548,0.,-0.707106781186547));
#5380=DIRECTION('center_axis',(0.,-1.,0.));
#5381=DIRECTION('ref_axis',(0.,0.,-1.));
#5382=DIRECTION('',(0.,1.,0.));
#5383=DIRECTION('center_axis',(0.,1.,0.));
#5384=DIRECTION('ref_axis',(1.,0.,0.));
#5385=DIRECTION('center_axis',(-0.816496580927726,0.408248290463862,-0.408248290463863));
#5386=DIRECTION('ref_axis',(-0.577350269189626,-0.577350269189626,0.577350269189626));
#5387=DIRECTION('center_axis',(1.,1.40891246779847E-16,0.));
#5388=DIRECTION('ref_axis',(0.,0.707106781186548,0.707106781186547));
#5389=DIRECTION('center_axis',(1.,0.,0.));
#5390=DIRECTION('ref_axis',(0.,0.,1.));
#5391=DIRECTION('center_axis',(-1.,0.,0.));
#5392=DIRECTION('ref_axis',(0.,1.,0.));
#5393=DIRECTION('center_axis',(0.,0.,1.));
#5394=DIRECTION('ref_axis',(0.707106781186547,-0.707106781186547,0.));
#5395=DIRECTION('center_axis',(0.,0.,1.));
#5396=DIRECTION('ref_axis',(0.,-1.,0.));
#5397=DIRECTION('',(0.,0.,1.));
#5398=DIRECTION('center_axis',(0.,0.,-1.));
#5399=DIRECTION('ref_axis',(1.,0.,0.));
#5400=DIRECTION('center_axis',(-1.,0.,0.));
#5401=DIRECTION('ref_axis',(0.,0.,1.));
#5402=DIRECTION('center_axis',(-1.,0.,0.));
#5403=DIRECTION('ref_axis',(0.,0.707106781186548,0.707106781186547));
#5404=DIRECTION('center_axis',(-0.816496580927726,-0.408248290463862,-0.408248290463863));
#5405=DIRECTION('ref_axis',(-0.577350269189627,0.577350269189625,0.577350269189626));
#5406=DIRECTION('center_axis',(0.,1.,0.));
#5407=DIRECTION('ref_axis',(1.,0.,2.73691106313441E-48));
#5408=DIRECTION('',(0.,0.,-1.));
#5409=DIRECTION('',(0.,0.,-1.));
#5410=DIRECTION('',(-1.,0.,-2.73691106313441E-48));
#5411=DIRECTION('',(0.,0.,1.));
#5412=DIRECTION('',(0.,0.,1.));
#5413=DIRECTION('',(0.,0.,1.));
#5414=DIRECTION('',(1.,0.,-2.73691106313441E-48));
#5415=DIRECTION('',(0.,0.,-1.));
#5416=DIRECTION('center_axis',(-2.73691106313441E-48,-4.13898223878839E-16,
1.));
#5417=DIRECTION('ref_axis',(1.,0.,2.73691106313441E-48));
#5418=DIRECTION('',(-1.,5.33761069531325E-17,2.20922758654685E-32));
#5419=DIRECTION('',(0.,-1.,-4.13898223878839E-16));
#5420=DIRECTION('',(1.,0.,2.73691106313441E-48));
#5421=DIRECTION('',(0.,1.,4.13898223878839E-16));
#5422=DIRECTION('center_axis',(-1.,0.,0.));
#5423=DIRECTION('ref_axis',(0.,1.,4.13898223878839E-16));
#5424=DIRECTION('',(0.,0.,-1.));
#5425=DIRECTION('',(0.,-1.,-4.13898223878839E-16));
#5426=DIRECTION('',(0.,0.,1.));
#5427=DIRECTION('center_axis',(-1.,0.,0.));
#5428=DIRECTION('ref_axis',(0.,-0.707106781186547,0.707106781186548));
#5429=DIRECTION('center_axis',(1.,0.,0.));
#5430=DIRECTION('ref_axis',(0.,0.,-1.));
#5431=DIRECTION('center_axis',(1.,0.,0.));
#5432=DIRECTION('ref_axis',(0.,-1.,-4.13898223878839E-16));
#5433=DIRECTION('',(0.,0.,-1.));
#5434=DIRECTION('',(0.,1.,4.13898223878839E-16));
#5435=DIRECTION('',(0.,0.,1.));
#5436=DIRECTION('center_axis',(1.,0.,0.));
#5437=DIRECTION('ref_axis',(0.,0.707106781186548,0.707106781186547));
#5438=DIRECTION('center_axis',(-1.,0.,0.));
#5439=DIRECTION('ref_axis',(0.,0.,1.));
#5440=DIRECTION('center_axis',(0.,0.,1.));
#5441=DIRECTION('ref_axis',(-1.,0.,0.));
#5442=DIRECTION('center_axis',(0.,0.,-1.));
#5443=DIRECTION('ref_axis',(-0.707106781186547,-0.707106781186547,0.));
#5444=DIRECTION('',(0.,0.,-1.));
#5445=DIRECTION('center_axis',(0.,0.,-1.));
#5446=DIRECTION('ref_axis',(0.,-1.,0.));
#5447=DIRECTION('center_axis',(1.38777878078145E-16,0.,1.));
#5448=DIRECTION('ref_axis',(-1.,0.,1.38777878078145E-16));
#5449=DIRECTION('center_axis',(0.,0.,-1.));
#5450=DIRECTION('ref_axis',(-0.707106781186548,-0.707106781186547,0.));
#5451=DIRECTION('center_axis',(2.77555756156289E-16,0.,1.));
#5452=DIRECTION('ref_axis',(0.,-1.,0.));
#5453=DIRECTION('center_axis',(0.,1.,4.13898223878839E-16));
#5454=DIRECTION('ref_axis',(-0.707106781186548,0.,0.707106781186548));
#5455=DIRECTION('center_axis',(0.,1.,0.));
#5456=DIRECTION('ref_axis',(0.,0.,1.));
#5457=DIRECTION('center_axis',(0.,-1.,0.));
#5458=DIRECTION('ref_axis',(-1.,0.,0.));
#5459=DIRECTION('center_axis',(0.,0.,-1.));
#5460=DIRECTION('ref_axis',(-0.637377439198086,0.770551750371959,0.));
#5461=DIRECTION('center_axis',(4.23850796444533E-16,0.,1.));
#5462=DIRECTION('ref_axis',(0.,1.,0.));
#5463=DIRECTION('center_axis',(0.,0.,1.));
#5464=DIRECTION('ref_axis',(0.,1.,0.));
#5465=DIRECTION('center_axis',(0.,0.,1.));
#5466=DIRECTION('ref_axis',(0.,1.,0.));
#5467=DIRECTION('center_axis',(0.,0.,-1.));
#5468=DIRECTION('ref_axis',(-0.707106781186547,0.707106781186548,0.));
#5469=DIRECTION('center_axis',(0.,0.,1.));
#5470=DIRECTION('ref_axis',(-1.,0.,0.));
#5471=DIRECTION('center_axis',(1.,0.,2.73691106313441E-48));
#5472=DIRECTION('ref_axis',(0.,0.707106781186548,0.707106781186547));
#5473=DIRECTION('center_axis',(1.,0.,0.));
#5474=DIRECTION('ref_axis',(0.,0.,1.));
#5475=DIRECTION('center_axis',(-1.,0.,0.));
#5476=DIRECTION('ref_axis',(0.,1.,0.));
#5477=DIRECTION('center_axis',(0.,0.,-1.));
#5478=DIRECTION('ref_axis',(0.637377439198086,0.770551750371959,0.));
#5479=DIRECTION('center_axis',(-7.06417994074222E-17,0.,1.));
#5480=DIRECTION('ref_axis',(0.982264602843364,0.18750000000258,6.93889390390722E-17));
#5481=DIRECTION('center_axis',(0.,0.,1.));
#5482=DIRECTION('ref_axis',(0.982264602843364,0.187500000002581,0.));
#5483=DIRECTION('center_axis',(0.,0.,1.));
#5484=DIRECTION('ref_axis',(1.,0.,0.));
#5485=DIRECTION('center_axis',(0.,0.,-1.));
#5486=DIRECTION('ref_axis',(0.707106781186547,0.707106781186548,0.));
#5487=DIRECTION('center_axis',(2.77555756156289E-16,0.,1.));
#5488=DIRECTION('ref_axis',(0.,1.,0.));
#5489=DIRECTION('center_axis',(0.,-1.,-4.13898223878839E-16));
#5490=DIRECTION('ref_axis',(0.707106781186547,0.,0.707106781186548));
#5491=DIRECTION('center_axis',(0.,-1.,0.));
#5492=DIRECTION('ref_axis',(0.,0.,1.));
#5493=DIRECTION('center_axis',(0.,1.,0.));
#5494=DIRECTION('ref_axis',(1.,0.,0.));
#5495=DIRECTION('center_axis',(-0.816496580927726,0.408248290463863,0.408248290463863));
#5496=DIRECTION('ref_axis',(0.577350269189625,0.577350269189626,0.577350269189626));
#5497=DIRECTION('center_axis',(1.38777878078145E-16,0.,1.));
#5498=DIRECTION('ref_axis',(0.,-1.,0.));
#5499=DIRECTION('center_axis',(0.,0.,-1.));
#5500=DIRECTION('ref_axis',(0.707106781186547,-0.707106781186548,0.));
#5501=DIRECTION('center_axis',(0.,0.,1.));
#5502=DIRECTION('ref_axis',(1.,0.,0.));
#5503=DIRECTION('center_axis',(-1.,5.33761069531325E-17,2.20922758654685E-32));
#5504=DIRECTION('ref_axis',(0.,-0.707106781186548,0.707106781186547));
#5505=DIRECTION('center_axis',(-1.,0.,0.));
#5506=DIRECTION('ref_axis',(0.,0.,1.));
#5507=DIRECTION('center_axis',(1.,0.,0.));
#5508=DIRECTION('ref_axis',(0.,-1.,0.));
#5509=DIRECTION('center_axis',(-0.408248290463863,-0.816496580927726,-0.408248290463863));
#5510=DIRECTION('ref_axis',(0.577350269189626,-0.577350269189626,0.577350269189626));
#5511=DIRECTION('center_axis',(-0.816496580927726,-0.408248290463863,-0.408248290463863));
#5512=DIRECTION('ref_axis',(-0.577350269189626,0.577350269189626,0.577350269189626));
#5513=DIRECTION('center_axis',(-0.408248290463863,-0.408248290463863,-0.816496580927726));
#5514=DIRECTION('ref_axis',(-0.577350269189626,-0.577350269189625,0.577350269189626));
#5515=DIRECTION('center_axis',(0.408248290463863,-0.816496580927726,0.408248290463863));
#5516=DIRECTION('ref_axis',(-0.577350269189626,-0.577350269189626,-0.577350269189626));
#5517=DIRECTION('center_axis',(0.,0.,-1.));
#5518=DIRECTION('ref_axis',(-1.,0.,0.));
#5519=DIRECTION('center_axis',(0.,-1.,0.));
#5520=DIRECTION('ref_axis',(0.,0.,-1.));
#5521=DIRECTION('center_axis',(-1.,0.,0.));
#5522=DIRECTION('ref_axis',(0.,-1.,0.));
#5523=DIRECTION('center_axis',(-0.408248290463863,-0.816496580927726,0.408248290463863));
#5524=DIRECTION('ref_axis',(0.577350269189626,-0.577350269189626,-0.577350269189626));
#5525=DIRECTION('center_axis',(1.,0.,0.));
#5526=DIRECTION('ref_axis',(0.,0.,-1.));
#5527=DIRECTION('center_axis',(0.,-1.,0.));
#5528=DIRECTION('ref_axis',(1.,0.,0.));
#5529=DIRECTION('center_axis',(0.,0.,-1.));
#5530=DIRECTION('ref_axis',(0.,-1.,0.));
#5531=DIRECTION('center_axis',(-0.816496580927726,-0.408248290463863,0.408248290463862));
#5532=DIRECTION('ref_axis',(-0.577350269189626,0.577350269189626,-0.577350269189626));
#5533=DIRECTION('center_axis',(0.,0.,-1.));
#5534=DIRECTION('ref_axis',(0.,1.,0.));
#5535=DIRECTION('center_axis',(-1.,0.,0.));
#5536=DIRECTION('ref_axis',(0.,0.,-1.));
#5537=DIRECTION('center_axis',(0.,1.,0.));
#5538=DIRECTION('ref_axis',(-1.,0.,0.));
#5539=DIRECTION('center_axis',(0.,0.,1.));
#5540=DIRECTION('ref_axis',(0.,-1.,0.));
#5541=DIRECTION('center_axis',(0.,0.,-1.));
#5542=DIRECTION('ref_axis',(0.707106781186547,-0.707106781186548,0.));
#5543=DIRECTION('',(0.,0.,1.));
#5544=DIRECTION('center_axis',(-0.816496580927726,0.408248290463863,-0.408248290463862));
#5545=DIRECTION('ref_axis',(0.577350269189626,0.577350269189626,-0.577350269189626));
#5546=DIRECTION('center_axis',(0.,0.,-1.));
#5547=DIRECTION('ref_axis',(1.,0.,0.));
#5548=DIRECTION('center_axis',(0.,1.,0.));
#5549=DIRECTION('ref_axis',(0.,0.,-1.));
#5550=DIRECTION('center_axis',(1.,0.,0.));
#5551=DIRECTION('ref_axis',(0.,1.,0.));
#5552=DIRECTION('center_axis',(0.,1.,5.36362903793574E-16));
#5553=DIRECTION('ref_axis',(0.707106781186548,0.,-0.707106781186547));
#5554=DIRECTION('',(0.,-1.,-5.36362903793574E-16));
#5555=DIRECTION('',(0.,1.,5.36362903793574E-16));
#5556=DIRECTION('center_axis',(-1.,0.,2.73691106313441E-48));
#5557=DIRECTION('ref_axis',(0.,0.707106781186548,-0.707106781186548));
#5558=DIRECTION('',(-1.,0.,2.73691106313441E-48));
#5559=DIRECTION('center_axis',(0.,0.,1.));
#5560=DIRECTION('ref_axis',(1.,0.,0.));
#5561=DIRECTION('center_axis',(0.,0.,-1.));
#5562=DIRECTION('ref_axis',(0.707106781186547,0.707106781186548,0.));
#5563=DIRECTION('',(0.,0.,-1.));
#5564=DIRECTION('center_axis',(5.55111512312578E-16,-5.55111512312578E-16,
1.));
#5565=DIRECTION('ref_axis',(0.,1.,5.55111512312578E-16));
#5566=DIRECTION('center_axis',(0.,0.,-1.));
#5567=DIRECTION('ref_axis',(-0.707106781186547,0.707106781186548,0.));
#5568=DIRECTION('',(0.,0.,1.));
#5569=DIRECTION('center_axis',(0.,-1.,-5.36362903793574E-16));
#5570=DIRECTION('ref_axis',(-0.707106781186548,0.,-0.707106781186547));
#5571=DIRECTION('',(0.,1.,5.36362903793574E-16));
#5572=DIRECTION('',(0.,-1.,-5.36362903793574E-16));
#5573=DIRECTION('center_axis',(1.,-5.33761069531325E-17,-2.86289637185785E-32));
#5574=DIRECTION('ref_axis',(0.,-0.707106781186548,-0.707106781186548));
#5575=DIRECTION('',(1.,-5.33761069531325E-17,-2.86289637185785E-32));
#5576=DIRECTION('center_axis',(0.,0.,1.));
#5577=DIRECTION('ref_axis',(-1.,0.,0.));
#5578=DIRECTION('center_axis',(0.,0.,-1.));
#5579=DIRECTION('ref_axis',(-0.707106781186548,-0.707106781186547,0.));
#5580=DIRECTION('',(0.,0.,-1.));
#5581=DIRECTION('center_axis',(1.,0.,0.));
#5582=DIRECTION('ref_axis',(0.,0.,-1.));
#5583=DIRECTION('center_axis',(-1.,0.,0.));
#5584=DIRECTION('ref_axis',(0.,0.,-1.));
#5585=DIRECTION('center_axis',(0.,1.,0.));
#5586=DIRECTION('ref_axis',(-1.,0.,0.));
#5587=DIRECTION('center_axis',(1.,0.,0.));
#5588=DIRECTION('ref_axis',(0.,0.707106781186548,-0.707106781186548));
#5589=DIRECTION('center_axis',(-1.,0.,0.));
#5590=DIRECTION('ref_axis',(0.,0.,1.));
#5591=DIRECTION('center_axis',(1.,0.,0.));
#5592=DIRECTION('ref_axis',(0.,0.,-1.));
#5593=DIRECTION('center_axis',(0.,-1.,0.));
#5594=DIRECTION('ref_axis',(1.,0.,0.));
#5595=DIRECTION('center_axis',(-1.,0.,0.));
#5596=DIRECTION('ref_axis',(0.,-0.707106781186547,-0.707106781186549));
#5597=DIRECTION('center_axis',(-2.73691106313441E-48,5.36362903793574E-16,
-1.));
#5598=DIRECTION('ref_axis',(-1.,0.,2.73691106313441E-48));
#5599=DIRECTION('center_axis',(-0.816496580927726,-0.408248290463863,0.408248290463863));
#5600=DIRECTION('ref_axis',(-0.577350269189626,0.577350269189626,-0.577350269189625));
#5601=DIRECTION('center_axis',(-1.,0.,0.));
#5602=DIRECTION('ref_axis',(0.,0.,-1.));
#5603=DIRECTION('center_axis',(0.,1.,0.));
#5604=DIRECTION('ref_axis',(-1.,0.,0.));
#5605=DIRECTION('center_axis',(1.,0.,0.));
#5606=DIRECTION('ref_axis',(0.,0.,-1.));
#5607=DIRECTION('center_axis',(-1.,0.,0.));
#5608=DIRECTION('ref_axis',(0.,0.707106781186548,-0.707106781186547));
#5609=DIRECTION('center_axis',(0.,1.,0.));
#5610=DIRECTION('ref_axis',(0.,0.,1.));
#5611=DIRECTION('center_axis',(1.,0.,0.));
#5612=DIRECTION('ref_axis',(0.,1.,0.));
#5613=DIRECTION('center_axis',(0.408248290463862,-0.816496580927726,0.408248290463864));
#5614=DIRECTION('ref_axis',(-0.577350269189625,-0.577350269189625,-0.577350269189627));
#5615=DIRECTION('center_axis',(1.85037170770859E-15,-1.,0.));
#5616=DIRECTION('ref_axis',(0.,0.,-1.));
#5617=DIRECTION('center_axis',(-1.,0.,0.));
#5618=DIRECTION('ref_axis',(0.,-1.,0.));
#5619=DIRECTION('center_axis',(0.,1.,5.36362903793574E-16));
#5620=DIRECTION('ref_axis',(-0.707106781186547,0.,-0.707106781186547));
#5621=DIRECTION('',(0.,-1.,-5.36362903793574E-16));
#5622=DIRECTION('center_axis',(-1.,-7.04456233899234E-17,-3.77844191209678E-32));
#5623=DIRECTION('ref_axis',(0.,-0.707106781186547,-0.707106781186547));
#5624=DIRECTION('',(1.,7.04456233899234E-17,3.77844191209678E-32));
#5625=DIRECTION('center_axis',(0.,1.,5.36362903793574E-16));
#5626=DIRECTION('ref_axis',(0.707106781186548,0.,0.707106781186547));
#5627=DIRECTION('',(0.,-1.,-5.36362903793574E-16));
#5628=DIRECTION('',(0.,1.,5.36362903793574E-16));
#5629=DIRECTION('center_axis',(1.,1.40891246779847E-16,7.55688382419357E-32));
#5630=DIRECTION('ref_axis',(0.,0.707106781186548,-0.707106781186547));
#5631=DIRECTION('',(-1.,-1.40891246779847E-16,-7.55688382419357E-32));
#5632=DIRECTION('center_axis',(2.73691106313441E-48,-5.36362903793574E-16,
1.));
#5633=DIRECTION('ref_axis',(1.,0.,-2.73691106313441E-48));
#5634=DIRECTION('center_axis',(-1.,0.,0.));
#5635=DIRECTION('ref_axis',(0.,1.,4.13898223878839E-16));
#5636=DIRECTION('center_axis',(-0.408248290463862,-0.816496580927726,0.408248290463864));
#5637=DIRECTION('ref_axis',(0.577350269189625,-0.577350269189626,-0.577350269189626));
#5638=DIRECTION('center_axis',(1.,0.,0.));
#5639=DIRECTION('ref_axis',(0.,0.,-1.));
#5640=DIRECTION('center_axis',(0.,-1.,0.));
#5641=DIRECTION('ref_axis',(1.,0.,0.));
#5642=DIRECTION('center_axis',(-1.,0.,0.));
#5643=DIRECTION('ref_axis',(0.,0.,1.));
#5644=DIRECTION('center_axis',(1.,0.,0.));
#5645=DIRECTION('ref_axis',(0.,-0.707106781186547,-0.707106781186548));
#5646=DIRECTION('center_axis',(0.,-1.,0.));
#5647=DIRECTION('ref_axis',(0.,0.,1.));
#5648=DIRECTION('center_axis',(-1.,0.,0.));
#5649=DIRECTION('ref_axis',(0.,-1.,0.));
#5650=DIRECTION('center_axis',(-0.816496580927726,0.408248290463862,-0.408248290463864));
#5651=DIRECTION('ref_axis',(0.577350269189627,0.577350269189625,-0.577350269189625));
#5652=DIRECTION('center_axis',(0.,1.,0.));
#5653=DIRECTION('ref_axis',(0.,0.,-1.));
#5654=DIRECTION('center_axis',(1.,0.,0.));
#5655=DIRECTION('ref_axis',(0.,1.,0.));
#5656=DIRECTION('center_axis',(1.,1.40891246779847E-16,7.55688382419357E-32));
#5657=DIRECTION('ref_axis',(0.,0.707106781186548,-0.707106781186547));
#5658=DIRECTION('',(-1.,-1.40891246779847E-16,-7.55688382419357E-32));
#5659=DIRECTION('center_axis',(0.,-1.,-5.36362903793574E-16));
#5660=DIRECTION('ref_axis',(-0.707106781186548,0.,0.707106781186547));
#5661=DIRECTION('',(0.,1.,5.36362903793574E-16));
#5662=DIRECTION('',(0.,-1.,-5.36362903793574E-16));
#5663=DIRECTION('center_axis',(3.1720657846433E-16,-1.,-5.36362903793574E-16));
#5664=DIRECTION('ref_axis',(0.707106781186548,0.,-0.707106781186547));
#5665=DIRECTION('',(-3.1720657846433E-16,1.,5.36362903793574E-16));
#5666=DIRECTION('center_axis',(-1.,-7.04456233899234E-17,-3.77844191209678E-32));
#5667=DIRECTION('ref_axis',(0.,-0.707106781186547,-0.707106781186547));
#5668=DIRECTION('',(1.,7.04456233899234E-17,3.77844191209678E-32));
#5669=DIRECTION('center_axis',(1.,0.,0.));
#5670=DIRECTION('ref_axis',(0.,-1.,-4.13898223878839E-16));
#5671=DIRECTION('center_axis',(2.73691106313441E-48,-5.36362903793574E-16,
1.));
#5672=DIRECTION('ref_axis',(1.,0.,-2.73691106313441E-48));
#5673=DIRECTION('center_axis',(0.,0.,-1.));
#5674=DIRECTION('ref_axis',(-1.,0.,0.));
#5675=DIRECTION('center_axis',(0.,0.,1.));
#5676=DIRECTION('ref_axis',(1.,0.,0.));
#5677=DIRECTION('center_axis',(-1.22464679914735E-16,-1.,0.));
#5678=DIRECTION('ref_axis',(1.,-1.22464679914735E-16,0.));
#5679=DIRECTION('center_axis',(0.,0.,-1.));
#5680=DIRECTION('ref_axis',(1.,0.,0.));
#5681=DIRECTION('center_axis',(0.,0.,1.));
#5682=DIRECTION('ref_axis',(1.,0.,0.));
#5683=DIRECTION('center_axis',(0.,0.,1.));
#5684=DIRECTION('ref_axis',(1.,0.,0.));
#5685=DIRECTION('',(0.,0.,-1.));
#5686=DIRECTION('center_axis',(0.,0.,1.));
#5687=DIRECTION('ref_axis',(1.,0.,0.));
#5688=DIRECTION('center_axis',(0.,0.,1.));
#5689=DIRECTION('ref_axis',(1.,0.,0.));
#5690=DIRECTION('center_axis',(0.,0.,1.));
#5691=DIRECTION('ref_axis',(1.,0.,0.));
#5692=DIRECTION('center_axis',(0.,0.,1.));
#5693=DIRECTION('ref_axis',(1.,0.,0.));
#5694=DIRECTION('center_axis',(0.,0.,-1.));
#5695=DIRECTION('ref_axis',(1.,0.,0.));
#5696=DIRECTION('center_axis',(1.22464679914735E-16,-1.,0.));
#5697=DIRECTION('ref_axis',(-1.,-1.22464679914735E-16,0.));
#5698=DIRECTION('center_axis',(0.,0.,1.));
#5699=DIRECTION('ref_axis',(1.,0.,0.));
#5700=DIRECTION('center_axis',(0.,0.,-1.));
#5701=DIRECTION('ref_axis',(1.,0.,0.));
#5702=DIRECTION('',(0.,0.,1.));
#5703=DIRECTION('center_axis',(0.,0.,-1.));
#5704=DIRECTION('ref_axis',(1.,0.,0.));
#5705=DIRECTION('center_axis',(0.,0.,-1.));
#5706=DIRECTION('ref_axis',(-1.,0.,0.));
#5707=DIRECTION('center_axis',(0.,0.,1.));
#5708=DIRECTION('ref_axis',(1.,0.,0.));
#5709=CARTESIAN_POINT('',(0.,0.,0.));
#5710=CARTESIAN_POINT('Origin',(2.87880183409696,0.350000000000003,1.9));
#5711=CARTESIAN_POINT('',(2.08464960400125,0.253448275862071,1.9));
#5712=CARTESIAN_POINT('',(1.78684251771535,0.217241379310346,2.2));
#5713=CARTESIAN_POINT('Origin',(1.78684251771535,0.217241379310346,1.9));
#5714=CARTESIAN_POINT('',(2.87880183409696,-0.749999999999997,2.2));
#5715=CARTESIAN_POINT('Origin',(2.87880183409696,0.350000000000003,2.2));
#5716=CARTESIAN_POINT('',(2.87880183409696,-0.449999999999997,1.9));
#5717=CARTESIAN_POINT('Origin',(2.87880183409696,-0.749999999999997,1.9));
#5718=CARTESIAN_POINT('Origin',(2.87880183409696,0.350000000000003,1.9));
#5719=CARTESIAN_POINT('Origin',(5.4,-0.749999999999997,1.9));
#5720=CARTESIAN_POINT('',(3.42937207591514,-0.749999999999997,2.2));
#5721=CARTESIAN_POINT('',(3.42937207591514,-0.449999999999997,1.9));
#5722=CARTESIAN_POINT('Origin',(3.42937207591514,-0.749999999999997,1.9));
#5723=CARTESIAN_POINT('',(5.4,-0.449999999999997,1.9));
#5724=CARTESIAN_POINT('',(5.4,-0.749999999999997,2.2));
#5725=CARTESIAN_POINT('Origin',(3.42937207591514,0.350000000000003,1.9));
#5726=CARTESIAN_POINT('',(4.51398670281673,0.166666666666668,2.2));
#5727=CARTESIAN_POINT('',(4.21818271366175,0.216666666666669,1.9));
#5728=CARTESIAN_POINT('Origin',(4.51398670281673,0.166666666666668,1.9));
#5729=CARTESIAN_POINT('Origin',(3.42937207591514,0.350000000000003,1.9));
#5730=CARTESIAN_POINT('Origin',(3.42937207591514,0.350000000000003,2.2));
#5731=CARTESIAN_POINT('Origin',(5.5,-5.78043636090606E-16,1.9));
#5732=CARTESIAN_POINT('',(6.48601329718327,0.166666666666668,2.2));
#5733=CARTESIAN_POINT('',(6.78181728633825,0.216666666666668,1.9));
#5734=CARTESIAN_POINT('Origin',(6.48601329718327,0.166666666666668,1.9));
#5735=CARTESIAN_POINT('Origin',(5.5,-5.78043636090606E-16,1.9));
#5736=CARTESIAN_POINT('Origin',(5.5,-5.78043636090606E-16,2.2));
#5737=CARTESIAN_POINT('Origin',(7.57062792408487,0.350000000000003,1.9));
#5738=CARTESIAN_POINT('',(7.57062792408487,-0.749999999999997,2.2));
#5739=CARTESIAN_POINT('',(7.57062792408487,-0.449999999999997,1.9));
#5740=CARTESIAN_POINT('Origin',(7.57062792408487,-0.749999999999997,1.9));
#5741=CARTESIAN_POINT('Origin',(7.57062792408487,0.350000000000003,1.9));
#5742=CARTESIAN_POINT('Origin',(7.57062792408487,0.350000000000003,2.2));
#5743=CARTESIAN_POINT('Origin',(5.4,-0.749999999999997,1.9));
#5744=CARTESIAN_POINT('',(7.8,-0.749999999999997,2.2));
#5745=CARTESIAN_POINT('',(7.8,-0.449999999999997,1.9));
#5746=CARTESIAN_POINT('Origin',(7.8,-0.749999999999997,1.9));
#5747=CARTESIAN_POINT('',(5.4,-0.449999999999997,1.9));
#5748=CARTESIAN_POINT('',(5.4,-0.749999999999997,2.2));
#5749=CARTESIAN_POINT('Ctrl Pts',(7.8,-0.749999999999997,2.2));
#5750=CARTESIAN_POINT('Ctrl Pts',(8.,-0.749999999999997,2.2));
#5751=CARTESIAN_POINT('Ctrl Pts',(8.,-0.949999999999997,2.2));
#5752=CARTESIAN_POINT('Ctrl Pts',(7.8,-0.449999999999997,2.2));
#5753=CARTESIAN_POINT('Ctrl Pts',(8.3,-0.449999999999997,2.2));
#5754=CARTESIAN_POINT('Ctrl Pts',(8.3,-0.949999999999997,2.2));
#5755=CARTESIAN_POINT('Ctrl Pts',(7.8,-0.449999999999997,1.9));
#5756=CARTESIAN_POINT('Ctrl Pts',(8.3,-0.449999999999997,1.9));
#5757=CARTESIAN_POINT('Ctrl Pts',(8.3,-0.949999999999997,1.9));
#5758=CARTESIAN_POINT('',(8.,-0.949999999999997,2.2));
#5759=CARTESIAN_POINT('',(8.3,-0.949999999999997,1.9));
#5760=CARTESIAN_POINT('Origin',(8.,-0.949999999999997,1.9));
#5761=CARTESIAN_POINT('Origin',(7.8,-0.949999999999997,1.9));
#5762=CARTESIAN_POINT('Origin',(7.8,-0.949999999999997,2.2));
#5763=CARTESIAN_POINT('Origin',(8.,-3.55,1.9));
#5764=CARTESIAN_POINT('',(8.,-1.45000000000001,2.2));
#5765=CARTESIAN_POINT('',(8.3,-1.45000000000001,1.9));
#5766=CARTESIAN_POINT('Origin',(8.,-1.45000000000001,1.9));
#5767=CARTESIAN_POINT('',(8.3,-3.55,1.9));
#5768=CARTESIAN_POINT('',(8.,-3.55,2.2));
#5769=CARTESIAN_POINT('Origin',(9.1,-1.45000000000001,1.9));
#5770=CARTESIAN_POINT('',(9.1,-2.55000000000001,2.2));
#5771=CARTESIAN_POINT('',(9.1,-2.25000000000001,1.9));
#5772=CARTESIAN_POINT('Origin',(9.1,-2.55000000000001,1.9));
#5773=CARTESIAN_POINT('Origin',(9.1,-1.45000000000001,1.9));
#5774=CARTESIAN_POINT('Origin',(9.1,-1.45000000000001,2.2));
#5775=CARTESIAN_POINT('Origin',(6.725,-2.55000000000001,1.9));
#5776=CARTESIAN_POINT('',(10.45,-2.55000000000001,2.2));
#5777=CARTESIAN_POINT('',(10.45,-2.25000000000001,1.9));
#5778=CARTESIAN_POINT('Origin',(10.45,-2.55000000000001,1.9));
#5779=CARTESIAN_POINT('',(6.725,-2.25000000000001,1.9));
#5780=CARTESIAN_POINT('',(6.725,-2.55000000000001,2.2));
#5781=CARTESIAN_POINT('Ctrl Pts',(10.45,-2.55000000000001,2.2));
#5782=CARTESIAN_POINT('Ctrl Pts',(10.65,-2.55000000000001,2.2));
#5783=CARTESIAN_POINT('Ctrl Pts',(10.65,-2.75000000000001,2.2));
#5784=CARTESIAN_POINT('Ctrl Pts',(10.45,-2.25000000000001,2.2));
#5785=CARTESIAN_POINT('Ctrl Pts',(10.95,-2.25000000000001,2.2));
#5786=CARTESIAN_POINT('Ctrl Pts',(10.95,-2.75000000000001,2.2));
#5787=CARTESIAN_POINT('Ctrl Pts',(10.45,-2.25000000000001,1.9));
#5788=CARTESIAN_POINT('Ctrl Pts',(10.95,-2.25000000000001,1.9));
#5789=CARTESIAN_POINT('Ctrl Pts',(10.95,-2.75000000000001,1.9));
#5790=CARTESIAN_POINT('',(10.65,-2.75000000000001,2.2));
#5791=CARTESIAN_POINT('',(10.95,-2.75000000000001,1.9));
#5792=CARTESIAN_POINT('Origin',(10.65,-2.75000000000001,1.9));
#5793=CARTESIAN_POINT('Origin',(10.45,-2.75000000000001,1.9));
#5794=CARTESIAN_POINT('Origin',(10.45,-2.75000000000001,2.2));
#5795=CARTESIAN_POINT('Origin',(10.65,-5.05,1.9));
#5796=CARTESIAN_POINT('',(10.65,-4.75000000000001,2.2));
#5797=CARTESIAN_POINT('',(10.95,-4.75000000000001,1.9));
#5798=CARTESIAN_POINT('Origin',(10.65,-4.75000000000001,1.9));
#5799=CARTESIAN_POINT('',(10.95,-5.05,1.9));
#5800=CARTESIAN_POINT('',(10.65,-5.05,2.2));
#5801=CARTESIAN_POINT('Ctrl Pts',(10.65,-4.75000000000001,2.2));
#5802=CARTESIAN_POINT('Ctrl Pts',(10.65,-4.95000000000001,2.2));
#5803=CARTESIAN_POINT('Ctrl Pts',(10.45,-4.95000000000001,2.2));
#5804=CARTESIAN_POINT('Ctrl Pts',(10.95,-4.75000000000001,2.2));
#5805=CARTESIAN_POINT('Ctrl Pts',(10.95,-5.25000000000001,2.2));
#5806=CARTESIAN_POINT('Ctrl Pts',(10.45,-5.25000000000001,2.2));
#5807=CARTESIAN_POINT('Ctrl Pts',(10.95,-4.75000000000001,1.9));
#5808=CARTESIAN_POINT('Ctrl Pts',(10.95,-5.25000000000001,1.9));
#5809=CARTESIAN_POINT('Ctrl Pts',(10.45,-5.25000000000001,1.9));
#5810=CARTESIAN_POINT('',(10.45,-4.95000000000001,2.2));
#5811=CARTESIAN_POINT('',(10.45,-5.25000000000001,1.9));
#5812=CARTESIAN_POINT('Origin',(10.45,-4.95000000000001,1.9));
#5813=CARTESIAN_POINT('Origin',(10.45,-4.75000000000001,1.9));
#5814=CARTESIAN_POINT('Origin',(10.45,-4.75000000000001,2.2));
#5815=CARTESIAN_POINT('Origin',(5.39999990724027,-4.95000000000001,1.9));
#5816=CARTESIAN_POINT('',(9.1,-4.95000000000001,2.2));
#5817=CARTESIAN_POINT('',(9.1,-5.25000000000001,1.9));
#5818=CARTESIAN_POINT('Origin',(9.1,-4.95000000000001,1.9));
#5819=CARTESIAN_POINT('',(5.39999990724027,-5.25000000000001,1.9));
#5820=CARTESIAN_POINT('',(5.39999990724027,-4.95000000000001,2.2));
#5821=CARTESIAN_POINT('Origin',(9.1,-6.05000000000001,1.9));
#5822=CARTESIAN_POINT('',(8.,-6.05000000000001,2.2));
#5823=CARTESIAN_POINT('',(8.3,-6.05000000000001,1.9));
#5824=CARTESIAN_POINT('Origin',(8.,-6.05000000000001,1.9));
#5825=CARTESIAN_POINT('Origin',(9.1,-6.05000000000001,1.9));
#5826=CARTESIAN_POINT('Origin',(9.1,-6.05000000000001,2.2));
#5827=CARTESIAN_POINT('Origin',(8.,-5.95,1.9));
#5828=CARTESIAN_POINT('',(8.,-6.55,2.2));
#5829=CARTESIAN_POINT('',(8.3,-6.55,1.9));
#5830=CARTESIAN_POINT('Origin',(8.,-6.55,1.9));
#5831=CARTESIAN_POINT('',(8.3,-5.95,1.9));
#5832=CARTESIAN_POINT('',(8.,-5.95,2.2));
#5833=CARTESIAN_POINT('Ctrl Pts',(8.,-6.55,2.2));
#5834=CARTESIAN_POINT('Ctrl Pts',(8.,-6.75,2.2));
#5835=CARTESIAN_POINT('Ctrl Pts',(7.8,-6.75,2.2));
#5836=CARTESIAN_POINT('Ctrl Pts',(8.3,-6.55,2.2));
#5837=CARTESIAN_POINT('Ctrl Pts',(8.3,-7.05,2.2));
#5838=CARTESIAN_POINT('Ctrl Pts',(7.8,-7.05,2.2));
#5839=CARTESIAN_POINT('Ctrl Pts',(8.3,-6.55,1.9));
#5840=CARTESIAN_POINT('Ctrl Pts',(8.3,-7.05,1.9));
#5841=CARTESIAN_POINT('Ctrl Pts',(7.8,-7.05,1.9));
#5842=CARTESIAN_POINT('',(7.8,-6.75,2.2));
#5843=CARTESIAN_POINT('',(7.8,-7.05,1.9));
#5844=CARTESIAN_POINT('Origin',(7.8,-6.75,1.9));
#5845=CARTESIAN_POINT('Origin',(7.8,-6.55,1.9));
#5846=CARTESIAN_POINT('Origin',(7.8,-6.55,2.2));
#5847=CARTESIAN_POINT('Origin',(2.9,-6.75,1.9));
#5848=CARTESIAN_POINT('',(4.1,-6.75,2.2));
#5849=CARTESIAN_POINT('',(4.1,-7.05,1.9));
#5850=CARTESIAN_POINT('Origin',(4.1,-6.75,1.9));
#5851=CARTESIAN_POINT('',(2.9,-7.05,1.9));
#5852=CARTESIAN_POINT('',(2.9,-6.75,2.2));
#5853=CARTESIAN_POINT('Origin',(4.1,-7.85,1.9));
#5854=CARTESIAN_POINT('',(3.,-7.85,2.2));
#5855=CARTESIAN_POINT('',(3.3,-7.85,1.9));
#5856=CARTESIAN_POINT('Origin',(3.,-7.85,1.9));
#5857=CARTESIAN_POINT('Origin',(4.1,-7.85,1.9));
#5858=CARTESIAN_POINT('Origin',(4.1,-7.85,2.2));
#5859=CARTESIAN_POINT('Origin',(3.,-7.05,1.9));
#5860=CARTESIAN_POINT('',(3.,-8.75,2.2));
#5861=CARTESIAN_POINT('',(3.3,-8.75,1.9));
#5862=CARTESIAN_POINT('Origin',(3.,-8.75,1.9));
#5863=CARTESIAN_POINT('',(3.3,-7.05,1.9));
#5864=CARTESIAN_POINT('',(3.,-7.05,2.2));
#5865=CARTESIAN_POINT('Ctrl Pts',(3.,-8.75,2.2));
#5866=CARTESIAN_POINT('Ctrl Pts',(3.,-8.95,2.2));
#5867=CARTESIAN_POINT('Ctrl Pts',(2.8,-8.95,2.2));
#5868=CARTESIAN_POINT('Ctrl Pts',(3.3,-8.75,2.2));
#5869=CARTESIAN_POINT('Ctrl Pts',(3.3,-9.25,2.2));
#5870=CARTESIAN_POINT('Ctrl Pts',(2.8,-9.25,2.2));
#5871=CARTESIAN_POINT('Ctrl Pts',(3.3,-8.75,1.9));
#5872=CARTESIAN_POINT('Ctrl Pts',(3.3,-9.25,1.9));
#5873=CARTESIAN_POINT('Ctrl Pts',(2.8,-9.25,1.9));
#5874=CARTESIAN_POINT('',(2.8,-8.95,2.2));
#5875=CARTESIAN_POINT('',(2.8,-9.25,1.9));
#5876=CARTESIAN_POINT('Origin',(2.8,-8.95,1.9));
#5877=CARTESIAN_POINT('Origin',(2.8,-8.75,1.9));
#5878=CARTESIAN_POINT('Origin',(2.8,-8.75,2.2));
#5879=CARTESIAN_POINT('Origin',(-0.399999999999998,-8.95,1.9));
#5880=CARTESIAN_POINT('',(-2.8,-8.95,2.2));
#5881=CARTESIAN_POINT('',(-2.8,-9.25,1.9));
#5882=CARTESIAN_POINT('Origin',(-2.8,-8.95,1.9));
#5883=CARTESIAN_POINT('',(-0.399999999999998,-9.25,1.9));
#5884=CARTESIAN_POINT('',(-0.399999999999998,-8.95,2.2));
#5885=CARTESIAN_POINT('Ctrl Pts',(-2.8,-8.95,2.2));
#5886=CARTESIAN_POINT('Ctrl Pts',(-3.,-8.95,2.2));
#5887=CARTESIAN_POINT('Ctrl Pts',(-3.,-8.75,2.2));
#5888=CARTESIAN_POINT('Ctrl Pts',(-2.8,-9.25,2.2));
#5889=CARTESIAN_POINT('Ctrl Pts',(-3.3,-9.25,2.2));
#5890=CARTESIAN_POINT('Ctrl Pts',(-3.3,-8.75,2.2));
#5891=CARTESIAN_POINT('Ctrl Pts',(-2.8,-9.25,1.9));
#5892=CARTESIAN_POINT('Ctrl Pts',(-3.3,-9.25,1.9));
#5893=CARTESIAN_POINT('Ctrl Pts',(-3.3,-8.75,1.9));
#5894=CARTESIAN_POINT('',(-3.,-8.75,2.2));
#5895=CARTESIAN_POINT('',(-3.3,-8.75,1.9));
#5896=CARTESIAN_POINT('Origin',(-3.,-8.75,1.9));
#5897=CARTESIAN_POINT('Origin',(-2.8,-8.75,1.9));
#5898=CARTESIAN_POINT('Origin',(-2.8,-8.75,2.2));
#5899=CARTESIAN_POINT('Origin',(-3.,-6.15000000000003,1.9));
#5900=CARTESIAN_POINT('',(-3.,-8.25000000000005,2.2));
#5901=CARTESIAN_POINT('',(-3.3,-8.25000000000005,1.9));
#5902=CARTESIAN_POINT('Origin',(-3.,-8.25000000000005,1.9));
#5903=CARTESIAN_POINT('',(-3.3,-6.15000000000003,1.9));
#5904=CARTESIAN_POINT('',(-3.,-6.15000000000003,2.2));
#5905=CARTESIAN_POINT('Origin',(-4.1,-8.25000000000005,1.9));
#5906=CARTESIAN_POINT('',(-4.1,-7.15000000000005,2.2));
#5907=CARTESIAN_POINT('',(-4.1,-7.45000000000005,1.9));
#5908=CARTESIAN_POINT('Origin',(-4.1,-7.15000000000005,1.9));
#5909=CARTESIAN_POINT('Origin',(-4.1,-8.25000000000005,1.9));
#5910=CARTESIAN_POINT('Origin',(-4.1,-8.25000000000005,2.2));
#5911=CARTESIAN_POINT('Origin',(-1.725,-7.15000000000005,1.9));
#5912=CARTESIAN_POINT('',(-5.45,-7.15000000000005,2.2));
#5913=CARTESIAN_POINT('',(-5.45,-7.45000000000005,1.9));
#5914=CARTESIAN_POINT('Origin',(-5.45,-7.15000000000005,1.9));
#5915=CARTESIAN_POINT('',(-1.725,-7.45000000000005,1.9));
#5916=CARTESIAN_POINT('',(-1.725,-7.15000000000005,2.2));
#5917=CARTESIAN_POINT('Ctrl Pts',(-5.45,-7.15000000000005,2.2));
#5918=CARTESIAN_POINT('Ctrl Pts',(-5.65,-7.15000000000005,2.2));
#5919=CARTESIAN_POINT('Ctrl Pts',(-5.65,-6.95000000000005,2.2));
#5920=CARTESIAN_POINT('Ctrl Pts',(-5.45,-7.45000000000005,2.2));
#5921=CARTESIAN_POINT('Ctrl Pts',(-5.95,-7.45000000000005,2.2));
#5922=CARTESIAN_POINT('Ctrl Pts',(-5.95,-6.95000000000005,2.2));
#5923=CARTESIAN_POINT('Ctrl Pts',(-5.45,-7.45000000000005,1.9));
#5924=CARTESIAN_POINT('Ctrl Pts',(-5.95,-7.45000000000005,1.9));
#5925=CARTESIAN_POINT('Ctrl Pts',(-5.95,-6.95000000000005,1.9));
#5926=CARTESIAN_POINT('',(-5.65,-6.95000000000005,2.2));
#5927=CARTESIAN_POINT('',(-5.95,-6.95000000000005,1.9));
#5928=CARTESIAN_POINT('Origin',(-5.65,-6.95000000000005,1.9));
#5929=CARTESIAN_POINT('Origin',(-5.45,-6.95000000000005,1.9));
#5930=CARTESIAN_POINT('Origin',(-5.45,-6.95000000000005,2.2));
#5931=CARTESIAN_POINT('Origin',(-5.65,-4.65000000000002,1.9));
#5932=CARTESIAN_POINT('',(-5.65,-4.95000000000005,2.2));
#5933=CARTESIAN_POINT('',(-5.95,-4.95000000000005,1.9));
#5934=CARTESIAN_POINT('Origin',(-5.65,-4.95000000000005,1.9));
#5935=CARTESIAN_POINT('',(-5.95,-4.65000000000002,1.9));
#5936=CARTESIAN_POINT('',(-5.65,-4.65000000000002,2.2));
#5937=CARTESIAN_POINT('Ctrl Pts',(-5.65,-4.95000000000005,2.2));
#5938=CARTESIAN_POINT('Ctrl Pts',(-5.65,-4.75000000000005,2.2));
#5939=CARTESIAN_POINT('Ctrl Pts',(-5.45,-4.75000000000005,2.2));
#5940=CARTESIAN_POINT('Ctrl Pts',(-5.95,-4.95000000000005,2.2));
#5941=CARTESIAN_POINT('Ctrl Pts',(-5.95,-4.45000000000005,2.2));
#5942=CARTESIAN_POINT('Ctrl Pts',(-5.45,-4.45000000000005,2.2));
#5943=CARTESIAN_POINT('Ctrl Pts',(-5.95,-4.95000000000005,1.9));
#5944=CARTESIAN_POINT('Ctrl Pts',(-5.95,-4.45000000000005,1.9));
#5945=CARTESIAN_POINT('Ctrl Pts',(-5.45,-4.45000000000005,1.9));
#5946=CARTESIAN_POINT('',(-5.45,-4.75000000000005,2.2));
#5947=CARTESIAN_POINT('',(-5.45,-4.45000000000005,1.9));
#5948=CARTESIAN_POINT('Origin',(-5.45,-4.75000000000005,1.9));
#5949=CARTESIAN_POINT('Origin',(-5.45,-4.95000000000005,1.9));
#5950=CARTESIAN_POINT('Origin',(-5.45,-4.95000000000005,2.2));
#5951=CARTESIAN_POINT('Origin',(-0.399999963119627,-4.75000000000005,1.9));
#5952=CARTESIAN_POINT('',(-4.1,-4.75000000000005,2.2));
#5953=CARTESIAN_POINT('',(-4.1,-4.45000000000005,1.9));
#5954=CARTESIAN_POINT('Origin',(-4.1,-4.75000000000005,1.9));
#5955=CARTESIAN_POINT('',(-0.399999963119627,-4.45000000000005,1.9));
#5956=CARTESIAN_POINT('',(-0.399999963119627,-4.75000000000005,2.2));
#5957=CARTESIAN_POINT('Origin',(-4.1,-3.65000000000005,1.9));
#5958=CARTESIAN_POINT('',(-3.,-3.65000000000005,2.2));
#5959=CARTESIAN_POINT('',(-3.3,-3.65000000000005,1.9));
#5960=CARTESIAN_POINT('Origin',(-3.,-3.65000000000005,1.9));
#5961=CARTESIAN_POINT('Origin',(-4.1,-3.65000000000005,1.9));
#5962=CARTESIAN_POINT('Origin',(-4.1,-3.65000000000005,2.2));
#5963=CARTESIAN_POINT('Origin',(-3.,-3.75,1.9));
#5964=CARTESIAN_POINT('',(-3.,-3.15,2.2));
#5965=CARTESIAN_POINT('',(-3.3,-3.15,1.9));
#5966=CARTESIAN_POINT('Origin',(-3.,-3.15,1.9));
#5967=CARTESIAN_POINT('',(-3.3,-3.75,1.9));
#5968=CARTESIAN_POINT('',(-3.,-3.75,2.2));
#5969=CARTESIAN_POINT('Ctrl Pts',(-3.,-3.15,2.2));
#5970=CARTESIAN_POINT('Ctrl Pts',(-3.,-2.96483598004549,2.2));
#5971=CARTESIAN_POINT('Ctrl Pts',(-2.81538461538462,-2.95059259389514,2.2));
#5972=CARTESIAN_POINT('Ctrl Pts',(-3.3,-3.15,2.2));
#5973=CARTESIAN_POINT('Ctrl Pts',(-3.3,-2.68708995011372,2.2));
#5974=CARTESIAN_POINT('Ctrl Pts',(-2.83846153846154,-2.65148148473786,2.2));
#5975=CARTESIAN_POINT('Ctrl Pts',(-3.3,-3.15,1.9));
#5976=CARTESIAN_POINT('Ctrl Pts',(-3.3,-2.68708995011372,1.9));
#5977=CARTESIAN_POINT('Ctrl Pts',(-2.83846153846154,-2.65148148473786,1.9));
#5978=CARTESIAN_POINT('',(-2.81538461538462,-2.95059259389514,2.2));
#5979=CARTESIAN_POINT('',(-2.83846153846154,-2.65148148473786,1.9));
#5980=CARTESIAN_POINT('Origin',(-2.81538461538462,-2.95059259389514,1.9));
#5981=CARTESIAN_POINT('Origin',(-2.8,-3.15,1.9));
#5982=CARTESIAN_POINT('Origin',(-2.8,-3.15,2.2));
#5983=CARTESIAN_POINT('Origin',(-2.9,-1.85385186031843,1.9));
#5984=CARTESIAN_POINT('',(-1.8,-1.85385186031843,2.2));
#5985=CARTESIAN_POINT('',(-2.1,-1.85385186031843,1.9));
#5986=CARTESIAN_POINT('Origin',(-1.8,-1.85385186031843,1.9));
#5987=CARTESIAN_POINT('Origin',(-2.9,-1.85385186031843,1.9));
#5988=CARTESIAN_POINT('Origin',(-2.9,-1.85385186031843,2.2));
#5989=CARTESIAN_POINT('Origin',(-1.8,-2.425,1.9));
#5990=CARTESIAN_POINT('',(-1.8,-1.38777878078145E-15,2.2));
#5991=CARTESIAN_POINT('',(-2.1,-1.23646014967683E-15,1.9));
#5992=CARTESIAN_POINT('Origin',(-1.8,-1.38777878078145E-15,1.9));
#5993=CARTESIAN_POINT('',(-2.1,-2.425,1.9));
#5994=CARTESIAN_POINT('',(-1.8,-2.425,2.2));
#5995=CARTESIAN_POINT('Origin',(2.77555756156289E-15,-1.45716771982052E-15,
1.9));
#5996=CARTESIAN_POINT('Origin',(2.77555756156289E-15,-1.45716771982052E-15,
1.9));
#5997=CARTESIAN_POINT('Origin',(2.77555756156289E-15,-1.45716771982052E-15,
2.2));
#5998=CARTESIAN_POINT('Origin',(3.3,-9.25,0.));
#5999=CARTESIAN_POINT('',(3.3,-8.75,0.));
#6000=CARTESIAN_POINT('',(3.3,-8.75,0.));
#6001=CARTESIAN_POINT('',(3.3,-7.85,0.));
#6002=CARTESIAN_POINT('',(3.3,-2.65,0.));
#6003=CARTESIAN_POINT('',(3.3,-7.85,0.));
#6004=CARTESIAN_POINT('Origin',(2.8,-8.75,0.));
#6005=CARTESIAN_POINT('',(2.8,-9.25,0.));
#6006=CARTESIAN_POINT('',(2.8,-9.25,0.));
#6007=CARTESIAN_POINT('Origin',(2.8,-8.75,0.));
#6008=CARTESIAN_POINT('Origin',(-3.3,-9.25,0.));
#6009=CARTESIAN_POINT('',(-2.8,-9.25,0.));
#6010=CARTESIAN_POINT('',(-2.8,-9.25,0.));
#6011=CARTESIAN_POINT('',(3.3,-9.25,0.));
#6012=CARTESIAN_POINT('Origin',(-2.8,-8.75,0.));
#6013=CARTESIAN_POINT('',(-3.3,-8.75,0.));
#6014=CARTESIAN_POINT('',(-3.3,-8.75,0.));
#6015=CARTESIAN_POINT('Origin',(-2.8,-8.75,0.));
#6016=CARTESIAN_POINT('Origin',(-3.3,-7.45000000000005,0.));
#6017=CARTESIAN_POINT('',(-3.3,-8.25000000000005,0.));
#6018=CARTESIAN_POINT('',(-3.3,-8.25000000000005,0.));
#6019=CARTESIAN_POINT('',(-3.3,-9.25,0.));
#6020=CARTESIAN_POINT('Origin',(-4.1,-8.25000000000005,0.));
#6021=CARTESIAN_POINT('',(-4.1,-7.45000000000005,0.));
#6022=CARTESIAN_POINT('',(-4.1,-7.45000000000005,0.));
#6023=CARTESIAN_POINT('Origin',(-4.1,-8.25000000000005,0.));
#6024=CARTESIAN_POINT('Origin',(-5.95,-7.45000000000005,0.));
#6025=CARTESIAN_POINT('',(-5.45,-7.45000000000005,0.));
#6026=CARTESIAN_POINT('',(-5.45,-7.45000000000005,0.));
#6027=CARTESIAN_POINT('',(-5.95,-7.45000000000005,0.));
#6028=CARTESIAN_POINT('Origin',(-5.45,-6.95000000000005,0.));
#6029=CARTESIAN_POINT('',(-5.95,-6.95000000000005,0.));
#6030=CARTESIAN_POINT('',(-5.95,-6.95000000000005,0.));
#6031=CARTESIAN_POINT('Origin',(-5.45,-6.95000000000005,0.));
#6032=CARTESIAN_POINT('Origin',(-5.95,-4.45000000000005,0.));
#6033=CARTESIAN_POINT('',(-5.95,-4.95000000000005,0.));
#6034=CARTESIAN_POINT('',(-5.95,-4.95000000000005,0.));
#6035=CARTESIAN_POINT('',(-5.95,-7.45000000000005,0.));
#6036=CARTESIAN_POINT('Origin',(-5.45,-4.95000000000005,0.));
#6037=CARTESIAN_POINT('',(-5.45,-4.45000000000005,0.));
#6038=CARTESIAN_POINT('',(-5.45,-4.45000000000005,0.));
#6039=CARTESIAN_POINT('Origin',(-5.45,-4.95000000000005,0.));
#6040=CARTESIAN_POINT('Origin',(-3.29999992623925,-4.45000000000005,0.));
#6041=CARTESIAN_POINT('',(-4.1,-4.45000000000005,0.));
#6042=CARTESIAN_POINT('',(-4.1,-4.45000000000005,0.));
#6043=CARTESIAN_POINT('',(-5.95,-4.45000000000005,0.));
#6044=CARTESIAN_POINT('Origin',(-4.1,-3.65000000000005,0.));
#6045=CARTESIAN_POINT('',(-3.3,-3.65000000000005,0.));
#6046=CARTESIAN_POINT('',(-3.3,-3.65000000000005,0.));
#6047=CARTESIAN_POINT('Origin',(-4.1,-3.65000000000005,0.));
#6048=CARTESIAN_POINT('Origin',(-3.3,-2.65,0.));
#6049=CARTESIAN_POINT('',(-3.3,-3.15,0.));
#6050=CARTESIAN_POINT('',(-3.3,-3.15,0.));
#6051=CARTESIAN_POINT('',(-3.3,-9.25,0.));
#6052=CARTESIAN_POINT('Origin',(-2.8,-3.15,0.));
#6053=CARTESIAN_POINT('',(-2.83846153846154,-2.65148148473786,0.));
#6054=CARTESIAN_POINT('',(-2.83846153846154,-2.65148148473786,0.));
#6055=CARTESIAN_POINT('Origin',(-2.8,-3.15,0.));
#6056=CARTESIAN_POINT('Origin',(-2.9,-1.85385186031843,0.));
#6057=CARTESIAN_POINT('',(-2.1,-1.85385186031843,0.));
#6058=CARTESIAN_POINT('',(-2.1,-1.85385186031843,0.));
#6059=CARTESIAN_POINT('Origin',(-2.9,-1.85385186031843,0.));
#6060=CARTESIAN_POINT('Origin',(-2.1,-1.23646014967683E-15,0.));
#6061=CARTESIAN_POINT('',(-2.1,-1.23646014967683E-15,0.));
#6062=CARTESIAN_POINT('',(-2.1,-1.23646014967683E-15,0.));
#6063=CARTESIAN_POINT('',(-2.1,-1.23646014967683E-15,0.));
#6064=CARTESIAN_POINT('Origin',(2.77555756156289E-15,-1.45716771982052E-15,
0.));
#6065=CARTESIAN_POINT('',(2.08464960400125,0.253448275862071,0.));
#6066=CARTESIAN_POINT('',(2.08464960400125,0.253448275862071,0.));
#6067=CARTESIAN_POINT('Origin',(2.77555756156289E-15,-1.45716771982052E-15,
0.));
#6068=CARTESIAN_POINT('Origin',(2.87880183409696,0.350000000000003,0.));
#6069=CARTESIAN_POINT('',(2.87880183409696,-0.449999999999997,0.));
#6070=CARTESIAN_POINT('',(2.87880183409696,-0.449999999999997,0.));
#6071=CARTESIAN_POINT('Origin',(2.87880183409696,0.350000000000003,0.));
#6072=CARTESIAN_POINT('Origin',(2.5,-4.85,2.2));
#6073=CARTESIAN_POINT('Origin',(8.3,-0.449999999999997,0.));
#6074=CARTESIAN_POINT('',(3.42937207591514,-0.449999999999997,0.));
#6075=CARTESIAN_POINT('',(3.42937207591514,-0.449999999999997,0.));
#6076=CARTESIAN_POINT('',(1.7,-0.449999999999997,0.));
#6077=CARTESIAN_POINT('Origin',(7.57062792408487,0.350000000000003,0.));
#6078=CARTESIAN_POINT('',(7.57062792408487,-0.449999999999997,0.));
#6079=CARTESIAN_POINT('',(7.57062792408487,-0.449999999999997,0.));
#6080=CARTESIAN_POINT('',(6.78181728633825,0.216666666666668,0.));
#6081=CARTESIAN_POINT('Origin',(7.57062792408487,0.350000000000003,0.));
#6082=CARTESIAN_POINT('',(6.78181728633825,0.216666666666668,0.));
#6083=CARTESIAN_POINT('Origin',(5.5,-5.78043636090606E-16,0.));
#6084=CARTESIAN_POINT('',(4.21818271366175,0.216666666666668,0.));
#6085=CARTESIAN_POINT('Origin',(5.5,-5.78043636090606E-16,0.));
#6086=CARTESIAN_POINT('',(4.21818271366175,0.216666666666669,0.));
#6087=CARTESIAN_POINT('Origin',(3.42937207591514,0.350000000000003,0.));
#6088=CARTESIAN_POINT('Origin',(3.42937207591514,0.350000000000003,0.));
#6089=CARTESIAN_POINT('Origin',(2.5,-4.85,0.));
#6090=CARTESIAN_POINT('',(7.8,-0.449999999999997,0.));
#6091=CARTESIAN_POINT('',(1.7,-0.449999999999997,0.));
#6092=CARTESIAN_POINT('',(8.3,-0.949999999999997,0.));
#6093=CARTESIAN_POINT('Origin',(7.8,-0.949999999999997,0.));
#6094=CARTESIAN_POINT('',(8.3,-1.45000000000001,0.));
#6095=CARTESIAN_POINT('',(8.3,-0.449999999999997,0.));
#6096=CARTESIAN_POINT('',(9.1,-2.25000000000001,0.));
#6097=CARTESIAN_POINT('Origin',(9.1,-1.45000000000001,0.));
#6098=CARTESIAN_POINT('',(10.45,-2.25000000000001,0.));
#6099=CARTESIAN_POINT('',(10.95,-2.25000000000001,0.));
#6100=CARTESIAN_POINT('',(10.95,-2.75000000000001,0.));
#6101=CARTESIAN_POINT('Origin',(10.45,-2.75000000000001,0.));
#6102=CARTESIAN_POINT('',(10.95,-4.75000000000001,0.));
#6103=CARTESIAN_POINT('',(10.95,-2.25000000000001,0.));
#6104=CARTESIAN_POINT('',(10.45,-5.25000000000001,0.));
#6105=CARTESIAN_POINT('Origin',(10.45,-4.75000000000001,0.));
#6106=CARTESIAN_POINT('',(9.1,-5.25000000000001,0.));
#6107=CARTESIAN_POINT('',(10.95,-5.25000000000001,0.));
#6108=CARTESIAN_POINT('',(8.3,-6.05000000000001,0.));
#6109=CARTESIAN_POINT('Origin',(9.1,-6.05000000000001,0.));
#6110=CARTESIAN_POINT('',(8.3,-6.55,0.));
#6111=CARTESIAN_POINT('',(8.3,-0.449999999999997,0.));
#6112=CARTESIAN_POINT('',(7.8,-7.05,0.));
#6113=CARTESIAN_POINT('Origin',(7.8,-6.55,0.));
#6114=CARTESIAN_POINT('',(4.1,-7.05,0.));
#6115=CARTESIAN_POINT('',(8.3,-7.05,0.));
#6116=CARTESIAN_POINT('Origin',(4.1,-7.85,0.));
#6117=CARTESIAN_POINT('Origin',(7.8,-0.949999999999997,0.));
#6118=CARTESIAN_POINT('',(8.3,-0.949999999999997,0.));
#6119=CARTESIAN_POINT('',(7.8,-0.449999999999997,0.));
#6120=CARTESIAN_POINT('Origin',(8.3,-2.25000000000001,0.));
#6121=CARTESIAN_POINT('',(8.3,-1.45000000000001,0.));
#6122=CARTESIAN_POINT('Origin',(10.45,-2.75000000000001,0.));
#6123=CARTESIAN_POINT('',(10.95,-2.75000000000001,0.));
#6124=CARTESIAN_POINT('',(10.45,-2.25000000000001,0.));
#6125=CARTESIAN_POINT('Origin',(10.95,-5.25000000000001,0.));
#6126=CARTESIAN_POINT('',(10.95,-4.75000000000001,0.));
#6127=CARTESIAN_POINT('Origin',(10.45,-4.75000000000001,0.));
#6128=CARTESIAN_POINT('',(10.45,-5.25000000000001,0.));
#6129=CARTESIAN_POINT('Origin',(7.8,-6.55,0.));
#6130=CARTESIAN_POINT('',(7.8,-7.05,0.));
#6131=CARTESIAN_POINT('',(8.3,-6.55,0.));
#6132=CARTESIAN_POINT('Origin',(3.3,-7.05,0.));
#6133=CARTESIAN_POINT('',(4.1,-7.05,0.));
#6134=CARTESIAN_POINT('Origin',(4.1,-7.85,0.));
#6135=CARTESIAN_POINT('Origin',(9.1,-6.05000000000001,0.));
#6136=CARTESIAN_POINT('',(8.3,-6.05000000000001,0.));
#6137=CARTESIAN_POINT('',(9.1,-5.25000000000001,0.));
#6138=CARTESIAN_POINT('Origin',(8.29999981448054,-5.25000000000001,0.));
#6139=CARTESIAN_POINT('Origin',(9.1,-1.45000000000001,0.));
#6140=CARTESIAN_POINT('',(9.1,-2.25000000000001,0.));
#6141=CARTESIAN_POINT('Origin',(8.3,-0.449999999999997,0.));
#6142=CARTESIAN_POINT('Origin',(10.95,-2.25000000000001,0.));
#6143=CARTESIAN_POINT('Origin',(8.3,-7.05,0.));
#6144=CARTESIAN_POINT('Origin',(2.9,-1.85385186031843,-3.5));
#6145=CARTESIAN_POINT('',(1.8,-1.85385186031843,-3.8));
#6146=CARTESIAN_POINT('',(2.1,-1.85385186031843,-3.5));
#6147=CARTESIAN_POINT('Origin',(1.8,-1.85385186031843,-3.5));
#6148=CARTESIAN_POINT('',(2.83846153846154,-2.65148148473786,-3.5));
#6149=CARTESIAN_POINT('Origin',(2.9,-1.85385186031843,-3.5));
#6150=CARTESIAN_POINT('',(2.81538461538462,-2.95059259389514,-3.8));
#6151=CARTESIAN_POINT('Origin',(2.81538461538462,-2.95059259389514,-3.5));
#6152=CARTESIAN_POINT('Origin',(2.9,-1.85385186031843,-3.8));
#6153=CARTESIAN_POINT('Ctrl Pts',(3.,-3.15,-3.8));
#6154=CARTESIAN_POINT('Ctrl Pts',(3.,-2.96483598004549,-3.8));
#6155=CARTESIAN_POINT('Ctrl Pts',(2.81538461538462,-2.95059259389514,-3.8));
#6156=CARTESIAN_POINT('Ctrl Pts',(3.3,-3.15,-3.8));
#6157=CARTESIAN_POINT('Ctrl Pts',(3.3,-2.68708995011372,-3.8));
#6158=CARTESIAN_POINT('Ctrl Pts',(2.83846153846154,-2.65148148473785,-3.8));
#6159=CARTESIAN_POINT('Ctrl Pts',(3.3,-3.15,-3.5));
#6160=CARTESIAN_POINT('Ctrl Pts',(3.3,-2.68708995011372,-3.5));
#6161=CARTESIAN_POINT('Ctrl Pts',(2.83846153846154,-2.65148148473785,-3.5));
#6162=CARTESIAN_POINT('',(3.3,-3.15,-3.5));
#6163=CARTESIAN_POINT('',(3.,-3.15,-3.8));
#6164=CARTESIAN_POINT('Origin',(3.,-3.15,-3.5));
#6165=CARTESIAN_POINT('Origin',(2.8,-3.15,-3.8));
#6166=CARTESIAN_POINT('Origin',(2.8,-3.15,-3.5));
#6167=CARTESIAN_POINT('Origin',(3.,-3.75,-3.5));
#6168=CARTESIAN_POINT('',(3.3,-3.65000000000005,-3.5));
#6169=CARTESIAN_POINT('',(3.,-3.65000000000005,-3.8));
#6170=CARTESIAN_POINT('Origin',(3.,-3.65000000000005,-3.5));
#6171=CARTESIAN_POINT('',(3.,-3.75,-3.8));
#6172=CARTESIAN_POINT('',(3.3,-3.75,-3.5));
#6173=CARTESIAN_POINT('Origin',(4.1,-3.65000000000005,-3.5));
#6174=CARTESIAN_POINT('',(4.1,-4.45000000000005,-3.5));
#6175=CARTESIAN_POINT('',(4.1,-4.75000000000005,-3.8));
#6176=CARTESIAN_POINT('Origin',(4.1,-4.75000000000005,-3.5));
#6177=CARTESIAN_POINT('Origin',(4.1,-3.65000000000005,-3.8));
#6178=CARTESIAN_POINT('Origin',(4.1,-3.65000000000005,-3.5));
#6179=CARTESIAN_POINT('Origin',(0.399999963119626,-4.75000000000005,-3.5));
#6180=CARTESIAN_POINT('',(5.45,-4.45000000000005,-3.5));
#6181=CARTESIAN_POINT('',(5.45,-4.75000000000005,-3.8));
#6182=CARTESIAN_POINT('Origin',(5.45,-4.75000000000005,-3.5));
#6183=CARTESIAN_POINT('',(0.399999963119626,-4.75000000000005,-3.8));
#6184=CARTESIAN_POINT('',(0.399999963119626,-4.45000000000005,-3.5));
#6185=CARTESIAN_POINT('Ctrl Pts',(5.65,-4.95000000000005,-3.8));
#6186=CARTESIAN_POINT('Ctrl Pts',(5.65,-4.75000000000005,-3.8));
#6187=CARTESIAN_POINT('Ctrl Pts',(5.45,-4.75000000000005,-3.8));
#6188=CARTESIAN_POINT('Ctrl Pts',(5.95,-4.95000000000005,-3.8));
#6189=CARTESIAN_POINT('Ctrl Pts',(5.95,-4.45000000000005,-3.8));
#6190=CARTESIAN_POINT('Ctrl Pts',(5.45,-4.45000000000005,-3.8));
#6191=CARTESIAN_POINT('Ctrl Pts',(5.95,-4.95000000000005,-3.5));
#6192=CARTESIAN_POINT('Ctrl Pts',(5.95,-4.45000000000005,-3.5));
#6193=CARTESIAN_POINT('Ctrl Pts',(5.45,-4.45000000000005,-3.5));
#6194=CARTESIAN_POINT('',(5.95,-4.95000000000005,-3.5));
#6195=CARTESIAN_POINT('',(5.65,-4.95000000000005,-3.8));
#6196=CARTESIAN_POINT('Origin',(5.65,-4.95000000000005,-3.5));
#6197=CARTESIAN_POINT('Origin',(5.45,-4.95000000000005,-3.8));
#6198=CARTESIAN_POINT('Origin',(5.45,-4.95000000000005,-3.5));
#6199=CARTESIAN_POINT('Origin',(5.65,-4.65000000000002,-3.5));
#6200=CARTESIAN_POINT('',(5.95,-6.95000000000005,-3.5));
#6201=CARTESIAN_POINT('',(5.65,-6.95000000000005,-3.8));
#6202=CARTESIAN_POINT('Origin',(5.65,-6.95000000000005,-3.5));
#6203=CARTESIAN_POINT('',(5.65,-4.65000000000002,-3.8));
#6204=CARTESIAN_POINT('',(5.95,-4.65000000000002,-3.5));
#6205=CARTESIAN_POINT('Ctrl Pts',(5.45,-7.15000000000005,-3.8));
#6206=CARTESIAN_POINT('Ctrl Pts',(5.65,-7.15000000000005,-3.8));
#6207=CARTESIAN_POINT('Ctrl Pts',(5.65,-6.95000000000005,-3.8));
#6208=CARTESIAN_POINT('Ctrl Pts',(5.45,-7.45000000000005,-3.8));
#6209=CARTESIAN_POINT('Ctrl Pts',(5.95,-7.45000000000005,-3.8));
#6210=CARTESIAN_POINT('Ctrl Pts',(5.95,-6.95000000000005,-3.8));
#6211=CARTESIAN_POINT('Ctrl Pts',(5.45,-7.45000000000005,-3.5));
#6212=CARTESIAN_POINT('Ctrl Pts',(5.95,-7.45000000000005,-3.5));
#6213=CARTESIAN_POINT('Ctrl Pts',(5.95,-6.95000000000005,-3.5));
#6214=CARTESIAN_POINT('',(5.45,-7.45000000000005,-3.5));
#6215=CARTESIAN_POINT('',(5.45,-7.15000000000005,-3.8));
#6216=CARTESIAN_POINT('Origin',(5.45,-7.15000000000005,-3.5));
#6217=CARTESIAN_POINT('Origin',(5.45,-6.95000000000005,-3.8));
#6218=CARTESIAN_POINT('Origin',(5.45,-6.95000000000005,-3.5));
#6219=CARTESIAN_POINT('Origin',(1.725,-7.15000000000005,-3.5));
#6220=CARTESIAN_POINT('',(4.1,-7.45000000000005,-3.5));
#6221=CARTESIAN_POINT('',(4.1,-7.15000000000005,-3.8));
#6222=CARTESIAN_POINT('Origin',(4.1,-7.15000000000005,-3.5));
#6223=CARTESIAN_POINT('',(1.725,-7.15000000000005,-3.8));
#6224=CARTESIAN_POINT('',(1.725,-7.45000000000005,-3.5));
#6225=CARTESIAN_POINT('Origin',(4.1,-8.25000000000005,-3.5));
#6226=CARTESIAN_POINT('',(3.3,-8.25000000000005,-3.5));
#6227=CARTESIAN_POINT('',(3.,-8.25000000000005,-3.8));
#6228=CARTESIAN_POINT('Origin',(3.,-8.25000000000005,-3.5));
#6229=CARTESIAN_POINT('Origin',(4.1,-8.25000000000005,-3.8));
#6230=CARTESIAN_POINT('Origin',(4.1,-8.25000000000005,-3.5));
#6231=CARTESIAN_POINT('Origin',(3.,-6.15000000000003,-3.5));
#6232=CARTESIAN_POINT('',(3.3,-8.75,-3.5));
#6233=CARTESIAN_POINT('',(3.,-8.75,-3.8));
#6234=CARTESIAN_POINT('Origin',(3.,-8.75,-3.5));
#6235=CARTESIAN_POINT('',(3.,-6.15000000000003,-3.8));
#6236=CARTESIAN_POINT('',(3.3,-6.15000000000003,-3.5));
#6237=CARTESIAN_POINT('Ctrl Pts',(2.8,-8.95,-3.8));
#6238=CARTESIAN_POINT('Ctrl Pts',(3.,-8.95,-3.8));
#6239=CARTESIAN_POINT('Ctrl Pts',(3.,-8.75,-3.8));
#6240=CARTESIAN_POINT('Ctrl Pts',(2.8,-9.25,-3.8));
#6241=CARTESIAN_POINT('Ctrl Pts',(3.3,-9.25,-3.8));
#6242=CARTESIAN_POINT('Ctrl Pts',(3.3,-8.75,-3.8));
#6243=CARTESIAN_POINT('Ctrl Pts',(2.8,-9.25,-3.5));
#6244=CARTESIAN_POINT('Ctrl Pts',(3.3,-9.25,-3.5));
#6245=CARTESIAN_POINT('Ctrl Pts',(3.3,-8.75,-3.5));
#6246=CARTESIAN_POINT('',(2.8,-9.25,-3.5));
#6247=CARTESIAN_POINT('',(2.8,-8.95,-3.8));
#6248=CARTESIAN_POINT('Origin',(2.8,-8.95,-3.5));
#6249=CARTESIAN_POINT('Origin',(2.8,-8.75,-3.8));
#6250=CARTESIAN_POINT('Origin',(2.8,-8.75,-3.5));
#6251=CARTESIAN_POINT('Origin',(0.399999999999998,-8.95,-3.5));
#6252=CARTESIAN_POINT('',(-2.8,-9.25,-3.5));
#6253=CARTESIAN_POINT('',(-2.8,-8.95,-3.8));
#6254=CARTESIAN_POINT('Origin',(-2.8,-8.95,-3.5));
#6255=CARTESIAN_POINT('',(0.399999999999998,-8.95,-3.8));
#6256=CARTESIAN_POINT('',(0.399999999999998,-9.25,-3.5));
#6257=CARTESIAN_POINT('Ctrl Pts',(-3.,-8.75,-3.8));
#6258=CARTESIAN_POINT('Ctrl Pts',(-3.,-8.95,-3.8));
#6259=CARTESIAN_POINT('Ctrl Pts',(-2.8,-8.95,-3.8));
#6260=CARTESIAN_POINT('Ctrl Pts',(-3.3,-8.75,-3.8));
#6261=CARTESIAN_POINT('Ctrl Pts',(-3.3,-9.25,-3.8));
#6262=CARTESIAN_POINT('Ctrl Pts',(-2.8,-9.25,-3.8));
#6263=CARTESIAN_POINT('Ctrl Pts',(-3.3,-8.75,-3.5));
#6264=CARTESIAN_POINT('Ctrl Pts',(-3.3,-9.25,-3.5));
#6265=CARTESIAN_POINT('Ctrl Pts',(-2.8,-9.25,-3.5));
#6266=CARTESIAN_POINT('',(-3.3,-8.75,-3.5));
#6267=CARTESIAN_POINT('',(-3.,-8.75,-3.8));
#6268=CARTESIAN_POINT('Origin',(-3.,-8.75,-3.5));
#6269=CARTESIAN_POINT('Origin',(-2.8,-8.75,-3.8));
#6270=CARTESIAN_POINT('Origin',(-2.8,-8.75,-3.5));
#6271=CARTESIAN_POINT('Origin',(-3.,-7.05,-3.5));
#6272=CARTESIAN_POINT('',(-3.3,-7.85,-3.5));
#6273=CARTESIAN_POINT('',(-3.,-7.85,-3.8));
#6274=CARTESIAN_POINT('Origin',(-3.,-7.85,-3.5));
#6275=CARTESIAN_POINT('',(-3.,-7.05,-3.8));
#6276=CARTESIAN_POINT('',(-3.3,-7.05,-3.5));
#6277=CARTESIAN_POINT('Origin',(-4.1,-7.85,-3.5));
#6278=CARTESIAN_POINT('',(-4.1,-7.05,-3.5));
#6279=CARTESIAN_POINT('',(-4.1,-6.75,-3.8));
#6280=CARTESIAN_POINT('Origin',(-4.1,-6.75,-3.5));
#6281=CARTESIAN_POINT('Origin',(-4.1,-7.85,-3.8));
#6282=CARTESIAN_POINT('Origin',(-4.1,-7.85,-3.5));
#6283=CARTESIAN_POINT('Origin',(-2.9,-6.75,-3.5));
#6284=CARTESIAN_POINT('',(-7.8,-7.05,-3.5));
#6285=CARTESIAN_POINT('',(-7.8,-6.75,-3.8));
#6286=CARTESIAN_POINT('Origin',(-7.8,-6.75,-3.5));
#6287=CARTESIAN_POINT('',(-2.9,-6.75,-3.8));
#6288=CARTESIAN_POINT('',(-2.9,-7.05,-3.5));
#6289=CARTESIAN_POINT('Ctrl Pts',(-8.,-6.55,-3.8));
#6290=CARTESIAN_POINT('Ctrl Pts',(-8.,-6.75,-3.8));
#6291=CARTESIAN_POINT('Ctrl Pts',(-7.8,-6.75,-3.8));
#6292=CARTESIAN_POINT('Ctrl Pts',(-8.3,-6.55,-3.8));
#6293=CARTESIAN_POINT('Ctrl Pts',(-8.3,-7.05,-3.8));
#6294=CARTESIAN_POINT('Ctrl Pts',(-7.8,-7.05,-3.8));
#6295=CARTESIAN_POINT('Ctrl Pts',(-8.3,-6.55,-3.5));
#6296=CARTESIAN_POINT('Ctrl Pts',(-8.3,-7.05,-3.5));
#6297=CARTESIAN_POINT('Ctrl Pts',(-7.8,-7.05,-3.5));
#6298=CARTESIAN_POINT('',(-8.3,-6.55,-3.5));
#6299=CARTESIAN_POINT('',(-8.,-6.55,-3.8));
#6300=CARTESIAN_POINT('Origin',(-8.,-6.55,-3.5));
#6301=CARTESIAN_POINT('Origin',(-7.8,-6.55,-3.8));
#6302=CARTESIAN_POINT('Origin',(-7.8,-6.55,-3.5));
#6303=CARTESIAN_POINT('Origin',(-8.,-5.95,-3.5));
#6304=CARTESIAN_POINT('',(-8.3,-6.05000000000001,-3.5));
#6305=CARTESIAN_POINT('',(-8.,-6.05000000000001,-3.8));
#6306=CARTESIAN_POINT('Origin',(-8.,-6.05000000000001,-3.5));
#6307=CARTESIAN_POINT('',(-8.,-5.95,-3.8));
#6308=CARTESIAN_POINT('',(-8.3,-5.95,-3.5));
#6309=CARTESIAN_POINT('Origin',(-9.1,-6.05000000000001,-3.5));
#6310=CARTESIAN_POINT('',(-9.1,-5.25000000000001,-3.5));
#6311=CARTESIAN_POINT('',(-9.1,-4.95000000000001,-3.8));
#6312=CARTESIAN_POINT('Origin',(-9.1,-4.95000000000001,-3.5));
#6313=CARTESIAN_POINT('Origin',(-9.1,-6.05000000000001,-3.8));
#6314=CARTESIAN_POINT('Origin',(-9.1,-6.05000000000001,-3.5));
#6315=CARTESIAN_POINT('Origin',(-5.39999990724027,-4.95000000000001,-3.5));
#6316=CARTESIAN_POINT('',(-10.45,-5.25000000000001,-3.5));
#6317=CARTESIAN_POINT('',(-10.45,-4.95000000000001,-3.8));
#6318=CARTESIAN_POINT('Origin',(-10.45,-4.95000000000001,-3.5));
#6319=CARTESIAN_POINT('',(-5.39999990724027,-4.95000000000001,-3.8));
#6320=CARTESIAN_POINT('',(-5.39999990724027,-5.25000000000001,-3.5));
#6321=CARTESIAN_POINT('Ctrl Pts',(-10.65,-4.75000000000001,-3.8));
#6322=CARTESIAN_POINT('Ctrl Pts',(-10.65,-4.95000000000001,-3.8));
#6323=CARTESIAN_POINT('Ctrl Pts',(-10.45,-4.95000000000001,-3.8));
#6324=CARTESIAN_POINT('Ctrl Pts',(-10.95,-4.75000000000001,-3.8));
#6325=CARTESIAN_POINT('Ctrl Pts',(-10.95,-5.25000000000001,-3.8));
#6326=CARTESIAN_POINT('Ctrl Pts',(-10.45,-5.25000000000001,-3.8));
#6327=CARTESIAN_POINT('Ctrl Pts',(-10.95,-4.75000000000001,-3.5));
#6328=CARTESIAN_POINT('Ctrl Pts',(-10.95,-5.25000000000001,-3.5));
#6329=CARTESIAN_POINT('Ctrl Pts',(-10.45,-5.25000000000001,-3.5));
#6330=CARTESIAN_POINT('',(-10.95,-4.75000000000001,-3.5));
#6331=CARTESIAN_POINT('',(-10.65,-4.75000000000001,-3.8));
#6332=CARTESIAN_POINT('Origin',(-10.65,-4.75000000000001,-3.5));
#6333=CARTESIAN_POINT('Origin',(-10.45,-4.75000000000001,-3.8));
#6334=CARTESIAN_POINT('Origin',(-10.45,-4.75000000000001,-3.5));
#6335=CARTESIAN_POINT('Origin',(-10.65,-5.05,-3.5));
#6336=CARTESIAN_POINT('',(-10.95,-2.75000000000001,-3.5));
#6337=CARTESIAN_POINT('',(-10.65,-2.75000000000001,-3.8));
#6338=CARTESIAN_POINT('Origin',(-10.65,-2.75000000000001,-3.5));
#6339=CARTESIAN_POINT('',(-10.65,-5.05,-3.8));
#6340=CARTESIAN_POINT('',(-10.95,-5.05,-3.5));
#6341=CARTESIAN_POINT('Ctrl Pts',(-10.45,-2.55000000000001,-3.8));
#6342=CARTESIAN_POINT('Ctrl Pts',(-10.65,-2.55000000000001,-3.8));
#6343=CARTESIAN_POINT('Ctrl Pts',(-10.65,-2.75000000000001,-3.8));
#6344=CARTESIAN_POINT('Ctrl Pts',(-10.45,-2.25000000000001,-3.8));
#6345=CARTESIAN_POINT('Ctrl Pts',(-10.95,-2.25000000000001,-3.8));
#6346=CARTESIAN_POINT('Ctrl Pts',(-10.95,-2.75000000000001,-3.8));
#6347=CARTESIAN_POINT('Ctrl Pts',(-10.45,-2.25000000000001,-3.5));
#6348=CARTESIAN_POINT('Ctrl Pts',(-10.95,-2.25000000000001,-3.5));
#6349=CARTESIAN_POINT('Ctrl Pts',(-10.95,-2.75000000000001,-3.5));
#6350=CARTESIAN_POINT('',(-10.45,-2.25000000000001,-3.5));
#6351=CARTESIAN_POINT('',(-10.45,-2.55000000000001,-3.8));
#6352=CARTESIAN_POINT('Origin',(-10.45,-2.55000000000001,-3.5));
#6353=CARTESIAN_POINT('Origin',(-10.45,-2.75000000000001,-3.8));
#6354=CARTESIAN_POINT('Origin',(-10.45,-2.75000000000001,-3.5));
#6355=CARTESIAN_POINT('Origin',(-6.725,-2.55000000000001,-3.5));
#6356=CARTESIAN_POINT('',(-9.1,-2.25000000000001,-3.5));
#6357=CARTESIAN_POINT('',(-9.1,-2.55000000000001,-3.8));
#6358=CARTESIAN_POINT('Origin',(-9.1,-2.55000000000001,-3.5));
#6359=CARTESIAN_POINT('',(-6.725,-2.55000000000001,-3.8));
#6360=CARTESIAN_POINT('',(-6.725,-2.25000000000001,-3.5));
#6361=CARTESIAN_POINT('Origin',(-9.1,-1.45000000000001,-3.5));
#6362=CARTESIAN_POINT('',(-8.3,-1.45000000000001,-3.5));
#6363=CARTESIAN_POINT('',(-8.,-1.45000000000001,-3.8));
#6364=CARTESIAN_POINT('Origin',(-8.,-1.45000000000001,-3.5));
#6365=CARTESIAN_POINT('Origin',(-9.1,-1.45000000000001,-3.8));
#6366=CARTESIAN_POINT('Origin',(-9.1,-1.45000000000001,-3.5));
#6367=CARTESIAN_POINT('Origin',(-8.,-3.55,-3.5));
#6368=CARTESIAN_POINT('',(-8.3,-0.949999999999997,-3.5));
#6369=CARTESIAN_POINT('',(-8.,-0.949999999999997,-3.8));
#6370=CARTESIAN_POINT('Origin',(-8.,-0.949999999999997,-3.5));
#6371=CARTESIAN_POINT('',(-8.,-3.55,-3.8));
#6372=CARTESIAN_POINT('',(-8.3,-3.55,-3.5));
#6373=CARTESIAN_POINT('Ctrl Pts',(-7.8,-0.749999999999997,-3.8));
#6374=CARTESIAN_POINT('Ctrl Pts',(-8.,-0.749999999999997,-3.8));
#6375=CARTESIAN_POINT('Ctrl Pts',(-8.,-0.949999999999997,-3.8));
#6376=CARTESIAN_POINT('Ctrl Pts',(-7.8,-0.449999999999997,-3.8));
#6377=CARTESIAN_POINT('Ctrl Pts',(-8.3,-0.449999999999997,-3.8));
#6378=CARTESIAN_POINT('Ctrl Pts',(-8.3,-0.949999999999997,-3.8));
#6379=CARTESIAN_POINT('Ctrl Pts',(-7.8,-0.449999999999997,-3.5));
#6380=CARTESIAN_POINT('Ctrl Pts',(-8.3,-0.449999999999997,-3.5));
#6381=CARTESIAN_POINT('Ctrl Pts',(-8.3,-0.949999999999997,-3.5));
#6382=CARTESIAN_POINT('',(-7.8,-0.449999999999997,-3.5));
#6383=CARTESIAN_POINT('',(-7.8,-0.749999999999997,-3.8));
#6384=CARTESIAN_POINT('Origin',(-7.8,-0.749999999999997,-3.5));
#6385=CARTESIAN_POINT('Origin',(-7.8,-0.949999999999997,-3.8));
#6386=CARTESIAN_POINT('Origin',(-7.8,-0.949999999999997,-3.5));
#6387=CARTESIAN_POINT('Origin',(-5.4,-0.749999999999997,-3.5));
#6388=CARTESIAN_POINT('',(-7.57062792408487,-0.449999999999997,-3.5));
#6389=CARTESIAN_POINT('',(-7.57062792408487,-0.749999999999997,-3.8));
#6390=CARTESIAN_POINT('Origin',(-7.57062792408487,-0.749999999999997,-3.5));
#6391=CARTESIAN_POINT('',(-5.4,-0.749999999999997,-3.8));
#6392=CARTESIAN_POINT('',(-5.4,-0.449999999999997,-3.5));
#6393=CARTESIAN_POINT('Origin',(-7.57062792408487,0.350000000000003,-3.5));
#6394=CARTESIAN_POINT('',(-6.78181728633825,0.216666666666668,-3.5));
#6395=CARTESIAN_POINT('',(-6.48601329718327,0.166666666666668,-3.8));
#6396=CARTESIAN_POINT('Origin',(-6.48601329718327,0.166666666666668,-3.5));
#6397=CARTESIAN_POINT('Origin',(-7.57062792408487,0.350000000000003,-3.8));
#6398=CARTESIAN_POINT('Origin',(-7.57062792408487,0.350000000000003,-3.5));
#6399=CARTESIAN_POINT('Origin',(-5.5,-8.13162120183851E-16,-3.5));
#6400=CARTESIAN_POINT('',(-4.21818271366175,0.216666666666668,-3.5));
#6401=CARTESIAN_POINT('',(-4.51398670281673,0.166666666666668,-3.8));
#6402=CARTESIAN_POINT('Origin',(-4.51398670281673,0.166666666666668,-3.5));
#6403=CARTESIAN_POINT('Origin',(-5.5,-8.13162120183851E-16,-3.8));
#6404=CARTESIAN_POINT('Origin',(-5.5,-8.13162120183851E-16,-3.5));
#6405=CARTESIAN_POINT('Origin',(-3.42937207591514,0.350000000000003,-3.5));
#6406=CARTESIAN_POINT('',(-3.42937207591514,-0.449999999999997,-3.5));
#6407=CARTESIAN_POINT('',(-3.42937207591514,-0.749999999999997,-3.8));
#6408=CARTESIAN_POINT('Origin',(-3.42937207591514,-0.749999999999997,-3.5));
#6409=CARTESIAN_POINT('Origin',(-3.42937207591514,0.350000000000003,-3.8));
#6410=CARTESIAN_POINT('Origin',(-3.42937207591514,0.350000000000003,-3.5));
#6411=CARTESIAN_POINT('Origin',(-5.4,-0.749999999999997,-3.5));
#6412=CARTESIAN_POINT('',(-2.87880183409695,-0.449999999999997,-3.5));
#6413=CARTESIAN_POINT('',(-2.87880183409695,-0.749999999999997,-3.8));
#6414=CARTESIAN_POINT('Origin',(-2.87880183409695,-0.749999999999997,-3.5));
#6415=CARTESIAN_POINT('',(-5.4,-0.749999999999997,-3.8));
#6416=CARTESIAN_POINT('',(-5.4,-0.449999999999997,-3.5));
#6417=CARTESIAN_POINT('Origin',(-2.87880183409695,0.350000000000003,-3.5));
#6418=CARTESIAN_POINT('',(-2.08464960400124,0.253448275862071,-3.5));
#6419=CARTESIAN_POINT('',(-1.78684251771535,0.217241379310346,-3.8));
#6420=CARTESIAN_POINT('Origin',(-1.78684251771535,0.217241379310346,-3.5));
#6421=CARTESIAN_POINT('Origin',(-2.87880183409695,0.350000000000003,-3.8));
#6422=CARTESIAN_POINT('Origin',(-2.87880183409695,0.350000000000003,-3.5));
#6423=CARTESIAN_POINT('Origin',(2.77555756156289E-15,-1.45716771982052E-15,
-3.5));
#6424=CARTESIAN_POINT('',(2.1,0.,-3.5));
#6425=CARTESIAN_POINT('',(1.8,-2.60208521396521E-16,-3.8));
#6426=CARTESIAN_POINT('Origin',(1.8,-2.60208521396521E-16,-3.5));
#6427=CARTESIAN_POINT('Origin',(2.77555756156289E-15,-1.45716771982052E-15,
-3.8));
#6428=CARTESIAN_POINT('Origin',(2.77555756156289E-15,-1.45716771982052E-15,
-3.5));
#6429=CARTESIAN_POINT('Origin',(1.8,-2.425,-3.5));
#6430=CARTESIAN_POINT('',(2.1,-2.425,-3.5));
#6431=CARTESIAN_POINT('',(1.8,-2.425,-3.8));
#6432=CARTESIAN_POINT('Origin',(-7.8,-6.55,-3.8));
#6433=CARTESIAN_POINT('',(-7.8,-7.05,-1.6));
#6434=CARTESIAN_POINT('',(-7.8,-7.05,-3.8));
#6435=CARTESIAN_POINT('',(-8.3,-6.55,-1.6));
#6436=CARTESIAN_POINT('Origin',(-7.8,-6.55,-1.6));
#6437=CARTESIAN_POINT('',(-8.3,-6.55,-3.8));
#6438=CARTESIAN_POINT('Origin',(-3.3,-7.05,-3.8));
#6439=CARTESIAN_POINT('',(-4.1,-7.05,-1.6));
#6440=CARTESIAN_POINT('',(-4.1,-7.05,-3.8));
#6441=CARTESIAN_POINT('',(-8.3,-7.05,-1.6));
#6442=CARTESIAN_POINT('Origin',(-4.1,-7.85,-3.8));
#6443=CARTESIAN_POINT('',(-3.3,-7.85,-1.6));
#6444=CARTESIAN_POINT('',(-3.3,-7.85,-3.8));
#6445=CARTESIAN_POINT('Origin',(-4.1,-7.85,-1.6));
#6446=CARTESIAN_POINT('Origin',(-3.3,-9.25,-3.8));
#6447=CARTESIAN_POINT('',(-3.3,-8.75,-1.6));
#6448=CARTESIAN_POINT('',(-3.3,-8.75,-3.8));
#6449=CARTESIAN_POINT('',(-3.3,-2.65,-1.6));
#6450=CARTESIAN_POINT('Origin',(-2.8,-8.75,-3.8));
#6451=CARTESIAN_POINT('',(-2.8,-9.25,-1.6));
#6452=CARTESIAN_POINT('',(-2.8,-9.25,-3.8));
#6453=CARTESIAN_POINT('Origin',(-2.8,-8.75,-1.6));
#6454=CARTESIAN_POINT('Origin',(3.3,-9.25,-3.8));
#6455=CARTESIAN_POINT('',(2.8,-9.25,-1.6));
#6456=CARTESIAN_POINT('',(2.8,-9.25,-3.8));
#6457=CARTESIAN_POINT('',(-3.3,-9.25,-1.6));
#6458=CARTESIAN_POINT('Origin',(2.8,-8.75,-3.8));
#6459=CARTESIAN_POINT('',(3.3,-8.75,-1.6));
#6460=CARTESIAN_POINT('',(3.3,-8.75,-3.8));
#6461=CARTESIAN_POINT('Origin',(2.8,-8.75,-1.6));
#6462=CARTESIAN_POINT('Origin',(3.3,-7.45000000000005,-3.8));
#6463=CARTESIAN_POINT('',(3.3,-8.25000000000005,-1.6));
#6464=CARTESIAN_POINT('',(3.3,-8.25000000000005,-3.8));
#6465=CARTESIAN_POINT('',(3.3,-9.25,-1.6));
#6466=CARTESIAN_POINT('Origin',(4.1,-8.25000000000005,-3.8));
#6467=CARTESIAN_POINT('',(4.1,-7.45000000000005,-1.6));
#6468=CARTESIAN_POINT('',(4.1,-7.45000000000005,-3.8));
#6469=CARTESIAN_POINT('Origin',(4.1,-8.25000000000005,-1.6));
#6470=CARTESIAN_POINT('Origin',(5.95,-7.45000000000005,-3.8));
#6471=CARTESIAN_POINT('',(5.45,-7.45000000000005,-1.6));
#6472=CARTESIAN_POINT('',(5.45,-7.45000000000005,-3.8));
#6473=CARTESIAN_POINT('',(5.95,-7.45000000000005,-1.6));
#6474=CARTESIAN_POINT('Origin',(5.45,-6.95000000000005,-3.8));
#6475=CARTESIAN_POINT('',(5.95,-6.95000000000005,-1.6));
#6476=CARTESIAN_POINT('',(5.95,-6.95000000000005,-3.8));
#6477=CARTESIAN_POINT('Origin',(5.45,-6.95000000000005,-1.6));
#6478=CARTESIAN_POINT('Origin',(5.95,-4.45000000000005,-3.8));
#6479=CARTESIAN_POINT('',(5.95,-4.95000000000005,-1.6));
#6480=CARTESIAN_POINT('',(5.95,-4.95000000000005,-3.8));
#6481=CARTESIAN_POINT('',(5.95,-7.45000000000005,-1.6));
#6482=CARTESIAN_POINT('Origin',(5.45,-4.95000000000005,-3.8));
#6483=CARTESIAN_POINT('',(5.45,-4.45000000000005,-1.6));
#6484=CARTESIAN_POINT('',(5.45,-4.45000000000005,-3.8));
#6485=CARTESIAN_POINT('Origin',(5.45,-4.95000000000005,-1.6));
#6486=CARTESIAN_POINT('Origin',(3.29999992623925,-4.45000000000005,-3.8));
#6487=CARTESIAN_POINT('',(4.1,-4.45000000000005,-1.6));
#6488=CARTESIAN_POINT('',(4.1,-4.45000000000005,-3.8));
#6489=CARTESIAN_POINT('',(5.95,-4.45000000000005,-1.6));
#6490=CARTESIAN_POINT('Origin',(4.1,-3.65000000000005,-3.8));
#6491=CARTESIAN_POINT('',(3.3,-3.65000000000005,-1.6));
#6492=CARTESIAN_POINT('',(3.3,-3.65000000000005,-3.8));
#6493=CARTESIAN_POINT('Origin',(4.1,-3.65000000000005,-1.6));
#6494=CARTESIAN_POINT('Origin',(3.3,-2.65,-3.8));
#6495=CARTESIAN_POINT('',(3.3,-3.15,-1.6));
#6496=CARTESIAN_POINT('',(3.3,-3.15,-3.8));
#6497=CARTESIAN_POINT('',(3.3,-9.25,-1.6));
#6498=CARTESIAN_POINT('Origin',(2.8,-3.15,-3.8));
#6499=CARTESIAN_POINT('',(2.83846153846154,-2.65148148473786,-1.6));
#6500=CARTESIAN_POINT('',(2.83846153846154,-2.65148148473786,-3.8));
#6501=CARTESIAN_POINT('Origin',(2.8,-3.15,-1.6));
#6502=CARTESIAN_POINT('Origin',(2.9,-1.85385186031843,-3.8));
#6503=CARTESIAN_POINT('',(2.1,-1.85385186031843,-1.6));
#6504=CARTESIAN_POINT('',(2.1,-1.85385186031843,-3.8));
#6505=CARTESIAN_POINT('Origin',(2.9,-1.85385186031843,-1.6));
#6506=CARTESIAN_POINT('Origin',(-2.5,-4.85,-3.8));
#6507=CARTESIAN_POINT('Origin',(2.1,0.,-1.6));
#6508=CARTESIAN_POINT('',(2.1,0.,-1.6));
#6509=CARTESIAN_POINT('',(2.1,0.,-1.6));
#6510=CARTESIAN_POINT('',(2.1,-0.299999981559813,-1.6));
#6511=CARTESIAN_POINT('Origin',(-2.87880183409695,0.350000000000003,-1.6));
#6512=CARTESIAN_POINT('',(-2.87880183409695,-0.449999999999997,-1.6));
#6513=CARTESIAN_POINT('',(-2.87880183409695,-0.449999999999997,-1.6));
#6514=CARTESIAN_POINT('',(-2.08464960400124,0.253448275862071,-1.6));
#6515=CARTESIAN_POINT('Origin',(-2.87880183409695,0.350000000000003,-1.6));
#6516=CARTESIAN_POINT('',(-2.08464960400124,0.253448275862071,-1.6));
#6517=CARTESIAN_POINT('Origin',(-8.3,-0.449999999999997,-3.8));
#6518=CARTESIAN_POINT('',(-3.42937207591514,-0.449999999999997,-1.6));
#6519=CARTESIAN_POINT('',(-3.42937207591514,-0.449999999999997,-1.6));
#6520=CARTESIAN_POINT('',(-1.7,-0.449999999999997,-1.6));
#6521=CARTESIAN_POINT('Origin',(2.77555756156289E-15,-1.45716771982052E-15,
-1.6));
#6522=CARTESIAN_POINT('Origin',(2.77555756156289E-15,-1.45716771982052E-15,
-1.6));
#6523=CARTESIAN_POINT('Origin',(-2.5,-4.85,-1.6));
#6524=CARTESIAN_POINT('',(-4.21818271366175,0.216666666666668,-1.6));
#6525=CARTESIAN_POINT('Origin',(-3.42937207591514,0.350000000000003,-1.6));
#6526=CARTESIAN_POINT('',(-6.78181728633825,0.216666666666668,-1.6));
#6527=CARTESIAN_POINT('Origin',(-5.5,-8.13162120183851E-16,-1.6));
#6528=CARTESIAN_POINT('',(-7.57062792408487,-0.449999999999997,-1.6));
#6529=CARTESIAN_POINT('Origin',(-7.57062792408487,0.350000000000003,-1.6));
#6530=CARTESIAN_POINT('',(-7.8,-0.449999999999997,-1.6));
#6531=CARTESIAN_POINT('',(-1.7,-0.449999999999997,-1.6));
#6532=CARTESIAN_POINT('',(-8.3,-0.949999999999997,-1.6));
#6533=CARTESIAN_POINT('Origin',(-7.8,-0.949999999999997,-1.6));
#6534=CARTESIAN_POINT('',(-8.3,-1.45000000000001,-1.6));
#6535=CARTESIAN_POINT('',(-8.3,-0.449999999999997,-1.6));
#6536=CARTESIAN_POINT('',(-9.1,-2.25000000000001,-1.6));
#6537=CARTESIAN_POINT('Origin',(-9.1,-1.45000000000001,-1.6));
#6538=CARTESIAN_POINT('',(-10.45,-2.25000000000001,-1.6));
#6539=CARTESIAN_POINT('',(-10.95,-2.25000000000001,-1.6));
#6540=CARTESIAN_POINT('',(-10.95,-2.75000000000001,-1.6));
#6541=CARTESIAN_POINT('Origin',(-10.45,-2.75000000000001,-1.6));
#6542=CARTESIAN_POINT('',(-10.95,-4.75000000000001,-1.6));
#6543=CARTESIAN_POINT('',(-10.95,-2.25000000000001,-1.6));
#6544=CARTESIAN_POINT('',(-10.45,-5.25000000000001,-1.6));
#6545=CARTESIAN_POINT('Origin',(-10.45,-4.75000000000001,-1.6));
#6546=CARTESIAN_POINT('',(-9.1,-5.25000000000001,-1.6));
#6547=CARTESIAN_POINT('',(-10.95,-5.25000000000001,-1.6));
#6548=CARTESIAN_POINT('',(-8.3,-6.05000000000001,-1.6));
#6549=CARTESIAN_POINT('Origin',(-9.1,-6.05000000000001,-1.6));
#6550=CARTESIAN_POINT('',(-8.3,-0.449999999999997,-1.6));
#6551=CARTESIAN_POINT('Origin',(-3.42937207591514,0.350000000000003,-1.6));
#6552=CARTESIAN_POINT('',(-4.21818271366175,0.216666666666668,-1.6));
#6553=CARTESIAN_POINT('Origin',(-5.5,-8.13162120183851E-16,-1.6));
#6554=CARTESIAN_POINT('',(-6.78181728633825,0.216666666666668,-1.6));
#6555=CARTESIAN_POINT('Origin',(-7.57062792408487,0.350000000000003,-1.6));
#6556=CARTESIAN_POINT('',(-7.57062792408487,-0.449999999999997,-1.6));
#6557=CARTESIAN_POINT('Origin',(-10.45,-4.75000000000001,-3.8));
#6558=CARTESIAN_POINT('',(-10.45,-5.25000000000001,-3.8));
#6559=CARTESIAN_POINT('',(-10.95,-4.75000000000001,-3.8));
#6560=CARTESIAN_POINT('Origin',(-8.29999981448054,-5.25000000000001,-3.8));
#6561=CARTESIAN_POINT('',(-9.1,-5.25000000000001,-3.8));
#6562=CARTESIAN_POINT('Origin',(-10.45,-2.75000000000001,-3.8));
#6563=CARTESIAN_POINT('',(-10.95,-2.75000000000001,-3.8));
#6564=CARTESIAN_POINT('',(-10.45,-2.25000000000001,-3.8));
#6565=CARTESIAN_POINT('Origin',(-10.95,-5.25000000000001,-3.8));
#6566=CARTESIAN_POINT('Origin',(-7.8,-0.949999999999997,-3.8));
#6567=CARTESIAN_POINT('',(-8.3,-0.949999999999997,-3.8));
#6568=CARTESIAN_POINT('',(-7.8,-0.449999999999997,-3.8));
#6569=CARTESIAN_POINT('Origin',(-8.3,-2.25000000000001,-3.8));
#6570=CARTESIAN_POINT('',(-8.3,-1.45000000000001,-3.8));
#6571=CARTESIAN_POINT('Origin',(-9.1,-6.05000000000001,-3.8));
#6572=CARTESIAN_POINT('',(-8.3,-6.05000000000001,-3.8));
#6573=CARTESIAN_POINT('Origin',(-8.3,-7.05,-3.8));
#6574=CARTESIAN_POINT('Origin',(-9.1,-1.45000000000001,-3.8));
#6575=CARTESIAN_POINT('',(-9.1,-2.25000000000001,-3.8));
#6576=CARTESIAN_POINT('Origin',(-10.95,-2.25000000000001,-3.8));
#6577=CARTESIAN_POINT('Origin',(-8.3,-0.449999999999997,-3.8));
#6578=CARTESIAN_POINT('Origin',(-3.94,2.94000000000206,1.3));
#6579=CARTESIAN_POINT('',(-3.94,3.24000000000206,1.));
#6580=CARTESIAN_POINT('',(-3.94,3.24000000000206,-2.6));
#6581=CARTESIAN_POINT('',(-3.94,3.24000000000206,-0.3));
#6582=CARTESIAN_POINT('',(-3.94,6.14000000000206,1.));
#6583=CARTESIAN_POINT('',(-3.94,3.81500000000206,1.));
#6584=CARTESIAN_POINT('',(-3.94,6.14000000000206,-2.6));
#6585=CARTESIAN_POINT('',(-3.94,6.14000000000206,1.3));
#6586=CARTESIAN_POINT('',(-3.94,3.81500000000206,-2.6));
#6587=CARTESIAN_POINT('Origin',(-3.64,3.24000000000206,1.3));
#6588=CARTESIAN_POINT('',(-3.64,2.94000000000206,-2.6));
#6589=CARTESIAN_POINT('',(-3.64,2.94000000000206,1.));
#6590=CARTESIAN_POINT('',(-3.64,2.94000000000206,1.3));
#6591=CARTESIAN_POINT('Origin',(-3.64,3.24000000000206,1.));
#6592=CARTESIAN_POINT('Origin',(-3.64,3.24000000000206,-2.6));
#6593=CARTESIAN_POINT('Origin',(-2.6,2.94000000000206,1.3));
#6594=CARTESIAN_POINT('',(-2.9,2.94000000000206,1.));
#6595=CARTESIAN_POINT('',(-2.9,2.94000000000206,-2.6));
#6596=CARTESIAN_POINT('',(-2.9,2.94000000000206,0.169999999999998));
#6597=CARTESIAN_POINT('',(-2.935,2.94000000000206,1.));
#6598=CARTESIAN_POINT('',(-1.30000000000006,2.94000000000206,-2.6));
#6599=CARTESIAN_POINT('Origin',(-2.9,2.64000000000206,1.77));
#6600=CARTESIAN_POINT('',(-2.6053206191467,2.69625000000129,1.));
#6601=CARTESIAN_POINT('',(-2.6053206191467,2.69625000000129,-2.6));
#6602=CARTESIAN_POINT('',(-2.6053206191467,2.69625000000129,0.169999999999998));
#6603=CARTESIAN_POINT('Origin',(-2.9,2.64000000000206,1.));
#6604=CARTESIAN_POINT('Origin',(-2.9,2.64000000000206,-2.6));
#6605=CARTESIAN_POINT('Origin',(-2.11418831772452,2.79,1.77));
#6606=CARTESIAN_POINT('',(-2.11418831772452,2.29,-2.6));
#6607=CARTESIAN_POINT('',(-2.11418831772452,2.29,1.));
#6608=CARTESIAN_POINT('',(-2.11418831772452,2.29,1.77));
#6609=CARTESIAN_POINT('Origin',(-2.11418831772452,2.79,1.));
#6610=CARTESIAN_POINT('Origin',(-2.11418831772452,2.79,-2.6));
#6611=CARTESIAN_POINT('Origin',(2.6,2.29,2.24));
#6612=CARTESIAN_POINT('',(2.11418831772452,2.29,1.));
#6613=CARTESIAN_POINT('',(2.11418831772452,2.29,-2.6));
#6614=CARTESIAN_POINT('',(2.11418831772452,2.29,0.169999999999999));
#6615=CARTESIAN_POINT('',(2.1,2.29,1.39686269665735));
#6616=CARTESIAN_POINT('Ctrl Pts',(2.1,2.29,1.39686269665735));
#6617=CARTESIAN_POINT('Ctrl Pts',(2.1,2.29,1.26447324885997));
#6618=CARTESIAN_POINT('Ctrl Pts',(2.11418831772452,2.29,1.13240781205574));
#6619=CARTESIAN_POINT('Ctrl Pts',(2.11418831772452,2.29,1.));
#6620=CARTESIAN_POINT('',(2.1,2.29,1.74));
#6621=CARTESIAN_POINT('',(2.1,2.29,2.24));
#6622=CARTESIAN_POINT('',(-2.1,2.29,1.74));
#6623=CARTESIAN_POINT('',(1.3,2.29,1.74));
#6624=CARTESIAN_POINT('',(-2.1,2.29,1.39686269665735));
#6625=CARTESIAN_POINT('',(-2.1,2.29,2.24));
#6626=CARTESIAN_POINT('Ctrl Pts',(-2.11418831772452,2.29,1.));
#6627=CARTESIAN_POINT('Ctrl Pts',(-2.11418831772452,2.29,1.13240781205574));
#6628=CARTESIAN_POINT('Ctrl Pts',(-2.1,2.29,1.26447324885997));
#6629=CARTESIAN_POINT('Ctrl Pts',(-2.1,2.29,1.39686269665735));
#6630=CARTESIAN_POINT('',(-2.1,2.29,-2.99686269665735));
#6631=CARTESIAN_POINT('Ctrl Pts',(-2.1,2.29,-2.99686269665735));
#6632=CARTESIAN_POINT('Ctrl Pts',(-2.1,2.29,-2.8644716474636));
#6633=CARTESIAN_POINT('Ctrl Pts',(-2.11418831772452,2.29,-2.73239104919376));
#6634=CARTESIAN_POINT('Ctrl Pts',(-2.11418831772452,2.29,-2.6));
#6635=CARTESIAN_POINT('',(-2.1,2.29,-3.34000000000001));
#6636=CARTESIAN_POINT('',(-2.1,2.29,0.639999999999996));
#6637=CARTESIAN_POINT('',(2.1,2.29,-3.34000000000001));
#6638=CARTESIAN_POINT('',(1.3,2.29,-3.34000000000001));
#6639=CARTESIAN_POINT('',(2.1,2.29,-2.99686269665735));
#6640=CARTESIAN_POINT('',(2.1,2.29,0.639999999999997));
#6641=CARTESIAN_POINT('Ctrl Pts',(2.11418831772452,2.29,-2.6));
#6642=CARTESIAN_POINT('Ctrl Pts',(2.11418831772452,2.29,-2.73239104919376));
#6643=CARTESIAN_POINT('Ctrl Pts',(2.1,2.29,-2.8644716474636));
#6644=CARTESIAN_POINT('Ctrl Pts',(2.1,2.29,-2.99686269665735));
#6645=CARTESIAN_POINT('Origin',(2.11418831772452,2.79,1.77));
#6646=CARTESIAN_POINT('',(2.6053206191467,2.69625000000129,-2.6));
#6647=CARTESIAN_POINT('',(2.6053206191467,2.69625000000129,1.));
#6648=CARTESIAN_POINT('',(2.6053206191467,2.69625000000129,1.77));
#6649=CARTESIAN_POINT('Origin',(2.11418831772452,2.79,1.));
#6650=CARTESIAN_POINT('Origin',(2.11418831772452,2.79,-2.6));
#6651=CARTESIAN_POINT('Origin',(2.9,2.64000000000206,1.77));
#6652=CARTESIAN_POINT('',(2.9,2.94000000000206,-2.6));
#6653=CARTESIAN_POINT('',(2.9,2.94000000000206,1.));
#6654=CARTESIAN_POINT('',(2.9,2.94000000000206,1.77));
#6655=CARTESIAN_POINT('Origin',(2.9,2.64000000000206,1.));
#6656=CARTESIAN_POINT('Origin',(2.9,2.64000000000206,-2.6));
#6657=CARTESIAN_POINT('Origin',(3.93999999999974,2.94000000000206,1.3));
#6658=CARTESIAN_POINT('',(3.63999999999974,2.94000000000206,1.));
#6659=CARTESIAN_POINT('',(3.63999999999974,2.94000000000206,-2.6));
#6660=CARTESIAN_POINT('',(3.63999999999974,2.94000000000206,-0.3));
#6661=CARTESIAN_POINT('',(3.60499999999981,2.94000000000206,1.));
#6662=CARTESIAN_POINT('',(1.96999999999981,2.94000000000206,-2.6));
#6663=CARTESIAN_POINT('Origin',(3.63999999999974,3.24000000000206,1.3));
#6664=CARTESIAN_POINT('',(3.93999999999974,3.24000000000206,-2.6));
#6665=CARTESIAN_POINT('',(3.93999999999974,3.24000000000206,1.));
#6666=CARTESIAN_POINT('',(3.93999999999974,3.24000000000206,-0.3));
#6667=CARTESIAN_POINT('Origin',(3.63999999999974,3.24000000000206,1.));
#6668=CARTESIAN_POINT('Origin',(3.63999999999974,3.24000000000206,-2.6));
#6669=CARTESIAN_POINT('Origin',(3.26999999999987,4.69000000000206,1.3));
#6670=CARTESIAN_POINT('',(2.9,3.24000000000206,1.3));
#6671=CARTESIAN_POINT('',(2.9,6.14000000000206,1.3));
#6672=CARTESIAN_POINT('',(2.9,5.89000000000103,1.3));
#6673=CARTESIAN_POINT('',(3.63999999999974,3.24000000000206,1.3));
#6674=CARTESIAN_POINT('',(3.60499999999981,3.24000000000206,1.3));
#6675=CARTESIAN_POINT('',(3.63999999999974,6.14000000000206,1.3));
#6676=CARTESIAN_POINT('',(3.63999999999974,5.56500000000206,1.3));
#6677=CARTESIAN_POINT('',(2.93499999999994,6.14000000000206,1.3));
#6678=CARTESIAN_POINT('Origin',(2.6,6.44000000000206,1.3));
#6679=CARTESIAN_POINT('',(2.9,6.44000000000206,1.));
#6680=CARTESIAN_POINT('',(2.9,6.44000000000206,-2.6));
#6681=CARTESIAN_POINT('',(2.9,6.44000000000206,0.169999999999999));
#6682=CARTESIAN_POINT('',(3.63999999999974,6.44000000000206,1.));
#6683=CARTESIAN_POINT('',(2.93499999999994,6.44000000000206,1.));
#6684=CARTESIAN_POINT('',(3.63999999999974,6.44000000000206,-2.6));
#6685=CARTESIAN_POINT('',(3.63999999999974,6.44000000000206,-0.3));
#6686=CARTESIAN_POINT('',(1.29999999999994,6.44000000000206,-2.6));
#6687=CARTESIAN_POINT('Origin',(3.93999999999974,6.44000000000206,1.3));
#6688=CARTESIAN_POINT('',(3.93999999999974,6.14000000000206,1.));
#6689=CARTESIAN_POINT('',(3.93999999999974,6.14000000000206,-2.6));
#6690=CARTESIAN_POINT('',(3.93999999999974,6.14000000000206,-0.3));
#6691=CARTESIAN_POINT('',(3.93999999999974,5.56500000000206,1.));
#6692=CARTESIAN_POINT('',(3.93999999999974,5.56500000000206,-2.6));
#6693=CARTESIAN_POINT('Origin',(3.60499999999981,3.24000000000206,1.));
#6694=CARTESIAN_POINT('Origin',(2.9,3.24000000000206,1.));
#6695=CARTESIAN_POINT('Origin',(3.63999999999974,3.24000000000206,1.));
#6696=CARTESIAN_POINT('Origin',(2.93499999999994,6.14000000000206,1.));
#6697=CARTESIAN_POINT('Origin',(3.63999999999974,6.14000000000206,1.));
#6698=CARTESIAN_POINT('Origin',(2.9,6.14000000000206,1.));
#6699=CARTESIAN_POINT('Origin',(2.9,5.89000000000103,1.6));
#6700=CARTESIAN_POINT('',(2.6,6.14000000000206,1.6));
#6701=CARTESIAN_POINT('Origin',(2.9,6.14000000000206,1.6));
#6702=CARTESIAN_POINT('',(2.6,3.24000000000206,1.6));
#6703=CARTESIAN_POINT('',(2.6,5.89000000000103,1.6));
#6704=CARTESIAN_POINT('Origin',(2.9,3.24000000000206,1.6));
#6705=CARTESIAN_POINT('Origin',(3.63999999999974,6.14000000000206,1.3));
#6706=CARTESIAN_POINT('Origin',(3.63999999999974,6.14000000000206,1.));
#6707=CARTESIAN_POINT('Origin',(3.63999999999974,6.14000000000206,-2.6));
#6708=CARTESIAN_POINT('Origin',(3.63999999999974,5.56500000000206,1.));
#6709=CARTESIAN_POINT('Origin',(3.63999999999974,3.24000000000206,1.));
#6710=CARTESIAN_POINT('Origin',(3.63999999999974,6.14000000000206,1.));
#6711=CARTESIAN_POINT('Origin',(3.63999999999974,6.14000000000206,1.));
#6712=CARTESIAN_POINT('Origin',(2.9,3.24000000000206,1.));
#6713=CARTESIAN_POINT('',(2.6,2.79,1.39686269665735));
#6714=CARTESIAN_POINT('Ctrl Pts',(2.6053206191467,2.69625000000129,1.));
#6715=CARTESIAN_POINT('Ctrl Pts',(2.6053206191467,2.69625000000129,1.15999277290018));
#6716=CARTESIAN_POINT('Ctrl Pts',(2.6,2.74895278651399,1.30067348849164));
#6717=CARTESIAN_POINT('Ctrl Pts',(2.6,2.79,1.39686269665735));
#6718=CARTESIAN_POINT('Origin',(2.6,3.24000000000206,1.));
#6719=CARTESIAN_POINT('Origin',(3.63999999999974,3.24000000000206,1.));
#6720=CARTESIAN_POINT('Origin',(-3.27,4.69000000000206,1.3));
#6721=CARTESIAN_POINT('',(-3.64,6.14000000000206,1.3));
#6722=CARTESIAN_POINT('',(-2.9,6.14000000000206,1.3));
#6723=CARTESIAN_POINT('',(-3.605,6.14000000000206,1.3));
#6724=CARTESIAN_POINT('',(-3.64,3.24000000000206,1.3));
#6725=CARTESIAN_POINT('',(-3.64,3.81500000000206,1.3));
#6726=CARTESIAN_POINT('',(-2.9,3.24000000000206,1.3));
#6727=CARTESIAN_POINT('',(-2.935,3.24000000000206,1.3));
#6728=CARTESIAN_POINT('',(-2.9,3.49000000000103,1.3));
#6729=CARTESIAN_POINT('Origin',(-3.94,6.44000000000206,1.3));
#6730=CARTESIAN_POINT('',(-3.64,6.44000000000206,1.));
#6731=CARTESIAN_POINT('',(-3.64,6.44000000000206,-2.6));
#6732=CARTESIAN_POINT('',(-3.64,6.44000000000206,-0.3));
#6733=CARTESIAN_POINT('',(-2.9,6.44000000000206,1.));
#6734=CARTESIAN_POINT('',(-3.605,6.44000000000206,1.));
#6735=CARTESIAN_POINT('',(-2.9,6.44000000000206,-2.6));
#6736=CARTESIAN_POINT('',(-2.9,6.44000000000206,0.169999999999998));
#6737=CARTESIAN_POINT('',(-1.97000000000006,6.44000000000206,-2.6));
#6738=CARTESIAN_POINT('Origin',(-3.64,6.14000000000206,1.3));
#6739=CARTESIAN_POINT('Origin',(-3.64,6.14000000000206,1.));
#6740=CARTESIAN_POINT('Origin',(-3.64,6.14000000000206,-2.6));
#6741=CARTESIAN_POINT('Origin',(-3.64,3.81500000000206,1.));
#6742=CARTESIAN_POINT('Origin',(-3.64,6.14000000000206,1.));
#6743=CARTESIAN_POINT('Origin',(-3.64,3.24000000000206,1.));
#6744=CARTESIAN_POINT('Origin',(-2.935,3.24000000000206,1.));
#6745=CARTESIAN_POINT('Origin',(-3.64,3.24000000000206,1.));
#6746=CARTESIAN_POINT('Origin',(-2.9,3.24000000000206,1.));
#6747=CARTESIAN_POINT('Origin',(-2.9,3.49000000000103,1.6));
#6748=CARTESIAN_POINT('',(-2.6,3.24000000000206,1.6));
#6749=CARTESIAN_POINT('Origin',(-2.9,3.24000000000206,1.6));
#6750=CARTESIAN_POINT('',(-2.6,6.14000000000206,1.6));
#6751=CARTESIAN_POINT('',(-2.6,3.49000000000103,1.6));
#6752=CARTESIAN_POINT('Origin',(-2.9,6.14000000000206,1.6));
#6753=CARTESIAN_POINT('Origin',(-3.64,3.24000000000206,1.));
#6754=CARTESIAN_POINT('Origin',(-3.605,6.14000000000206,1.));
#6755=CARTESIAN_POINT('Origin',(-2.9,6.14000000000206,1.));
#6756=CARTESIAN_POINT('Origin',(-3.64,6.14000000000206,1.));
#6757=CARTESIAN_POINT('Origin',(-2.9,6.74000000000206,1.77));
#6758=CARTESIAN_POINT('',(-2.60532061914699,6.68375000000129,1.));
#6759=CARTESIAN_POINT('Origin',(-2.9,6.74000000000206,1.));
#6760=CARTESIAN_POINT('',(-2.60532061914699,6.68375000000129,-2.6));
#6761=CARTESIAN_POINT('',(-2.60532061914699,6.68375000000129,0.169999999999998));
#6762=CARTESIAN_POINT('Origin',(-2.9,6.74000000000206,-2.6));
#6763=CARTESIAN_POINT('Origin',(-2.9,6.14000000000206,1.));
#6764=CARTESIAN_POINT('',(-2.6,6.59,1.39686269666203));
#6765=CARTESIAN_POINT('Ctrl Pts',(-2.60532061914699,6.68375000000129,0.999999999999998));
#6766=CARTESIAN_POINT('Ctrl Pts',(-2.60532061914699,6.68375000000129,1.15999277290309));
#6767=CARTESIAN_POINT('Ctrl Pts',(-2.6,6.6310472134866,1.30067348849603));
#6768=CARTESIAN_POINT('Ctrl Pts',(-2.6,6.59,1.39686269666203));
#6769=CARTESIAN_POINT('Origin',(-2.6,6.14000000000206,1.));
#6770=CARTESIAN_POINT('Origin',(-3.64,6.14000000000206,1.));
#6771=CARTESIAN_POINT('Origin',(-2.6,7.09,2.24));
#6772=CARTESIAN_POINT('',(-2.11418831772531,7.09,1.));
#6773=CARTESIAN_POINT('',(-2.11418831772531,7.09,-2.6));
#6774=CARTESIAN_POINT('',(-2.11418831772531,7.09,0.169999999999998));
#6775=CARTESIAN_POINT('',(-2.1,7.09,1.39686269666203));
#6776=CARTESIAN_POINT('Ctrl Pts',(-2.1,7.09,1.39686269666203));
#6777=CARTESIAN_POINT('Ctrl Pts',(-2.1,7.09,1.26447324886308));
#6778=CARTESIAN_POINT('Ctrl Pts',(-2.11418831772531,7.09,1.13240781205731));
#6779=CARTESIAN_POINT('Ctrl Pts',(-2.11418831772531,7.09,0.999999999999999));
#6780=CARTESIAN_POINT('',(-2.1,7.09,1.74));
#6781=CARTESIAN_POINT('',(-2.1,7.09,2.24));
#6782=CARTESIAN_POINT('',(2.1,7.09,1.74));
#6783=CARTESIAN_POINT('',(-1.3,7.09,1.74));
#6784=CARTESIAN_POINT('',(2.1,7.09,1.39686269666203));
#6785=CARTESIAN_POINT('',(2.1,7.09,2.24));
#6786=CARTESIAN_POINT('',(2.11418831772531,7.09,1.));
#6787=CARTESIAN_POINT('Ctrl Pts',(2.11418831772531,7.09,1.));
#6788=CARTESIAN_POINT('Ctrl Pts',(2.11418831772531,7.09,1.13240781205731));
#6789=CARTESIAN_POINT('Ctrl Pts',(2.1,7.09,1.26447324886308));
#6790=CARTESIAN_POINT('Ctrl Pts',(2.1,7.09,1.39686269666203));
#6791=CARTESIAN_POINT('',(2.11418831772531,7.09,-2.6));
#6792=CARTESIAN_POINT('',(2.11418831772531,7.09,0.169999999999999));
#6793=CARTESIAN_POINT('',(2.1,7.09,-2.99686269666203));
#6794=CARTESIAN_POINT('Ctrl Pts',(2.1,7.09,-2.99686269666203));
#6795=CARTESIAN_POINT('Ctrl Pts',(2.1,7.09,-2.86447164746671));
#6796=CARTESIAN_POINT('Ctrl Pts',(2.11418831772531,7.09,-2.73239104919533));
#6797=CARTESIAN_POINT('Ctrl Pts',(2.11418831772531,7.09,-2.6));
#6798=CARTESIAN_POINT('',(2.1,7.09,-3.34));
#6799=CARTESIAN_POINT('',(2.1,7.09,0.639999999999998));
#6800=CARTESIAN_POINT('',(-2.1,7.09,-3.34));
#6801=CARTESIAN_POINT('',(-1.3,7.09,-3.34));
#6802=CARTESIAN_POINT('',(-2.1,7.09,-2.99686269666203));
#6803=CARTESIAN_POINT('',(-2.1,7.09,0.639999999999997));
#6804=CARTESIAN_POINT('Ctrl Pts',(-2.11418831772531,7.09,-2.6));
#6805=CARTESIAN_POINT('Ctrl Pts',(-2.11418831772531,7.09,-2.73239104919533));
#6806=CARTESIAN_POINT('Ctrl Pts',(-2.1,7.09,-2.86447164746671));
#6807=CARTESIAN_POINT('Ctrl Pts',(-2.1,7.09,-2.99686269666203));
#6808=CARTESIAN_POINT('Origin',(5.55111512312578E-16,4.69,2.24));
#6809=CARTESIAN_POINT('',(2.1,2.79,2.24));
#6810=CARTESIAN_POINT('',(-2.1,2.79,2.24));
#6811=CARTESIAN_POINT('',(1.3,2.79,2.24));
#6812=CARTESIAN_POINT('',(2.1,6.59,2.24));
#6813=CARTESIAN_POINT('',(2.1,5.89,2.24));
#6814=CARTESIAN_POINT('',(-2.1,6.59,2.24));
#6815=CARTESIAN_POINT('',(-1.3,6.59,2.24));
#6816=CARTESIAN_POINT('',(-2.1,3.49,2.24));
#6817=CARTESIAN_POINT('Origin',(-2.6,2.29,2.24));
#6818=CARTESIAN_POINT('',(-2.6,2.79,1.74));
#6819=CARTESIAN_POINT('',(-2.6,2.79,1.39686269665735));
#6820=CARTESIAN_POINT('',(-2.6,2.79,2.24));
#6821=CARTESIAN_POINT('',(-2.6,6.59,1.74));
#6822=CARTESIAN_POINT('',(-2.6,3.49,1.74));
#6823=CARTESIAN_POINT('',(-2.6,6.59,2.24));
#6824=CARTESIAN_POINT('Origin',(-2.6,3.24000000000206,1.));
#6825=CARTESIAN_POINT('Origin',(-2.9,3.24000000000206,1.));
#6826=CARTESIAN_POINT('Ctrl Pts',(-2.6,2.79,1.39686269665735));
#6827=CARTESIAN_POINT('Ctrl Pts',(-2.6,2.74895278651399,1.30067348849164));
#6828=CARTESIAN_POINT('Ctrl Pts',(-2.6053206191467,2.69625000000129,1.15999277290018));
#6829=CARTESIAN_POINT('Ctrl Pts',(-2.6053206191467,2.69625000000129,1.));
#6830=CARTESIAN_POINT('Origin',(2.6,7.09,2.24));
#6831=CARTESIAN_POINT('',(2.6,6.59,1.74));
#6832=CARTESIAN_POINT('',(2.6,6.59,1.39686269666203));
#6833=CARTESIAN_POINT('',(2.6,6.59,2.24));
#6834=CARTESIAN_POINT('',(2.6,2.79,1.74));
#6835=CARTESIAN_POINT('',(2.6,5.89,1.74));
#6836=CARTESIAN_POINT('',(2.6,2.79,2.24));
#6837=CARTESIAN_POINT('Origin',(2.6,6.14000000000206,1.));
#6838=CARTESIAN_POINT('Origin',(2.9,6.14000000000206,1.));
#6839=CARTESIAN_POINT('',(2.60532061914699,6.68375000000129,1.));
#6840=CARTESIAN_POINT('Ctrl Pts',(2.6,6.59,1.39686269666203));
#6841=CARTESIAN_POINT('Ctrl Pts',(2.6,6.6310472134866,1.30067348849603));
#6842=CARTESIAN_POINT('Ctrl Pts',(2.60532061914699,6.68375000000129,1.15999277290309));
#6843=CARTESIAN_POINT('Ctrl Pts',(2.60532061914699,6.68375000000129,1.));
#6844=CARTESIAN_POINT('Origin',(2.9,6.74000000000206,1.));
#6845=CARTESIAN_POINT('Origin',(2.9,6.74000000000206,1.77));
#6846=CARTESIAN_POINT('',(2.60532061914699,6.68375000000129,-2.6));
#6847=CARTESIAN_POINT('',(2.60532061914699,6.68375000000129,0.169999999999999));
#6848=CARTESIAN_POINT('Origin',(2.9,6.74000000000206,-2.6));
#6849=CARTESIAN_POINT('Ctrl Pts',(-2.6,2.79,1.39686269665735));
#6850=CARTESIAN_POINT('Ctrl Pts',(-2.6,2.74895278651399,1.30067348849164));
#6851=CARTESIAN_POINT('Ctrl Pts',(-2.6053206191467,2.69625000000129,1.15999277290018));
#6852=CARTESIAN_POINT('Ctrl Pts',(-2.6053206191467,2.69625000000129,1.));
#6853=CARTESIAN_POINT('Ctrl Pts',(-2.6,2.65910030610042,1.39686269665735));
#6854=CARTESIAN_POINT('Ctrl Pts',(-2.58901100752838,2.62487513405747,1.30074963345006));
#6855=CARTESIAN_POINT('Ctrl Pts',(-2.58372405757477,2.5831111307984,1.15881302234815));
#6856=CARTESIAN_POINT('Ctrl Pts',(-2.58372405757477,2.5831111307984,1.));
#6857=CARTESIAN_POINT('Ctrl Pts',(-2.49184260791079,2.39815739208921,1.39686269665735));
#6858=CARTESIAN_POINT('Ctrl Pts',(-2.471738946982,2.3861520072738,1.29279076548459));
#6859=CARTESIAN_POINT('Ctrl Pts',(-2.45930888250557,2.37276958215753,1.15176955965586));
#6860=CARTESIAN_POINT('Ctrl Pts',(-2.45930888250557,2.37276958215753,1.));
#6861=CARTESIAN_POINT('Ctrl Pts',(-2.23089969389957,2.29,1.39686269665735));
#6862=CARTESIAN_POINT('Ctrl Pts',(-2.22399131218927,2.29022304219638,1.27396792454505));
#6863=CARTESIAN_POINT('Ctrl Pts',(-2.22936997944303,2.29,1.13888399387875));
#6864=CARTESIAN_POINT('Ctrl Pts',(-2.22936997944303,2.29,1.));
#6865=CARTESIAN_POINT('Ctrl Pts',(-2.1,2.29,1.39686269665735));
#6866=CARTESIAN_POINT('Ctrl Pts',(-2.1,2.29,1.26447324885997));
#6867=CARTESIAN_POINT('Ctrl Pts',(-2.11418831772452,2.29,1.13240781205574));
#6868=CARTESIAN_POINT('Ctrl Pts',(-2.11418831772452,2.29,1.));
#6869=CARTESIAN_POINT('Origin',(-2.1,2.79,1.39686269665735));
#6870=CARTESIAN_POINT('Origin',(-2.1,2.79,2.24));
#6871=CARTESIAN_POINT('Origin',(-2.1,2.79,1.74));
#6872=CARTESIAN_POINT('Origin',(-2.1,3.49,1.74));
#6873=CARTESIAN_POINT('Origin',(-2.1,6.59,1.74));
#6874=CARTESIAN_POINT('Origin',(-2.1,2.79,1.74));
#6875=CARTESIAN_POINT('Origin',(-2.11418831772531,6.59,1.77));
#6876=CARTESIAN_POINT('Origin',(-2.11418831772531,6.59,1.));
#6877=CARTESIAN_POINT('Origin',(-2.11418831772531,6.59,-2.6));
#6878=CARTESIAN_POINT('Ctrl Pts',(-2.1,7.09,1.39686269666203));
#6879=CARTESIAN_POINT('Ctrl Pts',(-2.1,7.09,1.26447324886308));
#6880=CARTESIAN_POINT('Ctrl Pts',(-2.11418831772531,7.09,1.13240781205731));
#6881=CARTESIAN_POINT('Ctrl Pts',(-2.11418831772531,7.09,0.999999999999999));
#6882=CARTESIAN_POINT('Ctrl Pts',(-2.23089969389957,7.09,1.39686269666203));
#6883=CARTESIAN_POINT('Ctrl Pts',(-2.22399131218917,7.08977695780361,1.2739679245485));
#6884=CARTESIAN_POINT('Ctrl Pts',(-2.22936997944338,7.09,1.13888399388062));
#6885=CARTESIAN_POINT('Ctrl Pts',(-2.22936997944338,7.09,0.999999999999999));
#6886=CARTESIAN_POINT('Ctrl Pts',(-2.49178465063815,6.98178465063815,1.39686269666203));
#6887=CARTESIAN_POINT('Ctrl Pts',(-2.47168098970908,6.99379003545374,1.2927907654887));
#6888=CARTESIAN_POINT('Ctrl Pts',(-2.45927680374083,7.00719163650822,1.15176955965832));
#6889=CARTESIAN_POINT('Ctrl Pts',(-2.45927680374083,7.00719163650822,0.999999999999999));
#6890=CARTESIAN_POINT('Ctrl Pts',(-2.6,6.72089969389957,1.39686269666203));
#6891=CARTESIAN_POINT('Ctrl Pts',(-2.58901100752822,6.75512486594302,1.30074963345446));
#6892=CARTESIAN_POINT('Ctrl Pts',(-2.58372405757456,6.79688886920363,1.15881302235097));
#6893=CARTESIAN_POINT('Ctrl Pts',(-2.58372405757456,6.79688886920363,0.999999999999998));
#6894=CARTESIAN_POINT('Ctrl Pts',(-2.6,6.59,1.39686269666203));
#6895=CARTESIAN_POINT('Ctrl Pts',(-2.6,6.6310472134866,1.30067348849603));
#6896=CARTESIAN_POINT('Ctrl Pts',(-2.60532061914699,6.68375000000129,1.15999277290309));
#6897=CARTESIAN_POINT('Ctrl Pts',(-2.60532061914699,6.68375000000129,0.999999999999998));
#6898=CARTESIAN_POINT('Origin',(-2.1,6.59,1.39686269666203));
#6899=CARTESIAN_POINT('Origin',(-2.1,6.59,2.24));
#6900=CARTESIAN_POINT('Origin',(-2.1,6.59,1.74));
#6901=CARTESIAN_POINT('Origin',(-1.3,6.59,1.74));
#6902=CARTESIAN_POINT('Origin',(2.1,6.59,1.74));
#6903=CARTESIAN_POINT('Origin',(-2.1,6.59,1.74));
#6904=CARTESIAN_POINT('Origin',(2.11418831772531,6.59,1.77));
#6905=CARTESIAN_POINT('Origin',(2.11418831772531,6.59,1.));
#6906=CARTESIAN_POINT('Origin',(2.11418831772531,6.59,-2.6));
#6907=CARTESIAN_POINT('Ctrl Pts',(2.6,6.59,1.39686269666203));
#6908=CARTESIAN_POINT('Ctrl Pts',(2.6,6.6310472134866,1.30067348849603));
#6909=CARTESIAN_POINT('Ctrl Pts',(2.60532061914699,6.68375000000129,1.15999277290309));
#6910=CARTESIAN_POINT('Ctrl Pts',(2.60532061914699,6.68375000000129,1.));
#6911=CARTESIAN_POINT('Ctrl Pts',(2.6,6.72089969389957,1.39686269666203));
#6912=CARTESIAN_POINT('Ctrl Pts',(2.58901100752822,6.75512486594302,1.30074963345446));
#6913=CARTESIAN_POINT('Ctrl Pts',(2.58372405757456,6.79688886920363,1.15881302235098));
#6914=CARTESIAN_POINT('Ctrl Pts',(2.58372405757456,6.79688886920363,1.));
#6915=CARTESIAN_POINT('Ctrl Pts',(2.49178465063815,6.98178465063815,1.39686269666203));
#6916=CARTESIAN_POINT('Ctrl Pts',(2.47168098970908,6.99379003545374,1.2927907654887));
#6917=CARTESIAN_POINT('Ctrl Pts',(2.45927680374083,7.00719163650822,1.15176955965832));
#6918=CARTESIAN_POINT('Ctrl Pts',(2.45927680374083,7.00719163650822,1.));
#6919=CARTESIAN_POINT('Ctrl Pts',(2.23089969389958,7.09,1.39686269666203));
#6920=CARTESIAN_POINT('Ctrl Pts',(2.22399131218917,7.08977695780361,1.2739679245485));
#6921=CARTESIAN_POINT('Ctrl Pts',(2.22936997944338,7.09,1.13888399388062));
#6922=CARTESIAN_POINT('Ctrl Pts',(2.22936997944338,7.09,1.));
#6923=CARTESIAN_POINT('Ctrl Pts',(2.1,7.09,1.39686269666203));
#6924=CARTESIAN_POINT('Ctrl Pts',(2.1,7.09,1.26447324886308));
#6925=CARTESIAN_POINT('Ctrl Pts',(2.11418831772531,7.09,1.13240781205731));
#6926=CARTESIAN_POINT('Ctrl Pts',(2.11418831772531,7.09,1.));
#6927=CARTESIAN_POINT('Origin',(2.1,6.59,1.39686269666203));
#6928=CARTESIAN_POINT('Origin',(2.1,6.59,2.24));
#6929=CARTESIAN_POINT('Origin',(2.1,6.59,1.74));
#6930=CARTESIAN_POINT('Origin',(2.1,5.89,1.74));
#6931=CARTESIAN_POINT('Origin',(2.1,2.79,1.74));
#6932=CARTESIAN_POINT('Origin',(2.1,6.59,1.74));
#6933=CARTESIAN_POINT('Origin',(2.1,6.59,1.74));
#6934=CARTESIAN_POINT('Ctrl Pts',(2.1,2.29,1.39686269665735));
#6935=CARTESIAN_POINT('Ctrl Pts',(2.1,2.29,1.26447324885997));
#6936=CARTESIAN_POINT('Ctrl Pts',(2.11418831772452,2.29,1.13240781205574));
#6937=CARTESIAN_POINT('Ctrl Pts',(2.11418831772452,2.29,1.));
#6938=CARTESIAN_POINT('Ctrl Pts',(2.23089969389958,2.29,1.39686269665735));
#6939=CARTESIAN_POINT('Ctrl Pts',(2.22399131218927,2.29022304219638,1.27396792454505));
#6940=CARTESIAN_POINT('Ctrl Pts',(2.22936997944303,2.29,1.13888399387875));
#6941=CARTESIAN_POINT('Ctrl Pts',(2.22936997944303,2.29,1.));
#6942=CARTESIAN_POINT('Ctrl Pts',(2.49184260791079,2.39815739208921,1.39686269665735));
#6943=CARTESIAN_POINT('Ctrl Pts',(2.471738946982,2.3861520072738,1.29279076548459));
#6944=CARTESIAN_POINT('Ctrl Pts',(2.45930888250557,2.37276958215753,1.15176955965586));
#6945=CARTESIAN_POINT('Ctrl Pts',(2.45930888250557,2.37276958215753,1.));
#6946=CARTESIAN_POINT('Ctrl Pts',(2.6,2.65910030610042,1.39686269665735));
#6947=CARTESIAN_POINT('Ctrl Pts',(2.58901100752838,2.62487513405747,1.30074963345006));
#6948=CARTESIAN_POINT('Ctrl Pts',(2.58372405757477,2.5831111307984,1.15881302234815));
#6949=CARTESIAN_POINT('Ctrl Pts',(2.58372405757477,2.5831111307984,1.));
#6950=CARTESIAN_POINT('Ctrl Pts',(2.6,2.79,1.39686269665735));
#6951=CARTESIAN_POINT('Ctrl Pts',(2.6,2.74895278651399,1.30067348849164));
#6952=CARTESIAN_POINT('Ctrl Pts',(2.6053206191467,2.69625000000129,1.15999277290018));
#6953=CARTESIAN_POINT('Ctrl Pts',(2.6053206191467,2.69625000000129,1.));
#6954=CARTESIAN_POINT('Origin',(2.1,2.79,1.39686269665735));
#6955=CARTESIAN_POINT('Origin',(2.1,2.79,2.24));
#6956=CARTESIAN_POINT('Origin',(2.1,2.79,1.74));
#6957=CARTESIAN_POINT('Origin',(1.3,2.79,1.74));
#6958=CARTESIAN_POINT('Origin',(-2.1,2.79,1.74));
#6959=CARTESIAN_POINT('Origin',(2.1,2.79,1.74));
#6960=CARTESIAN_POINT('Origin',(2.1,2.79,1.74));
#6961=CARTESIAN_POINT('Origin',(-2.1,6.59,1.74));
#6962=CARTESIAN_POINT('Origin',(-2.1,2.79,1.74));
#6963=CARTESIAN_POINT('Origin',(-2.1,2.79,-3.34000000000001));
#6964=CARTESIAN_POINT('',(-2.6,2.79,-3.34000000000001));
#6965=CARTESIAN_POINT('Origin',(-2.1,2.79,-3.34000000000001));
#6966=CARTESIAN_POINT('',(-2.1,2.79,-3.84000000000001));
#6967=CARTESIAN_POINT('Origin',(-2.1,2.79,-3.34000000000001));
#6968=CARTESIAN_POINT('Origin',(-2.1,2.79,-3.34000000000001));
#6969=CARTESIAN_POINT('Origin',(2.1,2.79,-3.34000000000001));
#6970=CARTESIAN_POINT('',(2.1,2.79,-3.84000000000001));
#6971=CARTESIAN_POINT('Origin',(2.1,2.79,-3.34000000000001));
#6972=CARTESIAN_POINT('',(2.6,2.79,-3.34000000000001));
#6973=CARTESIAN_POINT('Origin',(2.1,2.79,-3.34000000000001));
#6974=CARTESIAN_POINT('Origin',(2.1,2.79,-3.34000000000001));
#6975=CARTESIAN_POINT('Origin',(-2.1,6.59,-3.34));
#6976=CARTESIAN_POINT('',(-2.6,6.59,-3.34));
#6977=CARTESIAN_POINT('Origin',(-2.1,6.59,-3.34));
#6978=CARTESIAN_POINT('',(-2.1,6.59,-3.84));
#6979=CARTESIAN_POINT('Origin',(-2.1,6.59,-3.34));
#6980=CARTESIAN_POINT('Origin',(-2.1,6.59,-3.34));
#6981=CARTESIAN_POINT('Ctrl Pts',(2.11418831772452,2.29,-2.6));
#6982=CARTESIAN_POINT('Ctrl Pts',(2.11418831772452,2.29,-2.73239104919376));
#6983=CARTESIAN_POINT('Ctrl Pts',(2.1,2.29,-2.8644716474636));
#6984=CARTESIAN_POINT('Ctrl Pts',(2.1,2.29,-2.99686269665735));
#6985=CARTESIAN_POINT('Ctrl Pts',(2.22936997944303,2.29,-2.6));
#6986=CARTESIAN_POINT('Ctrl Pts',(2.22936997944303,2.29,-2.73886641113054));
#6987=CARTESIAN_POINT('Ctrl Pts',(2.22399122862478,2.29022304489432,-2.87396643799726));
#6988=CARTESIAN_POINT('Ctrl Pts',(2.23089969389958,2.29,-2.99686269665735));
#6989=CARTESIAN_POINT('Ctrl Pts',(2.45929484444877,2.37278655334066,-2.60000000000001));
#6990=CARTESIAN_POINT('Ctrl Pts',(2.45929484444877,2.37278655334066,-2.75175034559182));
#6991=CARTESIAN_POINT('Ctrl Pts',(2.47171334099968,2.3861772248618,-2.89278950661981));
#6992=CARTESIAN_POINT('Ctrl Pts',(2.49181724510442,2.39818275489558,-2.99686269665735));
#6993=CARTESIAN_POINT('Ctrl Pts',(2.58372405757477,2.5831111307984,-2.6));
#6994=CARTESIAN_POINT('Ctrl Pts',(2.58372405757477,2.5831111307984,-2.75879291657997));
#6995=CARTESIAN_POINT('Ctrl Pts',(2.5890108746044,2.62487472006627,-2.90074847085657));
#6996=CARTESIAN_POINT('Ctrl Pts',(2.6,2.65910030610042,-2.99686269665735));
#6997=CARTESIAN_POINT('Ctrl Pts',(2.6053206191467,2.69625000000129,-2.6));
#6998=CARTESIAN_POINT('Ctrl Pts',(2.6053206191467,2.69625000000129,-2.75997251777529));
#6999=CARTESIAN_POINT('Ctrl Pts',(2.6,2.74895229000268,-2.90067232497709));
#7000=CARTESIAN_POINT('Ctrl Pts',(2.6,2.79,-2.99686269665735));
#7001=CARTESIAN_POINT('',(2.6,2.79,-2.99686269665735));
#7002=CARTESIAN_POINT('Origin',(2.1,2.79,-2.99686269665735));
#7003=CARTESIAN_POINT('Ctrl Pts',(2.6,2.79,-2.99686269665735));
#7004=CARTESIAN_POINT('Ctrl Pts',(2.6,2.74895229000268,-2.90067232497709));
#7005=CARTESIAN_POINT('Ctrl Pts',(2.6053206191467,2.69625000000129,-2.75997251777529));
#7006=CARTESIAN_POINT('Ctrl Pts',(2.6053206191467,2.69625000000129,-2.6));
#7007=CARTESIAN_POINT('Origin',(2.1,2.79,0.639999999999997));
#7008=CARTESIAN_POINT('',(2.6,2.79,0.639999999999997));
#7009=CARTESIAN_POINT('Origin',(2.1,6.59,-3.34));
#7010=CARTESIAN_POINT('',(2.6,6.59,-3.34));
#7011=CARTESIAN_POINT('Origin',(2.1,6.59,-3.34));
#7012=CARTESIAN_POINT('',(2.1,6.59,-3.84));
#7013=CARTESIAN_POINT('Origin',(2.1,6.59,-3.34));
#7014=CARTESIAN_POINT('Origin',(2.1,6.59,-3.34));
#7015=CARTESIAN_POINT('Origin',(2.1,5.89,-3.34));
#7016=CARTESIAN_POINT('',(2.6,5.89,-3.34));
#7017=CARTESIAN_POINT('',(2.1,5.89,-3.84));
#7018=CARTESIAN_POINT('Origin',(-1.3,6.59,-3.34));
#7019=CARTESIAN_POINT('',(-1.3,6.59,-3.84));
#7020=CARTESIAN_POINT('Ctrl Pts',(2.60532061914699,6.68375000000129,-2.6));
#7021=CARTESIAN_POINT('Ctrl Pts',(2.60532061914699,6.68375000000129,-2.7599725177782));
#7022=CARTESIAN_POINT('Ctrl Pts',(2.6,6.63104770999791,-2.90067232498148));
#7023=CARTESIAN_POINT('Ctrl Pts',(2.6,6.59,-2.99686269666203));
#7024=CARTESIAN_POINT('Ctrl Pts',(2.58372405757456,6.79688886920363,-2.6));
#7025=CARTESIAN_POINT('Ctrl Pts',(2.58372405757456,6.79688886920363,-2.75879291658279));
#7026=CARTESIAN_POINT('Ctrl Pts',(2.58901087460424,6.75512527993422,-2.90074847086096));
#7027=CARTESIAN_POINT('Ctrl Pts',(2.6,6.72089969389957,-2.99686269666203));
#7028=CARTESIAN_POINT('Ctrl Pts',(2.45926646406122,7.0071791364451,-2.6));
#7029=CARTESIAN_POINT('Ctrl Pts',(2.45926646406122,7.0071791364451,-2.75175034559427));
#7030=CARTESIAN_POINT('Ctrl Pts',(2.47166206565047,6.99377149978945,-2.89278950662393));
#7031=CARTESIAN_POINT('Ctrl Pts',(2.4917659697555,6.98176596975549,-2.99686269666203));
#7032=CARTESIAN_POINT('Ctrl Pts',(2.22936997944338,7.09,-2.6));
#7033=CARTESIAN_POINT('Ctrl Pts',(2.22936997944338,7.09,-2.73886641113241));
#7034=CARTESIAN_POINT('Ctrl Pts',(2.22399122862468,7.08977695510567,-2.8739664380007));
#7035=CARTESIAN_POINT('Ctrl Pts',(2.23089969389958,7.09,-2.99686269666203));
#7036=CARTESIAN_POINT('Ctrl Pts',(2.11418831772531,7.09,-2.6));
#7037=CARTESIAN_POINT('Ctrl Pts',(2.11418831772531,7.09,-2.73239104919533));
#7038=CARTESIAN_POINT('Ctrl Pts',(2.1,7.09,-2.86447164746671));
#7039=CARTESIAN_POINT('Ctrl Pts',(2.1,7.09,-2.99686269666203));
#7040=CARTESIAN_POINT('',(2.6,6.59,-2.99686269666203));
#7041=CARTESIAN_POINT('Origin',(2.1,6.59,-2.99686269666203));
#7042=CARTESIAN_POINT('Ctrl Pts',(2.60532061914699,6.68375000000129,-2.6));
#7043=CARTESIAN_POINT('Ctrl Pts',(2.60532061914699,6.68375000000129,-2.7599725177782));
#7044=CARTESIAN_POINT('Ctrl Pts',(2.6,6.63104770999791,-2.90067232498148));
#7045=CARTESIAN_POINT('Ctrl Pts',(2.6,6.59,-2.99686269666203));
#7046=CARTESIAN_POINT('Origin',(2.1,6.59,0.639999999999998));
#7047=CARTESIAN_POINT('',(2.6,6.59,0.639999999999998));
#7048=CARTESIAN_POINT('Ctrl Pts',(-2.11418831772531,7.09,-2.6));
#7049=CARTESIAN_POINT('Ctrl Pts',(-2.11418831772531,7.09,-2.73239104919533));
#7050=CARTESIAN_POINT('Ctrl Pts',(-2.1,7.09,-2.86447164746671));
#7051=CARTESIAN_POINT('Ctrl Pts',(-2.1,7.09,-2.99686269666203));
#7052=CARTESIAN_POINT('Ctrl Pts',(-2.22936997944338,7.09,-2.6));
#7053=CARTESIAN_POINT('Ctrl Pts',(-2.22936997944338,7.09,-2.73886641113241));
#7054=CARTESIAN_POINT('Ctrl Pts',(-2.22399122862468,7.08977695510567,-2.8739664380007));
#7055=CARTESIAN_POINT('Ctrl Pts',(-2.23089969389958,7.09,-2.99686269666203));
#7056=CARTESIAN_POINT('Ctrl Pts',(-2.45926646406122,7.0071791364451,-2.6));
#7057=CARTESIAN_POINT('Ctrl Pts',(-2.45926646406122,7.0071791364451,-2.75175034559427));
#7058=CARTESIAN_POINT('Ctrl Pts',(-2.47166206565047,6.99377149978945,-2.89278950662393));
#7059=CARTESIAN_POINT('Ctrl Pts',(-2.4917659697555,6.98176596975549,-2.99686269666203));
#7060=CARTESIAN_POINT('Ctrl Pts',(-2.58372405757456,6.79688886920363,-2.6));
#7061=CARTESIAN_POINT('Ctrl Pts',(-2.58372405757456,6.79688886920363,-2.75879291658279));
#7062=CARTESIAN_POINT('Ctrl Pts',(-2.58901087460424,6.75512527993422,-2.90074847086097));
#7063=CARTESIAN_POINT('Ctrl Pts',(-2.6,6.72089969389957,-2.99686269666203));
#7064=CARTESIAN_POINT('Ctrl Pts',(-2.60532061914699,6.68375000000129,-2.6));
#7065=CARTESIAN_POINT('Ctrl Pts',(-2.60532061914699,6.68375000000129,-2.7599725177782));
#7066=CARTESIAN_POINT('Ctrl Pts',(-2.6,6.63104770999791,-2.90067232498148));
#7067=CARTESIAN_POINT('Ctrl Pts',(-2.6,6.59,-2.99686269666203));
#7068=CARTESIAN_POINT('',(-2.6,6.59,-2.99686269666203));
#7069=CARTESIAN_POINT('Origin',(-2.1,6.59,-2.99686269666203));
#7070=CARTESIAN_POINT('Ctrl Pts',(-2.6,6.59,-2.99686269666203));
#7071=CARTESIAN_POINT('Ctrl Pts',(-2.6,6.63104770999791,-2.90067232498148));
#7072=CARTESIAN_POINT('Ctrl Pts',(-2.60532061914699,6.68375000000129,-2.7599725177782));
#7073=CARTESIAN_POINT('Ctrl Pts',(-2.60532061914699,6.68375000000129,-2.6));
#7074=CARTESIAN_POINT('Origin',(-2.1,6.59,0.639999999999997));
#7075=CARTESIAN_POINT('',(-2.6,6.59,0.639999999999997));
#7076=CARTESIAN_POINT('Origin',(-2.1,3.49,-3.34000000000001));
#7077=CARTESIAN_POINT('',(-2.6,3.49,-3.34000000000001));
#7078=CARTESIAN_POINT('',(-2.1,3.49,-3.84000000000001));
#7079=CARTESIAN_POINT('Origin',(1.3,2.79,-3.34000000000001));
#7080=CARTESIAN_POINT('',(1.3,2.79,-3.84000000000001));
#7081=CARTESIAN_POINT('Ctrl Pts',(-2.6053206191467,2.69625000000129,-2.6));
#7082=CARTESIAN_POINT('Ctrl Pts',(-2.6053206191467,2.69625000000129,-2.75997251777529));
#7083=CARTESIAN_POINT('Ctrl Pts',(-2.6,2.74895229000268,-2.90067232497709));
#7084=CARTESIAN_POINT('Ctrl Pts',(-2.6,2.79,-2.99686269665735));
#7085=CARTESIAN_POINT('Ctrl Pts',(-2.58372405757477,2.5831111307984,-2.6));
#7086=CARTESIAN_POINT('Ctrl Pts',(-2.58372405757477,2.5831111307984,-2.75879291657997));
#7087=CARTESIAN_POINT('Ctrl Pts',(-2.5890108746044,2.62487472006627,-2.90074847085657));
#7088=CARTESIAN_POINT('Ctrl Pts',(-2.6,2.65910030610042,-2.99686269665735));
#7089=CARTESIAN_POINT('Ctrl Pts',(-2.45929484444877,2.37278655334066,-2.60000000000001));
#7090=CARTESIAN_POINT('Ctrl Pts',(-2.45929484444877,2.37278655334066,-2.75175034559182));
#7091=CARTESIAN_POINT('Ctrl Pts',(-2.47171334099968,2.38617722486179,-2.89278950661982));
#7092=CARTESIAN_POINT('Ctrl Pts',(-2.49181724510442,2.39818275489558,-2.99686269665736));
#7093=CARTESIAN_POINT('Ctrl Pts',(-2.22936997944303,2.29,-2.6));
#7094=CARTESIAN_POINT('Ctrl Pts',(-2.22936997944303,2.29,-2.73886641113054));
#7095=CARTESIAN_POINT('Ctrl Pts',(-2.22399122862478,2.29022304489432,-2.87396643799726));
#7096=CARTESIAN_POINT('Ctrl Pts',(-2.23089969389957,2.29,-2.99686269665735));
#7097=CARTESIAN_POINT('Ctrl Pts',(-2.11418831772452,2.29,-2.6));
#7098=CARTESIAN_POINT('Ctrl Pts',(-2.11418831772452,2.29,-2.73239104919376));
#7099=CARTESIAN_POINT('Ctrl Pts',(-2.1,2.29,-2.8644716474636));
#7100=CARTESIAN_POINT('Ctrl Pts',(-2.1,2.29,-2.99686269665735));
#7101=CARTESIAN_POINT('',(-2.6,2.79,-2.99686269665735));
#7102=CARTESIAN_POINT('Origin',(-2.1,2.79,-2.99686269665735));
#7103=CARTESIAN_POINT('Ctrl Pts',(-2.6053206191467,2.69625000000129,-2.6));
#7104=CARTESIAN_POINT('Ctrl Pts',(-2.6053206191467,2.69625000000129,-2.75997251777529));
#7105=CARTESIAN_POINT('Ctrl Pts',(-2.6,2.74895229000268,-2.90067232497709));
#7106=CARTESIAN_POINT('Ctrl Pts',(-2.6,2.79,-2.99686269665735));
#7107=CARTESIAN_POINT('Origin',(-2.1,2.79,0.639999999999996));
#7108=CARTESIAN_POINT('',(-2.6,2.79,0.639999999999996));
#7109=CARTESIAN_POINT('Origin',(2.9,6.14000000000206,-2.6));
#7110=CARTESIAN_POINT('',(2.9,6.14000000000206,-2.9));
#7111=CARTESIAN_POINT('Origin',(2.9,6.14000000000206,-2.6));
#7112=CARTESIAN_POINT('',(2.6,6.14000000000206,-3.2));
#7113=CARTESIAN_POINT('Origin',(2.9,6.14000000000206,-3.2));
#7114=CARTESIAN_POINT('Origin',(2.6,6.14000000000206,-2.6));
#7115=CARTESIAN_POINT('Origin',(-2.9,3.24000000000206,-2.6));
#7116=CARTESIAN_POINT('',(-2.9,3.24000000000206,-2.9));
#7117=CARTESIAN_POINT('Origin',(-2.9,3.24000000000206,-2.6));
#7118=CARTESIAN_POINT('',(-2.6,3.24000000000206,-3.20000000000001));
#7119=CARTESIAN_POINT('Origin',(-2.9,3.24000000000206,-3.20000000000001));
#7120=CARTESIAN_POINT('Origin',(-2.6,3.24000000000206,-2.6));
#7121=CARTESIAN_POINT('Origin',(5.55111512312578E-16,4.69,-3.84));
#7122=CARTESIAN_POINT('Origin',(-3.64,6.14000000000206,-2.6));
#7123=CARTESIAN_POINT('',(-3.64,6.14000000000206,-2.9));
#7124=CARTESIAN_POINT('Origin',(-3.64,6.14000000000206,-2.6));
#7125=CARTESIAN_POINT('Origin',(-3.64,6.14000000000206,-2.6));
#7126=CARTESIAN_POINT('Origin',(-2.9,6.14000000000206,-2.6));
#7127=CARTESIAN_POINT('',(-2.6,6.14000000000206,-3.2));
#7128=CARTESIAN_POINT('Origin',(-2.6,6.14000000000206,-2.6));
#7129=CARTESIAN_POINT('',(-2.9,6.14000000000206,-2.9));
#7130=CARTESIAN_POINT('Origin',(-2.9,6.14000000000206,-3.2));
#7131=CARTESIAN_POINT('Origin',(-2.9,6.14000000000206,-2.6));
#7132=CARTESIAN_POINT('Origin',(-3.64,3.24000000000206,-2.6));
#7133=CARTESIAN_POINT('',(-3.64,3.24000000000206,-2.9));
#7134=CARTESIAN_POINT('Origin',(-3.64,3.24000000000206,-2.6));
#7135=CARTESIAN_POINT('Origin',(-3.64,3.24000000000206,-2.6));
#7136=CARTESIAN_POINT('Origin',(-3.64,3.81500000000206,-2.6));
#7137=CARTESIAN_POINT('',(-3.64,3.81500000000206,-2.9));
#7138=CARTESIAN_POINT('Origin',(-1.30000000000006,3.24000000000206,-2.6));
#7139=CARTESIAN_POINT('',(-1.30000000000006,3.24000000000206,-2.9));
#7140=CARTESIAN_POINT('Origin',(-2.9,3.49000000000103,-3.20000000000001));
#7141=CARTESIAN_POINT('',(-2.6,3.49000000000103,-3.20000000000001));
#7142=CARTESIAN_POINT('',(-2.9,3.49000000000103,-2.9));
#7143=CARTESIAN_POINT('Origin',(-1.97000000000006,6.14000000000206,-2.6));
#7144=CARTESIAN_POINT('',(-1.97000000000006,6.14000000000206,-2.9));
#7145=CARTESIAN_POINT('Origin',(-1.29340982368831E-13,4.69000000000206,
-2.9));
#7146=CARTESIAN_POINT('Origin',(-2.6,2.29,0.639999999999996));
#7147=CARTESIAN_POINT('Origin',(3.63999999999974,3.24000000000206,-2.6));
#7148=CARTESIAN_POINT('',(3.63999999999974,3.24000000000206,-2.9));
#7149=CARTESIAN_POINT('Origin',(3.63999999999974,3.24000000000206,-2.6));
#7150=CARTESIAN_POINT('Origin',(3.63999999999974,3.24000000000206,-2.6));
#7151=CARTESIAN_POINT('Origin',(2.9,3.24000000000206,-2.6));
#7152=CARTESIAN_POINT('',(2.6,3.24000000000206,-3.20000000000001));
#7153=CARTESIAN_POINT('Origin',(2.6,3.24000000000206,-2.6));
#7154=CARTESIAN_POINT('',(2.9,3.24000000000206,-2.9));
#7155=CARTESIAN_POINT('Origin',(2.9,3.24000000000206,-3.20000000000001));
#7156=CARTESIAN_POINT('Origin',(2.9,3.24000000000206,-2.6));
#7157=CARTESIAN_POINT('Origin',(3.63999999999974,6.14000000000206,-2.6));
#7158=CARTESIAN_POINT('',(3.63999999999974,6.14000000000206,-2.9));
#7159=CARTESIAN_POINT('Origin',(3.63999999999974,6.14000000000206,-2.6));
#7160=CARTESIAN_POINT('Origin',(3.63999999999974,6.14000000000206,-2.6));
#7161=CARTESIAN_POINT('Origin',(1.29999999999994,6.14000000000206,-2.6));
#7162=CARTESIAN_POINT('',(1.29999999999994,6.14000000000206,-2.9));
#7163=CARTESIAN_POINT('Origin',(2.9,5.89000000000103,-3.2));
#7164=CARTESIAN_POINT('',(2.6,5.89000000000103,-3.2));
#7165=CARTESIAN_POINT('',(2.9,5.89000000000103,-2.9));
#7166=CARTESIAN_POINT('Origin',(3.63999999999974,5.56500000000206,-2.6));
#7167=CARTESIAN_POINT('',(3.63999999999974,5.56500000000206,-2.9));
#7168=CARTESIAN_POINT('Origin',(1.96999999999981,3.24000000000206,-2.6));
#7169=CARTESIAN_POINT('',(1.96999999999981,3.24000000000206,-2.9));
#7170=CARTESIAN_POINT('Origin',(2.6,7.09,0.639999999999998));
#7171=CARTESIAN_POINT('Origin',(-1.29340982368831E-13,4.69000000000206,
-2.9));
#7172=CARTESIAN_POINT('Origin',(-5.5,-8.13162120183851E-16,1.7));
#7173=CARTESIAN_POINT('',(-6.8,-9.72366204073007E-16,1.7));
#7174=CARTESIAN_POINT('',(-4.2,-9.72366204073007E-16,1.7));
#7175=CARTESIAN_POINT('Origin',(-5.5,-8.13162120183851E-16,1.7));
#7176=CARTESIAN_POINT('',(-4.7,-9.1113386411564E-16,2.2));
#7177=CARTESIAN_POINT('Origin',(-4.7,-9.1113386411564E-16,1.7));
#7178=CARTESIAN_POINT('Origin',(-5.5,-8.13162120183851E-16,2.2));
#7179=CARTESIAN_POINT('Origin',(-5.5,-8.13162120183851E-16,1.7));
#7180=CARTESIAN_POINT('Origin',(-5.5,-8.13162120183851E-16,0.));
#7181=CARTESIAN_POINT('',(-6.8,-9.72366204073007E-16,0.));
#7182=CARTESIAN_POINT('',(-6.8,-9.72366204073007E-16,0.));
#7183=CARTESIAN_POINT('Origin',(-5.5,-8.13162120183851E-16,0.));
#7184=CARTESIAN_POINT('Origin',(-5.5,-8.32667268468867E-16,2.2));
#7185=CARTESIAN_POINT('Origin',(-5.5,-8.32667268468867E-16,0.));
#7186=CARTESIAN_POINT('Origin',(5.5,-5.78043636090606E-16,-3.3));
#7187=CARTESIAN_POINT('',(4.2,-4.1883955220145E-16,-3.3));
#7188=CARTESIAN_POINT('Origin',(5.5,-5.78043636090606E-16,-3.3));
#7189=CARTESIAN_POINT('',(4.7,-6.76015380022394E-16,-3.8));
#7190=CARTESIAN_POINT('Origin',(4.7,-6.76015380022394E-16,-3.3));
#7191=CARTESIAN_POINT('Origin',(5.5,-5.78043636090606E-16,-3.8));
#7192=CARTESIAN_POINT('Origin',(5.5,-5.78043636090606E-16,-1.6));
#7193=CARTESIAN_POINT('',(4.2,-4.1883955220145E-16,-1.6));
#7194=CARTESIAN_POINT('',(4.2,-4.1883955220145E-16,-1.6));
#7195=CARTESIAN_POINT('Origin',(5.5,-5.78043636090606E-16,-1.6));
#7196=CARTESIAN_POINT('Origin',(5.5,-5.55111512312578E-16,-3.8));
#7197=CARTESIAN_POINT('Origin',(5.5,-5.55111512312578E-16,-1.6));
#7198=UNCERTAINTY_MEASURE_WITH_UNIT(LENGTH_MEASURE(0.01),#7202,
'DISTANCE_ACCURACY_VALUE',
'Maximum model space distance between geometric entities at asserted c
onnectivities');
#7199=UNCERTAINTY_MEASURE_WITH_UNIT(LENGTH_MEASURE(0.01),#7202,
'DISTANCE_ACCURACY_VALUE',
'Maximum model space distance between geometric entities at asserted c
onnectivities');
#7200=(
GEOMETRIC_REPRESENTATION_CONTEXT(3)
GLOBAL_UNCERTAINTY_ASSIGNED_CONTEXT((#7198))
GLOBAL_UNIT_ASSIGNED_CONTEXT((#7202,#7204,#7205))
REPRESENTATION_CONTEXT('','3D')
);
#7201=(
GEOMETRIC_REPRESENTATION_CONTEXT(3)
GLOBAL_UNCERTAINTY_ASSIGNED_CONTEXT((#7199))
GLOBAL_UNIT_ASSIGNED_CONTEXT((#7202,#7204,#7205))
REPRESENTATION_CONTEXT('','3D')
);
#7202=(
LENGTH_UNIT()
NAMED_UNIT(*)
SI_UNIT(.MILLI.,.METRE.)
);
#7203=(
LENGTH_UNIT()
NAMED_UNIT(*)
SI_UNIT($,.METRE.)
);
#7204=(
NAMED_UNIT(*)
PLANE_ANGLE_UNIT()
SI_UNIT($,.RADIAN.)
);
#7205=(
NAMED_UNIT(*)
SI_UNIT($,.STERADIAN.)
SOLID_ANGLE_UNIT()
);
#7206=SHAPE_DEFINITION_REPRESENTATION(#7207,#7208);
#7207=PRODUCT_DEFINITION_SHAPE('',$,#7210);
#7208=SHAPE_REPRESENTATION('',(#3889),#7200);
#7209=PRODUCT_DEFINITION_CONTEXT('part definition',#7214,'design');
#7210=PRODUCT_DEFINITION('PG1350','PG1350-socket v45',#7211,#7209);
#7211=PRODUCT_DEFINITION_FORMATION('',$,#7216);
#7212=PRODUCT_RELATED_PRODUCT_CATEGORY('PG1350-socket v45',
'PG1350-socket v45',(#7216));
#7213=APPLICATION_PROTOCOL_DEFINITION('international standard',
'automotive_design',2009,#7214);
#7214=APPLICATION_CONTEXT(
'Core Data for Automotive Mechanical Design Process');
#7215=PRODUCT_CONTEXT('part definition',#7214,'mechanical');
#7216=PRODUCT('PG1350','PG1350-socket v45','STEP AP214',(#7215));
#7217=PRESENTATION_STYLE_ASSIGNMENT((#7220));
#7218=PRESENTATION_STYLE_ASSIGNMENT((#7221));
#7219=PRESENTATION_STYLE_ASSIGNMENT((#7222));
#7220=SURFACE_STYLE_USAGE(.BOTH.,#7223);
#7221=SURFACE_STYLE_USAGE(.BOTH.,#7224);
#7222=SURFACE_STYLE_USAGE(.BOTH.,#7225);
#7223=SURFACE_SIDE_STYLE('',(#7226));
#7224=SURFACE_SIDE_STYLE('',(#7227));
#7225=SURFACE_SIDE_STYLE('',(#7228));
#7226=SURFACE_STYLE_FILL_AREA(#7229);
#7227=SURFACE_STYLE_FILL_AREA(#7230);
#7228=SURFACE_STYLE_FILL_AREA(#7231);
#7229=FILL_AREA_STYLE('ABS (blanc)',(#7232));
#7230=FILL_AREA_STYLE('Opaque(26,26,26) (1)',(#7233));
#7231=FILL_AREA_STYLE('Opaque(26,26,26) (1) (1)',(#7234));
#7232=FILL_AREA_STYLE_COLOUR('ABS (blanc)',#7235);
#7233=FILL_AREA_STYLE_COLOUR('Opaque(26,26,26) (1)',#7236);
#7234=FILL_AREA_STYLE_COLOUR('Opaque(26,26,26) (1) (1)',#7237);
#7235=COLOUR_RGB('ABS (blanc)',0.964705882352941,0.964705882352941,0.952941176470588);
#7236=COLOUR_RGB('Opaque(26,26,26) (1)',0.890196078431372,0.650980392156863,
0.356862745098039);
#7237=COLOUR_RGB('Opaque(26,26,26) (1) (1)',0.545098039215686,0.850980392156863,
0.352941176470588);
ENDSEC;
END-ISO-10303-21;
