ISO-10303-21;
HEADER;
/* Generated by software containing ST-Developer
 * from STEP Tools, Inc. (www.steptools.com) 
 */

FILE_DESCRIPTION(
/* description */ ('STEP AP214'),
/* implementation_level */ '2;1');

FILE_NAME(
/* name */ 'PG1350-socket-OnlyOneSide-FINAL.step',
/* time_stamp */ '2025-08-31T05:55:27+02:00',
/* author */ (''),
/* organization */ (''),
/* preprocessor_version */ 'ST-DEVELOPER v20.1',
/* originating_system */ 'Autodesk Translation Framework v14.10.0.0',
/* authorisation */ '');

FILE_SCHEMA (('AUTOMOTIVE_DESIGN { 1 0 10303 214 3 1 1 }'));
ENDSEC;

DATA;
#10=MECHANICAL_DESIGN_GEOMETRIC_PRESENTATION_REPRESENTATION('',(#13,#14,
#15),#2414);
#11=SHAPE_REPRESENTATION_RELATIONSHIP('SRR','None',#2421,#12);
#12=ADVANCED_BREP_SHAPE_REPRESENTATION('',(#16,#17,#18),#2413);
#13=STYLED_ITEM('',(#2431),#16);
#14=STYLED_ITEM('',(#2431),#17);
#15=STYLED_ITEM('',(#2431),#18);
#16=MANIFOLD_SOLID_BREP('pour-decoupe (1)',#1312);
#17=MANIFOLD_SOLID_BREP('Corps30',#1313);
#18=MANIFOLD_SOLID_BREP('Corps31',#1314);
#19=PLANE('',#1431);
#20=PLANE('',#1434);
#21=PLANE('',#1437);
#22=PLANE('',#1440);
#23=PLANE('',#1443);
#24=PLANE('',#1446);
#25=PLANE('',#1449);
#26=PLANE('',#1452);
#27=PLANE('',#1455);
#28=PLANE('',#1458);
#29=PLANE('',#1461);
#30=PLANE('',#1464);
#31=PLANE('',#1467);
#32=PLANE('',#1480);
#33=PLANE('',#1482);
#34=PLANE('',#1484);
#35=PLANE('',#1487);
#36=PLANE('',#1488);
#37=PLANE('',#1496);
#38=PLANE('',#1497);
#39=PLANE('',#1504);
#40=PLANE('',#1505);
#41=LINE('',#1978,#127);
#42=LINE('',#1979,#128);
#43=LINE('',#1996,#129);
#44=LINE('',#1997,#130);
#45=LINE('',#2020,#131);
#46=LINE('',#2021,#132);
#47=LINE('',#2040,#133);
#48=LINE('',#2041,#134);
#49=LINE('',#2052,#135);
#50=LINE('',#2053,#136);
#51=LINE('',#2072,#137);
#52=LINE('',#2073,#138);
#53=LINE('',#2092,#139);
#54=LINE('',#2093,#140);
#55=LINE('',#2104,#141);
#56=LINE('',#2105,#142);
#57=LINE('',#2124,#143);
#58=LINE('',#2125,#144);
#59=LINE('',#2136,#145);
#60=LINE('',#2137,#146);
#61=LINE('',#2156,#147);
#62=LINE('',#2157,#148);
#63=LINE('',#2176,#149);
#64=LINE('',#2177,#150);
#65=LINE('',#2188,#151);
#66=LINE('',#2189,#152);
#67=LINE('',#2208,#153);
#68=LINE('',#2209,#154);
#69=LINE('',#2228,#155);
#70=LINE('',#2229,#156);
#71=LINE('',#2237,#157);
#72=LINE('',#2238,#158);
#73=LINE('',#2241,#159);
#74=LINE('',#2243,#160);
#75=LINE('',#2244,#161);
#76=LINE('',#2247,#162);
#77=LINE('',#2251,#163);
#78=LINE('',#2252,#164);
#79=LINE('',#2255,#165);
#80=LINE('',#2259,#166);
#81=LINE('',#2260,#167);
#82=LINE('',#2263,#168);
#83=LINE('',#2267,#169);
#84=LINE('',#2268,#170);
#85=LINE('',#2271,#171);
#86=LINE('',#2275,#172);
#87=LINE('',#2276,#173);
#88=LINE('',#2279,#174);
#89=LINE('',#2283,#175);
#90=LINE('',#2284,#176);
#91=LINE('',#2287,#177);
#92=LINE('',#2291,#178);
#93=LINE('',#2292,#179);
#94=LINE('',#2295,#180);
#95=LINE('',#2299,#181);
#96=LINE('',#2300,#182);
#97=LINE('',#2303,#183);
#98=LINE('',#2307,#184);
#99=LINE('',#2308,#185);
#100=LINE('',#2311,#186);
#101=LINE('',#2316,#187);
#102=LINE('',#2320,#188);
#103=LINE('',#2321,#189);
#104=LINE('',#2324,#190);
#105=LINE('',#2327,#191);
#106=LINE('',#2330,#192);
#107=LINE('',#2331,#193);
#108=LINE('',#2342,#194);
#109=LINE('',#2346,#195);
#110=LINE('',#2350,#196);
#111=LINE('',#2354,#197);
#112=LINE('',#2358,#198);
#113=LINE('',#2361,#199);
#114=LINE('',#2363,#200);
#115=LINE('',#2365,#201);
#116=LINE('',#2367,#202);
#117=LINE('',#2368,#203);
#118=LINE('',#2370,#204);
#119=LINE('',#2372,#205);
#120=LINE('',#2374,#206);
#121=LINE('',#2376,#207);
#122=LINE('',#2377,#208);
#123=LINE('',#2380,#209);
#124=LINE('',#2382,#210);
#125=LINE('',#2395,#211);
#126=LINE('',#2407,#212);
#127=VECTOR('',#1528,10.);
#128=VECTOR('',#1529,10.);
#129=VECTOR('',#1550,10.);
#130=VECTOR('',#1551,10.);
#131=VECTOR('',#1580,10.);
#132=VECTOR('',#1581,10.);
#133=VECTOR('',#1592,10.);
#134=VECTOR('',#1593,10.);
#135=VECTOR('',#1606,10.);
#136=VECTOR('',#1607,10.);
#137=VECTOR('',#1618,10.);
#138=VECTOR('',#1619,10.);
#139=VECTOR('',#1630,10.);
#140=VECTOR('',#1631,10.);
#141=VECTOR('',#1644,10.);
#142=VECTOR('',#1645,10.);
#143=VECTOR('',#1656,10.);
#144=VECTOR('',#1657,10.);
#145=VECTOR('',#1670,10.);
#146=VECTOR('',#1671,10.);
#147=VECTOR('',#1682,10.);
#148=VECTOR('',#1683,10.);
#149=VECTOR('',#1694,10.);
#150=VECTOR('',#1695,10.);
#151=VECTOR('',#1708,10.);
#152=VECTOR('',#1709,10.);
#153=VECTOR('',#1720,10.);
#154=VECTOR('',#1721,10.);
#155=VECTOR('',#1732,10.);
#156=VECTOR('',#1733,10.);
#157=VECTOR('',#1744,10.);
#158=VECTOR('',#1745,10.);
#159=VECTOR('',#1748,10.);
#160=VECTOR('',#1749,10.);
#161=VECTOR('',#1750,10.);
#162=VECTOR('',#1753,10.);
#163=VECTOR('',#1758,10.);
#164=VECTOR('',#1759,10.);
#165=VECTOR('',#1762,10.);
#166=VECTOR('',#1767,10.);
#167=VECTOR('',#1768,10.);
#168=VECTOR('',#1771,10.);
#169=VECTOR('',#1776,10.);
#170=VECTOR('',#1777,10.);
#171=VECTOR('',#1780,10.);
#172=VECTOR('',#1785,10.);
#173=VECTOR('',#1786,10.);
#174=VECTOR('',#1789,10.);
#175=VECTOR('',#1794,10.);
#176=VECTOR('',#1795,10.);
#177=VECTOR('',#1798,10.);
#178=VECTOR('',#1803,10.);
#179=VECTOR('',#1804,10.);
#180=VECTOR('',#1807,10.);
#181=VECTOR('',#1812,10.);
#182=VECTOR('',#1813,10.);
#183=VECTOR('',#1816,10.);
#184=VECTOR('',#1821,10.);
#185=VECTOR('',#1822,10.);
#186=VECTOR('',#1825,0.8);
#187=VECTOR('',#1832,0.8);
#188=VECTOR('',#1837,10.);
#189=VECTOR('',#1838,10.);
#190=VECTOR('',#1841,0.8);
#191=VECTOR('',#1844,0.8);
#192=VECTOR('',#1847,10.);
#193=VECTOR('',#1848,10.);
#194=VECTOR('',#1861,10.);
#195=VECTOR('',#1864,10.);
#196=VECTOR('',#1867,10.);
#197=VECTOR('',#1870,10.);
#198=VECTOR('',#1873,10.);
#199=VECTOR('',#1878,10.);
#200=VECTOR('',#1881,10.);
#201=VECTOR('',#1884,10.);
#202=VECTOR('',#1887,10.);
#203=VECTOR('',#1888,10.);
#204=VECTOR('',#1891,10.);
#205=VECTOR('',#1894,10.);
#206=VECTOR('',#1897,10.);
#207=VECTOR('',#1900,10.);
#208=VECTOR('',#1901,10.);
#209=VECTOR('',#1906,10.);
#210=VECTOR('',#1909,10.);
#211=VECTOR('',#1926,1.3);
#212=VECTOR('',#1943,1.3);
#213=CYLINDRICAL_SURFACE('',#1336,0.3);
#214=CYLINDRICAL_SURFACE('',#1346,0.3);
#215=CYLINDRICAL_SURFACE('',#1360,0.3);
#216=CYLINDRICAL_SURFACE('',#1365,0.3);
#217=CYLINDRICAL_SURFACE('',#1371,0.3);
#218=CYLINDRICAL_SURFACE('',#1376,0.3);
#219=CYLINDRICAL_SURFACE('',#1381,0.3);
#220=CYLINDRICAL_SURFACE('',#1387,0.3);
#221=CYLINDRICAL_SURFACE('',#1392,0.3);
#222=CYLINDRICAL_SURFACE('',#1398,0.3);
#223=CYLINDRICAL_SURFACE('',#1403,0.3);
#224=CYLINDRICAL_SURFACE('',#1408,0.3);
#225=CYLINDRICAL_SURFACE('',#1414,0.3);
#226=CYLINDRICAL_SURFACE('',#1419,0.3);
#227=CYLINDRICAL_SURFACE('',#1424,0.3);
#228=CYLINDRICAL_SURFACE('',#1430,0.3);
#229=CYLINDRICAL_SURFACE('',#1432,0.5);
#230=CYLINDRICAL_SURFACE('',#1435,0.8);
#231=CYLINDRICAL_SURFACE('',#1438,0.5);
#232=CYLINDRICAL_SURFACE('',#1441,0.5);
#233=CYLINDRICAL_SURFACE('',#1444,0.8);
#234=CYLINDRICAL_SURFACE('',#1447,0.5);
#235=CYLINDRICAL_SURFACE('',#1450,0.5);
#236=CYLINDRICAL_SURFACE('',#1453,0.8);
#237=CYLINDRICAL_SURFACE('',#1456,0.5);
#238=CYLINDRICAL_SURFACE('',#1459,0.8);
#239=CYLINDRICAL_SURFACE('',#1462,0.8);
#240=CYLINDRICAL_SURFACE('',#1465,2.1);
#241=CYLINDRICAL_SURFACE('',#1476,0.8);
#242=CYLINDRICAL_SURFACE('',#1477,1.3);
#243=CYLINDRICAL_SURFACE('',#1478,0.8);
#244=CYLINDRICAL_SURFACE('',#1479,0.5);
#245=CYLINDRICAL_SURFACE('',#1481,0.5);
#246=CYLINDRICAL_SURFACE('',#1483,0.5);
#247=CYLINDRICAL_SURFACE('',#1485,0.8);
#248=CYLINDRICAL_SURFACE('',#1486,0.8);
#249=CYLINDRICAL_SURFACE('',#1494,1.3);
#250=CYLINDRICAL_SURFACE('',#1502,1.3);
#251=TOROIDAL_SURFACE('',#1332,1.1,0.3);
#252=TOROIDAL_SURFACE('',#1338,1.8,0.3);
#253=TOROIDAL_SURFACE('',#1342,1.1,0.3);
#254=TOROIDAL_SURFACE('',#1348,1.1,0.3);
#255=TOROIDAL_SURFACE('',#1352,1.,0.3);
#256=TOROIDAL_SURFACE('',#1356,1.1,0.3);
#257=TOROIDAL_SURFACE('',#1367,1.1,0.3);
#258=TOROIDAL_SURFACE('',#1383,1.1,0.3);
#259=TOROIDAL_SURFACE('',#1394,1.1,0.3);
#260=TOROIDAL_SURFACE('',#1410,1.1,0.3);
#261=TOROIDAL_SURFACE('',#1426,1.1,0.3);
#262=TOROIDAL_SURFACE('',#1489,0.8,0.5);
#263=TOROIDAL_SURFACE('',#1498,0.8,0.5);
#264=FACE_OUTER_BOUND('',#346,.T.);
#265=FACE_OUTER_BOUND('',#347,.T.);
#266=FACE_OUTER_BOUND('',#348,.T.);
#267=FACE_OUTER_BOUND('',#349,.T.);
#268=FACE_OUTER_BOUND('',#350,.T.);
#269=FACE_OUTER_BOUND('',#351,.T.);
#270=FACE_OUTER_BOUND('',#352,.T.);
#271=FACE_OUTER_BOUND('',#353,.T.);
#272=FACE_OUTER_BOUND('',#354,.T.);
#273=FACE_OUTER_BOUND('',#355,.T.);
#274=FACE_OUTER_BOUND('',#356,.T.);
#275=FACE_OUTER_BOUND('',#357,.T.);
#276=FACE_OUTER_BOUND('',#358,.T.);
#277=FACE_OUTER_BOUND('',#359,.T.);
#278=FACE_OUTER_BOUND('',#360,.T.);
#279=FACE_OUTER_BOUND('',#361,.T.);
#280=FACE_OUTER_BOUND('',#362,.T.);
#281=FACE_OUTER_BOUND('',#363,.T.);
#282=FACE_OUTER_BOUND('',#364,.T.);
#283=FACE_OUTER_BOUND('',#365,.T.);
#284=FACE_OUTER_BOUND('',#366,.T.);
#285=FACE_OUTER_BOUND('',#367,.T.);
#286=FACE_OUTER_BOUND('',#368,.T.);
#287=FACE_OUTER_BOUND('',#369,.T.);
#288=FACE_OUTER_BOUND('',#370,.T.);
#289=FACE_OUTER_BOUND('',#371,.T.);
#290=FACE_OUTER_BOUND('',#372,.T.);
#291=FACE_OUTER_BOUND('',#373,.T.);
#292=FACE_OUTER_BOUND('',#374,.T.);
#293=FACE_OUTER_BOUND('',#375,.T.);
#294=FACE_OUTER_BOUND('',#376,.T.);
#295=FACE_OUTER_BOUND('',#377,.T.);
#296=FACE_OUTER_BOUND('',#378,.T.);
#297=FACE_OUTER_BOUND('',#379,.T.);
#298=FACE_OUTER_BOUND('',#380,.T.);
#299=FACE_OUTER_BOUND('',#381,.T.);
#300=FACE_OUTER_BOUND('',#382,.T.);
#301=FACE_OUTER_BOUND('',#383,.T.);
#302=FACE_OUTER_BOUND('',#384,.T.);
#303=FACE_OUTER_BOUND('',#385,.T.);
#304=FACE_OUTER_BOUND('',#386,.T.);
#305=FACE_OUTER_BOUND('',#387,.T.);
#306=FACE_OUTER_BOUND('',#388,.T.);
#307=FACE_OUTER_BOUND('',#389,.T.);
#308=FACE_OUTER_BOUND('',#390,.T.);
#309=FACE_OUTER_BOUND('',#391,.T.);
#310=FACE_OUTER_BOUND('',#392,.T.);
#311=FACE_OUTER_BOUND('',#393,.T.);
#312=FACE_OUTER_BOUND('',#394,.T.);
#313=FACE_OUTER_BOUND('',#395,.T.);
#314=FACE_OUTER_BOUND('',#396,.T.);
#315=FACE_OUTER_BOUND('',#397,.T.);
#316=FACE_OUTER_BOUND('',#398,.T.);
#317=FACE_OUTER_BOUND('',#399,.T.);
#318=FACE_OUTER_BOUND('',#400,.T.);
#319=FACE_OUTER_BOUND('',#401,.T.);
#320=FACE_OUTER_BOUND('',#402,.T.);
#321=FACE_OUTER_BOUND('',#403,.T.);
#322=FACE_OUTER_BOUND('',#404,.T.);
#323=FACE_OUTER_BOUND('',#405,.T.);
#324=FACE_OUTER_BOUND('',#406,.T.);
#325=FACE_OUTER_BOUND('',#407,.T.);
#326=FACE_OUTER_BOUND('',#408,.T.);
#327=FACE_OUTER_BOUND('',#409,.T.);
#328=FACE_OUTER_BOUND('',#410,.T.);
#329=FACE_OUTER_BOUND('',#411,.T.);
#330=FACE_OUTER_BOUND('',#412,.T.);
#331=FACE_OUTER_BOUND('',#413,.T.);
#332=FACE_OUTER_BOUND('',#414,.T.);
#333=FACE_OUTER_BOUND('',#415,.T.);
#334=FACE_OUTER_BOUND('',#416,.T.);
#335=FACE_OUTER_BOUND('',#417,.T.);
#336=FACE_OUTER_BOUND('',#418,.T.);
#337=FACE_OUTER_BOUND('',#419,.T.);
#338=FACE_OUTER_BOUND('',#420,.T.);
#339=FACE_OUTER_BOUND('',#421,.T.);
#340=FACE_OUTER_BOUND('',#422,.T.);
#341=FACE_OUTER_BOUND('',#423,.T.);
#342=FACE_OUTER_BOUND('',#424,.T.);
#343=FACE_OUTER_BOUND('',#425,.T.);
#344=FACE_OUTER_BOUND('',#426,.T.);
#345=FACE_OUTER_BOUND('',#427,.T.);
#346=EDGE_LOOP('',(#839,#840,#841,#842));
#347=EDGE_LOOP('',(#843,#844,#845,#846));
#348=EDGE_LOOP('',(#847,#848,#849,#850));
#349=EDGE_LOOP('',(#851,#852,#853,#854));
#350=EDGE_LOOP('',(#855,#856,#857,#858));
#351=EDGE_LOOP('',(#859,#860,#861,#862));
#352=EDGE_LOOP('',(#863,#864,#865,#866));
#353=EDGE_LOOP('',(#867,#868,#869,#870));
#354=EDGE_LOOP('',(#871,#872,#873,#874));
#355=EDGE_LOOP('',(#875,#876,#877,#878));
#356=EDGE_LOOP('',(#879,#880,#881,#882));
#357=EDGE_LOOP('',(#883,#884,#885,#886));
#358=EDGE_LOOP('',(#887,#888,#889,#890));
#359=EDGE_LOOP('',(#891,#892,#893,#894));
#360=EDGE_LOOP('',(#895,#896,#897,#898));
#361=EDGE_LOOP('',(#899,#900,#901,#902));
#362=EDGE_LOOP('',(#903,#904,#905,#906));
#363=EDGE_LOOP('',(#907,#908,#909,#910));
#364=EDGE_LOOP('',(#911,#912,#913,#914));
#365=EDGE_LOOP('',(#915,#916,#917,#918));
#366=EDGE_LOOP('',(#919,#920,#921,#922));
#367=EDGE_LOOP('',(#923,#924,#925,#926));
#368=EDGE_LOOP('',(#927,#928,#929,#930));
#369=EDGE_LOOP('',(#931,#932,#933,#934));
#370=EDGE_LOOP('',(#935,#936,#937,#938));
#371=EDGE_LOOP('',(#939,#940,#941,#942));
#372=EDGE_LOOP('',(#943,#944,#945,#946));
#373=EDGE_LOOP('',(#947,#948,#949,#950));
#374=EDGE_LOOP('',(#951,#952,#953,#954));
#375=EDGE_LOOP('',(#955,#956,#957,#958));
#376=EDGE_LOOP('',(#959,#960,#961,#962));
#377=EDGE_LOOP('',(#963,#964,#965,#966));
#378=EDGE_LOOP('',(#967,#968,#969,#970));
#379=EDGE_LOOP('',(#971,#972,#973,#974));
#380=EDGE_LOOP('',(#975,#976,#977,#978));
#381=EDGE_LOOP('',(#979,#980,#981,#982));
#382=EDGE_LOOP('',(#983,#984,#985,#986));
#383=EDGE_LOOP('',(#987,#988,#989,#990));
#384=EDGE_LOOP('',(#991,#992,#993,#994));
#385=EDGE_LOOP('',(#995,#996,#997,#998));
#386=EDGE_LOOP('',(#999,#1000,#1001,#1002));
#387=EDGE_LOOP('',(#1003,#1004,#1005,#1006));
#388=EDGE_LOOP('',(#1007,#1008,#1009,#1010));
#389=EDGE_LOOP('',(#1011,#1012,#1013,#1014));
#390=EDGE_LOOP('',(#1015,#1016,#1017,#1018));
#391=EDGE_LOOP('',(#1019,#1020,#1021,#1022));
#392=EDGE_LOOP('',(#1023,#1024,#1025,#1026));
#393=EDGE_LOOP('',(#1027,#1028,#1029,#1030));
#394=EDGE_LOOP('',(#1031,#1032,#1033,#1034));
#395=EDGE_LOOP('',(#1035,#1036,#1037,#1038));
#396=EDGE_LOOP('',(#1039,#1040,#1041,#1042));
#397=EDGE_LOOP('',(#1043,#1044,#1045,#1046));
#398=EDGE_LOOP('',(#1047,#1048,#1049,#1050));
#399=EDGE_LOOP('',(#1051,#1052,#1053,#1054));
#400=EDGE_LOOP('',(#1055,#1056,#1057,#1058,#1059,#1060,#1061,#1062,#1063,
#1064,#1065,#1066,#1067,#1068,#1069,#1070,#1071,#1072,#1073,#1074,#1075,
#1076,#1077,#1078,#1079,#1080,#1081,#1082,#1083,#1084,#1085,#1086,#1087,
#1088,#1089,#1090));
#401=EDGE_LOOP('',(#1091,#1092,#1093,#1094));
#402=EDGE_LOOP('',(#1095,#1096,#1097,#1098));
#403=EDGE_LOOP('',(#1099,#1100,#1101,#1102));
#404=EDGE_LOOP('',(#1103,#1104,#1105,#1106));
#405=EDGE_LOOP('',(#1107,#1108,#1109,#1110));
#406=EDGE_LOOP('',(#1111,#1112,#1113,#1114,#1115,#1116,#1117,#1118,#1119,
#1120,#1121,#1122,#1123,#1124,#1125,#1126,#1127,#1128,#1129,#1130,#1131,
#1132,#1133,#1134,#1135,#1136,#1137,#1138,#1139,#1140,#1141,#1142,#1143,
#1144,#1145,#1146));
#407=EDGE_LOOP('',(#1147,#1148,#1149,#1150));
#408=EDGE_LOOP('',(#1151,#1152,#1153,#1154));
#409=EDGE_LOOP('',(#1155,#1156,#1157,#1158));
#410=EDGE_LOOP('',(#1159,#1160,#1161,#1162));
#411=EDGE_LOOP('',(#1163,#1164,#1165,#1166));
#412=EDGE_LOOP('',(#1167,#1168,#1169,#1170));
#413=EDGE_LOOP('',(#1171,#1172,#1173,#1174));
#414=EDGE_LOOP('',(#1175,#1176,#1177,#1178));
#415=EDGE_LOOP('',(#1179,#1180,#1181,#1182));
#416=EDGE_LOOP('',(#1183,#1184,#1185,#1186));
#417=EDGE_LOOP('',(#1187,#1188,#1189,#1190));
#418=EDGE_LOOP('',(#1191,#1192,#1193,#1194));
#419=EDGE_LOOP('',(#1195,#1196,#1197,#1198));
#420=EDGE_LOOP('',(#1199,#1200,#1201,#1202,#1203));
#421=EDGE_LOOP('',(#1204,#1205,#1206,#1207,#1208));
#422=EDGE_LOOP('',(#1209));
#423=EDGE_LOOP('',(#1210));
#424=EDGE_LOOP('',(#1211,#1212,#1213,#1214));
#425=EDGE_LOOP('',(#1215,#1216,#1217,#1218));
#426=EDGE_LOOP('',(#1219));
#427=EDGE_LOOP('',(#1220));
#428=CIRCLE('',#1328,0.3);
#429=CIRCLE('',#1329,0.2);
#430=CIRCLE('',#1330,0.3);
#431=CIRCLE('',#1331,0.5);
#432=CIRCLE('',#1333,0.3);
#433=CIRCLE('',#1334,0.8);
#434=CIRCLE('',#1335,1.1);
#435=CIRCLE('',#1337,0.3);
#436=CIRCLE('',#1339,0.3);
#437=CIRCLE('',#1340,2.1);
#438=CIRCLE('',#1341,1.8);
#439=CIRCLE('',#1343,0.3);
#440=CIRCLE('',#1344,0.8);
#441=CIRCLE('',#1345,1.1);
#442=CIRCLE('',#1347,0.3);
#443=CIRCLE('',#1349,0.3);
#444=CIRCLE('',#1350,0.8);
#445=CIRCLE('',#1351,1.1);
#446=CIRCLE('',#1353,0.3);
#447=CIRCLE('',#1354,1.3);
#448=CIRCLE('',#1355,1.);
#449=CIRCLE('',#1357,0.3);
#450=CIRCLE('',#1358,0.8);
#451=CIRCLE('',#1359,1.1);
#452=CIRCLE('',#1361,0.3);
#453=CIRCLE('',#1362,0.3);
#454=CIRCLE('',#1363,0.5);
#455=CIRCLE('',#1364,0.2);
#456=CIRCLE('',#1366,0.3);
#457=CIRCLE('',#1368,0.3);
#458=CIRCLE('',#1369,0.8);
#459=CIRCLE('',#1370,1.1);
#460=CIRCLE('',#1372,0.3);
#461=CIRCLE('',#1373,0.3);
#462=CIRCLE('',#1374,0.5);
#463=CIRCLE('',#1375,0.2);
#464=CIRCLE('',#1377,0.3);
#465=CIRCLE('',#1378,0.3);
#466=CIRCLE('',#1379,0.5);
#467=CIRCLE('',#1380,0.2);
#468=CIRCLE('',#1382,0.3);
#469=CIRCLE('',#1384,0.3);
#470=CIRCLE('',#1385,0.8);
#471=CIRCLE('',#1386,1.1);
#472=CIRCLE('',#1388,0.3);
#473=CIRCLE('',#1389,0.3);
#474=CIRCLE('',#1390,0.5);
#475=CIRCLE('',#1391,0.2);
#476=CIRCLE('',#1393,0.3);
#477=CIRCLE('',#1395,0.3);
#478=CIRCLE('',#1396,0.8);
#479=CIRCLE('',#1397,1.1);
#480=CIRCLE('',#1399,0.3);
#481=CIRCLE('',#1400,0.3);
#482=CIRCLE('',#1401,0.5);
#483=CIRCLE('',#1402,0.2);
#484=CIRCLE('',#1404,0.3);
#485=CIRCLE('',#1405,0.3);
#486=CIRCLE('',#1406,0.5);
#487=CIRCLE('',#1407,0.2);
#488=CIRCLE('',#1409,0.3);
#489=CIRCLE('',#1411,0.3);
#490=CIRCLE('',#1412,0.8);
#491=CIRCLE('',#1413,1.1);
#492=CIRCLE('',#1415,0.3);
#493=CIRCLE('',#1416,0.3);
#494=CIRCLE('',#1417,0.5);
#495=CIRCLE('',#1418,0.2);
#496=CIRCLE('',#1420,0.3);
#497=CIRCLE('',#1421,0.3);
#498=CIRCLE('',#1422,0.5);
#499=CIRCLE('',#1423,0.2);
#500=CIRCLE('',#1425,0.3);
#501=CIRCLE('',#1427,0.3);
#502=CIRCLE('',#1428,0.8);
#503=CIRCLE('',#1429,1.1);
#504=CIRCLE('',#1433,0.5);
#505=CIRCLE('',#1436,0.8);
#506=CIRCLE('',#1439,0.5);
#507=CIRCLE('',#1442,0.5);
#508=CIRCLE('',#1445,0.8);
#509=CIRCLE('',#1448,0.5);
#510=CIRCLE('',#1451,0.5);
#511=CIRCLE('',#1454,0.8);
#512=CIRCLE('',#1457,0.5);
#513=CIRCLE('',#1460,0.8);
#514=CIRCLE('',#1463,0.8);
#515=CIRCLE('',#1466,2.1);
#516=CIRCLE('',#1468,0.8);
#517=CIRCLE('',#1469,1.3);
#518=CIRCLE('',#1470,0.8);
#519=CIRCLE('',#1471,0.5);
#520=CIRCLE('',#1472,0.8);
#521=CIRCLE('',#1473,0.5);
#522=CIRCLE('',#1474,0.5);
#523=CIRCLE('',#1475,0.8);
#524=CIRCLE('',#1490,1.3);
#525=CIRCLE('',#1491,0.5);
#526=CIRCLE('',#1492,0.8);
#527=CIRCLE('',#1493,1.3);
#528=CIRCLE('',#1495,1.3);
#529=CIRCLE('',#1499,1.3);
#530=CIRCLE('',#1500,0.5);
#531=CIRCLE('',#1501,0.8);
#532=CIRCLE('',#1503,1.3);
#533=VERTEX_POINT('',#1960);
#534=VERTEX_POINT('',#1961);
#535=VERTEX_POINT('',#1963);
#536=VERTEX_POINT('',#1965);
#537=VERTEX_POINT('',#1969);
#538=VERTEX_POINT('',#1970);
#539=VERTEX_POINT('',#1975);
#540=VERTEX_POINT('',#1976);
#541=VERTEX_POINT('',#1981);
#542=VERTEX_POINT('',#1982);
#543=VERTEX_POINT('',#1987);
#544=VERTEX_POINT('',#1988);
#545=VERTEX_POINT('',#1993);
#546=VERTEX_POINT('',#1994);
#547=VERTEX_POINT('',#1999);
#548=VERTEX_POINT('',#2000);
#549=VERTEX_POINT('',#2005);
#550=VERTEX_POINT('',#2006);
#551=VERTEX_POINT('',#2011);
#552=VERTEX_POINT('',#2012);
#553=VERTEX_POINT('',#2017);
#554=VERTEX_POINT('',#2018);
#555=VERTEX_POINT('',#2031);
#556=VERTEX_POINT('',#2032);
#557=VERTEX_POINT('',#2037);
#558=VERTEX_POINT('',#2038);
#559=VERTEX_POINT('',#2043);
#560=VERTEX_POINT('',#2044);
#561=VERTEX_POINT('',#2049);
#562=VERTEX_POINT('',#2050);
#563=VERTEX_POINT('',#2063);
#564=VERTEX_POINT('',#2064);
#565=VERTEX_POINT('',#2069);
#566=VERTEX_POINT('',#2070);
#567=VERTEX_POINT('',#2083);
#568=VERTEX_POINT('',#2084);
#569=VERTEX_POINT('',#2089);
#570=VERTEX_POINT('',#2090);
#571=VERTEX_POINT('',#2095);
#572=VERTEX_POINT('',#2096);
#573=VERTEX_POINT('',#2101);
#574=VERTEX_POINT('',#2102);
#575=VERTEX_POINT('',#2115);
#576=VERTEX_POINT('',#2116);
#577=VERTEX_POINT('',#2121);
#578=VERTEX_POINT('',#2122);
#579=VERTEX_POINT('',#2127);
#580=VERTEX_POINT('',#2128);
#581=VERTEX_POINT('',#2133);
#582=VERTEX_POINT('',#2134);
#583=VERTEX_POINT('',#2147);
#584=VERTEX_POINT('',#2148);
#585=VERTEX_POINT('',#2153);
#586=VERTEX_POINT('',#2154);
#587=VERTEX_POINT('',#2167);
#588=VERTEX_POINT('',#2168);
#589=VERTEX_POINT('',#2173);
#590=VERTEX_POINT('',#2174);
#591=VERTEX_POINT('',#2179);
#592=VERTEX_POINT('',#2180);
#593=VERTEX_POINT('',#2185);
#594=VERTEX_POINT('',#2186);
#595=VERTEX_POINT('',#2199);
#596=VERTEX_POINT('',#2200);
#597=VERTEX_POINT('',#2205);
#598=VERTEX_POINT('',#2206);
#599=VERTEX_POINT('',#2219);
#600=VERTEX_POINT('',#2220);
#601=VERTEX_POINT('',#2225);
#602=VERTEX_POINT('',#2226);
#603=VERTEX_POINT('',#2231);
#604=VERTEX_POINT('',#2232);
#605=VERTEX_POINT('',#2240);
#606=VERTEX_POINT('',#2242);
#607=VERTEX_POINT('',#2246);
#608=VERTEX_POINT('',#2250);
#609=VERTEX_POINT('',#2254);
#610=VERTEX_POINT('',#2258);
#611=VERTEX_POINT('',#2262);
#612=VERTEX_POINT('',#2266);
#613=VERTEX_POINT('',#2270);
#614=VERTEX_POINT('',#2274);
#615=VERTEX_POINT('',#2278);
#616=VERTEX_POINT('',#2282);
#617=VERTEX_POINT('',#2286);
#618=VERTEX_POINT('',#2290);
#619=VERTEX_POINT('',#2294);
#620=VERTEX_POINT('',#2298);
#621=VERTEX_POINT('',#2302);
#622=VERTEX_POINT('',#2306);
#623=VERTEX_POINT('',#2310);
#624=VERTEX_POINT('',#2315);
#625=VERTEX_POINT('',#2319);
#626=VERTEX_POINT('',#2323);
#627=VERTEX_POINT('',#2325);
#628=VERTEX_POINT('',#2329);
#629=VERTEX_POINT('',#2335);
#630=VERTEX_POINT('',#2337);
#631=VERTEX_POINT('',#2339);
#632=VERTEX_POINT('',#2341);
#633=VERTEX_POINT('',#2343);
#634=VERTEX_POINT('',#2345);
#635=VERTEX_POINT('',#2347);
#636=VERTEX_POINT('',#2349);
#637=VERTEX_POINT('',#2351);
#638=VERTEX_POINT('',#2353);
#639=VERTEX_POINT('',#2355);
#640=VERTEX_POINT('',#2357);
#641=VERTEX_POINT('',#2386);
#642=VERTEX_POINT('',#2387);
#643=VERTEX_POINT('',#2389);
#644=VERTEX_POINT('',#2394);
#645=VERTEX_POINT('',#2400);
#646=VERTEX_POINT('',#2402);
#647=VERTEX_POINT('',#2406);
#648=EDGE_CURVE('',#533,#534,#428,.T.);
#649=EDGE_CURVE('',#534,#535,#429,.T.);
#650=EDGE_CURVE('',#535,#536,#430,.T.);
#651=EDGE_CURVE('',#536,#533,#431,.T.);
#652=EDGE_CURVE('',#537,#538,#432,.T.);
#653=EDGE_CURVE('',#538,#536,#433,.T.);
#654=EDGE_CURVE('',#535,#537,#434,.T.);
#655=EDGE_CURVE('',#539,#540,#435,.T.);
#656=EDGE_CURVE('',#540,#538,#41,.T.);
#657=EDGE_CURVE('',#537,#539,#42,.T.);
#658=EDGE_CURVE('',#541,#542,#436,.T.);
#659=EDGE_CURVE('',#542,#540,#437,.T.);
#660=EDGE_CURVE('',#539,#541,#438,.T.);
#661=EDGE_CURVE('',#543,#544,#439,.T.);
#662=EDGE_CURVE('',#544,#542,#440,.T.);
#663=EDGE_CURVE('',#541,#543,#441,.T.);
#664=EDGE_CURVE('',#545,#546,#442,.T.);
#665=EDGE_CURVE('',#546,#544,#43,.T.);
#666=EDGE_CURVE('',#543,#545,#44,.T.);
#667=EDGE_CURVE('',#547,#548,#443,.T.);
#668=EDGE_CURVE('',#548,#546,#444,.T.);
#669=EDGE_CURVE('',#545,#547,#445,.T.);
#670=EDGE_CURVE('',#549,#550,#446,.T.);
#671=EDGE_CURVE('',#550,#548,#447,.T.);
#672=EDGE_CURVE('',#547,#549,#448,.T.);
#673=EDGE_CURVE('',#551,#552,#449,.T.);
#674=EDGE_CURVE('',#552,#550,#450,.T.);
#675=EDGE_CURVE('',#549,#551,#451,.T.);
#676=EDGE_CURVE('',#553,#554,#452,.T.);
#677=EDGE_CURVE('',#554,#552,#45,.T.);
#678=EDGE_CURVE('',#551,#553,#46,.T.);
#679=EDGE_CURVE('',#555,#556,#453,.T.);
#680=EDGE_CURVE('',#556,#554,#454,.T.);
#681=EDGE_CURVE('',#553,#555,#455,.T.);
#682=EDGE_CURVE('',#557,#558,#456,.T.);
#683=EDGE_CURVE('',#558,#556,#47,.T.);
#684=EDGE_CURVE('',#555,#557,#48,.T.);
#685=EDGE_CURVE('',#559,#560,#457,.T.);
#686=EDGE_CURVE('',#560,#558,#458,.T.);
#687=EDGE_CURVE('',#557,#559,#459,.T.);
#688=EDGE_CURVE('',#561,#562,#460,.T.);
#689=EDGE_CURVE('',#562,#560,#49,.T.);
#690=EDGE_CURVE('',#559,#561,#50,.T.);
#691=EDGE_CURVE('',#563,#564,#461,.T.);
#692=EDGE_CURVE('',#564,#562,#462,.T.);
#693=EDGE_CURVE('',#561,#563,#463,.T.);
#694=EDGE_CURVE('',#565,#566,#464,.T.);
#695=EDGE_CURVE('',#566,#564,#51,.T.);
#696=EDGE_CURVE('',#563,#565,#52,.T.);
#697=EDGE_CURVE('',#567,#568,#465,.T.);
#698=EDGE_CURVE('',#568,#566,#466,.T.);
#699=EDGE_CURVE('',#565,#567,#467,.T.);
#700=EDGE_CURVE('',#569,#570,#468,.T.);
#701=EDGE_CURVE('',#570,#568,#53,.T.);
#702=EDGE_CURVE('',#567,#569,#54,.T.);
#703=EDGE_CURVE('',#571,#572,#469,.T.);
#704=EDGE_CURVE('',#572,#570,#470,.T.);
#705=EDGE_CURVE('',#569,#571,#471,.T.);
#706=EDGE_CURVE('',#573,#574,#472,.T.);
#707=EDGE_CURVE('',#574,#572,#55,.T.);
#708=EDGE_CURVE('',#571,#573,#56,.T.);
#709=EDGE_CURVE('',#575,#576,#473,.T.);
#710=EDGE_CURVE('',#576,#574,#474,.T.);
#711=EDGE_CURVE('',#573,#575,#475,.T.);
#712=EDGE_CURVE('',#577,#578,#476,.T.);
#713=EDGE_CURVE('',#578,#576,#57,.T.);
#714=EDGE_CURVE('',#575,#577,#58,.T.);
#715=EDGE_CURVE('',#579,#580,#477,.T.);
#716=EDGE_CURVE('',#580,#578,#478,.T.);
#717=EDGE_CURVE('',#577,#579,#479,.T.);
#718=EDGE_CURVE('',#581,#582,#480,.T.);
#719=EDGE_CURVE('',#582,#580,#59,.T.);
#720=EDGE_CURVE('',#579,#581,#60,.T.);
#721=EDGE_CURVE('',#583,#584,#481,.T.);
#722=EDGE_CURVE('',#584,#582,#482,.T.);
#723=EDGE_CURVE('',#581,#583,#483,.T.);
#724=EDGE_CURVE('',#585,#586,#484,.T.);
#725=EDGE_CURVE('',#586,#584,#61,.T.);
#726=EDGE_CURVE('',#583,#585,#62,.T.);
#727=EDGE_CURVE('',#587,#588,#485,.T.);
#728=EDGE_CURVE('',#588,#586,#486,.T.);
#729=EDGE_CURVE('',#585,#587,#487,.T.);
#730=EDGE_CURVE('',#589,#590,#488,.T.);
#731=EDGE_CURVE('',#590,#588,#63,.T.);
#732=EDGE_CURVE('',#587,#589,#64,.T.);
#733=EDGE_CURVE('',#591,#592,#489,.T.);
#734=EDGE_CURVE('',#592,#590,#490,.T.);
#735=EDGE_CURVE('',#589,#591,#491,.T.);
#736=EDGE_CURVE('',#593,#594,#492,.T.);
#737=EDGE_CURVE('',#594,#592,#65,.T.);
#738=EDGE_CURVE('',#591,#593,#66,.T.);
#739=EDGE_CURVE('',#595,#596,#493,.T.);
#740=EDGE_CURVE('',#596,#594,#494,.T.);
#741=EDGE_CURVE('',#593,#595,#495,.T.);
#742=EDGE_CURVE('',#597,#598,#496,.T.);
#743=EDGE_CURVE('',#598,#596,#67,.T.);
#744=EDGE_CURVE('',#595,#597,#68,.T.);
#745=EDGE_CURVE('',#599,#600,#497,.T.);
#746=EDGE_CURVE('',#600,#598,#498,.T.);
#747=EDGE_CURVE('',#597,#599,#499,.T.);
#748=EDGE_CURVE('',#601,#602,#500,.T.);
#749=EDGE_CURVE('',#602,#600,#69,.T.);
#750=EDGE_CURVE('',#599,#601,#70,.T.);
#751=EDGE_CURVE('',#603,#604,#501,.T.);
#752=EDGE_CURVE('',#604,#602,#502,.T.);
#753=EDGE_CURVE('',#601,#603,#503,.T.);
#754=EDGE_CURVE('',#533,#604,#71,.T.);
#755=EDGE_CURVE('',#603,#534,#72,.T.);
#756=EDGE_CURVE('',#605,#574,#73,.T.);
#757=EDGE_CURVE('',#606,#605,#74,.F.);
#758=EDGE_CURVE('',#572,#606,#75,.T.);
#759=EDGE_CURVE('',#576,#607,#76,.T.);
#760=EDGE_CURVE('',#607,#605,#504,.T.);
#761=EDGE_CURVE('',#608,#578,#77,.T.);
#762=EDGE_CURVE('',#607,#608,#78,.F.);
#763=EDGE_CURVE('',#580,#609,#79,.T.);
#764=EDGE_CURVE('',#609,#608,#505,.T.);
#765=EDGE_CURVE('',#610,#582,#80,.T.);
#766=EDGE_CURVE('',#609,#610,#81,.F.);
#767=EDGE_CURVE('',#584,#611,#82,.T.);
#768=EDGE_CURVE('',#611,#610,#506,.T.);
#769=EDGE_CURVE('',#612,#586,#83,.T.);
#770=EDGE_CURVE('',#611,#612,#84,.F.);
#771=EDGE_CURVE('',#588,#613,#85,.T.);
#772=EDGE_CURVE('',#613,#612,#507,.T.);
#773=EDGE_CURVE('',#614,#590,#86,.T.);
#774=EDGE_CURVE('',#613,#614,#87,.F.);
#775=EDGE_CURVE('',#592,#615,#88,.T.);
#776=EDGE_CURVE('',#615,#614,#508,.T.);
#777=EDGE_CURVE('',#616,#594,#89,.T.);
#778=EDGE_CURVE('',#615,#616,#90,.F.);
#779=EDGE_CURVE('',#596,#617,#91,.T.);
#780=EDGE_CURVE('',#617,#616,#509,.T.);
#781=EDGE_CURVE('',#618,#598,#92,.T.);
#782=EDGE_CURVE('',#617,#618,#93,.F.);
#783=EDGE_CURVE('',#600,#619,#94,.T.);
#784=EDGE_CURVE('',#619,#618,#510,.T.);
#785=EDGE_CURVE('',#620,#602,#95,.T.);
#786=EDGE_CURVE('',#619,#620,#96,.F.);
#787=EDGE_CURVE('',#604,#621,#97,.T.);
#788=EDGE_CURVE('',#621,#620,#511,.T.);
#789=EDGE_CURVE('',#622,#533,#98,.T.);
#790=EDGE_CURVE('',#621,#622,#99,.F.);
#791=EDGE_CURVE('',#623,#536,#100,.T.);
#792=EDGE_CURVE('',#623,#622,#512,.T.);
#793=EDGE_CURVE('',#538,#624,#101,.T.);
#794=EDGE_CURVE('',#624,#623,#513,.T.);
#795=EDGE_CURVE('',#625,#540,#102,.T.);
#796=EDGE_CURVE('',#625,#624,#103,.T.);
#797=EDGE_CURVE('',#544,#626,#104,.T.);
#798=EDGE_CURVE('',#627,#626,#514,.F.);
#799=EDGE_CURVE('',#627,#542,#105,.T.);
#800=EDGE_CURVE('',#628,#546,#106,.T.);
#801=EDGE_CURVE('',#626,#628,#107,.F.);
#802=EDGE_CURVE('',#627,#625,#515,.T.);
#803=EDGE_CURVE('',#629,#628,#516,.T.);
#804=EDGE_CURVE('',#630,#629,#517,.T.);
#805=EDGE_CURVE('',#631,#630,#518,.T.);
#806=EDGE_CURVE('',#631,#632,#108,.F.);
#807=EDGE_CURVE('',#633,#632,#519,.T.);
#808=EDGE_CURVE('',#633,#634,#109,.F.);
#809=EDGE_CURVE('',#635,#634,#520,.T.);
#810=EDGE_CURVE('',#635,#636,#110,.F.);
#811=EDGE_CURVE('',#637,#636,#521,.T.);
#812=EDGE_CURVE('',#637,#638,#111,.F.);
#813=EDGE_CURVE('',#639,#638,#522,.T.);
#814=EDGE_CURVE('',#639,#640,#112,.F.);
#815=EDGE_CURVE('',#606,#640,#523,.T.);
#816=EDGE_CURVE('',#548,#629,#113,.T.);
#817=EDGE_CURVE('',#630,#550,#114,.T.);
#818=EDGE_CURVE('',#552,#631,#115,.T.);
#819=EDGE_CURVE('',#568,#639,#116,.T.);
#820=EDGE_CURVE('',#638,#566,#117,.T.);
#821=EDGE_CURVE('',#564,#637,#118,.T.);
#822=EDGE_CURVE('',#636,#562,#119,.T.);
#823=EDGE_CURVE('',#560,#635,#120,.T.);
#824=EDGE_CURVE('',#556,#633,#121,.T.);
#825=EDGE_CURVE('',#632,#554,#122,.T.);
#826=EDGE_CURVE('',#640,#570,#123,.T.);
#827=EDGE_CURVE('',#634,#558,#124,.T.);
#828=EDGE_CURVE('',#641,#642,#524,.T.);
#829=EDGE_CURVE('',#642,#643,#525,.T.);
#830=EDGE_CURVE('',#643,#643,#526,.T.);
#831=EDGE_CURVE('',#642,#641,#527,.T.);
#832=EDGE_CURVE('',#641,#644,#125,.T.);
#833=EDGE_CURVE('',#644,#644,#528,.T.);
#834=EDGE_CURVE('',#645,#645,#529,.T.);
#835=EDGE_CURVE('',#645,#646,#530,.T.);
#836=EDGE_CURVE('',#646,#646,#531,.T.);
#837=EDGE_CURVE('',#645,#647,#126,.T.);
#838=EDGE_CURVE('',#647,#647,#532,.T.);
#839=ORIENTED_EDGE('',*,*,#648,.T.);
#840=ORIENTED_EDGE('',*,*,#649,.T.);
#841=ORIENTED_EDGE('',*,*,#650,.T.);
#842=ORIENTED_EDGE('',*,*,#651,.T.);
#843=ORIENTED_EDGE('',*,*,#652,.T.);
#844=ORIENTED_EDGE('',*,*,#653,.T.);
#845=ORIENTED_EDGE('',*,*,#650,.F.);
#846=ORIENTED_EDGE('',*,*,#654,.T.);
#847=ORIENTED_EDGE('',*,*,#655,.T.);
#848=ORIENTED_EDGE('',*,*,#656,.T.);
#849=ORIENTED_EDGE('',*,*,#652,.F.);
#850=ORIENTED_EDGE('',*,*,#657,.T.);
#851=ORIENTED_EDGE('',*,*,#658,.T.);
#852=ORIENTED_EDGE('',*,*,#659,.T.);
#853=ORIENTED_EDGE('',*,*,#655,.F.);
#854=ORIENTED_EDGE('',*,*,#660,.T.);
#855=ORIENTED_EDGE('',*,*,#661,.T.);
#856=ORIENTED_EDGE('',*,*,#662,.T.);
#857=ORIENTED_EDGE('',*,*,#658,.F.);
#858=ORIENTED_EDGE('',*,*,#663,.T.);
#859=ORIENTED_EDGE('',*,*,#664,.T.);
#860=ORIENTED_EDGE('',*,*,#665,.T.);
#861=ORIENTED_EDGE('',*,*,#661,.F.);
#862=ORIENTED_EDGE('',*,*,#666,.T.);
#863=ORIENTED_EDGE('',*,*,#667,.T.);
#864=ORIENTED_EDGE('',*,*,#668,.T.);
#865=ORIENTED_EDGE('',*,*,#664,.F.);
#866=ORIENTED_EDGE('',*,*,#669,.T.);
#867=ORIENTED_EDGE('',*,*,#670,.T.);
#868=ORIENTED_EDGE('',*,*,#671,.T.);
#869=ORIENTED_EDGE('',*,*,#667,.F.);
#870=ORIENTED_EDGE('',*,*,#672,.T.);
#871=ORIENTED_EDGE('',*,*,#673,.T.);
#872=ORIENTED_EDGE('',*,*,#674,.T.);
#873=ORIENTED_EDGE('',*,*,#670,.F.);
#874=ORIENTED_EDGE('',*,*,#675,.T.);
#875=ORIENTED_EDGE('',*,*,#676,.T.);
#876=ORIENTED_EDGE('',*,*,#677,.T.);
#877=ORIENTED_EDGE('',*,*,#673,.F.);
#878=ORIENTED_EDGE('',*,*,#678,.T.);
#879=ORIENTED_EDGE('',*,*,#679,.T.);
#880=ORIENTED_EDGE('',*,*,#680,.T.);
#881=ORIENTED_EDGE('',*,*,#676,.F.);
#882=ORIENTED_EDGE('',*,*,#681,.T.);
#883=ORIENTED_EDGE('',*,*,#682,.T.);
#884=ORIENTED_EDGE('',*,*,#683,.T.);
#885=ORIENTED_EDGE('',*,*,#679,.F.);
#886=ORIENTED_EDGE('',*,*,#684,.T.);
#887=ORIENTED_EDGE('',*,*,#685,.T.);
#888=ORIENTED_EDGE('',*,*,#686,.T.);
#889=ORIENTED_EDGE('',*,*,#682,.F.);
#890=ORIENTED_EDGE('',*,*,#687,.T.);
#891=ORIENTED_EDGE('',*,*,#688,.T.);
#892=ORIENTED_EDGE('',*,*,#689,.T.);
#893=ORIENTED_EDGE('',*,*,#685,.F.);
#894=ORIENTED_EDGE('',*,*,#690,.T.);
#895=ORIENTED_EDGE('',*,*,#691,.T.);
#896=ORIENTED_EDGE('',*,*,#692,.T.);
#897=ORIENTED_EDGE('',*,*,#688,.F.);
#898=ORIENTED_EDGE('',*,*,#693,.T.);
#899=ORIENTED_EDGE('',*,*,#694,.T.);
#900=ORIENTED_EDGE('',*,*,#695,.T.);
#901=ORIENTED_EDGE('',*,*,#691,.F.);
#902=ORIENTED_EDGE('',*,*,#696,.T.);
#903=ORIENTED_EDGE('',*,*,#697,.T.);
#904=ORIENTED_EDGE('',*,*,#698,.T.);
#905=ORIENTED_EDGE('',*,*,#694,.F.);
#906=ORIENTED_EDGE('',*,*,#699,.T.);
#907=ORIENTED_EDGE('',*,*,#700,.T.);
#908=ORIENTED_EDGE('',*,*,#701,.T.);
#909=ORIENTED_EDGE('',*,*,#697,.F.);
#910=ORIENTED_EDGE('',*,*,#702,.T.);
#911=ORIENTED_EDGE('',*,*,#703,.T.);
#912=ORIENTED_EDGE('',*,*,#704,.T.);
#913=ORIENTED_EDGE('',*,*,#700,.F.);
#914=ORIENTED_EDGE('',*,*,#705,.T.);
#915=ORIENTED_EDGE('',*,*,#706,.T.);
#916=ORIENTED_EDGE('',*,*,#707,.T.);
#917=ORIENTED_EDGE('',*,*,#703,.F.);
#918=ORIENTED_EDGE('',*,*,#708,.T.);
#919=ORIENTED_EDGE('',*,*,#709,.T.);
#920=ORIENTED_EDGE('',*,*,#710,.T.);
#921=ORIENTED_EDGE('',*,*,#706,.F.);
#922=ORIENTED_EDGE('',*,*,#711,.T.);
#923=ORIENTED_EDGE('',*,*,#712,.T.);
#924=ORIENTED_EDGE('',*,*,#713,.T.);
#925=ORIENTED_EDGE('',*,*,#709,.F.);
#926=ORIENTED_EDGE('',*,*,#714,.T.);
#927=ORIENTED_EDGE('',*,*,#715,.T.);
#928=ORIENTED_EDGE('',*,*,#716,.T.);
#929=ORIENTED_EDGE('',*,*,#712,.F.);
#930=ORIENTED_EDGE('',*,*,#717,.T.);
#931=ORIENTED_EDGE('',*,*,#718,.T.);
#932=ORIENTED_EDGE('',*,*,#719,.T.);
#933=ORIENTED_EDGE('',*,*,#715,.F.);
#934=ORIENTED_EDGE('',*,*,#720,.T.);
#935=ORIENTED_EDGE('',*,*,#721,.T.);
#936=ORIENTED_EDGE('',*,*,#722,.T.);
#937=ORIENTED_EDGE('',*,*,#718,.F.);
#938=ORIENTED_EDGE('',*,*,#723,.T.);
#939=ORIENTED_EDGE('',*,*,#724,.T.);
#940=ORIENTED_EDGE('',*,*,#725,.T.);
#941=ORIENTED_EDGE('',*,*,#721,.F.);
#942=ORIENTED_EDGE('',*,*,#726,.T.);
#943=ORIENTED_EDGE('',*,*,#727,.T.);
#944=ORIENTED_EDGE('',*,*,#728,.T.);
#945=ORIENTED_EDGE('',*,*,#724,.F.);
#946=ORIENTED_EDGE('',*,*,#729,.T.);
#947=ORIENTED_EDGE('',*,*,#730,.T.);
#948=ORIENTED_EDGE('',*,*,#731,.T.);
#949=ORIENTED_EDGE('',*,*,#727,.F.);
#950=ORIENTED_EDGE('',*,*,#732,.T.);
#951=ORIENTED_EDGE('',*,*,#733,.T.);
#952=ORIENTED_EDGE('',*,*,#734,.T.);
#953=ORIENTED_EDGE('',*,*,#730,.F.);
#954=ORIENTED_EDGE('',*,*,#735,.T.);
#955=ORIENTED_EDGE('',*,*,#736,.T.);
#956=ORIENTED_EDGE('',*,*,#737,.T.);
#957=ORIENTED_EDGE('',*,*,#733,.F.);
#958=ORIENTED_EDGE('',*,*,#738,.T.);
#959=ORIENTED_EDGE('',*,*,#739,.T.);
#960=ORIENTED_EDGE('',*,*,#740,.T.);
#961=ORIENTED_EDGE('',*,*,#736,.F.);
#962=ORIENTED_EDGE('',*,*,#741,.T.);
#963=ORIENTED_EDGE('',*,*,#742,.T.);
#964=ORIENTED_EDGE('',*,*,#743,.T.);
#965=ORIENTED_EDGE('',*,*,#739,.F.);
#966=ORIENTED_EDGE('',*,*,#744,.T.);
#967=ORIENTED_EDGE('',*,*,#745,.T.);
#968=ORIENTED_EDGE('',*,*,#746,.T.);
#969=ORIENTED_EDGE('',*,*,#742,.F.);
#970=ORIENTED_EDGE('',*,*,#747,.T.);
#971=ORIENTED_EDGE('',*,*,#748,.T.);
#972=ORIENTED_EDGE('',*,*,#749,.T.);
#973=ORIENTED_EDGE('',*,*,#745,.F.);
#974=ORIENTED_EDGE('',*,*,#750,.T.);
#975=ORIENTED_EDGE('',*,*,#751,.T.);
#976=ORIENTED_EDGE('',*,*,#752,.T.);
#977=ORIENTED_EDGE('',*,*,#748,.F.);
#978=ORIENTED_EDGE('',*,*,#753,.T.);
#979=ORIENTED_EDGE('',*,*,#648,.F.);
#980=ORIENTED_EDGE('',*,*,#754,.T.);
#981=ORIENTED_EDGE('',*,*,#751,.F.);
#982=ORIENTED_EDGE('',*,*,#755,.T.);
#983=ORIENTED_EDGE('',*,*,#707,.F.);
#984=ORIENTED_EDGE('',*,*,#756,.F.);
#985=ORIENTED_EDGE('',*,*,#757,.F.);
#986=ORIENTED_EDGE('',*,*,#758,.F.);
#987=ORIENTED_EDGE('',*,*,#710,.F.);
#988=ORIENTED_EDGE('',*,*,#759,.T.);
#989=ORIENTED_EDGE('',*,*,#760,.T.);
#990=ORIENTED_EDGE('',*,*,#756,.T.);
#991=ORIENTED_EDGE('',*,*,#713,.F.);
#992=ORIENTED_EDGE('',*,*,#761,.F.);
#993=ORIENTED_EDGE('',*,*,#762,.F.);
#994=ORIENTED_EDGE('',*,*,#759,.F.);
#995=ORIENTED_EDGE('',*,*,#716,.F.);
#996=ORIENTED_EDGE('',*,*,#763,.T.);
#997=ORIENTED_EDGE('',*,*,#764,.T.);
#998=ORIENTED_EDGE('',*,*,#761,.T.);
#999=ORIENTED_EDGE('',*,*,#719,.F.);
#1000=ORIENTED_EDGE('',*,*,#765,.F.);
#1001=ORIENTED_EDGE('',*,*,#766,.F.);
#1002=ORIENTED_EDGE('',*,*,#763,.F.);
#1003=ORIENTED_EDGE('',*,*,#722,.F.);
#1004=ORIENTED_EDGE('',*,*,#767,.T.);
#1005=ORIENTED_EDGE('',*,*,#768,.T.);
#1006=ORIENTED_EDGE('',*,*,#765,.T.);
#1007=ORIENTED_EDGE('',*,*,#725,.F.);
#1008=ORIENTED_EDGE('',*,*,#769,.F.);
#1009=ORIENTED_EDGE('',*,*,#770,.F.);
#1010=ORIENTED_EDGE('',*,*,#767,.F.);
#1011=ORIENTED_EDGE('',*,*,#728,.F.);
#1012=ORIENTED_EDGE('',*,*,#771,.T.);
#1013=ORIENTED_EDGE('',*,*,#772,.T.);
#1014=ORIENTED_EDGE('',*,*,#769,.T.);
#1015=ORIENTED_EDGE('',*,*,#731,.F.);
#1016=ORIENTED_EDGE('',*,*,#773,.F.);
#1017=ORIENTED_EDGE('',*,*,#774,.F.);
#1018=ORIENTED_EDGE('',*,*,#771,.F.);
#1019=ORIENTED_EDGE('',*,*,#734,.F.);
#1020=ORIENTED_EDGE('',*,*,#775,.T.);
#1021=ORIENTED_EDGE('',*,*,#776,.T.);
#1022=ORIENTED_EDGE('',*,*,#773,.T.);
#1023=ORIENTED_EDGE('',*,*,#737,.F.);
#1024=ORIENTED_EDGE('',*,*,#777,.F.);
#1025=ORIENTED_EDGE('',*,*,#778,.F.);
#1026=ORIENTED_EDGE('',*,*,#775,.F.);
#1027=ORIENTED_EDGE('',*,*,#740,.F.);
#1028=ORIENTED_EDGE('',*,*,#779,.T.);
#1029=ORIENTED_EDGE('',*,*,#780,.T.);
#1030=ORIENTED_EDGE('',*,*,#777,.T.);
#1031=ORIENTED_EDGE('',*,*,#743,.F.);
#1032=ORIENTED_EDGE('',*,*,#781,.F.);
#1033=ORIENTED_EDGE('',*,*,#782,.F.);
#1034=ORIENTED_EDGE('',*,*,#779,.F.);
#1035=ORIENTED_EDGE('',*,*,#746,.F.);
#1036=ORIENTED_EDGE('',*,*,#783,.T.);
#1037=ORIENTED_EDGE('',*,*,#784,.T.);
#1038=ORIENTED_EDGE('',*,*,#781,.T.);
#1039=ORIENTED_EDGE('',*,*,#749,.F.);
#1040=ORIENTED_EDGE('',*,*,#785,.F.);
#1041=ORIENTED_EDGE('',*,*,#786,.F.);
#1042=ORIENTED_EDGE('',*,*,#783,.F.);
#1043=ORIENTED_EDGE('',*,*,#752,.F.);
#1044=ORIENTED_EDGE('',*,*,#787,.T.);
#1045=ORIENTED_EDGE('',*,*,#788,.T.);
#1046=ORIENTED_EDGE('',*,*,#785,.T.);
#1047=ORIENTED_EDGE('',*,*,#754,.F.);
#1048=ORIENTED_EDGE('',*,*,#789,.F.);
#1049=ORIENTED_EDGE('',*,*,#790,.F.);
#1050=ORIENTED_EDGE('',*,*,#787,.F.);
#1051=ORIENTED_EDGE('',*,*,#651,.F.);
#1052=ORIENTED_EDGE('',*,*,#791,.F.);
#1053=ORIENTED_EDGE('',*,*,#792,.T.);
#1054=ORIENTED_EDGE('',*,*,#789,.T.);
#1055=ORIENTED_EDGE('',*,*,#649,.F.);
#1056=ORIENTED_EDGE('',*,*,#755,.F.);
#1057=ORIENTED_EDGE('',*,*,#753,.F.);
#1058=ORIENTED_EDGE('',*,*,#750,.F.);
#1059=ORIENTED_EDGE('',*,*,#747,.F.);
#1060=ORIENTED_EDGE('',*,*,#744,.F.);
#1061=ORIENTED_EDGE('',*,*,#741,.F.);
#1062=ORIENTED_EDGE('',*,*,#738,.F.);
#1063=ORIENTED_EDGE('',*,*,#735,.F.);
#1064=ORIENTED_EDGE('',*,*,#732,.F.);
#1065=ORIENTED_EDGE('',*,*,#729,.F.);
#1066=ORIENTED_EDGE('',*,*,#726,.F.);
#1067=ORIENTED_EDGE('',*,*,#723,.F.);
#1068=ORIENTED_EDGE('',*,*,#720,.F.);
#1069=ORIENTED_EDGE('',*,*,#717,.F.);
#1070=ORIENTED_EDGE('',*,*,#714,.F.);
#1071=ORIENTED_EDGE('',*,*,#711,.F.);
#1072=ORIENTED_EDGE('',*,*,#708,.F.);
#1073=ORIENTED_EDGE('',*,*,#705,.F.);
#1074=ORIENTED_EDGE('',*,*,#702,.F.);
#1075=ORIENTED_EDGE('',*,*,#699,.F.);
#1076=ORIENTED_EDGE('',*,*,#696,.F.);
#1077=ORIENTED_EDGE('',*,*,#693,.F.);
#1078=ORIENTED_EDGE('',*,*,#690,.F.);
#1079=ORIENTED_EDGE('',*,*,#687,.F.);
#1080=ORIENTED_EDGE('',*,*,#684,.F.);
#1081=ORIENTED_EDGE('',*,*,#681,.F.);
#1082=ORIENTED_EDGE('',*,*,#678,.F.);
#1083=ORIENTED_EDGE('',*,*,#675,.F.);
#1084=ORIENTED_EDGE('',*,*,#672,.F.);
#1085=ORIENTED_EDGE('',*,*,#669,.F.);
#1086=ORIENTED_EDGE('',*,*,#666,.F.);
#1087=ORIENTED_EDGE('',*,*,#663,.F.);
#1088=ORIENTED_EDGE('',*,*,#660,.F.);
#1089=ORIENTED_EDGE('',*,*,#657,.F.);
#1090=ORIENTED_EDGE('',*,*,#654,.F.);
#1091=ORIENTED_EDGE('',*,*,#653,.F.);
#1092=ORIENTED_EDGE('',*,*,#793,.T.);
#1093=ORIENTED_EDGE('',*,*,#794,.T.);
#1094=ORIENTED_EDGE('',*,*,#791,.T.);
#1095=ORIENTED_EDGE('',*,*,#656,.F.);
#1096=ORIENTED_EDGE('',*,*,#795,.F.);
#1097=ORIENTED_EDGE('',*,*,#796,.T.);
#1098=ORIENTED_EDGE('',*,*,#793,.F.);
#1099=ORIENTED_EDGE('',*,*,#662,.F.);
#1100=ORIENTED_EDGE('',*,*,#797,.T.);
#1101=ORIENTED_EDGE('',*,*,#798,.F.);
#1102=ORIENTED_EDGE('',*,*,#799,.T.);
#1103=ORIENTED_EDGE('',*,*,#665,.F.);
#1104=ORIENTED_EDGE('',*,*,#800,.F.);
#1105=ORIENTED_EDGE('',*,*,#801,.F.);
#1106=ORIENTED_EDGE('',*,*,#797,.F.);
#1107=ORIENTED_EDGE('',*,*,#659,.F.);
#1108=ORIENTED_EDGE('',*,*,#799,.F.);
#1109=ORIENTED_EDGE('',*,*,#802,.T.);
#1110=ORIENTED_EDGE('',*,*,#795,.T.);
#1111=ORIENTED_EDGE('',*,*,#801,.T.);
#1112=ORIENTED_EDGE('',*,*,#803,.F.);
#1113=ORIENTED_EDGE('',*,*,#804,.F.);
#1114=ORIENTED_EDGE('',*,*,#805,.F.);
#1115=ORIENTED_EDGE('',*,*,#806,.T.);
#1116=ORIENTED_EDGE('',*,*,#807,.F.);
#1117=ORIENTED_EDGE('',*,*,#808,.T.);
#1118=ORIENTED_EDGE('',*,*,#809,.F.);
#1119=ORIENTED_EDGE('',*,*,#810,.T.);
#1120=ORIENTED_EDGE('',*,*,#811,.F.);
#1121=ORIENTED_EDGE('',*,*,#812,.T.);
#1122=ORIENTED_EDGE('',*,*,#813,.F.);
#1123=ORIENTED_EDGE('',*,*,#814,.T.);
#1124=ORIENTED_EDGE('',*,*,#815,.F.);
#1125=ORIENTED_EDGE('',*,*,#757,.T.);
#1126=ORIENTED_EDGE('',*,*,#760,.F.);
#1127=ORIENTED_EDGE('',*,*,#762,.T.);
#1128=ORIENTED_EDGE('',*,*,#764,.F.);
#1129=ORIENTED_EDGE('',*,*,#766,.T.);
#1130=ORIENTED_EDGE('',*,*,#768,.F.);
#1131=ORIENTED_EDGE('',*,*,#770,.T.);
#1132=ORIENTED_EDGE('',*,*,#772,.F.);
#1133=ORIENTED_EDGE('',*,*,#774,.T.);
#1134=ORIENTED_EDGE('',*,*,#776,.F.);
#1135=ORIENTED_EDGE('',*,*,#778,.T.);
#1136=ORIENTED_EDGE('',*,*,#780,.F.);
#1137=ORIENTED_EDGE('',*,*,#782,.T.);
#1138=ORIENTED_EDGE('',*,*,#784,.F.);
#1139=ORIENTED_EDGE('',*,*,#786,.T.);
#1140=ORIENTED_EDGE('',*,*,#788,.F.);
#1141=ORIENTED_EDGE('',*,*,#790,.T.);
#1142=ORIENTED_EDGE('',*,*,#792,.F.);
#1143=ORIENTED_EDGE('',*,*,#794,.F.);
#1144=ORIENTED_EDGE('',*,*,#796,.F.);
#1145=ORIENTED_EDGE('',*,*,#802,.F.);
#1146=ORIENTED_EDGE('',*,*,#798,.T.);
#1147=ORIENTED_EDGE('',*,*,#668,.F.);
#1148=ORIENTED_EDGE('',*,*,#816,.T.);
#1149=ORIENTED_EDGE('',*,*,#803,.T.);
#1150=ORIENTED_EDGE('',*,*,#800,.T.);
#1151=ORIENTED_EDGE('',*,*,#671,.F.);
#1152=ORIENTED_EDGE('',*,*,#817,.F.);
#1153=ORIENTED_EDGE('',*,*,#804,.T.);
#1154=ORIENTED_EDGE('',*,*,#816,.F.);
#1155=ORIENTED_EDGE('',*,*,#674,.F.);
#1156=ORIENTED_EDGE('',*,*,#818,.T.);
#1157=ORIENTED_EDGE('',*,*,#805,.T.);
#1158=ORIENTED_EDGE('',*,*,#817,.T.);
#1159=ORIENTED_EDGE('',*,*,#698,.F.);
#1160=ORIENTED_EDGE('',*,*,#819,.T.);
#1161=ORIENTED_EDGE('',*,*,#813,.T.);
#1162=ORIENTED_EDGE('',*,*,#820,.T.);
#1163=ORIENTED_EDGE('',*,*,#695,.F.);
#1164=ORIENTED_EDGE('',*,*,#820,.F.);
#1165=ORIENTED_EDGE('',*,*,#812,.F.);
#1166=ORIENTED_EDGE('',*,*,#821,.F.);
#1167=ORIENTED_EDGE('',*,*,#692,.F.);
#1168=ORIENTED_EDGE('',*,*,#821,.T.);
#1169=ORIENTED_EDGE('',*,*,#811,.T.);
#1170=ORIENTED_EDGE('',*,*,#822,.T.);
#1171=ORIENTED_EDGE('',*,*,#689,.F.);
#1172=ORIENTED_EDGE('',*,*,#822,.F.);
#1173=ORIENTED_EDGE('',*,*,#810,.F.);
#1174=ORIENTED_EDGE('',*,*,#823,.F.);
#1175=ORIENTED_EDGE('',*,*,#680,.F.);
#1176=ORIENTED_EDGE('',*,*,#824,.T.);
#1177=ORIENTED_EDGE('',*,*,#807,.T.);
#1178=ORIENTED_EDGE('',*,*,#825,.T.);
#1179=ORIENTED_EDGE('',*,*,#677,.F.);
#1180=ORIENTED_EDGE('',*,*,#825,.F.);
#1181=ORIENTED_EDGE('',*,*,#806,.F.);
#1182=ORIENTED_EDGE('',*,*,#818,.F.);
#1183=ORIENTED_EDGE('',*,*,#704,.F.);
#1184=ORIENTED_EDGE('',*,*,#758,.T.);
#1185=ORIENTED_EDGE('',*,*,#815,.T.);
#1186=ORIENTED_EDGE('',*,*,#826,.T.);
#1187=ORIENTED_EDGE('',*,*,#686,.F.);
#1188=ORIENTED_EDGE('',*,*,#823,.T.);
#1189=ORIENTED_EDGE('',*,*,#809,.T.);
#1190=ORIENTED_EDGE('',*,*,#827,.T.);
#1191=ORIENTED_EDGE('',*,*,#701,.F.);
#1192=ORIENTED_EDGE('',*,*,#826,.F.);
#1193=ORIENTED_EDGE('',*,*,#814,.F.);
#1194=ORIENTED_EDGE('',*,*,#819,.F.);
#1195=ORIENTED_EDGE('',*,*,#683,.F.);
#1196=ORIENTED_EDGE('',*,*,#827,.F.);
#1197=ORIENTED_EDGE('',*,*,#808,.F.);
#1198=ORIENTED_EDGE('',*,*,#824,.F.);
#1199=ORIENTED_EDGE('',*,*,#828,.T.);
#1200=ORIENTED_EDGE('',*,*,#829,.T.);
#1201=ORIENTED_EDGE('',*,*,#830,.T.);
#1202=ORIENTED_EDGE('',*,*,#829,.F.);
#1203=ORIENTED_EDGE('',*,*,#831,.T.);
#1204=ORIENTED_EDGE('',*,*,#828,.F.);
#1205=ORIENTED_EDGE('',*,*,#832,.T.);
#1206=ORIENTED_EDGE('',*,*,#833,.T.);
#1207=ORIENTED_EDGE('',*,*,#832,.F.);
#1208=ORIENTED_EDGE('',*,*,#831,.F.);
#1209=ORIENTED_EDGE('',*,*,#830,.F.);
#1210=ORIENTED_EDGE('',*,*,#833,.F.);
#1211=ORIENTED_EDGE('',*,*,#834,.T.);
#1212=ORIENTED_EDGE('',*,*,#835,.T.);
#1213=ORIENTED_EDGE('',*,*,#836,.T.);
#1214=ORIENTED_EDGE('',*,*,#835,.F.);
#1215=ORIENTED_EDGE('',*,*,#834,.F.);
#1216=ORIENTED_EDGE('',*,*,#837,.T.);
#1217=ORIENTED_EDGE('',*,*,#838,.T.);
#1218=ORIENTED_EDGE('',*,*,#837,.F.);
#1219=ORIENTED_EDGE('',*,*,#836,.F.);
#1220=ORIENTED_EDGE('',*,*,#838,.F.);
#1221=(
BOUNDED_SURFACE()
B_SPLINE_SURFACE(2,2,((#1951,#1952,#1953),(#1954,#1955,#1956),(#1957,#1958,
#1959)),.UNSPECIFIED.,.F.,.F.,.F.)
B_SPLINE_SURFACE_WITH_KNOTS((3,3),(3,3),(-1.5707963267949,0.),(-2.7755575615629E-15,
1.49379718613807),.UNSPECIFIED.)
GEOMETRIC_REPRESENTATION_ITEM()
RATIONAL_B_SPLINE_SURFACE(((1.,0.733799385705343,1.),(0.707106781186547,
0.51887452166277,0.707106781186547),(1.,0.733799385705343,1.)))
REPRESENTATION_ITEM('')
SURFACE()
);
#1222=(
BOUNDED_SURFACE()
B_SPLINE_SURFACE(2,2,((#2022,#2023,#2024),(#2025,#2026,#2027),(#2028,#2029,
#2030)),.UNSPECIFIED.,.F.,.F.,.F.)
B_SPLINE_SURFACE_WITH_KNOTS((3,3),(3,3),(-1.5707963267949,0.),(1.5707963267949,
3.14159265358979),.UNSPECIFIED.)
GEOMETRIC_REPRESENTATION_ITEM()
RATIONAL_B_SPLINE_SURFACE(((1.,0.707106781186548,1.),(0.707106781186545,
0.499999999999999,0.707106781186545),(1.,0.707106781186548,1.)))
REPRESENTATION_ITEM('')
SURFACE()
);
#1223=(
BOUNDED_SURFACE()
B_SPLINE_SURFACE(2,2,((#2054,#2055,#2056),(#2057,#2058,#2059),(#2060,#2061,
#2062)),.UNSPECIFIED.,.F.,.F.,.F.)
B_SPLINE_SURFACE_WITH_KNOTS((3,3),(3,3),(-1.5707963267949,0.),(1.5707963267949,
3.14159265358979),.UNSPECIFIED.)
GEOMETRIC_REPRESENTATION_ITEM()
RATIONAL_B_SPLINE_SURFACE(((1.,0.707106781186548,1.),(0.70710678118653,
0.499999999999988,0.70710678118653),(1.,0.707106781186548,1.)))
REPRESENTATION_ITEM('')
SURFACE()
);
#1224=(
BOUNDED_SURFACE()
B_SPLINE_SURFACE(2,2,((#2074,#2075,#2076),(#2077,#2078,#2079),(#2080,#2081,
#2082)),.UNSPECIFIED.,.F.,.F.,.F.)
B_SPLINE_SURFACE_WITH_KNOTS((3,3),(3,3),(-1.5707963267949,0.),(-3.14159265358979,
-1.5707963267949),.UNSPECIFIED.)
GEOMETRIC_REPRESENTATION_ITEM()
RATIONAL_B_SPLINE_SURFACE(((1.,0.707106781186548,1.),(0.707106781186535,
0.499999999999991,0.707106781186535),(1.,0.707106781186548,1.)))
REPRESENTATION_ITEM('')
SURFACE()
);
#1225=(
BOUNDED_SURFACE()
B_SPLINE_SURFACE(2,2,((#2106,#2107,#2108),(#2109,#2110,#2111),(#2112,#2113,
#2114)),.UNSPECIFIED.,.F.,.F.,.F.)
B_SPLINE_SURFACE_WITH_KNOTS((3,3),(3,3),(-1.5707963267949,0.),(-3.14159265358979,
-1.5707963267949),.UNSPECIFIED.)
GEOMETRIC_REPRESENTATION_ITEM()
RATIONAL_B_SPLINE_SURFACE(((1.,0.707106781186548,1.),(0.707106781186544,
0.499999999999998,0.707106781186544),(1.,0.707106781186548,1.)))
REPRESENTATION_ITEM('')
SURFACE()
);
#1226=(
BOUNDED_SURFACE()
B_SPLINE_SURFACE(2,2,((#2138,#2139,#2140),(#2141,#2142,#2143),(#2144,#2145,
#2146)),.UNSPECIFIED.,.F.,.F.,.F.)
B_SPLINE_SURFACE_WITH_KNOTS((3,3),(3,3),(-1.5707963267949,0.),(-3.14159265358979,
-1.5707963267949),.UNSPECIFIED.)
GEOMETRIC_REPRESENTATION_ITEM()
RATIONAL_B_SPLINE_SURFACE(((1.,0.707106781186548,1.),(0.707106781186549,
0.500000000000001,0.707106781186549),(1.,0.707106781186548,1.)))
REPRESENTATION_ITEM('')
SURFACE()
);
#1227=(
BOUNDED_SURFACE()
B_SPLINE_SURFACE(2,2,((#2158,#2159,#2160),(#2161,#2162,#2163),(#2164,#2165,
#2166)),.UNSPECIFIED.,.F.,.F.,.F.)
B_SPLINE_SURFACE_WITH_KNOTS((3,3),(3,3),(-1.5707963267949,0.),(-1.5707963267949,
0.),.UNSPECIFIED.)
GEOMETRIC_REPRESENTATION_ITEM()
RATIONAL_B_SPLINE_SURFACE(((1.,0.707106781186548,1.),(0.707106781186551,
0.500000000000002,0.707106781186551),(1.,0.707106781186548,1.)))
REPRESENTATION_ITEM('')
SURFACE()
);
#1228=(
BOUNDED_SURFACE()
B_SPLINE_SURFACE(2,2,((#2190,#2191,#2192),(#2193,#2194,#2195),(#2196,#2197,
#2198)),.UNSPECIFIED.,.F.,.F.,.F.)
B_SPLINE_SURFACE_WITH_KNOTS((3,3),(3,3),(-1.5707963267949,0.),(-1.5707963267949,
0.),.UNSPECIFIED.)
GEOMETRIC_REPRESENTATION_ITEM()
RATIONAL_B_SPLINE_SURFACE(((1.,0.707106781186548,1.),(0.707106781186544,
0.499999999999998,0.707106781186544),(1.,0.707106781186548,1.)))
REPRESENTATION_ITEM('')
SURFACE()
);
#1229=(
BOUNDED_SURFACE()
B_SPLINE_SURFACE(2,2,((#2210,#2211,#2212),(#2213,#2214,#2215),(#2216,#2217,
#2218)),.UNSPECIFIED.,.F.,.F.,.F.)
B_SPLINE_SURFACE_WITH_KNOTS((3,3),(3,3),(-1.5707963267949,0.),(0.,1.5707963267949),
 .UNSPECIFIED.)
GEOMETRIC_REPRESENTATION_ITEM()
RATIONAL_B_SPLINE_SURFACE(((1.,0.707106781186548,1.),(0.707106781186545,
0.499999999999999,0.707106781186545),(1.,0.707106781186548,1.)))
REPRESENTATION_ITEM('')
SURFACE()
);
#1230=ADVANCED_FACE('',(#264),#1221,.F.);
#1231=ADVANCED_FACE('',(#265),#251,.T.);
#1232=ADVANCED_FACE('',(#266),#213,.T.);
#1233=ADVANCED_FACE('',(#267),#252,.T.);
#1234=ADVANCED_FACE('',(#268),#253,.T.);
#1235=ADVANCED_FACE('',(#269),#214,.T.);
#1236=ADVANCED_FACE('',(#270),#254,.T.);
#1237=ADVANCED_FACE('',(#271),#255,.T.);
#1238=ADVANCED_FACE('',(#272),#256,.T.);
#1239=ADVANCED_FACE('',(#273),#215,.T.);
#1240=ADVANCED_FACE('',(#274),#1222,.F.);
#1241=ADVANCED_FACE('',(#275),#216,.T.);
#1242=ADVANCED_FACE('',(#276),#257,.T.);
#1243=ADVANCED_FACE('',(#277),#217,.T.);
#1244=ADVANCED_FACE('',(#278),#1223,.F.);
#1245=ADVANCED_FACE('',(#279),#218,.T.);
#1246=ADVANCED_FACE('',(#280),#1224,.F.);
#1247=ADVANCED_FACE('',(#281),#219,.T.);
#1248=ADVANCED_FACE('',(#282),#258,.T.);
#1249=ADVANCED_FACE('',(#283),#220,.T.);
#1250=ADVANCED_FACE('',(#284),#1225,.F.);
#1251=ADVANCED_FACE('',(#285),#221,.T.);
#1252=ADVANCED_FACE('',(#286),#259,.T.);
#1253=ADVANCED_FACE('',(#287),#222,.T.);
#1254=ADVANCED_FACE('',(#288),#1226,.F.);
#1255=ADVANCED_FACE('',(#289),#223,.T.);
#1256=ADVANCED_FACE('',(#290),#1227,.F.);
#1257=ADVANCED_FACE('',(#291),#224,.T.);
#1258=ADVANCED_FACE('',(#292),#260,.T.);
#1259=ADVANCED_FACE('',(#293),#225,.T.);
#1260=ADVANCED_FACE('',(#294),#1228,.F.);
#1261=ADVANCED_FACE('',(#295),#226,.T.);
#1262=ADVANCED_FACE('',(#296),#1229,.F.);
#1263=ADVANCED_FACE('',(#297),#227,.T.);
#1264=ADVANCED_FACE('',(#298),#261,.T.);
#1265=ADVANCED_FACE('',(#299),#228,.T.);
#1266=ADVANCED_FACE('',(#300),#19,.F.);
#1267=ADVANCED_FACE('',(#301),#229,.T.);
#1268=ADVANCED_FACE('',(#302),#20,.F.);
#1269=ADVANCED_FACE('',(#303),#230,.F.);
#1270=ADVANCED_FACE('',(#304),#21,.F.);
#1271=ADVANCED_FACE('',(#305),#231,.T.);
#1272=ADVANCED_FACE('',(#306),#22,.F.);
#1273=ADVANCED_FACE('',(#307),#232,.T.);
#1274=ADVANCED_FACE('',(#308),#23,.F.);
#1275=ADVANCED_FACE('',(#309),#233,.F.);
#1276=ADVANCED_FACE('',(#310),#24,.F.);
#1277=ADVANCED_FACE('',(#311),#234,.T.);
#1278=ADVANCED_FACE('',(#312),#25,.F.);
#1279=ADVANCED_FACE('',(#313),#235,.T.);
#1280=ADVANCED_FACE('',(#314),#26,.F.);
#1281=ADVANCED_FACE('',(#315),#236,.F.);
#1282=ADVANCED_FACE('',(#316),#27,.F.);
#1283=ADVANCED_FACE('',(#317),#237,.T.);
#1284=ADVANCED_FACE('',(#318),#28,.F.);
#1285=ADVANCED_FACE('',(#319),#238,.F.);
#1286=ADVANCED_FACE('',(#320),#29,.T.);
#1287=ADVANCED_FACE('',(#321),#239,.F.);
#1288=ADVANCED_FACE('',(#322),#30,.F.);
#1289=ADVANCED_FACE('',(#323),#240,.T.);
#1290=ADVANCED_FACE('',(#324),#31,.F.);
#1291=ADVANCED_FACE('',(#325),#241,.F.);
#1292=ADVANCED_FACE('',(#326),#242,.T.);
#1293=ADVANCED_FACE('',(#327),#243,.F.);
#1294=ADVANCED_FACE('',(#328),#244,.T.);
#1295=ADVANCED_FACE('',(#329),#32,.F.);
#1296=ADVANCED_FACE('',(#330),#245,.T.);
#1297=ADVANCED_FACE('',(#331),#33,.F.);
#1298=ADVANCED_FACE('',(#332),#246,.T.);
#1299=ADVANCED_FACE('',(#333),#34,.F.);
#1300=ADVANCED_FACE('',(#334),#247,.F.);
#1301=ADVANCED_FACE('',(#335),#248,.F.);
#1302=ADVANCED_FACE('',(#336),#35,.F.);
#1303=ADVANCED_FACE('',(#337),#36,.F.);
#1304=ADVANCED_FACE('',(#338),#262,.T.);
#1305=ADVANCED_FACE('',(#339),#249,.T.);
#1306=ADVANCED_FACE('',(#340),#37,.T.);
#1307=ADVANCED_FACE('',(#341),#38,.T.);
#1308=ADVANCED_FACE('',(#342),#263,.T.);
#1309=ADVANCED_FACE('',(#343),#250,.T.);
#1310=ADVANCED_FACE('',(#344),#39,.T.);
#1311=ADVANCED_FACE('',(#345),#40,.T.);
#1312=CLOSED_SHELL('',(#1230,#1231,#1232,#1233,#1234,#1235,#1236,#1237,
#1238,#1239,#1240,#1241,#1242,#1243,#1244,#1245,#1246,#1247,#1248,#1249,
#1250,#1251,#1252,#1253,#1254,#1255,#1256,#1257,#1258,#1259,#1260,#1261,
#1262,#1263,#1264,#1265,#1266,#1267,#1268,#1269,#1270,#1271,#1272,#1273,
#1274,#1275,#1276,#1277,#1278,#1279,#1280,#1281,#1282,#1283,#1284,#1285,
#1286,#1287,#1288,#1289,#1290,#1291,#1292,#1293,#1294,#1295,#1296,#1297,
#1298,#1299,#1300,#1301,#1302,#1303));
#1313=CLOSED_SHELL('',(#1304,#1305,#1306,#1307));
#1314=CLOSED_SHELL('',(#1308,#1309,#1310,#1311));
#1315=DERIVED_UNIT_ELEMENT(#1317,1.);
#1316=DERIVED_UNIT_ELEMENT(#2416,-3.);
#1317=(
MASS_UNIT()
NAMED_UNIT(*)
SI_UNIT(.KILO.,.GRAM.)
);
#1318=DERIVED_UNIT((#1315,#1316));
#1319=MEASURE_REPRESENTATION_ITEM('density measure',
POSITIVE_RATIO_MEASURE(1060.),#1318);
#1320=PROPERTY_DEFINITION_REPRESENTATION(#1325,#1322);
#1321=PROPERTY_DEFINITION_REPRESENTATION(#1326,#1323);
#1322=REPRESENTATION('material name',(#1324),#2413);
#1323=REPRESENTATION('density',(#1319),#2413);
#1324=DESCRIPTIVE_REPRESENTATION_ITEM('Plastique ABS','Plastique ABS');
#1325=PROPERTY_DEFINITION('material property','material name',#2423);
#1326=PROPERTY_DEFINITION('material property','density of part',#2423);
#1327=AXIS2_PLACEMENT_3D('',#1950,#1506,#1507);
#1328=AXIS2_PLACEMENT_3D('',#1962,#1508,#1509);
#1329=AXIS2_PLACEMENT_3D('',#1964,#1510,#1511);
#1330=AXIS2_PLACEMENT_3D('',#1966,#1512,#1513);
#1331=AXIS2_PLACEMENT_3D('',#1967,#1514,#1515);
#1332=AXIS2_PLACEMENT_3D('',#1968,#1516,#1517);
#1333=AXIS2_PLACEMENT_3D('',#1971,#1518,#1519);
#1334=AXIS2_PLACEMENT_3D('',#1972,#1520,#1521);
#1335=AXIS2_PLACEMENT_3D('',#1973,#1522,#1523);
#1336=AXIS2_PLACEMENT_3D('',#1974,#1524,#1525);
#1337=AXIS2_PLACEMENT_3D('',#1977,#1526,#1527);
#1338=AXIS2_PLACEMENT_3D('',#1980,#1530,#1531);
#1339=AXIS2_PLACEMENT_3D('',#1983,#1532,#1533);
#1340=AXIS2_PLACEMENT_3D('',#1984,#1534,#1535);
#1341=AXIS2_PLACEMENT_3D('',#1985,#1536,#1537);
#1342=AXIS2_PLACEMENT_3D('',#1986,#1538,#1539);
#1343=AXIS2_PLACEMENT_3D('',#1989,#1540,#1541);
#1344=AXIS2_PLACEMENT_3D('',#1990,#1542,#1543);
#1345=AXIS2_PLACEMENT_3D('',#1991,#1544,#1545);
#1346=AXIS2_PLACEMENT_3D('',#1992,#1546,#1547);
#1347=AXIS2_PLACEMENT_3D('',#1995,#1548,#1549);
#1348=AXIS2_PLACEMENT_3D('',#1998,#1552,#1553);
#1349=AXIS2_PLACEMENT_3D('',#2001,#1554,#1555);
#1350=AXIS2_PLACEMENT_3D('',#2002,#1556,#1557);
#1351=AXIS2_PLACEMENT_3D('',#2003,#1558,#1559);
#1352=AXIS2_PLACEMENT_3D('',#2004,#1560,#1561);
#1353=AXIS2_PLACEMENT_3D('',#2007,#1562,#1563);
#1354=AXIS2_PLACEMENT_3D('',#2008,#1564,#1565);
#1355=AXIS2_PLACEMENT_3D('',#2009,#1566,#1567);
#1356=AXIS2_PLACEMENT_3D('',#2010,#1568,#1569);
#1357=AXIS2_PLACEMENT_3D('',#2013,#1570,#1571);
#1358=AXIS2_PLACEMENT_3D('',#2014,#1572,#1573);
#1359=AXIS2_PLACEMENT_3D('',#2015,#1574,#1575);
#1360=AXIS2_PLACEMENT_3D('',#2016,#1576,#1577);
#1361=AXIS2_PLACEMENT_3D('',#2019,#1578,#1579);
#1362=AXIS2_PLACEMENT_3D('',#2033,#1582,#1583);
#1363=AXIS2_PLACEMENT_3D('',#2034,#1584,#1585);
#1364=AXIS2_PLACEMENT_3D('',#2035,#1586,#1587);
#1365=AXIS2_PLACEMENT_3D('',#2036,#1588,#1589);
#1366=AXIS2_PLACEMENT_3D('',#2039,#1590,#1591);
#1367=AXIS2_PLACEMENT_3D('',#2042,#1594,#1595);
#1368=AXIS2_PLACEMENT_3D('',#2045,#1596,#1597);
#1369=AXIS2_PLACEMENT_3D('',#2046,#1598,#1599);
#1370=AXIS2_PLACEMENT_3D('',#2047,#1600,#1601);
#1371=AXIS2_PLACEMENT_3D('',#2048,#1602,#1603);
#1372=AXIS2_PLACEMENT_3D('',#2051,#1604,#1605);
#1373=AXIS2_PLACEMENT_3D('',#2065,#1608,#1609);
#1374=AXIS2_PLACEMENT_3D('',#2066,#1610,#1611);
#1375=AXIS2_PLACEMENT_3D('',#2067,#1612,#1613);
#1376=AXIS2_PLACEMENT_3D('',#2068,#1614,#1615);
#1377=AXIS2_PLACEMENT_3D('',#2071,#1616,#1617);
#1378=AXIS2_PLACEMENT_3D('',#2085,#1620,#1621);
#1379=AXIS2_PLACEMENT_3D('',#2086,#1622,#1623);
#1380=AXIS2_PLACEMENT_3D('',#2087,#1624,#1625);
#1381=AXIS2_PLACEMENT_3D('',#2088,#1626,#1627);
#1382=AXIS2_PLACEMENT_3D('',#2091,#1628,#1629);
#1383=AXIS2_PLACEMENT_3D('',#2094,#1632,#1633);
#1384=AXIS2_PLACEMENT_3D('',#2097,#1634,#1635);
#1385=AXIS2_PLACEMENT_3D('',#2098,#1636,#1637);
#1386=AXIS2_PLACEMENT_3D('',#2099,#1638,#1639);
#1387=AXIS2_PLACEMENT_3D('',#2100,#1640,#1641);
#1388=AXIS2_PLACEMENT_3D('',#2103,#1642,#1643);
#1389=AXIS2_PLACEMENT_3D('',#2117,#1646,#1647);
#1390=AXIS2_PLACEMENT_3D('',#2118,#1648,#1649);
#1391=AXIS2_PLACEMENT_3D('',#2119,#1650,#1651);
#1392=AXIS2_PLACEMENT_3D('',#2120,#1652,#1653);
#1393=AXIS2_PLACEMENT_3D('',#2123,#1654,#1655);
#1394=AXIS2_PLACEMENT_3D('',#2126,#1658,#1659);
#1395=AXIS2_PLACEMENT_3D('',#2129,#1660,#1661);
#1396=AXIS2_PLACEMENT_3D('',#2130,#1662,#1663);
#1397=AXIS2_PLACEMENT_3D('',#2131,#1664,#1665);
#1398=AXIS2_PLACEMENT_3D('',#2132,#1666,#1667);
#1399=AXIS2_PLACEMENT_3D('',#2135,#1668,#1669);
#1400=AXIS2_PLACEMENT_3D('',#2149,#1672,#1673);
#1401=AXIS2_PLACEMENT_3D('',#2150,#1674,#1675);
#1402=AXIS2_PLACEMENT_3D('',#2151,#1676,#1677);
#1403=AXIS2_PLACEMENT_3D('',#2152,#1678,#1679);
#1404=AXIS2_PLACEMENT_3D('',#2155,#1680,#1681);
#1405=AXIS2_PLACEMENT_3D('',#2169,#1684,#1685);
#1406=AXIS2_PLACEMENT_3D('',#2170,#1686,#1687);
#1407=AXIS2_PLACEMENT_3D('',#2171,#1688,#1689);
#1408=AXIS2_PLACEMENT_3D('',#2172,#1690,#1691);
#1409=AXIS2_PLACEMENT_3D('',#2175,#1692,#1693);
#1410=AXIS2_PLACEMENT_3D('',#2178,#1696,#1697);
#1411=AXIS2_PLACEMENT_3D('',#2181,#1698,#1699);
#1412=AXIS2_PLACEMENT_3D('',#2182,#1700,#1701);
#1413=AXIS2_PLACEMENT_3D('',#2183,#1702,#1703);
#1414=AXIS2_PLACEMENT_3D('',#2184,#1704,#1705);
#1415=AXIS2_PLACEMENT_3D('',#2187,#1706,#1707);
#1416=AXIS2_PLACEMENT_3D('',#2201,#1710,#1711);
#1417=AXIS2_PLACEMENT_3D('',#2202,#1712,#1713);
#1418=AXIS2_PLACEMENT_3D('',#2203,#1714,#1715);
#1419=AXIS2_PLACEMENT_3D('',#2204,#1716,#1717);
#1420=AXIS2_PLACEMENT_3D('',#2207,#1718,#1719);
#1421=AXIS2_PLACEMENT_3D('',#2221,#1722,#1723);
#1422=AXIS2_PLACEMENT_3D('',#2222,#1724,#1725);
#1423=AXIS2_PLACEMENT_3D('',#2223,#1726,#1727);
#1424=AXIS2_PLACEMENT_3D('',#2224,#1728,#1729);
#1425=AXIS2_PLACEMENT_3D('',#2227,#1730,#1731);
#1426=AXIS2_PLACEMENT_3D('',#2230,#1734,#1735);
#1427=AXIS2_PLACEMENT_3D('',#2233,#1736,#1737);
#1428=AXIS2_PLACEMENT_3D('',#2234,#1738,#1739);
#1429=AXIS2_PLACEMENT_3D('',#2235,#1740,#1741);
#1430=AXIS2_PLACEMENT_3D('',#2236,#1742,#1743);
#1431=AXIS2_PLACEMENT_3D('',#2239,#1746,#1747);
#1432=AXIS2_PLACEMENT_3D('',#2245,#1751,#1752);
#1433=AXIS2_PLACEMENT_3D('',#2248,#1754,#1755);
#1434=AXIS2_PLACEMENT_3D('',#2249,#1756,#1757);
#1435=AXIS2_PLACEMENT_3D('',#2253,#1760,#1761);
#1436=AXIS2_PLACEMENT_3D('',#2256,#1763,#1764);
#1437=AXIS2_PLACEMENT_3D('',#2257,#1765,#1766);
#1438=AXIS2_PLACEMENT_3D('',#2261,#1769,#1770);
#1439=AXIS2_PLACEMENT_3D('',#2264,#1772,#1773);
#1440=AXIS2_PLACEMENT_3D('',#2265,#1774,#1775);
#1441=AXIS2_PLACEMENT_3D('',#2269,#1778,#1779);
#1442=AXIS2_PLACEMENT_3D('',#2272,#1781,#1782);
#1443=AXIS2_PLACEMENT_3D('',#2273,#1783,#1784);
#1444=AXIS2_PLACEMENT_3D('',#2277,#1787,#1788);
#1445=AXIS2_PLACEMENT_3D('',#2280,#1790,#1791);
#1446=AXIS2_PLACEMENT_3D('',#2281,#1792,#1793);
#1447=AXIS2_PLACEMENT_3D('',#2285,#1796,#1797);
#1448=AXIS2_PLACEMENT_3D('',#2288,#1799,#1800);
#1449=AXIS2_PLACEMENT_3D('',#2289,#1801,#1802);
#1450=AXIS2_PLACEMENT_3D('',#2293,#1805,#1806);
#1451=AXIS2_PLACEMENT_3D('',#2296,#1808,#1809);
#1452=AXIS2_PLACEMENT_3D('',#2297,#1810,#1811);
#1453=AXIS2_PLACEMENT_3D('',#2301,#1814,#1815);
#1454=AXIS2_PLACEMENT_3D('',#2304,#1817,#1818);
#1455=AXIS2_PLACEMENT_3D('',#2305,#1819,#1820);
#1456=AXIS2_PLACEMENT_3D('',#2309,#1823,#1824);
#1457=AXIS2_PLACEMENT_3D('',#2312,#1826,#1827);
#1458=AXIS2_PLACEMENT_3D('',#2313,#1828,#1829);
#1459=AXIS2_PLACEMENT_3D('',#2314,#1830,#1831);
#1460=AXIS2_PLACEMENT_3D('',#2317,#1833,#1834);
#1461=AXIS2_PLACEMENT_3D('',#2318,#1835,#1836);
#1462=AXIS2_PLACEMENT_3D('',#2322,#1839,#1840);
#1463=AXIS2_PLACEMENT_3D('',#2326,#1842,#1843);
#1464=AXIS2_PLACEMENT_3D('',#2328,#1845,#1846);
#1465=AXIS2_PLACEMENT_3D('',#2332,#1849,#1850);
#1466=AXIS2_PLACEMENT_3D('',#2333,#1851,#1852);
#1467=AXIS2_PLACEMENT_3D('',#2334,#1853,#1854);
#1468=AXIS2_PLACEMENT_3D('',#2336,#1855,#1856);
#1469=AXIS2_PLACEMENT_3D('',#2338,#1857,#1858);
#1470=AXIS2_PLACEMENT_3D('',#2340,#1859,#1860);
#1471=AXIS2_PLACEMENT_3D('',#2344,#1862,#1863);
#1472=AXIS2_PLACEMENT_3D('',#2348,#1865,#1866);
#1473=AXIS2_PLACEMENT_3D('',#2352,#1868,#1869);
#1474=AXIS2_PLACEMENT_3D('',#2356,#1871,#1872);
#1475=AXIS2_PLACEMENT_3D('',#2359,#1874,#1875);
#1476=AXIS2_PLACEMENT_3D('',#2360,#1876,#1877);
#1477=AXIS2_PLACEMENT_3D('',#2362,#1879,#1880);
#1478=AXIS2_PLACEMENT_3D('',#2364,#1882,#1883);
#1479=AXIS2_PLACEMENT_3D('',#2366,#1885,#1886);
#1480=AXIS2_PLACEMENT_3D('',#2369,#1889,#1890);
#1481=AXIS2_PLACEMENT_3D('',#2371,#1892,#1893);
#1482=AXIS2_PLACEMENT_3D('',#2373,#1895,#1896);
#1483=AXIS2_PLACEMENT_3D('',#2375,#1898,#1899);
#1484=AXIS2_PLACEMENT_3D('',#2378,#1902,#1903);
#1485=AXIS2_PLACEMENT_3D('',#2379,#1904,#1905);
#1486=AXIS2_PLACEMENT_3D('',#2381,#1907,#1908);
#1487=AXIS2_PLACEMENT_3D('',#2383,#1910,#1911);
#1488=AXIS2_PLACEMENT_3D('',#2384,#1912,#1913);
#1489=AXIS2_PLACEMENT_3D('',#2385,#1914,#1915);
#1490=AXIS2_PLACEMENT_3D('',#2388,#1916,#1917);
#1491=AXIS2_PLACEMENT_3D('',#2390,#1918,#1919);
#1492=AXIS2_PLACEMENT_3D('',#2391,#1920,#1921);
#1493=AXIS2_PLACEMENT_3D('',#2392,#1922,#1923);
#1494=AXIS2_PLACEMENT_3D('',#2393,#1924,#1925);
#1495=AXIS2_PLACEMENT_3D('',#2396,#1927,#1928);
#1496=AXIS2_PLACEMENT_3D('',#2397,#1929,#1930);
#1497=AXIS2_PLACEMENT_3D('',#2398,#1931,#1932);
#1498=AXIS2_PLACEMENT_3D('',#2399,#1933,#1934);
#1499=AXIS2_PLACEMENT_3D('',#2401,#1935,#1936);
#1500=AXIS2_PLACEMENT_3D('',#2403,#1937,#1938);
#1501=AXIS2_PLACEMENT_3D('',#2404,#1939,#1940);
#1502=AXIS2_PLACEMENT_3D('',#2405,#1941,#1942);
#1503=AXIS2_PLACEMENT_3D('',#2408,#1944,#1945);
#1504=AXIS2_PLACEMENT_3D('',#2409,#1946,#1947);
#1505=AXIS2_PLACEMENT_3D('',#2410,#1948,#1949);
#1506=DIRECTION('axis',(0.,0.,1.));
#1507=DIRECTION('refdir',(1.,0.,0.));
#1508=DIRECTION('center_axis',(0.,1.,0.));
#1509=DIRECTION('ref_axis',(1.,0.,0.));
#1510=DIRECTION('center_axis',(0.,0.,1.));
#1511=DIRECTION('ref_axis',(0.733799385705344,0.679366220486757,0.));
#1512=DIRECTION('center_axis',(0.997037030524286,-0.076923076923078,0.));
#1513=DIRECTION('ref_axis',(0.,0.,-1.));
#1514=DIRECTION('center_axis',(0.,0.,-1.));
#1515=DIRECTION('ref_axis',(0.733799385705344,0.679366220486757,0.));
#1516=DIRECTION('center_axis',(0.,0.,1.));
#1517=DIRECTION('ref_axis',(1.,0.,0.));
#1518=DIRECTION('center_axis',(0.,-1.,0.));
#1519=DIRECTION('ref_axis',(0.,0.,-1.));
#1520=DIRECTION('center_axis',(0.,0.,1.));
#1521=DIRECTION('ref_axis',(-0.733799385705343,-0.679366220486757,0.));
#1522=DIRECTION('center_axis',(0.,0.,-1.));
#1523=DIRECTION('ref_axis',(-0.733799385705344,-0.679366220486757,0.));
#1524=DIRECTION('center_axis',(0.,1.,0.));
#1525=DIRECTION('ref_axis',(0.707106781186547,0.,-0.707106781186547));
#1526=DIRECTION('center_axis',(0.,-1.,0.));
#1527=DIRECTION('ref_axis',(0.,0.,-1.));
#1528=DIRECTION('',(0.,-1.,0.));
#1529=DIRECTION('',(0.,1.,0.));
#1530=DIRECTION('center_axis',(0.,0.,1.));
#1531=DIRECTION('ref_axis',(1.,0.,0.));
#1532=DIRECTION('center_axis',(0.120689655172415,0.99269028761964,0.));
#1533=DIRECTION('ref_axis',(0.,0.,-1.));
#1534=DIRECTION('center_axis',(0.,0.,-1.));
#1535=DIRECTION('ref_axis',(0.0604554066248832,0.998170899099859,0.));
#1536=DIRECTION('center_axis',(0.,0.,1.));
#1537=DIRECTION('ref_axis',(0.0604554066248832,0.998170899099859,0.));
#1538=DIRECTION('center_axis',(0.,0.,-1.));
#1539=DIRECTION('ref_axis',(-1.,0.,0.));
#1540=DIRECTION('center_axis',(1.,0.,0.));
#1541=DIRECTION('ref_axis',(0.,0.,-1.));
#1542=DIRECTION('center_axis',(0.,0.,1.));
#1543=DIRECTION('ref_axis',(0.663064983552738,-0.748561839520428,0.));
#1544=DIRECTION('center_axis',(0.,0.,-1.));
#1545=DIRECTION('ref_axis',(0.663064983552738,-0.748561839520428,0.));
#1546=DIRECTION('center_axis',(-1.,0.,0.));
#1547=DIRECTION('ref_axis',(0.,0.707106781186547,-0.707106781186548));
#1548=DIRECTION('center_axis',(1.,0.,0.));
#1549=DIRECTION('ref_axis',(0.,0.,-1.));
#1550=DIRECTION('',(1.,0.,0.));
#1551=DIRECTION('',(-1.,0.,0.));
#1552=DIRECTION('center_axis',(0.,0.,-1.));
#1553=DIRECTION('ref_axis',(-1.,0.,0.));
#1554=DIRECTION('center_axis',(0.166666666666669,-0.986013297183269,0.));
#1555=DIRECTION('ref_axis',(0.,0.,-1.));
#1556=DIRECTION('center_axis',(0.,0.,1.));
#1557=DIRECTION('ref_axis',(-0.645497224367902,-0.763762615825974,0.));
#1558=DIRECTION('center_axis',(0.,0.,-1.));
#1559=DIRECTION('ref_axis',(-0.645497224367902,-0.763762615825974,0.));
#1560=DIRECTION('center_axis',(0.,0.,1.));
#1561=DIRECTION('ref_axis',(1.,0.,0.));
#1562=DIRECTION('center_axis',(0.166666666666669,0.986013297183269,0.));
#1563=DIRECTION('ref_axis',(0.,0.,-1.));
#1564=DIRECTION('center_axis',(0.,0.,-1.));
#1565=DIRECTION('ref_axis',(0.,1.,0.));
#1566=DIRECTION('center_axis',(0.,0.,1.));
#1567=DIRECTION('ref_axis',(0.,1.,0.));
#1568=DIRECTION('center_axis',(0.,0.,-1.));
#1569=DIRECTION('ref_axis',(-1.,0.,0.));
#1570=DIRECTION('center_axis',(1.,0.,0.));
#1571=DIRECTION('ref_axis',(0.,0.,-1.));
#1572=DIRECTION('center_axis',(0.,0.,1.));
#1573=DIRECTION('ref_axis',(0.645497224367902,-0.763762615825974,0.));
#1574=DIRECTION('center_axis',(0.,0.,-1.));
#1575=DIRECTION('ref_axis',(0.645497224367902,-0.763762615825974,0.));
#1576=DIRECTION('center_axis',(-1.,0.,0.));
#1577=DIRECTION('ref_axis',(0.,0.707106781186547,-0.707106781186548));
#1578=DIRECTION('center_axis',(1.,0.,0.));
#1579=DIRECTION('ref_axis',(0.,0.,-1.));
#1580=DIRECTION('',(1.,0.,0.));
#1581=DIRECTION('',(-1.,0.,0.));
#1582=DIRECTION('center_axis',(0.,1.,0.));
#1583=DIRECTION('ref_axis',(0.,0.,-1.));
#1584=DIRECTION('center_axis',(0.,0.,-1.));
#1585=DIRECTION('ref_axis',(-0.707106781186548,0.707106781186547,0.));
#1586=DIRECTION('center_axis',(0.,0.,1.));
#1587=DIRECTION('ref_axis',(-0.707106781186548,0.707106781186547,0.));
#1588=DIRECTION('center_axis',(0.,-1.,0.));
#1589=DIRECTION('ref_axis',(-0.707106781186547,0.,-0.707106781186547));
#1590=DIRECTION('center_axis',(0.,1.,0.));
#1591=DIRECTION('ref_axis',(0.,0.,-1.));
#1592=DIRECTION('',(0.,1.,0.));
#1593=DIRECTION('',(0.,-1.,0.));
#1594=DIRECTION('center_axis',(0.,0.,-1.));
#1595=DIRECTION('ref_axis',(-1.,0.,0.));
#1596=DIRECTION('center_axis',(1.,0.,0.));
#1597=DIRECTION('ref_axis',(0.,0.,-1.));
#1598=DIRECTION('center_axis',(0.,0.,1.));
#1599=DIRECTION('ref_axis',(0.707106781186548,-0.707106781186548,0.));
#1600=DIRECTION('center_axis',(0.,0.,-1.));
#1601=DIRECTION('ref_axis',(0.707106781186548,-0.707106781186548,0.));
#1602=DIRECTION('center_axis',(-1.,0.,0.));
#1603=DIRECTION('ref_axis',(0.,0.707106781186547,-0.707106781186547));
#1604=DIRECTION('center_axis',(1.,0.,0.));
#1605=DIRECTION('ref_axis',(0.,0.,-1.));
#1606=DIRECTION('',(1.,0.,0.));
#1607=DIRECTION('',(-1.,0.,0.));
#1608=DIRECTION('center_axis',(0.,1.,0.));
#1609=DIRECTION('ref_axis',(0.,0.,-1.));
#1610=DIRECTION('center_axis',(0.,0.,-1.));
#1611=DIRECTION('ref_axis',(-0.707106781186547,0.707106781186548,0.));
#1612=DIRECTION('center_axis',(0.,0.,1.));
#1613=DIRECTION('ref_axis',(-0.707106781186547,0.707106781186548,0.));
#1614=DIRECTION('center_axis',(0.,-1.,0.));
#1615=DIRECTION('ref_axis',(-0.70710678118655,0.,-0.707106781186545));
#1616=DIRECTION('center_axis',(0.,1.,0.));
#1617=DIRECTION('ref_axis',(0.,0.,-1.));
#1618=DIRECTION('',(0.,1.,0.));
#1619=DIRECTION('',(0.,-1.,0.));
#1620=DIRECTION('center_axis',(-1.,0.,0.));
#1621=DIRECTION('ref_axis',(0.,0.,-1.));
#1622=DIRECTION('center_axis',(0.,0.,-1.));
#1623=DIRECTION('ref_axis',(-0.707106781186547,-0.707106781186548,0.));
#1624=DIRECTION('center_axis',(0.,0.,1.));
#1625=DIRECTION('ref_axis',(-0.707106781186547,-0.707106781186548,0.));
#1626=DIRECTION('center_axis',(1.,0.,0.));
#1627=DIRECTION('ref_axis',(0.,-0.707106781186547,-0.707106781186547));
#1628=DIRECTION('center_axis',(-1.,0.,0.));
#1629=DIRECTION('ref_axis',(0.,0.,-1.));
#1630=DIRECTION('',(-1.,0.,0.));
#1631=DIRECTION('',(1.,0.,0.));
#1632=DIRECTION('center_axis',(0.,0.,-1.));
#1633=DIRECTION('ref_axis',(-1.,0.,0.));
#1634=DIRECTION('center_axis',(0.,1.,0.));
#1635=DIRECTION('ref_axis',(0.,0.,-1.));
#1636=DIRECTION('center_axis',(0.,0.,1.));
#1637=DIRECTION('ref_axis',(0.707106781186548,0.707106781186548,0.));
#1638=DIRECTION('center_axis',(0.,0.,-1.));
#1639=DIRECTION('ref_axis',(0.707106781186548,0.707106781186548,0.));
#1640=DIRECTION('center_axis',(0.,-1.,0.));
#1641=DIRECTION('ref_axis',(-0.707106781186547,0.,-0.707106781186547));
#1642=DIRECTION('center_axis',(0.,1.,0.));
#1643=DIRECTION('ref_axis',(0.,0.,-1.));
#1644=DIRECTION('',(0.,1.,0.));
#1645=DIRECTION('',(0.,-1.,0.));
#1646=DIRECTION('center_axis',(-1.,0.,0.));
#1647=DIRECTION('ref_axis',(0.,0.,-1.));
#1648=DIRECTION('center_axis',(0.,0.,-1.));
#1649=DIRECTION('ref_axis',(-0.707106781186548,-0.707106781186548,0.));
#1650=DIRECTION('center_axis',(0.,0.,1.));
#1651=DIRECTION('ref_axis',(-0.707106781186548,-0.707106781186548,0.));
#1652=DIRECTION('center_axis',(1.,0.,0.));
#1653=DIRECTION('ref_axis',(0.,-0.707106781186547,-0.707106781186547));
#1654=DIRECTION('center_axis',(-1.,0.,0.));
#1655=DIRECTION('ref_axis',(0.,0.,-1.));
#1656=DIRECTION('',(-1.,0.,0.));
#1657=DIRECTION('',(1.,0.,0.));
#1658=DIRECTION('center_axis',(0.,0.,-1.));
#1659=DIRECTION('ref_axis',(-1.,0.,0.));
#1660=DIRECTION('center_axis',(0.,1.,0.));
#1661=DIRECTION('ref_axis',(0.,0.,-1.));
#1662=DIRECTION('center_axis',(0.,0.,1.));
#1663=DIRECTION('ref_axis',(0.707106781186548,0.707106781186548,0.));
#1664=DIRECTION('center_axis',(0.,0.,-1.));
#1665=DIRECTION('ref_axis',(0.707106781186548,0.707106781186548,0.));
#1666=DIRECTION('center_axis',(8.41078048958452E-17,-1.,0.));
#1667=DIRECTION('ref_axis',(-0.707106781186547,0.,-0.707106781186547));
#1668=DIRECTION('center_axis',(0.,1.,0.));
#1669=DIRECTION('ref_axis',(0.,0.,-1.));
#1670=DIRECTION('',(-8.41078048958452E-17,1.,0.));
#1671=DIRECTION('',(8.41078048958452E-17,-1.,0.));
#1672=DIRECTION('center_axis',(-1.,0.,0.));
#1673=DIRECTION('ref_axis',(0.,0.,-1.));
#1674=DIRECTION('center_axis',(0.,0.,-1.));
#1675=DIRECTION('ref_axis',(-0.707106781186547,-0.707106781186548,0.));
#1676=DIRECTION('center_axis',(0.,0.,1.));
#1677=DIRECTION('ref_axis',(-0.707106781186547,-0.707106781186548,0.));
#1678=DIRECTION('center_axis',(1.,0.,0.));
#1679=DIRECTION('ref_axis',(0.,-0.707106781186547,-0.707106781186547));
#1680=DIRECTION('center_axis',(-1.,0.,0.));
#1681=DIRECTION('ref_axis',(0.,0.,-1.));
#1682=DIRECTION('',(-1.,0.,0.));
#1683=DIRECTION('',(1.,0.,0.));
#1684=DIRECTION('center_axis',(0.,-1.,0.));
#1685=DIRECTION('ref_axis',(0.,0.,-1.));
#1686=DIRECTION('center_axis',(0.,0.,-1.));
#1687=DIRECTION('ref_axis',(0.707106781186547,-0.707106781186547,0.));
#1688=DIRECTION('center_axis',(0.,0.,1.));
#1689=DIRECTION('ref_axis',(0.707106781186548,-0.707106781186548,0.));
#1690=DIRECTION('center_axis',(6.72862439166762E-16,1.,0.));
#1691=DIRECTION('ref_axis',(0.707106781186547,0.,-0.707106781186547));
#1692=DIRECTION('center_axis',(0.,-1.,0.));
#1693=DIRECTION('ref_axis',(0.,0.,-1.));
#1694=DIRECTION('',(-6.72862439166762E-16,-1.,0.));
#1695=DIRECTION('',(6.72862439166762E-16,1.,0.));
#1696=DIRECTION('center_axis',(0.,0.,-1.));
#1697=DIRECTION('ref_axis',(-1.,0.,0.));
#1698=DIRECTION('center_axis',(-1.,0.,0.));
#1699=DIRECTION('ref_axis',(0.,0.,-1.));
#1700=DIRECTION('center_axis',(0.,0.,1.));
#1701=DIRECTION('ref_axis',(-0.707106781186548,0.707106781186548,0.));
#1702=DIRECTION('center_axis',(0.,0.,-1.));
#1703=DIRECTION('ref_axis',(-0.707106781186548,0.707106781186548,0.));
#1704=DIRECTION('center_axis',(1.,0.,0.));
#1705=DIRECTION('ref_axis',(0.,-0.707106781186547,-0.707106781186547));
#1706=DIRECTION('center_axis',(-1.,0.,0.));
#1707=DIRECTION('ref_axis',(0.,0.,-1.));
#1708=DIRECTION('',(-1.,0.,0.));
#1709=DIRECTION('',(1.,0.,0.));
#1710=DIRECTION('center_axis',(0.,-1.,0.));
#1711=DIRECTION('ref_axis',(0.,0.,-1.));
#1712=DIRECTION('center_axis',(0.,0.,-1.));
#1713=DIRECTION('ref_axis',(0.707106781186548,-0.707106781186548,0.));
#1714=DIRECTION('center_axis',(0.,0.,1.));
#1715=DIRECTION('ref_axis',(0.707106781186548,-0.707106781186548,0.));
#1716=DIRECTION('center_axis',(-3.70074341541719E-16,1.,0.));
#1717=DIRECTION('ref_axis',(0.707106781186547,0.,-0.707106781186547));
#1718=DIRECTION('center_axis',(0.,-1.,0.));
#1719=DIRECTION('ref_axis',(0.,0.,-1.));
#1720=DIRECTION('',(3.70074341541719E-16,-1.,0.));
#1721=DIRECTION('',(-3.70074341541719E-16,1.,0.));
#1722=DIRECTION('center_axis',(1.,0.,0.));
#1723=DIRECTION('ref_axis',(0.,0.,-1.));
#1724=DIRECTION('center_axis',(0.,0.,-1.));
#1725=DIRECTION('ref_axis',(0.707106781186548,0.707106781186547,0.));
#1726=DIRECTION('center_axis',(0.,0.,1.));
#1727=DIRECTION('ref_axis',(0.707106781186548,0.707106781186547,0.));
#1728=DIRECTION('center_axis',(-1.,0.,0.));
#1729=DIRECTION('ref_axis',(0.,0.707106781186547,-0.707106781186547));
#1730=DIRECTION('center_axis',(1.,0.,0.));
#1731=DIRECTION('ref_axis',(0.,0.,-1.));
#1732=DIRECTION('',(1.,0.,0.));
#1733=DIRECTION('',(-1.,0.,0.));
#1734=DIRECTION('center_axis',(0.,0.,-1.));
#1735=DIRECTION('ref_axis',(-1.,0.,0.));
#1736=DIRECTION('center_axis',(-1.85037170770859E-15,-1.,0.));
#1737=DIRECTION('ref_axis',(0.,0.,-1.));
#1738=DIRECTION('center_axis',(0.,0.,1.));
#1739=DIRECTION('ref_axis',(-0.707106781186547,-0.707106781186548,0.));
#1740=DIRECTION('center_axis',(0.,0.,-1.));
#1741=DIRECTION('ref_axis',(-0.707106781186547,-0.707106781186548,0.));
#1742=DIRECTION('center_axis',(6.72862439166762E-16,1.,0.));
#1743=DIRECTION('ref_axis',(0.707106781186547,0.,-0.707106781186547));
#1744=DIRECTION('',(-6.72862439166762E-16,-1.,0.));
#1745=DIRECTION('',(6.72862439166762E-16,1.,0.));
#1746=DIRECTION('center_axis',(1.,0.,0.));
#1747=DIRECTION('ref_axis',(0.,1.,0.));
#1748=DIRECTION('',(0.,0.,-1.));
#1749=DIRECTION('',(0.,1.,-2.77555756156289E-16));
#1750=DIRECTION('',(0.,0.,1.));
#1751=DIRECTION('center_axis',(0.,0.,1.));
#1752=DIRECTION('ref_axis',(-0.707106781186548,-0.707106781186548,0.));
#1753=DIRECTION('',(0.,0.,1.));
#1754=DIRECTION('center_axis',(-6.842277657836E-48,-2.77555756156289E-16,
-1.));
#1755=DIRECTION('ref_axis',(-0.707106781186548,-0.707106781186548,0.));
#1756=DIRECTION('center_axis',(0.,1.,0.));
#1757=DIRECTION('ref_axis',(-1.,0.,0.));
#1758=DIRECTION('',(0.,0.,-1.));
#1759=DIRECTION('',(-1.,0.,6.842277657836E-48));
#1760=DIRECTION('center_axis',(0.,0.,1.));
#1761=DIRECTION('ref_axis',(0.707106781186548,0.707106781186548,0.));
#1762=DIRECTION('',(0.,0.,1.));
#1763=DIRECTION('center_axis',(6.842277657836E-48,2.77555756156289E-16,
1.));
#1764=DIRECTION('ref_axis',(0.707106781186548,0.707106781186548,0.));
#1765=DIRECTION('center_axis',(1.,8.41078048958452E-17,0.));
#1766=DIRECTION('ref_axis',(-8.41078048958452E-17,1.,0.));
#1767=DIRECTION('',(0.,0.,-1.));
#1768=DIRECTION('',(-8.41078048958452E-17,1.,-2.77555756156289E-16));
#1769=DIRECTION('center_axis',(0.,0.,1.));
#1770=DIRECTION('ref_axis',(-0.707106781186548,-0.707106781186548,0.));
#1771=DIRECTION('',(0.,0.,1.));
#1772=DIRECTION('center_axis',(-6.842277657836E-48,-2.77555756156289E-16,
-1.));
#1773=DIRECTION('ref_axis',(-0.707106781186548,-0.707106781186548,0.));
#1774=DIRECTION('center_axis',(0.,1.,0.));
#1775=DIRECTION('ref_axis',(-1.,0.,0.));
#1776=DIRECTION('',(0.,0.,-1.));
#1777=DIRECTION('',(-1.,0.,6.842277657836E-48));
#1778=DIRECTION('center_axis',(0.,0.,1.));
#1779=DIRECTION('ref_axis',(0.707106781186547,-0.707106781186548,0.));
#1780=DIRECTION('',(0.,0.,1.));
#1781=DIRECTION('center_axis',(-6.842277657836E-48,-2.77555756156289E-16,
-1.));
#1782=DIRECTION('ref_axis',(0.707106781186547,-0.707106781186548,0.));
#1783=DIRECTION('center_axis',(-1.,6.72862439166762E-16,0.));
#1784=DIRECTION('ref_axis',(-6.72862439166762E-16,-1.,0.));
#1785=DIRECTION('',(0.,0.,-1.));
#1786=DIRECTION('',(-6.72862439166762E-16,-1.,2.77555756156289E-16));
#1787=DIRECTION('center_axis',(0.,0.,1.));
#1788=DIRECTION('ref_axis',(-0.707106781186548,0.707106781186548,0.));
#1789=DIRECTION('',(0.,0.,1.));
#1790=DIRECTION('center_axis',(6.842277657836E-48,2.77555756156289E-16,
1.));
#1791=DIRECTION('ref_axis',(-0.707106781186548,0.707106781186548,0.));
#1792=DIRECTION('center_axis',(0.,1.,0.));
#1793=DIRECTION('ref_axis',(-1.,0.,0.));
#1794=DIRECTION('',(0.,0.,-1.));
#1795=DIRECTION('',(-1.,0.,6.842277657836E-48));
#1796=DIRECTION('center_axis',(0.,0.,1.));
#1797=DIRECTION('ref_axis',(0.707106781186548,-0.707106781186548,0.));
#1798=DIRECTION('',(0.,0.,1.));
#1799=DIRECTION('center_axis',(-6.842277657836E-48,-2.77555756156289E-16,
-1.));
#1800=DIRECTION('ref_axis',(0.707106781186548,-0.707106781186548,0.));
#1801=DIRECTION('center_axis',(-1.,-3.70074341541719E-16,0.));
#1802=DIRECTION('ref_axis',(3.70074341541719E-16,-1.,0.));
#1803=DIRECTION('',(0.,0.,-1.));
#1804=DIRECTION('',(3.70074341541719E-16,-1.,2.77555756156289E-16));
#1805=DIRECTION('center_axis',(0.,0.,-1.));
#1806=DIRECTION('ref_axis',(0.707106781186548,0.707106781186548,0.));
#1807=DIRECTION('',(0.,0.,1.));
#1808=DIRECTION('center_axis',(-6.842277657836E-48,-2.77555756156289E-16,
-1.));
#1809=DIRECTION('ref_axis',(0.707106781186548,0.707106781186548,0.));
#1810=DIRECTION('center_axis',(0.,-1.,0.));
#1811=DIRECTION('ref_axis',(1.,0.,0.));
#1812=DIRECTION('',(0.,0.,-1.));
#1813=DIRECTION('',(1.,0.,-6.842277657836E-48));
#1814=DIRECTION('center_axis',(0.,0.,1.));
#1815=DIRECTION('ref_axis',(-0.707106781186548,-0.707106781186547,0.));
#1816=DIRECTION('',(0.,0.,1.));
#1817=DIRECTION('center_axis',(6.842277657836E-48,2.77555756156289E-16,
1.));
#1818=DIRECTION('ref_axis',(-0.707106781186548,-0.707106781186547,0.));
#1819=DIRECTION('center_axis',(-1.,6.72862439166762E-16,0.));
#1820=DIRECTION('ref_axis',(-6.72862439166762E-16,-1.,0.));
#1821=DIRECTION('',(0.,0.,-1.));
#1822=DIRECTION('',(-6.72862439166762E-16,-1.,2.77555756156289E-16));
#1823=DIRECTION('center_axis',(0.,0.,1.));
#1824=DIRECTION('ref_axis',(0.707106781186548,0.707106781186547,0.));
#1825=DIRECTION('',(0.,0.,-1.));
#1826=DIRECTION('center_axis',(-6.842277657836E-48,-2.77555756156289E-16,
-1.));
#1827=DIRECTION('ref_axis',(0.707106781186548,0.707106781186547,0.));
#1828=DIRECTION('center_axis',(0.,0.,1.));
#1829=DIRECTION('ref_axis',(1.,0.,0.));
#1830=DIRECTION('center_axis',(0.,0.,1.));
#1831=DIRECTION('ref_axis',(1.,0.,0.));
#1832=DIRECTION('',(0.,0.,1.));
#1833=DIRECTION('center_axis',(6.842277657836E-48,2.77555756156289E-16,
1.));
#1834=DIRECTION('ref_axis',(1.,0.,0.));
#1835=DIRECTION('center_axis',(1.,0.,0.));
#1836=DIRECTION('ref_axis',(0.,-1.,2.77555756156289E-16));
#1837=DIRECTION('',(0.,0.,-1.));
#1838=DIRECTION('',(0.,-1.,2.77555756156289E-16));
#1839=DIRECTION('center_axis',(0.,0.,1.));
#1840=DIRECTION('ref_axis',(0.,1.,0.));
#1841=DIRECTION('',(0.,0.,1.));
#1842=DIRECTION('center_axis',(6.842277657836E-48,2.77555756156289E-16,
1.));
#1843=DIRECTION('ref_axis',(0.,1.,0.));
#1844=DIRECTION('',(0.,0.,-1.));
#1845=DIRECTION('center_axis',(0.,-1.,0.));
#1846=DIRECTION('ref_axis',(1.,0.,0.));
#1847=DIRECTION('',(0.,0.,-1.));
#1848=DIRECTION('',(1.,0.,-6.842277657836E-48));
#1849=DIRECTION('center_axis',(0.,0.,-1.));
#1850=DIRECTION('ref_axis',(1.,0.,0.));
#1851=DIRECTION('center_axis',(-6.842277657836E-48,-2.77555756156289E-16,
-1.));
#1852=DIRECTION('ref_axis',(1.,0.,0.));
#1853=DIRECTION('center_axis',(-6.842277657836E-48,-2.77555756156289E-16,
-1.));
#1854=DIRECTION('ref_axis',(-1.,0.,6.842277657836E-48));
#1855=DIRECTION('center_axis',(6.842277657836E-48,2.77555756156289E-16,
1.));
#1856=DIRECTION('ref_axis',(-0.645497224367902,-0.763762615825974,0.));
#1857=DIRECTION('center_axis',(-6.842277657836E-48,-2.77555756156289E-16,
-1.));
#1858=DIRECTION('ref_axis',(1.,0.,0.));
#1859=DIRECTION('center_axis',(6.842277657836E-48,2.77555756156289E-16,
1.));
#1860=DIRECTION('ref_axis',(0.645497224367902,-0.763762615825974,0.));
#1861=DIRECTION('',(1.,0.,-6.842277657836E-48));
#1862=DIRECTION('center_axis',(-6.842277657836E-48,-2.77555756156289E-16,
-1.));
#1863=DIRECTION('ref_axis',(-0.707106781186548,0.707106781186547,0.));
#1864=DIRECTION('',(0.,1.,-2.77555756156289E-16));
#1865=DIRECTION('center_axis',(6.842277657836E-48,2.77555756156289E-16,
1.));
#1866=DIRECTION('ref_axis',(0.707106781186547,-0.707106781186548,0.));
#1867=DIRECTION('',(1.,0.,-6.842277657836E-48));
#1868=DIRECTION('center_axis',(-6.842277657836E-48,-2.77555756156289E-16,
-1.));
#1869=DIRECTION('ref_axis',(-0.707106781186547,0.707106781186548,0.));
#1870=DIRECTION('',(0.,1.,-2.77555756156289E-16));
#1871=DIRECTION('center_axis',(-6.842277657836E-48,-2.77555756156289E-16,
-1.));
#1872=DIRECTION('ref_axis',(-0.707106781186547,-0.707106781186548,0.));
#1873=DIRECTION('',(-1.,0.,6.842277657836E-48));
#1874=DIRECTION('center_axis',(6.842277657836E-48,2.77555756156289E-16,
1.));
#1875=DIRECTION('ref_axis',(0.707106781186548,0.707106781186548,0.));
#1876=DIRECTION('center_axis',(0.,0.,1.));
#1877=DIRECTION('ref_axis',(-0.645497224367902,-0.763762615825974,0.));
#1878=DIRECTION('',(0.,0.,1.));
#1879=DIRECTION('center_axis',(0.,0.,-1.));
#1880=DIRECTION('ref_axis',(1.,0.,0.));
#1881=DIRECTION('',(0.,0.,-1.));
#1882=DIRECTION('center_axis',(0.,0.,-1.));
#1883=DIRECTION('ref_axis',(0.645497224367902,-0.763762615825974,0.));
#1884=DIRECTION('',(0.,0.,1.));
#1885=DIRECTION('center_axis',(0.,0.,1.));
#1886=DIRECTION('ref_axis',(-0.707106781186547,-0.707106781186548,0.));
#1887=DIRECTION('',(0.,0.,1.));
#1888=DIRECTION('',(0.,0.,-1.));
#1889=DIRECTION('center_axis',(1.,0.,0.));
#1890=DIRECTION('ref_axis',(0.,1.,0.));
#1891=DIRECTION('',(0.,0.,1.));
#1892=DIRECTION('center_axis',(0.,0.,1.));
#1893=DIRECTION('ref_axis',(-0.707106781186547,0.707106781186548,0.));
#1894=DIRECTION('',(0.,0.,-1.));
#1895=DIRECTION('center_axis',(0.,-1.,0.));
#1896=DIRECTION('ref_axis',(1.,0.,0.));
#1897=DIRECTION('',(0.,0.,1.));
#1898=DIRECTION('center_axis',(0.,0.,1.));
#1899=DIRECTION('ref_axis',(-0.707106781186548,0.707106781186547,0.));
#1900=DIRECTION('',(0.,0.,1.));
#1901=DIRECTION('',(0.,0.,-1.));
#1902=DIRECTION('center_axis',(0.,-1.,0.));
#1903=DIRECTION('ref_axis',(1.,0.,0.));
#1904=DIRECTION('center_axis',(0.,0.,1.));
#1905=DIRECTION('ref_axis',(0.707106781186548,0.707106781186548,0.));
#1906=DIRECTION('',(0.,0.,-1.));
#1907=DIRECTION('center_axis',(0.,0.,1.));
#1908=DIRECTION('ref_axis',(0.707106781186547,-0.707106781186548,0.));
#1909=DIRECTION('',(0.,0.,-1.));
#1910=DIRECTION('center_axis',(0.,1.,0.));
#1911=DIRECTION('ref_axis',(-1.,0.,0.));
#1912=DIRECTION('center_axis',(1.,0.,0.));
#1913=DIRECTION('ref_axis',(0.,1.,0.));
#1914=DIRECTION('center_axis',(6.842277657836E-48,-2.77555756156289E-16,
-1.));
#1915=DIRECTION('ref_axis',(-1.,0.,0.));
#1916=DIRECTION('center_axis',(-6.842277657836E-48,2.77555756156289E-16,
1.));
#1917=DIRECTION('ref_axis',(1.,-1.06752213906265E-16,0.));
#1918=DIRECTION('center_axis',(-1.22464679914735E-16,-1.,2.77555756156289E-16));
#1919=DIRECTION('ref_axis',(1.,-1.22464679914735E-16,0.));
#1920=DIRECTION('center_axis',(6.842277657836E-48,-2.77555756156289E-16,
-1.));
#1921=DIRECTION('ref_axis',(1.,-1.06752213906265E-16,2.96296914521113E-32));
#1922=DIRECTION('center_axis',(-6.842277657836E-48,2.77555756156289E-16,
1.));
#1923=DIRECTION('ref_axis',(1.,-1.06752213906265E-16,0.));
#1924=DIRECTION('center_axis',(0.,0.,1.));
#1925=DIRECTION('ref_axis',(1.,0.,0.));
#1926=DIRECTION('',(0.,0.,-1.));
#1927=DIRECTION('center_axis',(0.,0.,1.));
#1928=DIRECTION('ref_axis',(1.,0.,0.));
#1929=DIRECTION('center_axis',(-6.842277657836E-48,2.77555756156289E-16,
1.));
#1930=DIRECTION('ref_axis',(1.,0.,6.842277657836E-48));
#1931=DIRECTION('center_axis',(0.,0.,-1.));
#1932=DIRECTION('ref_axis',(-1.,0.,0.));
#1933=DIRECTION('center_axis',(0.,0.,1.));
#1934=DIRECTION('ref_axis',(1.,0.,0.));
#1935=DIRECTION('center_axis',(0.,0.,-1.));
#1936=DIRECTION('ref_axis',(1.,0.,0.));
#1937=DIRECTION('center_axis',(1.22464679914735E-16,-1.,0.));
#1938=DIRECTION('ref_axis',(-1.,-1.22464679914735E-16,0.));
#1939=DIRECTION('center_axis',(0.,0.,1.));
#1940=DIRECTION('ref_axis',(1.,0.,0.));
#1941=DIRECTION('center_axis',(0.,0.,-1.));
#1942=DIRECTION('ref_axis',(1.,0.,0.));
#1943=DIRECTION('',(0.,0.,1.));
#1944=DIRECTION('center_axis',(-6.842277657836E-48,-2.77555756156289E-16,
-1.));
#1945=DIRECTION('ref_axis',(1.,0.,0.));
#1946=DIRECTION('center_axis',(0.,0.,-1.));
#1947=DIRECTION('ref_axis',(-1.,0.,0.));
#1948=DIRECTION('center_axis',(6.842277657836E-48,2.77555756156289E-16,
1.));
#1949=DIRECTION('ref_axis',(1.,0.,-6.842277657836E-48));
#1950=CARTESIAN_POINT('',(0.,0.,0.));
#1951=CARTESIAN_POINT('Ctrl Pts',(3.,-3.15,-5.05));
#1952=CARTESIAN_POINT('Ctrl Pts',(3.,-2.96483598004549,-5.05));
#1953=CARTESIAN_POINT('Ctrl Pts',(2.81538461538462,-2.95059259389514,-5.05));
#1954=CARTESIAN_POINT('Ctrl Pts',(3.3,-3.15,-5.05));
#1955=CARTESIAN_POINT('Ctrl Pts',(3.3,-2.68708995011372,-5.05));
#1956=CARTESIAN_POINT('Ctrl Pts',(2.83846153846154,-2.65148148473785,-5.05));
#1957=CARTESIAN_POINT('Ctrl Pts',(3.3,-3.15,-4.75));
#1958=CARTESIAN_POINT('Ctrl Pts',(3.3,-2.68708995011372,-4.75));
#1959=CARTESIAN_POINT('Ctrl Pts',(2.83846153846154,-2.65148148473785,-4.75));
#1960=CARTESIAN_POINT('',(3.3,-3.15,-4.75));
#1961=CARTESIAN_POINT('',(3.,-3.15,-5.05));
#1962=CARTESIAN_POINT('Origin',(3.,-3.15,-4.75));
#1963=CARTESIAN_POINT('',(2.81538461538462,-2.95059259389514,-5.05));
#1964=CARTESIAN_POINT('Origin',(2.8,-3.15,-5.05));
#1965=CARTESIAN_POINT('',(2.83846153846154,-2.65148148473786,-4.75));
#1966=CARTESIAN_POINT('Origin',(2.81538461538462,-2.95059259389514,-4.75));
#1967=CARTESIAN_POINT('Origin',(2.8,-3.15,-4.75));
#1968=CARTESIAN_POINT('Origin',(2.9,-1.85385186031843,-4.75));
#1969=CARTESIAN_POINT('',(1.8,-1.85385186031843,-5.05));
#1970=CARTESIAN_POINT('',(2.1,-1.85385186031843,-4.75));
#1971=CARTESIAN_POINT('Origin',(1.8,-1.85385186031843,-4.75));
#1972=CARTESIAN_POINT('Origin',(2.9,-1.85385186031843,-4.75));
#1973=CARTESIAN_POINT('Origin',(2.9,-1.85385186031843,-5.05));
#1974=CARTESIAN_POINT('Origin',(1.8,-2.425,-4.75));
#1975=CARTESIAN_POINT('',(1.8,0.,-5.05));
#1976=CARTESIAN_POINT('',(2.1,0.,-4.75));
#1977=CARTESIAN_POINT('Origin',(1.8,0.,-4.75));
#1978=CARTESIAN_POINT('',(2.1,-2.425,-4.75));
#1979=CARTESIAN_POINT('',(1.8,-2.425,-5.05));
#1980=CARTESIAN_POINT('Origin',(2.77555756156289E-15,-1.45716771982052E-15,
-4.75));
#1981=CARTESIAN_POINT('',(-1.78684251771535,0.217241379310346,-5.05));
#1982=CARTESIAN_POINT('',(-2.08464960400124,0.253448275862071,-4.75));
#1983=CARTESIAN_POINT('Origin',(-1.78684251771535,0.217241379310346,-4.75));
#1984=CARTESIAN_POINT('Origin',(2.77555756156289E-15,-1.45716771982052E-15,
-4.75));
#1985=CARTESIAN_POINT('Origin',(2.77555756156289E-15,-1.45716771982052E-15,
-5.05));
#1986=CARTESIAN_POINT('Origin',(-2.87880183409695,0.350000000000003,-4.75));
#1987=CARTESIAN_POINT('',(-2.87880183409695,-0.749999999999997,-5.05));
#1988=CARTESIAN_POINT('',(-2.87880183409695,-0.449999999999997,-4.75));
#1989=CARTESIAN_POINT('Origin',(-2.87880183409695,-0.749999999999997,-4.75));
#1990=CARTESIAN_POINT('Origin',(-2.87880183409695,0.350000000000003,-4.75));
#1991=CARTESIAN_POINT('Origin',(-2.87880183409695,0.350000000000003,-5.05));
#1992=CARTESIAN_POINT('Origin',(-5.4,-0.749999999999997,-4.75));
#1993=CARTESIAN_POINT('',(-3.42937207591514,-0.749999999999997,-5.05));
#1994=CARTESIAN_POINT('',(-3.42937207591514,-0.449999999999997,-4.75));
#1995=CARTESIAN_POINT('Origin',(-3.42937207591514,-0.749999999999997,-4.75));
#1996=CARTESIAN_POINT('',(-5.4,-0.449999999999997,-4.75));
#1997=CARTESIAN_POINT('',(-5.4,-0.749999999999997,-5.05));
#1998=CARTESIAN_POINT('Origin',(-3.42937207591514,0.350000000000003,-4.75));
#1999=CARTESIAN_POINT('',(-4.51398670281673,0.166666666666668,-5.05));
#2000=CARTESIAN_POINT('',(-4.21818271366175,0.216666666666668,-4.75));
#2001=CARTESIAN_POINT('Origin',(-4.51398670281673,0.166666666666668,-4.75));
#2002=CARTESIAN_POINT('Origin',(-3.42937207591514,0.350000000000003,-4.75));
#2003=CARTESIAN_POINT('Origin',(-3.42937207591514,0.350000000000003,-5.05));
#2004=CARTESIAN_POINT('Origin',(-5.5,-8.13162120183851E-16,-4.75));
#2005=CARTESIAN_POINT('',(-6.48601329718327,0.166666666666668,-5.05));
#2006=CARTESIAN_POINT('',(-6.78181728633825,0.216666666666668,-4.75));
#2007=CARTESIAN_POINT('Origin',(-6.48601329718327,0.166666666666668,-4.75));
#2008=CARTESIAN_POINT('Origin',(-5.5,-8.13162120183851E-16,-4.75));
#2009=CARTESIAN_POINT('Origin',(-5.5,-8.13162120183851E-16,-5.05));
#2010=CARTESIAN_POINT('Origin',(-7.57062792408487,0.350000000000003,-4.75));
#2011=CARTESIAN_POINT('',(-7.57062792408487,-0.749999999999997,-5.05));
#2012=CARTESIAN_POINT('',(-7.57062792408487,-0.449999999999997,-4.75));
#2013=CARTESIAN_POINT('Origin',(-7.57062792408487,-0.749999999999997,-4.75));
#2014=CARTESIAN_POINT('Origin',(-7.57062792408487,0.350000000000003,-4.75));
#2015=CARTESIAN_POINT('Origin',(-7.57062792408487,0.350000000000003,-5.05));
#2016=CARTESIAN_POINT('Origin',(-5.4,-0.749999999999997,-4.75));
#2017=CARTESIAN_POINT('',(-7.8,-0.749999999999997,-5.05));
#2018=CARTESIAN_POINT('',(-7.8,-0.449999999999997,-4.75));
#2019=CARTESIAN_POINT('Origin',(-7.8,-0.749999999999997,-4.75));
#2020=CARTESIAN_POINT('',(-5.4,-0.449999999999997,-4.75));
#2021=CARTESIAN_POINT('',(-5.4,-0.749999999999997,-5.05));
#2022=CARTESIAN_POINT('Ctrl Pts',(-7.8,-0.749999999999997,-5.05));
#2023=CARTESIAN_POINT('Ctrl Pts',(-8.,-0.749999999999997,-5.05));
#2024=CARTESIAN_POINT('Ctrl Pts',(-8.,-0.949999999999997,-5.05));
#2025=CARTESIAN_POINT('Ctrl Pts',(-7.8,-0.449999999999997,-5.05));
#2026=CARTESIAN_POINT('Ctrl Pts',(-8.3,-0.449999999999997,-5.05));
#2027=CARTESIAN_POINT('Ctrl Pts',(-8.3,-0.949999999999997,-5.05));
#2028=CARTESIAN_POINT('Ctrl Pts',(-7.8,-0.449999999999997,-4.75));
#2029=CARTESIAN_POINT('Ctrl Pts',(-8.3,-0.449999999999997,-4.75));
#2030=CARTESIAN_POINT('Ctrl Pts',(-8.3,-0.949999999999997,-4.75));
#2031=CARTESIAN_POINT('',(-8.,-0.949999999999997,-5.05));
#2032=CARTESIAN_POINT('',(-8.3,-0.949999999999997,-4.75));
#2033=CARTESIAN_POINT('Origin',(-8.,-0.949999999999997,-4.75));
#2034=CARTESIAN_POINT('Origin',(-7.8,-0.949999999999997,-4.75));
#2035=CARTESIAN_POINT('Origin',(-7.8,-0.949999999999997,-5.05));
#2036=CARTESIAN_POINT('Origin',(-8.,-3.55,-4.75));
#2037=CARTESIAN_POINT('',(-8.,-1.45000000000001,-5.05));
#2038=CARTESIAN_POINT('',(-8.3,-1.45000000000001,-4.75));
#2039=CARTESIAN_POINT('Origin',(-8.,-1.45000000000001,-4.75));
#2040=CARTESIAN_POINT('',(-8.3,-3.55,-4.75));
#2041=CARTESIAN_POINT('',(-8.,-3.55,-5.05));
#2042=CARTESIAN_POINT('Origin',(-9.1,-1.45000000000001,-4.75));
#2043=CARTESIAN_POINT('',(-9.1,-2.55000000000001,-5.05));
#2044=CARTESIAN_POINT('',(-9.1,-2.25000000000001,-4.75));
#2045=CARTESIAN_POINT('Origin',(-9.1,-2.55000000000001,-4.75));
#2046=CARTESIAN_POINT('Origin',(-9.1,-1.45000000000001,-4.75));
#2047=CARTESIAN_POINT('Origin',(-9.1,-1.45000000000001,-5.05));
#2048=CARTESIAN_POINT('Origin',(-6.725,-2.55000000000001,-4.75));
#2049=CARTESIAN_POINT('',(-10.45,-2.55000000000001,-5.05));
#2050=CARTESIAN_POINT('',(-10.45,-2.25000000000001,-4.75));
#2051=CARTESIAN_POINT('Origin',(-10.45,-2.55000000000001,-4.75));
#2052=CARTESIAN_POINT('',(-6.725,-2.25000000000001,-4.75));
#2053=CARTESIAN_POINT('',(-6.725,-2.55000000000001,-5.05));
#2054=CARTESIAN_POINT('Ctrl Pts',(-10.45,-2.55000000000001,-5.05));
#2055=CARTESIAN_POINT('Ctrl Pts',(-10.65,-2.55000000000001,-5.05));
#2056=CARTESIAN_POINT('Ctrl Pts',(-10.65,-2.75000000000001,-5.05));
#2057=CARTESIAN_POINT('Ctrl Pts',(-10.45,-2.25000000000001,-5.05));
#2058=CARTESIAN_POINT('Ctrl Pts',(-10.95,-2.25000000000001,-5.05));
#2059=CARTESIAN_POINT('Ctrl Pts',(-10.95,-2.75000000000001,-5.05));
#2060=CARTESIAN_POINT('Ctrl Pts',(-10.45,-2.25000000000001,-4.75));
#2061=CARTESIAN_POINT('Ctrl Pts',(-10.95,-2.25000000000001,-4.75));
#2062=CARTESIAN_POINT('Ctrl Pts',(-10.95,-2.75000000000001,-4.75));
#2063=CARTESIAN_POINT('',(-10.65,-2.75000000000001,-5.05));
#2064=CARTESIAN_POINT('',(-10.95,-2.75000000000001,-4.75));
#2065=CARTESIAN_POINT('Origin',(-10.65,-2.75000000000001,-4.75));
#2066=CARTESIAN_POINT('Origin',(-10.45,-2.75000000000001,-4.75));
#2067=CARTESIAN_POINT('Origin',(-10.45,-2.75000000000001,-5.05));
#2068=CARTESIAN_POINT('Origin',(-10.65,-5.05,-4.75));
#2069=CARTESIAN_POINT('',(-10.65,-4.75000000000001,-5.05));
#2070=CARTESIAN_POINT('',(-10.95,-4.75000000000001,-4.75));
#2071=CARTESIAN_POINT('Origin',(-10.65,-4.75000000000001,-4.75));
#2072=CARTESIAN_POINT('',(-10.95,-5.05,-4.75));
#2073=CARTESIAN_POINT('',(-10.65,-5.05,-5.05));
#2074=CARTESIAN_POINT('Ctrl Pts',(-10.65,-4.75000000000001,-5.05));
#2075=CARTESIAN_POINT('Ctrl Pts',(-10.65,-4.95000000000001,-5.05));
#2076=CARTESIAN_POINT('Ctrl Pts',(-10.45,-4.95000000000001,-5.05));
#2077=CARTESIAN_POINT('Ctrl Pts',(-10.95,-4.75000000000001,-5.05));
#2078=CARTESIAN_POINT('Ctrl Pts',(-10.95,-5.25000000000001,-5.05));
#2079=CARTESIAN_POINT('Ctrl Pts',(-10.45,-5.25000000000001,-5.05));
#2080=CARTESIAN_POINT('Ctrl Pts',(-10.95,-4.75000000000001,-4.75));
#2081=CARTESIAN_POINT('Ctrl Pts',(-10.95,-5.25000000000001,-4.75));
#2082=CARTESIAN_POINT('Ctrl Pts',(-10.45,-5.25000000000001,-4.75));
#2083=CARTESIAN_POINT('',(-10.45,-4.95000000000001,-5.05));
#2084=CARTESIAN_POINT('',(-10.45,-5.25000000000001,-4.75));
#2085=CARTESIAN_POINT('Origin',(-10.45,-4.95000000000001,-4.75));
#2086=CARTESIAN_POINT('Origin',(-10.45,-4.75000000000001,-4.75));
#2087=CARTESIAN_POINT('Origin',(-10.45,-4.75000000000001,-5.05));
#2088=CARTESIAN_POINT('Origin',(-5.39999990724027,-4.95000000000001,-4.75));
#2089=CARTESIAN_POINT('',(-9.1,-4.95000000000001,-5.05));
#2090=CARTESIAN_POINT('',(-9.1,-5.25000000000001,-4.75));
#2091=CARTESIAN_POINT('Origin',(-9.1,-4.95000000000001,-4.75));
#2092=CARTESIAN_POINT('',(-5.39999990724027,-5.25000000000001,-4.75));
#2093=CARTESIAN_POINT('',(-5.39999990724027,-4.95000000000001,-5.05));
#2094=CARTESIAN_POINT('Origin',(-9.1,-6.05000000000001,-4.75));
#2095=CARTESIAN_POINT('',(-8.,-6.05000000000001,-5.05));
#2096=CARTESIAN_POINT('',(-8.3,-6.05000000000001,-4.75));
#2097=CARTESIAN_POINT('Origin',(-8.,-6.05000000000001,-4.75));
#2098=CARTESIAN_POINT('Origin',(-9.1,-6.05000000000001,-4.75));
#2099=CARTESIAN_POINT('Origin',(-9.1,-6.05000000000001,-5.05));
#2100=CARTESIAN_POINT('Origin',(-8.,-5.95,-4.75));
#2101=CARTESIAN_POINT('',(-8.,-6.55,-5.05));
#2102=CARTESIAN_POINT('',(-8.3,-6.55,-4.75));
#2103=CARTESIAN_POINT('Origin',(-8.,-6.55,-4.75));
#2104=CARTESIAN_POINT('',(-8.3,-5.95,-4.75));
#2105=CARTESIAN_POINT('',(-8.,-5.95,-5.05));
#2106=CARTESIAN_POINT('Ctrl Pts',(-8.,-6.55,-5.05));
#2107=CARTESIAN_POINT('Ctrl Pts',(-8.,-6.75,-5.05));
#2108=CARTESIAN_POINT('Ctrl Pts',(-7.8,-6.75,-5.05));
#2109=CARTESIAN_POINT('Ctrl Pts',(-8.3,-6.55,-5.05));
#2110=CARTESIAN_POINT('Ctrl Pts',(-8.3,-7.05,-5.05));
#2111=CARTESIAN_POINT('Ctrl Pts',(-7.8,-7.05,-5.05));
#2112=CARTESIAN_POINT('Ctrl Pts',(-8.3,-6.55,-4.75));
#2113=CARTESIAN_POINT('Ctrl Pts',(-8.3,-7.05,-4.75));
#2114=CARTESIAN_POINT('Ctrl Pts',(-7.8,-7.05,-4.75));
#2115=CARTESIAN_POINT('',(-7.8,-6.75,-5.05));
#2116=CARTESIAN_POINT('',(-7.8,-7.05,-4.75));
#2117=CARTESIAN_POINT('Origin',(-7.8,-6.75,-4.75));
#2118=CARTESIAN_POINT('Origin',(-7.8,-6.55,-4.75));
#2119=CARTESIAN_POINT('Origin',(-7.8,-6.55,-5.05));
#2120=CARTESIAN_POINT('Origin',(-2.9,-6.75,-4.75));
#2121=CARTESIAN_POINT('',(-4.1,-6.75,-5.05));
#2122=CARTESIAN_POINT('',(-4.1,-7.05,-4.75));
#2123=CARTESIAN_POINT('Origin',(-4.1,-6.75,-4.75));
#2124=CARTESIAN_POINT('',(-2.9,-7.05,-4.75));
#2125=CARTESIAN_POINT('',(-2.9,-6.75,-5.05));
#2126=CARTESIAN_POINT('Origin',(-4.1,-7.85,-4.75));
#2127=CARTESIAN_POINT('',(-3.,-7.85,-5.05));
#2128=CARTESIAN_POINT('',(-3.3,-7.85,-4.75));
#2129=CARTESIAN_POINT('Origin',(-3.,-7.85,-4.75));
#2130=CARTESIAN_POINT('Origin',(-4.1,-7.85,-4.75));
#2131=CARTESIAN_POINT('Origin',(-4.1,-7.85,-5.05));
#2132=CARTESIAN_POINT('Origin',(-3.,-7.05,-4.75));
#2133=CARTESIAN_POINT('',(-3.,-8.75,-5.05));
#2134=CARTESIAN_POINT('',(-3.3,-8.75,-4.75));
#2135=CARTESIAN_POINT('Origin',(-3.,-8.75,-4.75));
#2136=CARTESIAN_POINT('',(-3.3,-7.05,-4.75));
#2137=CARTESIAN_POINT('',(-3.,-7.05,-5.05));
#2138=CARTESIAN_POINT('Ctrl Pts',(-3.,-8.75,-5.05));
#2139=CARTESIAN_POINT('Ctrl Pts',(-3.,-8.95,-5.05));
#2140=CARTESIAN_POINT('Ctrl Pts',(-2.8,-8.95,-5.05));
#2141=CARTESIAN_POINT('Ctrl Pts',(-3.3,-8.75,-5.05));
#2142=CARTESIAN_POINT('Ctrl Pts',(-3.3,-9.25,-5.05));
#2143=CARTESIAN_POINT('Ctrl Pts',(-2.8,-9.25,-5.05));
#2144=CARTESIAN_POINT('Ctrl Pts',(-3.3,-8.75,-4.75));
#2145=CARTESIAN_POINT('Ctrl Pts',(-3.3,-9.25,-4.75));
#2146=CARTESIAN_POINT('Ctrl Pts',(-2.8,-9.25,-4.75));
#2147=CARTESIAN_POINT('',(-2.8,-8.95,-5.05));
#2148=CARTESIAN_POINT('',(-2.8,-9.25,-4.75));
#2149=CARTESIAN_POINT('Origin',(-2.8,-8.95,-4.75));
#2150=CARTESIAN_POINT('Origin',(-2.8,-8.75,-4.75));
#2151=CARTESIAN_POINT('Origin',(-2.8,-8.75,-5.05));
#2152=CARTESIAN_POINT('Origin',(0.399999999999998,-8.95,-4.75));
#2153=CARTESIAN_POINT('',(2.8,-8.95,-5.05));
#2154=CARTESIAN_POINT('',(2.8,-9.25,-4.75));
#2155=CARTESIAN_POINT('Origin',(2.8,-8.95,-4.75));
#2156=CARTESIAN_POINT('',(0.399999999999998,-9.25,-4.75));
#2157=CARTESIAN_POINT('',(0.399999999999998,-8.95,-5.05));
#2158=CARTESIAN_POINT('Ctrl Pts',(2.8,-8.95,-5.05));
#2159=CARTESIAN_POINT('Ctrl Pts',(3.,-8.95,-5.05));
#2160=CARTESIAN_POINT('Ctrl Pts',(3.,-8.75,-5.05));
#2161=CARTESIAN_POINT('Ctrl Pts',(2.8,-9.25,-5.05));
#2162=CARTESIAN_POINT('Ctrl Pts',(3.3,-9.25,-5.05));
#2163=CARTESIAN_POINT('Ctrl Pts',(3.3,-8.75,-5.05));
#2164=CARTESIAN_POINT('Ctrl Pts',(2.8,-9.25,-4.75));
#2165=CARTESIAN_POINT('Ctrl Pts',(3.3,-9.25,-4.75));
#2166=CARTESIAN_POINT('Ctrl Pts',(3.3,-8.75,-4.75));
#2167=CARTESIAN_POINT('',(3.,-8.75,-5.05));
#2168=CARTESIAN_POINT('',(3.3,-8.75,-4.75));
#2169=CARTESIAN_POINT('Origin',(3.,-8.75,-4.75));
#2170=CARTESIAN_POINT('Origin',(2.8,-8.75,-4.75));
#2171=CARTESIAN_POINT('Origin',(2.8,-8.75,-5.05));
#2172=CARTESIAN_POINT('Origin',(3.,-6.15000000000003,-4.75));
#2173=CARTESIAN_POINT('',(3.,-8.25000000000005,-5.05));
#2174=CARTESIAN_POINT('',(3.3,-8.25000000000005,-4.75));
#2175=CARTESIAN_POINT('Origin',(3.,-8.25000000000005,-4.75));
#2176=CARTESIAN_POINT('',(3.3,-6.15000000000003,-4.75));
#2177=CARTESIAN_POINT('',(3.,-6.15000000000003,-5.05));
#2178=CARTESIAN_POINT('Origin',(4.1,-8.25000000000005,-4.75));
#2179=CARTESIAN_POINT('',(4.1,-7.15000000000005,-5.05));
#2180=CARTESIAN_POINT('',(4.1,-7.45000000000005,-4.75));
#2181=CARTESIAN_POINT('Origin',(4.1,-7.15000000000005,-4.75));
#2182=CARTESIAN_POINT('Origin',(4.1,-8.25000000000005,-4.75));
#2183=CARTESIAN_POINT('Origin',(4.1,-8.25000000000005,-5.05));
#2184=CARTESIAN_POINT('Origin',(1.725,-7.15000000000005,-4.75));
#2185=CARTESIAN_POINT('',(5.45,-7.15000000000005,-5.05));
#2186=CARTESIAN_POINT('',(5.45,-7.45000000000005,-4.75));
#2187=CARTESIAN_POINT('Origin',(5.45,-7.15000000000005,-4.75));
#2188=CARTESIAN_POINT('',(1.725,-7.45000000000005,-4.75));
#2189=CARTESIAN_POINT('',(1.725,-7.15000000000005,-5.05));
#2190=CARTESIAN_POINT('Ctrl Pts',(5.45,-7.15000000000005,-5.05));
#2191=CARTESIAN_POINT('Ctrl Pts',(5.65,-7.15000000000005,-5.05));
#2192=CARTESIAN_POINT('Ctrl Pts',(5.65,-6.95000000000005,-5.05));
#2193=CARTESIAN_POINT('Ctrl Pts',(5.45,-7.45000000000005,-5.05));
#2194=CARTESIAN_POINT('Ctrl Pts',(5.95,-7.45000000000005,-5.05));
#2195=CARTESIAN_POINT('Ctrl Pts',(5.95,-6.95000000000005,-5.05));
#2196=CARTESIAN_POINT('Ctrl Pts',(5.45,-7.45000000000005,-4.75));
#2197=CARTESIAN_POINT('Ctrl Pts',(5.95,-7.45000000000005,-4.75));
#2198=CARTESIAN_POINT('Ctrl Pts',(5.95,-6.95000000000005,-4.75));
#2199=CARTESIAN_POINT('',(5.65,-6.95000000000005,-5.05));
#2200=CARTESIAN_POINT('',(5.95,-6.95000000000005,-4.75));
#2201=CARTESIAN_POINT('Origin',(5.65,-6.95000000000005,-4.75));
#2202=CARTESIAN_POINT('Origin',(5.45,-6.95000000000005,-4.75));
#2203=CARTESIAN_POINT('Origin',(5.45,-6.95000000000005,-5.05));
#2204=CARTESIAN_POINT('Origin',(5.65,-4.65000000000002,-4.75));
#2205=CARTESIAN_POINT('',(5.65,-4.95000000000005,-5.05));
#2206=CARTESIAN_POINT('',(5.95,-4.95000000000005,-4.75));
#2207=CARTESIAN_POINT('Origin',(5.65,-4.95000000000005,-4.75));
#2208=CARTESIAN_POINT('',(5.95,-4.65000000000002,-4.75));
#2209=CARTESIAN_POINT('',(5.65,-4.65000000000002,-5.05));
#2210=CARTESIAN_POINT('Ctrl Pts',(5.65,-4.95000000000005,-5.05));
#2211=CARTESIAN_POINT('Ctrl Pts',(5.65,-4.75000000000005,-5.05));
#2212=CARTESIAN_POINT('Ctrl Pts',(5.45,-4.75000000000005,-5.05));
#2213=CARTESIAN_POINT('Ctrl Pts',(5.95,-4.95000000000005,-5.05));
#2214=CARTESIAN_POINT('Ctrl Pts',(5.95,-4.45000000000005,-5.05));
#2215=CARTESIAN_POINT('Ctrl Pts',(5.45,-4.45000000000005,-5.05));
#2216=CARTESIAN_POINT('Ctrl Pts',(5.95,-4.95000000000005,-4.75));
#2217=CARTESIAN_POINT('Ctrl Pts',(5.95,-4.45000000000005,-4.75));
#2218=CARTESIAN_POINT('Ctrl Pts',(5.45,-4.45000000000005,-4.75));
#2219=CARTESIAN_POINT('',(5.45,-4.75000000000005,-5.05));
#2220=CARTESIAN_POINT('',(5.45,-4.45000000000005,-4.75));
#2221=CARTESIAN_POINT('Origin',(5.45,-4.75000000000005,-4.75));
#2222=CARTESIAN_POINT('Origin',(5.45,-4.95000000000005,-4.75));
#2223=CARTESIAN_POINT('Origin',(5.45,-4.95000000000005,-5.05));
#2224=CARTESIAN_POINT('Origin',(0.399999963119627,-4.75000000000005,-4.75));
#2225=CARTESIAN_POINT('',(4.1,-4.75000000000005,-5.05));
#2226=CARTESIAN_POINT('',(4.1,-4.45000000000005,-4.75));
#2227=CARTESIAN_POINT('Origin',(4.1,-4.75000000000005,-4.75));
#2228=CARTESIAN_POINT('',(0.399999963119627,-4.45000000000005,-4.75));
#2229=CARTESIAN_POINT('',(0.399999963119627,-4.75000000000005,-5.05));
#2230=CARTESIAN_POINT('Origin',(4.1,-3.65000000000005,-4.75));
#2231=CARTESIAN_POINT('',(3.,-3.65000000000005,-5.05));
#2232=CARTESIAN_POINT('',(3.3,-3.65000000000005,-4.75));
#2233=CARTESIAN_POINT('Origin',(3.,-3.65000000000005,-4.75));
#2234=CARTESIAN_POINT('Origin',(4.1,-3.65000000000005,-4.75));
#2235=CARTESIAN_POINT('Origin',(4.1,-3.65000000000005,-5.05));
#2236=CARTESIAN_POINT('Origin',(3.,-3.75,-4.75));
#2237=CARTESIAN_POINT('',(3.3,-3.75,-4.75));
#2238=CARTESIAN_POINT('',(3.,-3.75,-5.05));
#2239=CARTESIAN_POINT('Origin',(-8.3,-7.05,-4.55));
#2240=CARTESIAN_POINT('',(-8.3,-6.55,-1.1));
#2241=CARTESIAN_POINT('',(-8.3,-6.55,-4.55));
#2242=CARTESIAN_POINT('',(-8.3,-6.05000000000001,-1.1));
#2243=CARTESIAN_POINT('',(-8.3,-5.95,-1.1));
#2244=CARTESIAN_POINT('',(-8.3,-6.05000000000001,-4.55));
#2245=CARTESIAN_POINT('Origin',(-7.8,-6.55,-4.55));
#2246=CARTESIAN_POINT('',(-7.8,-7.05,-1.1));
#2247=CARTESIAN_POINT('',(-7.8,-7.05,-4.55));
#2248=CARTESIAN_POINT('Origin',(-7.8,-6.55,-1.1));
#2249=CARTESIAN_POINT('Origin',(-3.3,-7.05,-4.55));
#2250=CARTESIAN_POINT('',(-4.1,-7.05,-1.1));
#2251=CARTESIAN_POINT('',(-4.1,-7.05,-4.55));
#2252=CARTESIAN_POINT('',(-2.9,-7.05,-1.1));
#2253=CARTESIAN_POINT('Origin',(-4.1,-7.85,-4.55));
#2254=CARTESIAN_POINT('',(-3.3,-7.85,-1.1));
#2255=CARTESIAN_POINT('',(-3.3,-7.85,-4.55));
#2256=CARTESIAN_POINT('Origin',(-4.1,-7.85,-1.1));
#2257=CARTESIAN_POINT('Origin',(-3.3,-9.25,-4.55));
#2258=CARTESIAN_POINT('',(-3.3,-8.75,-1.1));
#2259=CARTESIAN_POINT('',(-3.3,-8.75,-4.55));
#2260=CARTESIAN_POINT('',(-3.3,-7.05,-1.1));
#2261=CARTESIAN_POINT('Origin',(-2.8,-8.75,-4.55));
#2262=CARTESIAN_POINT('',(-2.8,-9.25,-1.1));
#2263=CARTESIAN_POINT('',(-2.8,-9.25,-4.55));
#2264=CARTESIAN_POINT('Origin',(-2.8,-8.75,-1.1));
#2265=CARTESIAN_POINT('Origin',(3.3,-9.25,-4.55));
#2266=CARTESIAN_POINT('',(2.8,-9.25,-1.1));
#2267=CARTESIAN_POINT('',(2.8,-9.25,-4.55));
#2268=CARTESIAN_POINT('',(0.399999999999999,-9.25,-1.1));
#2269=CARTESIAN_POINT('Origin',(2.8,-8.75,-4.55));
#2270=CARTESIAN_POINT('',(3.3,-8.75,-1.1));
#2271=CARTESIAN_POINT('',(3.3,-8.75,-4.55));
#2272=CARTESIAN_POINT('Origin',(2.8,-8.75,-1.1));
#2273=CARTESIAN_POINT('Origin',(3.3,-7.45000000000005,-4.55));
#2274=CARTESIAN_POINT('',(3.3,-8.25000000000005,-1.1));
#2275=CARTESIAN_POINT('',(3.3,-8.25000000000005,-4.55));
#2276=CARTESIAN_POINT('',(3.3,-6.15000000000002,-1.1));
#2277=CARTESIAN_POINT('Origin',(4.1,-8.25000000000005,-4.55));
#2278=CARTESIAN_POINT('',(4.1,-7.45000000000005,-1.1));
#2279=CARTESIAN_POINT('',(4.1,-7.45000000000005,-4.55));
#2280=CARTESIAN_POINT('Origin',(4.1,-8.25000000000005,-1.1));
#2281=CARTESIAN_POINT('Origin',(5.95,-7.45000000000005,-4.55));
#2282=CARTESIAN_POINT('',(5.45,-7.45000000000005,-1.1));
#2283=CARTESIAN_POINT('',(5.45,-7.45000000000005,-4.55));
#2284=CARTESIAN_POINT('',(1.725,-7.45000000000005,-1.1));
#2285=CARTESIAN_POINT('Origin',(5.45,-6.95000000000005,-4.55));
#2286=CARTESIAN_POINT('',(5.95,-6.95000000000005,-1.1));
#2287=CARTESIAN_POINT('',(5.95,-6.95000000000005,-4.55));
#2288=CARTESIAN_POINT('Origin',(5.45,-6.95000000000005,-1.1));
#2289=CARTESIAN_POINT('Origin',(5.95,-4.45000000000005,-4.55));
#2290=CARTESIAN_POINT('',(5.95,-4.95000000000005,-1.1));
#2291=CARTESIAN_POINT('',(5.95,-4.95000000000005,-4.55));
#2292=CARTESIAN_POINT('',(5.95,-4.65000000000002,-1.1));
#2293=CARTESIAN_POINT('Origin',(5.45,-4.95000000000005,-4.55));
#2294=CARTESIAN_POINT('',(5.45,-4.45000000000005,-1.1));
#2295=CARTESIAN_POINT('',(5.45,-4.45000000000005,-4.55));
#2296=CARTESIAN_POINT('Origin',(5.45,-4.95000000000005,-1.1));
#2297=CARTESIAN_POINT('Origin',(3.29999992623925,-4.45000000000005,-4.55));
#2298=CARTESIAN_POINT('',(4.1,-4.45000000000005,-1.1));
#2299=CARTESIAN_POINT('',(4.1,-4.45000000000005,-4.55));
#2300=CARTESIAN_POINT('',(0.399999963119627,-4.45000000000005,-1.1));
#2301=CARTESIAN_POINT('Origin',(4.1,-3.65000000000005,-4.55));
#2302=CARTESIAN_POINT('',(3.3,-3.65000000000005,-1.1));
#2303=CARTESIAN_POINT('',(3.3,-3.65000000000005,-4.55));
#2304=CARTESIAN_POINT('Origin',(4.1,-3.65000000000005,-1.1));
#2305=CARTESIAN_POINT('Origin',(3.3,-2.65,-4.55));
#2306=CARTESIAN_POINT('',(3.3,-3.15,-1.1));
#2307=CARTESIAN_POINT('',(3.3,-3.15,-4.55));
#2308=CARTESIAN_POINT('',(3.3,-3.75,-1.1));
#2309=CARTESIAN_POINT('Origin',(2.8,-3.15,-4.55));
#2310=CARTESIAN_POINT('',(2.83846153846154,-2.65148148473786,-1.1));
#2311=CARTESIAN_POINT('',(2.83846153846154,-2.65148148473786,-4.55));
#2312=CARTESIAN_POINT('Origin',(2.8,-3.15,-1.1));
#2313=CARTESIAN_POINT('Origin',(-2.5,-4.85,-5.05));
#2314=CARTESIAN_POINT('Origin',(2.9,-1.85385186031843,-4.55));
#2315=CARTESIAN_POINT('',(2.1,-1.85385186031843,-1.1));
#2316=CARTESIAN_POINT('',(2.1,-1.85385186031843,-4.55));
#2317=CARTESIAN_POINT('Origin',(2.9,-1.85385186031843,-1.1));
#2318=CARTESIAN_POINT('Origin',(2.1,0.,-1.1));
#2319=CARTESIAN_POINT('',(2.1,0.,-1.1));
#2320=CARTESIAN_POINT('',(2.1,0.,-1.1));
#2321=CARTESIAN_POINT('',(2.1,-0.299999981559813,-1.1));
#2322=CARTESIAN_POINT('Origin',(-2.87880183409695,0.350000000000003,-1.1));
#2323=CARTESIAN_POINT('',(-2.87880183409695,-0.449999999999997,-1.1));
#2324=CARTESIAN_POINT('',(-2.87880183409695,-0.449999999999997,-1.1));
#2325=CARTESIAN_POINT('',(-2.08464960400124,0.253448275862071,-1.1));
#2326=CARTESIAN_POINT('Origin',(-2.87880183409695,0.350000000000003,-1.1));
#2327=CARTESIAN_POINT('',(-2.08464960400124,0.253448275862071,-1.1));
#2328=CARTESIAN_POINT('Origin',(-8.3,-0.449999999999997,-4.55));
#2329=CARTESIAN_POINT('',(-3.42937207591514,-0.449999999999997,-1.1));
#2330=CARTESIAN_POINT('',(-3.42937207591514,-0.449999999999997,-1.1));
#2331=CARTESIAN_POINT('',(-5.4,-0.449999999999997,-1.1));
#2332=CARTESIAN_POINT('Origin',(2.77555756156289E-15,-1.45716771982052E-15,
-1.1));
#2333=CARTESIAN_POINT('Origin',(2.77555756156289E-15,-1.45716771982052E-15,
-1.1));
#2334=CARTESIAN_POINT('Origin',(-2.5,-4.85,-1.1));
#2335=CARTESIAN_POINT('',(-4.21818271366175,0.216666666666668,-1.1));
#2336=CARTESIAN_POINT('Origin',(-3.42937207591514,0.350000000000003,-1.1));
#2337=CARTESIAN_POINT('',(-6.78181728633825,0.216666666666668,-1.1));
#2338=CARTESIAN_POINT('Origin',(-5.5,-8.13162120183851E-16,-1.1));
#2339=CARTESIAN_POINT('',(-7.57062792408487,-0.449999999999997,-1.1));
#2340=CARTESIAN_POINT('Origin',(-7.57062792408487,0.350000000000003,-1.1));
#2341=CARTESIAN_POINT('',(-7.8,-0.449999999999997,-1.1));
#2342=CARTESIAN_POINT('',(-5.4,-0.449999999999997,-1.1));
#2343=CARTESIAN_POINT('',(-8.3,-0.949999999999997,-1.1));
#2344=CARTESIAN_POINT('Origin',(-7.8,-0.949999999999997,-1.1));
#2345=CARTESIAN_POINT('',(-8.3,-1.45000000000001,-1.1));
#2346=CARTESIAN_POINT('',(-8.3,-3.55,-1.1));
#2347=CARTESIAN_POINT('',(-9.1,-2.25000000000001,-1.1));
#2348=CARTESIAN_POINT('Origin',(-9.1,-1.45000000000001,-1.1));
#2349=CARTESIAN_POINT('',(-10.45,-2.25000000000001,-1.1));
#2350=CARTESIAN_POINT('',(-6.725,-2.25000000000001,-1.1));
#2351=CARTESIAN_POINT('',(-10.95,-2.75000000000001,-1.1));
#2352=CARTESIAN_POINT('Origin',(-10.45,-2.75000000000001,-1.1));
#2353=CARTESIAN_POINT('',(-10.95,-4.75000000000001,-1.1));
#2354=CARTESIAN_POINT('',(-10.95,-5.05,-1.1));
#2355=CARTESIAN_POINT('',(-10.45,-5.25000000000001,-1.1));
#2356=CARTESIAN_POINT('Origin',(-10.45,-4.75000000000001,-1.1));
#2357=CARTESIAN_POINT('',(-9.1,-5.25000000000001,-1.1));
#2358=CARTESIAN_POINT('',(-5.39999990724027,-5.25000000000001,-1.1));
#2359=CARTESIAN_POINT('Origin',(-9.1,-6.05000000000001,-1.1));
#2360=CARTESIAN_POINT('Origin',(-3.42937207591514,0.350000000000003,-1.1));
#2361=CARTESIAN_POINT('',(-4.21818271366175,0.216666666666668,-1.1));
#2362=CARTESIAN_POINT('Origin',(-5.5,-8.13162120183851E-16,-1.1));
#2363=CARTESIAN_POINT('',(-6.78181728633825,0.216666666666668,-1.1));
#2364=CARTESIAN_POINT('Origin',(-7.57062792408487,0.350000000000003,-1.1));
#2365=CARTESIAN_POINT('',(-7.57062792408487,-0.449999999999997,-1.1));
#2366=CARTESIAN_POINT('Origin',(-10.45,-4.75000000000001,-4.55));
#2367=CARTESIAN_POINT('',(-10.45,-5.25000000000001,-4.55));
#2368=CARTESIAN_POINT('',(-10.95,-4.75000000000001,-4.55));
#2369=CARTESIAN_POINT('Origin',(-10.95,-5.25000000000001,-4.55));
#2370=CARTESIAN_POINT('',(-10.95,-2.75000000000001,-4.55));
#2371=CARTESIAN_POINT('Origin',(-10.45,-2.75000000000001,-4.55));
#2372=CARTESIAN_POINT('',(-10.45,-2.25000000000001,-4.55));
#2373=CARTESIAN_POINT('Origin',(-10.95,-2.25000000000001,-4.55));
#2374=CARTESIAN_POINT('',(-9.1,-2.25000000000001,-4.55));
#2375=CARTESIAN_POINT('Origin',(-7.8,-0.949999999999997,-4.55));
#2376=CARTESIAN_POINT('',(-8.3,-0.949999999999997,-4.55));
#2377=CARTESIAN_POINT('',(-7.8,-0.449999999999997,-4.55));
#2378=CARTESIAN_POINT('Origin',(-8.3,-0.449999999999997,-4.55));
#2379=CARTESIAN_POINT('Origin',(-9.1,-6.05000000000001,-4.55));
#2380=CARTESIAN_POINT('',(-9.1,-5.25000000000001,-4.55));
#2381=CARTESIAN_POINT('Origin',(-9.1,-1.45000000000001,-4.55));
#2382=CARTESIAN_POINT('',(-8.3,-1.45000000000001,-4.55));
#2383=CARTESIAN_POINT('Origin',(-8.29999981448054,-5.25000000000001,-4.55));
#2384=CARTESIAN_POINT('Origin',(-8.3,-2.25000000000001,-4.55));
#2385=CARTESIAN_POINT('Origin',(-5.5,-8.13162120183851E-16,2.95));
#2386=CARTESIAN_POINT('',(-6.8,-8.33588325994863E-16,2.95));
#2387=CARTESIAN_POINT('',(-4.2,-9.72366204073007E-16,2.95));
#2388=CARTESIAN_POINT('Origin',(-5.5,-8.13162120183851E-16,2.95));
#2389=CARTESIAN_POINT('',(-4.7,-7.72355986037495E-16,3.45));
#2390=CARTESIAN_POINT('Origin',(-4.7,-9.1113386411564E-16,2.95));
#2391=CARTESIAN_POINT('Origin',(-5.5,-6.74384242105707E-16,3.45));
#2392=CARTESIAN_POINT('Origin',(-5.5,-8.13162120183851E-16,2.95));
#2393=CARTESIAN_POINT('Origin',(-5.5,-8.13162120183851E-16,-0.5));
#2394=CARTESIAN_POINT('',(-6.8,-9.72366204073007E-16,-0.5));
#2395=CARTESIAN_POINT('',(-6.8,-9.72366204073007E-16,-0.5));
#2396=CARTESIAN_POINT('Origin',(-5.5,-8.13162120183851E-16,-0.5));
#2397=CARTESIAN_POINT('Origin',(-5.5,-8.32667268468867E-16,3.45));
#2398=CARTESIAN_POINT('Origin',(-5.5,-8.32667268468867E-16,-0.5));
#2399=CARTESIAN_POINT('Origin',(5.5,-5.78043636090606E-16,-4.55));
#2400=CARTESIAN_POINT('',(4.2,-4.1883955220145E-16,-4.55));
#2401=CARTESIAN_POINT('Origin',(5.5,-5.78043636090606E-16,-4.55));
#2402=CARTESIAN_POINT('',(4.7,-6.76015380022394E-16,-5.05));
#2403=CARTESIAN_POINT('Origin',(4.7,-6.76015380022394E-16,-4.55));
#2404=CARTESIAN_POINT('Origin',(5.5,-5.78043636090606E-16,-5.05));
#2405=CARTESIAN_POINT('Origin',(5.5,-5.78043636090606E-16,-1.1));
#2406=CARTESIAN_POINT('',(4.2,-4.1883955220145E-16,-1.1));
#2407=CARTESIAN_POINT('',(4.2,-4.1883955220145E-16,-1.1));
#2408=CARTESIAN_POINT('Origin',(5.5,-5.78043636090606E-16,-1.1));
#2409=CARTESIAN_POINT('Origin',(5.5,-5.55111512312578E-16,-5.05));
#2410=CARTESIAN_POINT('Origin',(5.5,-5.55111512312578E-16,-1.1));
#2411=UNCERTAINTY_MEASURE_WITH_UNIT(LENGTH_MEASURE(0.01),#2415,
'DISTANCE_ACCURACY_VALUE',
'Maximum model space distance between geometric entities at asserted c
onnectivities');
#2412=UNCERTAINTY_MEASURE_WITH_UNIT(LENGTH_MEASURE(0.01),#2415,
'DISTANCE_ACCURACY_VALUE',
'Maximum model space distance between geometric entities at asserted c
onnectivities');
#2413=(
GEOMETRIC_REPRESENTATION_CONTEXT(3)
GLOBAL_UNCERTAINTY_ASSIGNED_CONTEXT((#2411))
GLOBAL_UNIT_ASSIGNED_CONTEXT((#2415,#2417,#2418))
REPRESENTATION_CONTEXT('','3D')
);
#2414=(
GEOMETRIC_REPRESENTATION_CONTEXT(3)
GLOBAL_UNCERTAINTY_ASSIGNED_CONTEXT((#2412))
GLOBAL_UNIT_ASSIGNED_CONTEXT((#2415,#2417,#2418))
REPRESENTATION_CONTEXT('','3D')
);
#2415=(
LENGTH_UNIT()
NAMED_UNIT(*)
SI_UNIT(.MILLI.,.METRE.)
);
#2416=(
LENGTH_UNIT()
NAMED_UNIT(*)
SI_UNIT($,.METRE.)
);
#2417=(
NAMED_UNIT(*)
PLANE_ANGLE_UNIT()
SI_UNIT($,.RADIAN.)
);
#2418=(
NAMED_UNIT(*)
SI_UNIT($,.STERADIAN.)
SOLID_ANGLE_UNIT()
);
#2419=SHAPE_DEFINITION_REPRESENTATION(#2420,#2421);
#2420=PRODUCT_DEFINITION_SHAPE('',$,#2423);
#2421=SHAPE_REPRESENTATION('',(#1327),#2413);
#2422=PRODUCT_DEFINITION_CONTEXT('part definition',#2427,'design');
#2423=PRODUCT_DEFINITION('PG1350','PG1350-socket v40',#2424,#2422);
#2424=PRODUCT_DEFINITION_FORMATION('',$,#2429);
#2425=PRODUCT_RELATED_PRODUCT_CATEGORY('PG1350-socket v40',
'PG1350-socket v40',(#2429));
#2426=APPLICATION_PROTOCOL_DEFINITION('international standard',
'automotive_design',2009,#2427);
#2427=APPLICATION_CONTEXT(
'Core Data for Automotive Mechanical Design Process');
#2428=PRODUCT_CONTEXT('part definition',#2427,'mechanical');
#2429=PRODUCT('PG1350','PG1350-socket v40','STEP AP214',(#2428));
#2430=PRESENTATION_STYLE_ASSIGNMENT((#2432));
#2431=PRESENTATION_STYLE_ASSIGNMENT((#2433));
#2432=SURFACE_STYLE_USAGE(.BOTH.,#2434);
#2433=SURFACE_STYLE_USAGE(.BOTH.,#2435);
#2434=SURFACE_SIDE_STYLE('',(#2436));
#2435=SURFACE_SIDE_STYLE('',(#2437));
#2436=SURFACE_STYLE_FILL_AREA(#2438);
#2437=SURFACE_STYLE_FILL_AREA(#2439);
#2438=FILL_AREA_STYLE('ABS (blanc)',(#2440));
#2439=FILL_AREA_STYLE('Opaque(26,26,26) (1)',(#2441));
#2440=FILL_AREA_STYLE_COLOUR('ABS (blanc)',#2442);
#2441=FILL_AREA_STYLE_COLOUR('Opaque(26,26,26) (1)',#2443);
#2442=COLOUR_RGB('ABS (blanc)',0.964705882352941,0.964705882352941,0.952941176470588);
#2443=COLOUR_RGB('Opaque(26,26,26) (1)',0.890196078431372,0.650980392156863,
0.356862745098039);
ENDSEC;
END-ISO-10303-21;
